ISO-10303-21;
HEADER;
/* Generated by software containing ST-Developer
 * from STEP Tools, Inc. (www.steptools.com) 
 */
/* OPTION: using custom renumber hook */

FILE_DESCRIPTION(
/* description */ ('STEP AP242 Edition 2',
'CAx-IF Rec.Pracs.---Representation and Presentation of Product Manufa
cturing Information (PMI)---4.0---2014-10-13',
'CAx-IF Rec.Pracs.---3D Tessellated Geometry---0.4---2014-09-14','2;1',
'CAx-IF Rec.Pracs.---User Defined Attributes---1.5---2016-08-15'),
/* implementation_level */ '2;1');

FILE_NAME(
/* name */ 'splitkeyboard (1) - LBottom',
/* time_stamp */ '2026-07-02T00:30:51Z',
/* author */ (''),
/* organization */ (''),
/* preprocessor_version */ 'ST-DEVELOPER v20',
/* originating_system */ 'ONSHAPE BY PTC INC, 1.217',
/* authorisation */ '  ');

FILE_SCHEMA (('AP242_MANAGED_MODEL_BASED_3D_ENGINEERING_MIM_LF { 1 0 10303 442 3 1 4 }'));
ENDSEC;

DATA;
#10=SHAPE_REPRESENTATION_RELATIONSHIP('','',#10355,#11);
#11=ADVANCED_BREP_SHAPE_REPRESENTATION('',(#10353),#18036);
#12=B_SPLINE_SURFACE_WITH_KNOTS('',3,1,((#14050,#14051),(#14052,#14053),
(#14054,#14055),(#14056,#14057)),.SURF_OF_LINEAR_EXTRUSION.,.F.,.F.,.F.,
(4,4),(2,2),(0.,1.),(0.,1.),.PIECEWISE_BEZIER_KNOTS.);
#13=B_SPLINE_SURFACE_WITH_KNOTS('',3,1,((#14076,#14077),(#14078,#14079),
(#14080,#14081),(#14082,#14083)),.SURF_OF_LINEAR_EXTRUSION.,.F.,.F.,.F.,
(4,4),(2,2),(0.,1.),(0.,1.),.PIECEWISE_BEZIER_KNOTS.);
#14=B_SPLINE_SURFACE_WITH_KNOTS('',3,1,((#14093,#14094),(#14095,#14096),
(#14097,#14098),(#14099,#14100)),.SURF_OF_LINEAR_EXTRUSION.,.F.,.F.,.F.,
(4,4),(2,2),(0.,1.),(0.,1.),.PIECEWISE_BEZIER_KNOTS.);
#15=B_SPLINE_SURFACE_WITH_KNOTS('',3,1,((#14110,#14111),(#14112,#14113),
(#14114,#14115),(#14116,#14117)),.SURF_OF_LINEAR_EXTRUSION.,.F.,.F.,.F.,
(4,4),(2,2),(0.,1.),(0.,1.),.PIECEWISE_BEZIER_KNOTS.);
#16=B_SPLINE_SURFACE_WITH_KNOTS('',3,1,((#14139,#14140),(#14141,#14142),
(#14143,#14144),(#14145,#14146)),.SURF_OF_LINEAR_EXTRUSION.,.F.,.F.,.F.,
(4,4),(2,2),(0.,1.),(0.,1.),.PIECEWISE_BEZIER_KNOTS.);
#17=B_SPLINE_SURFACE_WITH_KNOTS('',3,1,((#14156,#14157),(#14158,#14159),
(#14160,#14161),(#14162,#14163)),.SURF_OF_LINEAR_EXTRUSION.,.F.,.F.,.F.,
(4,4),(2,2),(0.,1.),(0.,1.),.PIECEWISE_BEZIER_KNOTS.);
#18=B_SPLINE_SURFACE_WITH_KNOTS('',3,1,((#14219,#14220),(#14221,#14222),
(#14223,#14224),(#14225,#14226)),.SURF_OF_LINEAR_EXTRUSION.,.F.,.F.,.F.,
(4,4),(2,2),(0.,1.),(0.,1.),.PIECEWISE_BEZIER_KNOTS.);
#19=B_SPLINE_SURFACE_WITH_KNOTS('',3,1,((#14232,#14233),(#14234,#14235),
(#14236,#14237),(#14238,#14239)),.SURF_OF_LINEAR_EXTRUSION.,.F.,.F.,.F.,
(4,4),(2,2),(0.,1.),(0.,1.),.PIECEWISE_BEZIER_KNOTS.);
#20=B_SPLINE_SURFACE_WITH_KNOTS('',3,1,((#14245,#14246),(#14247,#14248),
(#14249,#14250),(#14251,#14252)),.SURF_OF_LINEAR_EXTRUSION.,.F.,.F.,.F.,
(4,4),(2,2),(0.,1.),(0.,1.),.PIECEWISE_BEZIER_KNOTS.);
#21=B_SPLINE_SURFACE_WITH_KNOTS('',3,1,((#14262,#14263),(#14264,#14265),
(#14266,#14267),(#14268,#14269)),.SURF_OF_LINEAR_EXTRUSION.,.F.,.F.,.F.,
(4,4),(2,2),(0.,1.),(0.,1.),.PIECEWISE_BEZIER_KNOTS.);
#22=B_SPLINE_SURFACE_WITH_KNOTS('',3,1,((#14275,#14276),(#14277,#14278),
(#14279,#14280),(#14281,#14282)),.SURF_OF_LINEAR_EXTRUSION.,.F.,.F.,.F.,
(4,4),(2,2),(0.,1.),(0.,1.),.PIECEWISE_BEZIER_KNOTS.);
#23=B_SPLINE_SURFACE_WITH_KNOTS('',3,1,((#14288,#14289),(#14290,#14291),
(#14292,#14293),(#14294,#14295)),.SURF_OF_LINEAR_EXTRUSION.,.F.,.F.,.F.,
(4,4),(2,2),(0.,1.),(0.,1.),.PIECEWISE_BEZIER_KNOTS.);
#24=B_SPLINE_SURFACE_WITH_KNOTS('',3,1,((#14299,#14300),(#14301,#14302),
(#14303,#14304),(#14305,#14306)),.SURF_OF_LINEAR_EXTRUSION.,.F.,.F.,.F.,
(4,4),(2,2),(0.,1.),(0.,1.),.PIECEWISE_BEZIER_KNOTS.);
#25=B_SPLINE_SURFACE_WITH_KNOTS('',3,1,((#14323,#14324),(#14325,#14326),
(#14327,#14328),(#14329,#14330)),.SURF_OF_LINEAR_EXTRUSION.,.F.,.F.,.F.,
(4,4),(2,2),(0.,1.),(0.,1.),.PIECEWISE_BEZIER_KNOTS.);
#26=B_SPLINE_SURFACE_WITH_KNOTS('',3,1,((#14340,#14341),(#14342,#14343),
(#14344,#14345),(#14346,#14347)),.SURF_OF_LINEAR_EXTRUSION.,.F.,.F.,.F.,
(4,4),(2,2),(0.,1.),(0.,1.),.PIECEWISE_BEZIER_KNOTS.);
#27=B_SPLINE_SURFACE_WITH_KNOTS('',3,1,((#14357,#14358),(#14359,#14360),
(#14361,#14362),(#14363,#14364)),.SURF_OF_LINEAR_EXTRUSION.,.F.,.F.,.F.,
(4,4),(2,2),(0.,1.),(0.,1.),.PIECEWISE_BEZIER_KNOTS.);
#28=B_SPLINE_SURFACE_WITH_KNOTS('',3,1,((#14374,#14375),(#14376,#14377),
(#14378,#14379),(#14380,#14381)),.SURF_OF_LINEAR_EXTRUSION.,.F.,.F.,.F.,
(4,4),(2,2),(0.,1.),(0.,1.),.PIECEWISE_BEZIER_KNOTS.);
#29=B_SPLINE_SURFACE_WITH_KNOTS('',3,1,((#14433,#14434),(#14435,#14436),
(#14437,#14438),(#14439,#14440)),.SURF_OF_LINEAR_EXTRUSION.,.F.,.F.,.F.,
(4,4),(2,2),(0.,1.),(0.,1.),.PIECEWISE_BEZIER_KNOTS.);
#30=B_SPLINE_SURFACE_WITH_KNOTS('',3,1,((#14446,#14447),(#14448,#14449),
(#14450,#14451),(#14452,#14453)),.SURF_OF_LINEAR_EXTRUSION.,.F.,.F.,.F.,
(4,4),(2,2),(0.,1.),(0.,1.),.PIECEWISE_BEZIER_KNOTS.);
#31=B_SPLINE_SURFACE_WITH_KNOTS('',3,1,((#14459,#14460),(#14461,#14462),
(#14463,#14464),(#14465,#14466)),.SURF_OF_LINEAR_EXTRUSION.,.F.,.F.,.F.,
(4,4),(2,2),(0.,1.),(0.,1.),.PIECEWISE_BEZIER_KNOTS.);
#32=B_SPLINE_SURFACE_WITH_KNOTS('',3,1,((#14472,#14473),(#14474,#14475),
(#14476,#14477),(#14478,#14479)),.SURF_OF_LINEAR_EXTRUSION.,.F.,.F.,.F.,
(4,4),(2,2),(0.,1.),(0.,1.),.PIECEWISE_BEZIER_KNOTS.);
#33=B_SPLINE_SURFACE_WITH_KNOTS('',3,1,((#14497,#14498),(#14499,#14500),
(#14501,#14502),(#14503,#14504)),.SURF_OF_LINEAR_EXTRUSION.,.F.,.F.,.F.,
(4,4),(2,2),(0.,1.),(0.,1.),.PIECEWISE_BEZIER_KNOTS.);
#34=B_SPLINE_SURFACE_WITH_KNOTS('',3,1,((#14510,#14511),(#14512,#14513),
(#14514,#14515),(#14516,#14517)),.SURF_OF_LINEAR_EXTRUSION.,.F.,.F.,.F.,
(4,4),(2,2),(0.,1.),(0.,1.),.PIECEWISE_BEZIER_KNOTS.);
#35=B_SPLINE_SURFACE_WITH_KNOTS('',3,1,((#14523,#14524),(#14525,#14526),
(#14527,#14528),(#14529,#14530)),.SURF_OF_LINEAR_EXTRUSION.,.F.,.F.,.F.,
(4,4),(2,2),(0.,1.),(0.,1.),.PIECEWISE_BEZIER_KNOTS.);
#36=B_SPLINE_SURFACE_WITH_KNOTS('',3,1,((#14536,#14537),(#14538,#14539),
(#14540,#14541),(#14542,#14543)),.SURF_OF_LINEAR_EXTRUSION.,.F.,.F.,.F.,
(4,4),(2,2),(0.,1.),(0.,1.),.PIECEWISE_BEZIER_KNOTS.);
#37=B_SPLINE_SURFACE_WITH_KNOTS('',3,1,((#14557,#14558),(#14559,#14560),
(#14561,#14562),(#14563,#14564)),.SURF_OF_LINEAR_EXTRUSION.,.F.,.F.,.F.,
(4,4),(2,2),(0.,1.),(0.,1.),.PIECEWISE_BEZIER_KNOTS.);
#38=B_SPLINE_SURFACE_WITH_KNOTS('',3,1,((#14570,#14571),(#14572,#14573),
(#14574,#14575),(#14576,#14577)),.SURF_OF_LINEAR_EXTRUSION.,.F.,.F.,.F.,
(4,4),(2,2),(0.,1.),(0.,1.),.PIECEWISE_BEZIER_KNOTS.);
#39=B_SPLINE_SURFACE_WITH_KNOTS('',3,1,((#14583,#14584),(#14585,#14586),
(#14587,#14588),(#14589,#14590)),.SURF_OF_LINEAR_EXTRUSION.,.F.,.F.,.F.,
(4,4),(2,2),(0.,1.),(0.,1.),.PIECEWISE_BEZIER_KNOTS.);
#40=B_SPLINE_SURFACE_WITH_KNOTS('',3,1,((#14596,#14597),(#14598,#14599),
(#14600,#14601),(#14602,#14603)),.SURF_OF_LINEAR_EXTRUSION.,.F.,.F.,.F.,
(4,4),(2,2),(0.,1.),(0.,1.),.PIECEWISE_BEZIER_KNOTS.);
#41=B_SPLINE_SURFACE_WITH_KNOTS('',3,1,((#14619,#14620),(#14621,#14622),
(#14623,#14624),(#14625,#14626)),.SURF_OF_LINEAR_EXTRUSION.,.F.,.F.,.F.,
(4,4),(2,2),(0.,1.),(0.,1.),.PIECEWISE_BEZIER_KNOTS.);
#42=B_SPLINE_SURFACE_WITH_KNOTS('',3,1,((#14634,#14635),(#14636,#14637),
(#14638,#14639),(#14640,#14641)),.SURF_OF_LINEAR_EXTRUSION.,.F.,.F.,.F.,
(4,4),(2,2),(0.,1.),(0.,1.),.PIECEWISE_BEZIER_KNOTS.);
#43=B_SPLINE_SURFACE_WITH_KNOTS('',3,1,((#14660,#14661),(#14662,#14663),
(#14664,#14665),(#14666,#14667)),.SURF_OF_LINEAR_EXTRUSION.,.F.,.F.,.F.,
(4,4),(2,2),(0.,1.),(0.,1.),.PIECEWISE_BEZIER_KNOTS.);
#44=B_SPLINE_SURFACE_WITH_KNOTS('',3,1,((#14677,#14678),(#14679,#14680),
(#14681,#14682),(#14683,#14684)),.SURF_OF_LINEAR_EXTRUSION.,.F.,.F.,.F.,
(4,4),(2,2),(0.,1.),(0.,1.),.PIECEWISE_BEZIER_KNOTS.);
#45=B_SPLINE_SURFACE_WITH_KNOTS('',3,1,((#14694,#14695),(#14696,#14697),
(#14698,#14699),(#14700,#14701)),.SURF_OF_LINEAR_EXTRUSION.,.F.,.F.,.F.,
(4,4),(2,2),(0.,1.),(0.,1.),.PIECEWISE_BEZIER_KNOTS.);
#46=B_SPLINE_SURFACE_WITH_KNOTS('',3,1,((#14711,#14712),(#14713,#14714),
(#14715,#14716),(#14717,#14718)),.SURF_OF_LINEAR_EXTRUSION.,.F.,.F.,.F.,
(4,4),(2,2),(0.,1.),(0.,1.),.PIECEWISE_BEZIER_KNOTS.);
#47=B_SPLINE_SURFACE_WITH_KNOTS('',3,1,((#14734,#14735),(#14736,#14737),
(#14738,#14739),(#14740,#14741)),.SURF_OF_LINEAR_EXTRUSION.,.F.,.F.,.F.,
(4,4),(2,2),(0.,1.),(0.,1.),.PIECEWISE_BEZIER_KNOTS.);
#48=B_SPLINE_SURFACE_WITH_KNOTS('',3,1,((#14751,#14752),(#14753,#14754),
(#14755,#14756),(#14757,#14758)),.SURF_OF_LINEAR_EXTRUSION.,.F.,.F.,.F.,
(4,4),(2,2),(0.,1.),(0.,1.),.PIECEWISE_BEZIER_KNOTS.);
#49=B_SPLINE_SURFACE_WITH_KNOTS('',3,1,((#14768,#14769),(#14770,#14771),
(#14772,#14773),(#14774,#14775)),.SURF_OF_LINEAR_EXTRUSION.,.F.,.F.,.F.,
(4,4),(2,2),(0.,1.),(0.,1.),.PIECEWISE_BEZIER_KNOTS.);
#50=B_SPLINE_SURFACE_WITH_KNOTS('',3,1,((#14787,#14788),(#14789,#14790),
(#14791,#14792),(#14793,#14794)),.SURF_OF_LINEAR_EXTRUSION.,.F.,.F.,.F.,
(4,4),(2,2),(0.,1.),(0.,1.),.PIECEWISE_BEZIER_KNOTS.);
#51=B_SPLINE_SURFACE_WITH_KNOTS('',3,1,((#14800,#14801),(#14802,#14803),
(#14804,#14805),(#14806,#14807)),.SURF_OF_LINEAR_EXTRUSION.,.F.,.F.,.F.,
(4,4),(2,2),(0.,1.),(0.,1.),.PIECEWISE_BEZIER_KNOTS.);
#52=B_SPLINE_SURFACE_WITH_KNOTS('',3,1,((#14813,#14814),(#14815,#14816),
(#14817,#14818),(#14819,#14820)),.SURF_OF_LINEAR_EXTRUSION.,.F.,.F.,.F.,
(4,4),(2,2),(0.,1.),(0.,1.),.PIECEWISE_BEZIER_KNOTS.);
#53=B_SPLINE_SURFACE_WITH_KNOTS('',3,1,((#14826,#14827),(#14828,#14829),
(#14830,#14831),(#14832,#14833)),.SURF_OF_LINEAR_EXTRUSION.,.F.,.F.,.F.,
(4,4),(2,2),(0.,1.),(0.,1.),.PIECEWISE_BEZIER_KNOTS.);
#54=B_SPLINE_SURFACE_WITH_KNOTS('',3,1,((#14843,#14844),(#14845,#14846),
(#14847,#14848),(#14849,#14850)),.SURF_OF_LINEAR_EXTRUSION.,.F.,.F.,.F.,
(4,4),(2,2),(0.,1.),(0.,1.),.PIECEWISE_BEZIER_KNOTS.);
#55=B_SPLINE_SURFACE_WITH_KNOTS('',3,1,((#14856,#14857),(#14858,#14859),
(#14860,#14861),(#14862,#14863)),.SURF_OF_LINEAR_EXTRUSION.,.F.,.F.,.F.,
(4,4),(2,2),(0.,1.),(0.,1.),.PIECEWISE_BEZIER_KNOTS.);
#56=B_SPLINE_SURFACE_WITH_KNOTS('',3,1,((#14869,#14870),(#14871,#14872),
(#14873,#14874),(#14875,#14876)),.SURF_OF_LINEAR_EXTRUSION.,.F.,.F.,.F.,
(4,4),(2,2),(0.,1.),(0.,1.),.PIECEWISE_BEZIER_KNOTS.);
#57=B_SPLINE_SURFACE_WITH_KNOTS('',3,1,((#14880,#14881),(#14882,#14883),
(#14884,#14885),(#14886,#14887)),.SURF_OF_LINEAR_EXTRUSION.,.F.,.F.,.F.,
(4,4),(2,2),(0.,1.),(0.,1.),.PIECEWISE_BEZIER_KNOTS.);
#58=B_SPLINE_SURFACE_WITH_KNOTS('',3,1,((#14895,#14896),(#14897,#14898),
(#14899,#14900),(#14901,#14902)),.SURF_OF_LINEAR_EXTRUSION.,.F.,.F.,.F.,
(4,4),(2,2),(0.,1.),(0.,1.),.PIECEWISE_BEZIER_KNOTS.);
#59=B_SPLINE_SURFACE_WITH_KNOTS('',3,1,((#14921,#14922),(#14923,#14924),
(#14925,#14926),(#14927,#14928)),.SURF_OF_LINEAR_EXTRUSION.,.F.,.F.,.F.,
(4,4),(2,2),(0.,1.),(0.,1.),.PIECEWISE_BEZIER_KNOTS.);
#60=B_SPLINE_SURFACE_WITH_KNOTS('',3,1,((#14938,#14939),(#14940,#14941),
(#14942,#14943),(#14944,#14945)),.SURF_OF_LINEAR_EXTRUSION.,.F.,.F.,.F.,
(4,4),(2,2),(0.,1.),(0.,1.),.PIECEWISE_BEZIER_KNOTS.);
#61=B_SPLINE_SURFACE_WITH_KNOTS('',3,1,((#14955,#14956),(#14957,#14958),
(#14959,#14960),(#14961,#14962)),.SURF_OF_LINEAR_EXTRUSION.,.F.,.F.,.F.,
(4,4),(2,2),(0.,1.),(0.,1.),.PIECEWISE_BEZIER_KNOTS.);
#62=B_SPLINE_SURFACE_WITH_KNOTS('',3,1,((#14972,#14973),(#14974,#14975),
(#14976,#14977),(#14978,#14979)),.SURF_OF_LINEAR_EXTRUSION.,.F.,.F.,.F.,
(4,4),(2,2),(0.,1.),(0.,1.),.PIECEWISE_BEZIER_KNOTS.);
#63=B_SPLINE_SURFACE_WITH_KNOTS('',3,1,((#14995,#14996),(#14997,#14998),
(#14999,#15000),(#15001,#15002)),.SURF_OF_LINEAR_EXTRUSION.,.F.,.F.,.F.,
(4,4),(2,2),(0.,1.),(0.,1.),.PIECEWISE_BEZIER_KNOTS.);
#64=B_SPLINE_SURFACE_WITH_KNOTS('',3,1,((#15012,#15013),(#15014,#15015),
(#15016,#15017),(#15018,#15019)),.SURF_OF_LINEAR_EXTRUSION.,.F.,.F.,.F.,
(4,4),(2,2),(0.,1.),(0.,1.),.PIECEWISE_BEZIER_KNOTS.);
#65=B_SPLINE_SURFACE_WITH_KNOTS('',3,1,((#15029,#15030),(#15031,#15032),
(#15033,#15034),(#15035,#15036)),.SURF_OF_LINEAR_EXTRUSION.,.F.,.F.,.F.,
(4,4),(2,2),(0.,1.),(0.,1.),.PIECEWISE_BEZIER_KNOTS.);
#66=B_SPLINE_SURFACE_WITH_KNOTS('',3,1,((#15048,#15049),(#15050,#15051),
(#15052,#15053),(#15054,#15055)),.SURF_OF_LINEAR_EXTRUSION.,.F.,.F.,.F.,
(4,4),(2,2),(0.,1.),(0.,1.),.PIECEWISE_BEZIER_KNOTS.);
#67=B_SPLINE_SURFACE_WITH_KNOTS('',3,1,((#15061,#15062),(#15063,#15064),
(#15065,#15066),(#15067,#15068)),.SURF_OF_LINEAR_EXTRUSION.,.F.,.F.,.F.,
(4,4),(2,2),(0.,1.),(0.,1.),.PIECEWISE_BEZIER_KNOTS.);
#68=B_SPLINE_SURFACE_WITH_KNOTS('',3,1,((#15074,#15075),(#15076,#15077),
(#15078,#15079),(#15080,#15081)),.SURF_OF_LINEAR_EXTRUSION.,.F.,.F.,.F.,
(4,4),(2,2),(0.,1.),(0.,1.),.PIECEWISE_BEZIER_KNOTS.);
#69=B_SPLINE_SURFACE_WITH_KNOTS('',3,1,((#15119,#15120),(#15121,#15122),
(#15123,#15124),(#15125,#15126)),.SURF_OF_LINEAR_EXTRUSION.,.F.,.F.,.F.,
(4,4),(2,2),(0.,1.),(0.,1.),.PIECEWISE_BEZIER_KNOTS.);
#70=B_SPLINE_SURFACE_WITH_KNOTS('',3,1,((#15132,#15133),(#15134,#15135),
(#15136,#15137),(#15138,#15139)),.SURF_OF_LINEAR_EXTRUSION.,.F.,.F.,.F.,
(4,4),(2,2),(0.,1.),(0.,1.),.PIECEWISE_BEZIER_KNOTS.);
#71=B_SPLINE_SURFACE_WITH_KNOTS('',3,1,((#15145,#15146),(#15147,#15148),
(#15149,#15150),(#15151,#15152)),.SURF_OF_LINEAR_EXTRUSION.,.F.,.F.,.F.,
(4,4),(2,2),(0.,1.),(0.,1.),.PIECEWISE_BEZIER_KNOTS.);
#72=B_SPLINE_SURFACE_WITH_KNOTS('',3,1,((#15156,#15157),(#15158,#15159),
(#15160,#15161),(#15162,#15163)),.SURF_OF_LINEAR_EXTRUSION.,.F.,.F.,.F.,
(4,4),(2,2),(0.,1.),(0.,1.),.PIECEWISE_BEZIER_KNOTS.);
#73=B_SPLINE_SURFACE_WITH_KNOTS('',3,1,((#15300,#15301),(#15302,#15303),
(#15304,#15305),(#15306,#15307)),.SURF_OF_LINEAR_EXTRUSION.,.F.,.F.,.F.,
(4,4),(2,2),(0.,1.),(0.,1.),.PIECEWISE_BEZIER_KNOTS.);
#74=B_SPLINE_SURFACE_WITH_KNOTS('',3,1,((#15313,#15314),(#15315,#15316),
(#15317,#15318),(#15319,#15320)),.SURF_OF_LINEAR_EXTRUSION.,.F.,.F.,.F.,
(4,4),(2,2),(0.,1.),(0.,1.),.PIECEWISE_BEZIER_KNOTS.);
#75=B_SPLINE_SURFACE_WITH_KNOTS('',3,1,((#15330,#15331),(#15332,#15333),
(#15334,#15335),(#15336,#15337)),.SURF_OF_LINEAR_EXTRUSION.,.F.,.F.,.F.,
(4,4),(2,2),(0.,1.),(0.,1.),.PIECEWISE_BEZIER_KNOTS.);
#76=B_SPLINE_SURFACE_WITH_KNOTS('',3,1,((#15355,#15356),(#15357,#15358),
(#15359,#15360),(#15361,#15362)),.SURF_OF_LINEAR_EXTRUSION.,.F.,.F.,.F.,
(4,4),(2,2),(0.,1.),(0.,1.),.PIECEWISE_BEZIER_KNOTS.);
#77=B_SPLINE_SURFACE_WITH_KNOTS('',3,1,((#15368,#15369),(#15370,#15371),
(#15372,#15373),(#15374,#15375)),.SURF_OF_LINEAR_EXTRUSION.,.F.,.F.,.F.,
(4,4),(2,2),(0.,1.),(0.,1.),.PIECEWISE_BEZIER_KNOTS.);
#78=B_SPLINE_SURFACE_WITH_KNOTS('',3,1,((#15426,#15427),(#15428,#15429),
(#15430,#15431),(#15432,#15433)),.SURF_OF_LINEAR_EXTRUSION.,.F.,.F.,.F.,
(4,4),(2,2),(0.,1.),(0.,1.),.PIECEWISE_BEZIER_KNOTS.);
#79=B_SPLINE_SURFACE_WITH_KNOTS('',3,1,((#15439,#15440),(#15441,#15442),
(#15443,#15444),(#15445,#15446)),.SURF_OF_LINEAR_EXTRUSION.,.F.,.F.,.F.,
(4,4),(2,2),(0.,1.),(0.,1.),.PIECEWISE_BEZIER_KNOTS.);
#80=B_SPLINE_SURFACE_WITH_KNOTS('',3,1,((#15452,#15453),(#15454,#15455),
(#15456,#15457),(#15458,#15459)),.SURF_OF_LINEAR_EXTRUSION.,.F.,.F.,.F.,
(4,4),(2,2),(0.,1.),(0.,1.),.PIECEWISE_BEZIER_KNOTS.);
#81=B_SPLINE_SURFACE_WITH_KNOTS('',3,1,((#15493,#15494),(#15495,#15496),
(#15497,#15498),(#15499,#15500)),.SURF_OF_LINEAR_EXTRUSION.,.F.,.F.,.F.,
(4,4),(2,2),(0.,1.),(0.,1.),.PIECEWISE_BEZIER_KNOTS.);
#82=B_SPLINE_SURFACE_WITH_KNOTS('',3,1,((#15506,#15507),(#15508,#15509),
(#15510,#15511),(#15512,#15513)),.SURF_OF_LINEAR_EXTRUSION.,.F.,.F.,.F.,
(4,4),(2,2),(0.,1.),(0.,1.),.PIECEWISE_BEZIER_KNOTS.);
#83=B_SPLINE_SURFACE_WITH_KNOTS('',3,1,((#15519,#15520),(#15521,#15522),
(#15523,#15524),(#15525,#15526)),.SURF_OF_LINEAR_EXTRUSION.,.F.,.F.,.F.,
(4,4),(2,2),(0.,1.),(0.,1.),.PIECEWISE_BEZIER_KNOTS.);
#84=B_SPLINE_SURFACE_WITH_KNOTS('',3,1,((#15532,#15533),(#15534,#15535),
(#15536,#15537),(#15538,#15539)),.SURF_OF_LINEAR_EXTRUSION.,.F.,.F.,.F.,
(4,4),(2,2),(0.,1.),(0.,1.),.PIECEWISE_BEZIER_KNOTS.);
#85=B_SPLINE_SURFACE_WITH_KNOTS('',3,1,((#15595,#15596),(#15597,#15598),
(#15599,#15600),(#15601,#15602)),.SURF_OF_LINEAR_EXTRUSION.,.F.,.F.,.F.,
(4,4),(2,2),(0.,1.),(0.,1.),.PIECEWISE_BEZIER_KNOTS.);
#86=B_SPLINE_SURFACE_WITH_KNOTS('',3,1,((#15608,#15609),(#15610,#15611),
(#15612,#15613),(#15614,#15615)),.SURF_OF_LINEAR_EXTRUSION.,.F.,.F.,.F.,
(4,4),(2,2),(0.,1.),(0.,1.),.PIECEWISE_BEZIER_KNOTS.);
#87=B_SPLINE_SURFACE_WITH_KNOTS('',3,1,((#15621,#15622),(#15623,#15624),
(#15625,#15626),(#15627,#15628)),.SURF_OF_LINEAR_EXTRUSION.,.F.,.F.,.F.,
(4,4),(2,2),(0.,1.),(0.,1.),.PIECEWISE_BEZIER_KNOTS.);
#88=B_SPLINE_SURFACE_WITH_KNOTS('',3,1,((#15634,#15635),(#15636,#15637),
(#15638,#15639),(#15640,#15641)),.SURF_OF_LINEAR_EXTRUSION.,.F.,.F.,.F.,
(4,4),(2,2),(0.,1.),(0.,1.),.PIECEWISE_BEZIER_KNOTS.);
#89=B_SPLINE_SURFACE_WITH_KNOTS('',3,1,((#15647,#15648),(#15649,#15650),
(#15651,#15652),(#15653,#15654)),.SURF_OF_LINEAR_EXTRUSION.,.F.,.F.,.F.,
(4,4),(2,2),(0.,1.),(0.,1.),.PIECEWISE_BEZIER_KNOTS.);
#90=B_SPLINE_SURFACE_WITH_KNOTS('',3,1,((#15660,#15661),(#15662,#15663),
(#15664,#15665),(#15666,#15667)),.SURF_OF_LINEAR_EXTRUSION.,.F.,.F.,.F.,
(4,4),(2,2),(0.,1.),(0.,1.),.PIECEWISE_BEZIER_KNOTS.);
#91=B_SPLINE_SURFACE_WITH_KNOTS('',3,1,((#15673,#15674),(#15675,#15676),
(#15677,#15678),(#15679,#15680)),.SURF_OF_LINEAR_EXTRUSION.,.F.,.F.,.F.,
(4,4),(2,2),(0.,1.),(0.,1.),.PIECEWISE_BEZIER_KNOTS.);
#92=B_SPLINE_SURFACE_WITH_KNOTS('',3,1,((#15690,#15691),(#15692,#15693),
(#15694,#15695),(#15696,#15697)),.SURF_OF_LINEAR_EXTRUSION.,.F.,.F.,.F.,
(4,4),(2,2),(0.,1.),(0.,1.),.PIECEWISE_BEZIER_KNOTS.);
#93=B_SPLINE_SURFACE_WITH_KNOTS('',3,1,((#15703,#15704),(#15705,#15706),
(#15707,#15708),(#15709,#15710)),.SURF_OF_LINEAR_EXTRUSION.,.F.,.F.,.F.,
(4,4),(2,2),(0.,1.),(0.,1.),.PIECEWISE_BEZIER_KNOTS.);
#94=B_SPLINE_SURFACE_WITH_KNOTS('',3,1,((#15720,#15721),(#15722,#15723),
(#15724,#15725),(#15726,#15727)),.SURF_OF_LINEAR_EXTRUSION.,.F.,.F.,.F.,
(4,4),(2,2),(0.,1.),(0.,1.),.PIECEWISE_BEZIER_KNOTS.);
#95=B_SPLINE_SURFACE_WITH_KNOTS('',3,1,((#15749,#15750),(#15751,#15752),
(#15753,#15754),(#15755,#15756)),.SURF_OF_LINEAR_EXTRUSION.,.F.,.F.,.F.,
(4,4),(2,2),(0.,1.),(0.,1.),.PIECEWISE_BEZIER_KNOTS.);
#96=B_SPLINE_SURFACE_WITH_KNOTS('',3,1,((#15762,#15763),(#15764,#15765),
(#15766,#15767),(#15768,#15769)),.SURF_OF_LINEAR_EXTRUSION.,.F.,.F.,.F.,
(4,4),(2,2),(0.,1.),(0.,1.),.PIECEWISE_BEZIER_KNOTS.);
#97=B_SPLINE_SURFACE_WITH_KNOTS('',3,1,((#15775,#15776),(#15777,#15778),
(#15779,#15780),(#15781,#15782)),.SURF_OF_LINEAR_EXTRUSION.,.F.,.F.,.F.,
(4,4),(2,2),(0.,1.),(0.,1.),.PIECEWISE_BEZIER_KNOTS.);
#98=B_SPLINE_SURFACE_WITH_KNOTS('',3,1,((#15788,#15789),(#15790,#15791),
(#15792,#15793),(#15794,#15795)),.SURF_OF_LINEAR_EXTRUSION.,.F.,.F.,.F.,
(4,4),(2,2),(0.,1.),(0.,1.),.PIECEWISE_BEZIER_KNOTS.);
#99=B_SPLINE_SURFACE_WITH_KNOTS('',3,1,((#15801,#15802),(#15803,#15804),
(#15805,#15806),(#15807,#15808)),.SURF_OF_LINEAR_EXTRUSION.,.F.,.F.,.F.,
(4,4),(2,2),(0.,1.),(0.,1.),.PIECEWISE_BEZIER_KNOTS.);
#100=B_SPLINE_SURFACE_WITH_KNOTS('',3,1,((#15814,#15815),(#15816,#15817),
(#15818,#15819),(#15820,#15821)),.SURF_OF_LINEAR_EXTRUSION.,.F.,.F.,.F.,
(4,4),(2,2),(0.,1.),(0.,1.),.PIECEWISE_BEZIER_KNOTS.);
#101=B_SPLINE_SURFACE_WITH_KNOTS('',3,1,((#15827,#15828),(#15829,#15830),
(#15831,#15832),(#15833,#15834)),.SURF_OF_LINEAR_EXTRUSION.,.F.,.F.,.F.,
(4,4),(2,2),(0.,1.),(0.,1.),.PIECEWISE_BEZIER_KNOTS.);
#102=B_SPLINE_SURFACE_WITH_KNOTS('',3,1,((#15840,#15841),(#15842,#15843),
(#15844,#15845),(#15846,#15847)),.SURF_OF_LINEAR_EXTRUSION.,.F.,.F.,.F.,
(4,4),(2,2),(0.,1.),(0.,1.),.PIECEWISE_BEZIER_KNOTS.);
#103=B_SPLINE_SURFACE_WITH_KNOTS('',3,1,((#15853,#15854),(#15855,#15856),
(#15857,#15858),(#15859,#15860)),.SURF_OF_LINEAR_EXTRUSION.,.F.,.F.,.F.,
(4,4),(2,2),(0.,1.),(0.,1.),.PIECEWISE_BEZIER_KNOTS.);
#104=B_SPLINE_SURFACE_WITH_KNOTS('',3,1,((#15866,#15867),(#15868,#15869),
(#15870,#15871),(#15872,#15873)),.SURF_OF_LINEAR_EXTRUSION.,.F.,.F.,.F.,
(4,4),(2,2),(0.,1.),(0.,1.),.PIECEWISE_BEZIER_KNOTS.);
#105=B_SPLINE_SURFACE_WITH_KNOTS('',3,1,((#15879,#15880),(#15881,#15882),
(#15883,#15884),(#15885,#15886)),.SURF_OF_LINEAR_EXTRUSION.,.F.,.F.,.F.,
(4,4),(2,2),(0.,1.),(0.,1.),.PIECEWISE_BEZIER_KNOTS.);
#106=B_SPLINE_SURFACE_WITH_KNOTS('',3,1,((#15905,#15906),(#15907,#15908),
(#15909,#15910),(#15911,#15912)),.SURF_OF_LINEAR_EXTRUSION.,.F.,.F.,.F.,
(4,4),(2,2),(0.,1.),(0.,1.),.PIECEWISE_BEZIER_KNOTS.);
#107=B_SPLINE_SURFACE_WITH_KNOTS('',3,1,((#15918,#15919),(#15920,#15921),
(#15922,#15923),(#15924,#15925)),.SURF_OF_LINEAR_EXTRUSION.,.F.,.F.,.F.,
(4,4),(2,2),(0.,1.),(0.,1.),.PIECEWISE_BEZIER_KNOTS.);
#108=B_SPLINE_SURFACE_WITH_KNOTS('',3,1,((#15931,#15932),(#15933,#15934),
(#15935,#15936),(#15937,#15938)),.SURF_OF_LINEAR_EXTRUSION.,.F.,.F.,.F.,
(4,4),(2,2),(0.,1.),(0.,1.),.PIECEWISE_BEZIER_KNOTS.);
#109=B_SPLINE_SURFACE_WITH_KNOTS('',3,1,((#15944,#15945),(#15946,#15947),
(#15948,#15949),(#15950,#15951)),.SURF_OF_LINEAR_EXTRUSION.,.F.,.F.,.F.,
(4,4),(2,2),(0.,1.),(0.,1.),.PIECEWISE_BEZIER_KNOTS.);
#110=B_SPLINE_SURFACE_WITH_KNOTS('',3,1,((#15957,#15958),(#15959,#15960),
(#15961,#15962),(#15963,#15964)),.SURF_OF_LINEAR_EXTRUSION.,.F.,.F.,.F.,
(4,4),(2,2),(0.,1.),(0.,1.),.PIECEWISE_BEZIER_KNOTS.);
#111=B_SPLINE_SURFACE_WITH_KNOTS('',3,1,((#15970,#15971),(#15972,#15973),
(#15974,#15975),(#15976,#15977)),.SURF_OF_LINEAR_EXTRUSION.,.F.,.F.,.F.,
(4,4),(2,2),(0.,1.),(0.,1.),.PIECEWISE_BEZIER_KNOTS.);
#112=B_SPLINE_SURFACE_WITH_KNOTS('',3,1,((#15983,#15984),(#15985,#15986),
(#15987,#15988),(#15989,#15990)),.SURF_OF_LINEAR_EXTRUSION.,.F.,.F.,.F.,
(4,4),(2,2),(0.,1.),(0.,1.),.PIECEWISE_BEZIER_KNOTS.);
#113=B_SPLINE_SURFACE_WITH_KNOTS('',3,1,((#15996,#15997),(#15998,#15999),
(#16000,#16001),(#16002,#16003)),.SURF_OF_LINEAR_EXTRUSION.,.F.,.F.,.F.,
(4,4),(2,2),(0.,1.),(0.,1.),.PIECEWISE_BEZIER_KNOTS.);
#114=B_SPLINE_SURFACE_WITH_KNOTS('',3,1,((#16009,#16010),(#16011,#16012),
(#16013,#16014),(#16015,#16016)),.SURF_OF_LINEAR_EXTRUSION.,.F.,.F.,.F.,
(4,4),(2,2),(0.,1.),(0.,1.),.PIECEWISE_BEZIER_KNOTS.);
#115=B_SPLINE_SURFACE_WITH_KNOTS('',3,1,((#16022,#16023),(#16024,#16025),
(#16026,#16027),(#16028,#16029)),.SURF_OF_LINEAR_EXTRUSION.,.F.,.F.,.F.,
(4,4),(2,2),(0.,1.),(0.,1.),.PIECEWISE_BEZIER_KNOTS.);
#116=B_SPLINE_SURFACE_WITH_KNOTS('',3,1,((#16035,#16036),(#16037,#16038),
(#16039,#16040),(#16041,#16042)),.SURF_OF_LINEAR_EXTRUSION.,.F.,.F.,.F.,
(4,4),(2,2),(0.,1.),(0.,1.),.PIECEWISE_BEZIER_KNOTS.);
#117=B_SPLINE_SURFACE_WITH_KNOTS('',3,1,((#16064,#16065),(#16066,#16067),
(#16068,#16069),(#16070,#16071)),.SURF_OF_LINEAR_EXTRUSION.,.F.,.F.,.F.,
(4,4),(2,2),(0.,1.),(0.,1.),.PIECEWISE_BEZIER_KNOTS.);
#118=B_SPLINE_SURFACE_WITH_KNOTS('',3,1,((#16077,#16078),(#16079,#16080),
(#16081,#16082),(#16083,#16084)),.SURF_OF_LINEAR_EXTRUSION.,.F.,.F.,.F.,
(4,4),(2,2),(0.,1.),(0.,1.),.PIECEWISE_BEZIER_KNOTS.);
#119=B_SPLINE_SURFACE_WITH_KNOTS('',3,1,((#16090,#16091),(#16092,#16093),
(#16094,#16095),(#16096,#16097)),.SURF_OF_LINEAR_EXTRUSION.,.F.,.F.,.F.,
(4,4),(2,2),(0.,1.),(0.,1.),.PIECEWISE_BEZIER_KNOTS.);
#120=B_SPLINE_SURFACE_WITH_KNOTS('',3,1,((#16103,#16104),(#16105,#16106),
(#16107,#16108),(#16109,#16110)),.SURF_OF_LINEAR_EXTRUSION.,.F.,.F.,.F.,
(4,4),(2,2),(0.,1.),(0.,1.),.PIECEWISE_BEZIER_KNOTS.);
#121=B_SPLINE_SURFACE_WITH_KNOTS('',3,1,((#16116,#16117),(#16118,#16119),
(#16120,#16121),(#16122,#16123)),.SURF_OF_LINEAR_EXTRUSION.,.F.,.F.,.F.,
(4,4),(2,2),(0.,1.),(0.,1.),.PIECEWISE_BEZIER_KNOTS.);
#122=B_SPLINE_SURFACE_WITH_KNOTS('',3,1,((#16129,#16130),(#16131,#16132),
(#16133,#16134),(#16135,#16136)),.SURF_OF_LINEAR_EXTRUSION.,.F.,.F.,.F.,
(4,4),(2,2),(0.,1.),(0.,1.),.PIECEWISE_BEZIER_KNOTS.);
#123=B_SPLINE_SURFACE_WITH_KNOTS('',3,1,((#16142,#16143),(#16144,#16145),
(#16146,#16147),(#16148,#16149)),.SURF_OF_LINEAR_EXTRUSION.,.F.,.F.,.F.,
(4,4),(2,2),(0.,1.),(0.,1.),.PIECEWISE_BEZIER_KNOTS.);
#124=B_SPLINE_SURFACE_WITH_KNOTS('',3,1,((#16155,#16156),(#16157,#16158),
(#16159,#16160),(#16161,#16162)),.SURF_OF_LINEAR_EXTRUSION.,.F.,.F.,.F.,
(4,4),(2,2),(0.,1.),(0.,1.),.PIECEWISE_BEZIER_KNOTS.);
#125=B_SPLINE_SURFACE_WITH_KNOTS('',3,1,((#16168,#16169),(#16170,#16171),
(#16172,#16173),(#16174,#16175)),.SURF_OF_LINEAR_EXTRUSION.,.F.,.F.,.F.,
(4,4),(2,2),(0.,1.),(0.,1.),.PIECEWISE_BEZIER_KNOTS.);
#126=B_SPLINE_SURFACE_WITH_KNOTS('',3,1,((#16181,#16182),(#16183,#16184),
(#16185,#16186),(#16187,#16188)),.SURF_OF_LINEAR_EXTRUSION.,.F.,.F.,.F.,
(4,4),(2,2),(0.,1.),(0.,1.),.PIECEWISE_BEZIER_KNOTS.);
#127=B_SPLINE_SURFACE_WITH_KNOTS('',3,1,((#16194,#16195),(#16196,#16197),
(#16198,#16199),(#16200,#16201)),.SURF_OF_LINEAR_EXTRUSION.,.F.,.F.,.F.,
(4,4),(2,2),(0.,1.),(0.,1.),.PIECEWISE_BEZIER_KNOTS.);
#128=B_SPLINE_SURFACE_WITH_KNOTS('',3,1,((#16207,#16208),(#16209,#16210),
(#16211,#16212),(#16213,#16214)),.SURF_OF_LINEAR_EXTRUSION.,.F.,.F.,.F.,
(4,4),(2,2),(0.,1.),(0.,1.),.PIECEWISE_BEZIER_KNOTS.);
#129=B_SPLINE_SURFACE_WITH_KNOTS('',3,1,((#16223,#16224),(#16225,#16226),
(#16227,#16228),(#16229,#16230)),.SURF_OF_LINEAR_EXTRUSION.,.F.,.F.,.F.,
(4,4),(2,2),(0.,1.),(0.,1.),.PIECEWISE_BEZIER_KNOTS.);
#130=B_SPLINE_SURFACE_WITH_KNOTS('',3,1,((#16243,#16244),(#16245,#16246),
(#16247,#16248),(#16249,#16250)),.SURF_OF_LINEAR_EXTRUSION.,.F.,.F.,.F.,
(4,4),(2,2),(0.,1.),(0.,1.),.PIECEWISE_BEZIER_KNOTS.);
#131=B_SPLINE_SURFACE_WITH_KNOTS('',3,1,((#16260,#16261),(#16262,#16263),
(#16264,#16265),(#16266,#16267)),.SURF_OF_LINEAR_EXTRUSION.,.F.,.F.,.F.,
(4,4),(2,2),(0.,1.),(0.,1.),.PIECEWISE_BEZIER_KNOTS.);
#132=B_SPLINE_SURFACE_WITH_KNOTS('',3,1,((#16295,#16296),(#16297,#16298),
(#16299,#16300),(#16301,#16302)),.SURF_OF_LINEAR_EXTRUSION.,.F.,.F.,.F.,
(4,4),(2,2),(0.,1.),(0.,1.),.PIECEWISE_BEZIER_KNOTS.);
#133=B_SPLINE_SURFACE_WITH_KNOTS('',3,1,((#16310,#16311),(#16312,#16313),
(#16314,#16315),(#16316,#16317)),.SURF_OF_LINEAR_EXTRUSION.,.F.,.F.,.F.,
(4,4),(2,2),(0.,1.),(0.,1.),.PIECEWISE_BEZIER_KNOTS.);
#134=B_SPLINE_SURFACE_WITH_KNOTS('',3,1,((#16323,#16324),(#16325,#16326),
(#16327,#16328),(#16329,#16330)),.SURF_OF_LINEAR_EXTRUSION.,.F.,.F.,.F.,
(4,4),(2,2),(0.,1.),(0.,1.),.PIECEWISE_BEZIER_KNOTS.);
#135=B_SPLINE_SURFACE_WITH_KNOTS('',3,1,((#16344,#16345),(#16346,#16347),
(#16348,#16349),(#16350,#16351)),.SURF_OF_LINEAR_EXTRUSION.,.F.,.F.,.F.,
(4,4),(2,2),(0.,1.),(0.,1.),.PIECEWISE_BEZIER_KNOTS.);
#136=B_SPLINE_SURFACE_WITH_KNOTS('',3,1,((#16357,#16358),(#16359,#16360),
(#16361,#16362),(#16363,#16364)),.SURF_OF_LINEAR_EXTRUSION.,.F.,.F.,.F.,
(4,4),(2,2),(0.,1.),(0.,1.),.PIECEWISE_BEZIER_KNOTS.);
#137=B_SPLINE_SURFACE_WITH_KNOTS('',3,1,((#16370,#16371),(#16372,#16373),
(#16374,#16375),(#16376,#16377)),.SURF_OF_LINEAR_EXTRUSION.,.F.,.F.,.F.,
(4,4),(2,2),(0.,1.),(0.,1.),.PIECEWISE_BEZIER_KNOTS.);
#138=B_SPLINE_SURFACE_WITH_KNOTS('',3,1,((#16395,#16396),(#16397,#16398),
(#16399,#16400),(#16401,#16402)),.SURF_OF_LINEAR_EXTRUSION.,.F.,.F.,.F.,
(4,4),(2,2),(0.,1.),(0.,1.),.PIECEWISE_BEZIER_KNOTS.);
#139=B_SPLINE_SURFACE_WITH_KNOTS('',3,1,((#16408,#16409),(#16410,#16411),
(#16412,#16413),(#16414,#16415)),.SURF_OF_LINEAR_EXTRUSION.,.F.,.F.,.F.,
(4,4),(2,2),(0.,1.),(0.,1.),.PIECEWISE_BEZIER_KNOTS.);
#140=B_SPLINE_SURFACE_WITH_KNOTS('',3,1,((#16421,#16422),(#16423,#16424),
(#16425,#16426),(#16427,#16428)),.SURF_OF_LINEAR_EXTRUSION.,.F.,.F.,.F.,
(4,4),(2,2),(0.,1.),(0.,1.),.PIECEWISE_BEZIER_KNOTS.);
#141=B_SPLINE_SURFACE_WITH_KNOTS('',3,1,((#16434,#16435),(#16436,#16437),
(#16438,#16439),(#16440,#16441)),.SURF_OF_LINEAR_EXTRUSION.,.F.,.F.,.F.,
(4,4),(2,2),(0.,1.),(0.,1.),.PIECEWISE_BEZIER_KNOTS.);
#142=B_SPLINE_SURFACE_WITH_KNOTS('',3,1,((#16451,#16452),(#16453,#16454),
(#16455,#16456),(#16457,#16458)),.SURF_OF_LINEAR_EXTRUSION.,.F.,.F.,.F.,
(4,4),(2,2),(0.,1.),(0.,1.),.PIECEWISE_BEZIER_KNOTS.);
#143=B_SPLINE_SURFACE_WITH_KNOTS('',3,1,((#16462,#16463),(#16464,#16465),
(#16466,#16467),(#16468,#16469)),.SURF_OF_LINEAR_EXTRUSION.,.F.,.F.,.F.,
(4,4),(2,2),(0.,1.),(0.,1.),.PIECEWISE_BEZIER_KNOTS.);
#144=B_SPLINE_SURFACE_WITH_KNOTS('',3,1,((#16477,#16478),(#16479,#16480),
(#16481,#16482),(#16483,#16484)),.SURF_OF_LINEAR_EXTRUSION.,.F.,.F.,.F.,
(4,4),(2,2),(0.,1.),(0.,1.),.PIECEWISE_BEZIER_KNOTS.);
#145=B_SPLINE_SURFACE_WITH_KNOTS('',3,1,((#16503,#16504),(#16505,#16506),
(#16507,#16508),(#16509,#16510)),.SURF_OF_LINEAR_EXTRUSION.,.F.,.F.,.F.,
(4,4),(2,2),(0.,1.),(0.,1.),.PIECEWISE_BEZIER_KNOTS.);
#146=B_SPLINE_SURFACE_WITH_KNOTS('',3,1,((#16520,#16521),(#16522,#16523),
(#16524,#16525),(#16526,#16527)),.SURF_OF_LINEAR_EXTRUSION.,.F.,.F.,.F.,
(4,4),(2,2),(0.,1.),(0.,1.),.PIECEWISE_BEZIER_KNOTS.);
#147=B_SPLINE_SURFACE_WITH_KNOTS('',3,1,((#16537,#16538),(#16539,#16540),
(#16541,#16542),(#16543,#16544)),.SURF_OF_LINEAR_EXTRUSION.,.F.,.F.,.F.,
(4,4),(2,2),(0.,1.),(0.,1.),.PIECEWISE_BEZIER_KNOTS.);
#148=B_SPLINE_SURFACE_WITH_KNOTS('',3,1,((#16554,#16555),(#16556,#16557),
(#16558,#16559),(#16560,#16561)),.SURF_OF_LINEAR_EXTRUSION.,.F.,.F.,.F.,
(4,4),(2,2),(0.,1.),(0.,1.),.PIECEWISE_BEZIER_KNOTS.);
#149=B_SPLINE_SURFACE_WITH_KNOTS('',3,1,((#16583,#16584),(#16585,#16586),
(#16587,#16588),(#16589,#16590)),.SURF_OF_LINEAR_EXTRUSION.,.F.,.F.,.F.,
(4,4),(2,2),(0.,1.),(0.,1.),.PIECEWISE_BEZIER_KNOTS.);
#150=B_SPLINE_SURFACE_WITH_KNOTS('',3,1,((#16630,#16631),(#16632,#16633),
(#16634,#16635),(#16636,#16637)),.SURF_OF_LINEAR_EXTRUSION.,.F.,.F.,.F.,
(4,4),(2,2),(0.,1.),(0.,1.),.PIECEWISE_BEZIER_KNOTS.);
#151=B_SPLINE_SURFACE_WITH_KNOTS('',3,1,((#16643,#16644),(#16645,#16646),
(#16647,#16648),(#16649,#16650)),.SURF_OF_LINEAR_EXTRUSION.,.F.,.F.,.F.,
(4,4),(2,2),(0.,1.),(0.,1.),.PIECEWISE_BEZIER_KNOTS.);
#152=B_SPLINE_SURFACE_WITH_KNOTS('',3,1,((#16656,#16657),(#16658,#16659),
(#16660,#16661),(#16662,#16663)),.SURF_OF_LINEAR_EXTRUSION.,.F.,.F.,.F.,
(4,4),(2,2),(0.,1.),(0.,1.),.PIECEWISE_BEZIER_KNOTS.);
#153=B_SPLINE_SURFACE_WITH_KNOTS('',3,1,((#16673,#16674),(#16675,#16676),
(#16677,#16678),(#16679,#16680)),.SURF_OF_LINEAR_EXTRUSION.,.F.,.F.,.F.,
(4,4),(2,2),(0.,1.),(0.,1.),.PIECEWISE_BEZIER_KNOTS.);
#154=B_SPLINE_SURFACE_WITH_KNOTS('',3,1,((#16686,#16687),(#16688,#16689),
(#16690,#16691),(#16692,#16693)),.SURF_OF_LINEAR_EXTRUSION.,.F.,.F.,.F.,
(4,4),(2,2),(0.,1.),(0.,1.),.PIECEWISE_BEZIER_KNOTS.);
#155=B_SPLINE_SURFACE_WITH_KNOTS('',3,1,((#16699,#16700),(#16701,#16702),
(#16703,#16704),(#16705,#16706)),.SURF_OF_LINEAR_EXTRUSION.,.F.,.F.,.F.,
(4,4),(2,2),(0.,1.),(0.,1.),.PIECEWISE_BEZIER_KNOTS.);
#156=B_SPLINE_SURFACE_WITH_KNOTS('',3,1,((#16734,#16735),(#16736,#16737),
(#16738,#16739),(#16740,#16741)),.SURF_OF_LINEAR_EXTRUSION.,.F.,.F.,.F.,
(4,4),(2,2),(0.,1.),(0.,1.),.PIECEWISE_BEZIER_KNOTS.);
#157=B_SPLINE_SURFACE_WITH_KNOTS('',3,1,((#16758,#16759),(#16760,#16761),
(#16762,#16763),(#16764,#16765)),.SURF_OF_LINEAR_EXTRUSION.,.F.,.F.,.F.,
(4,4),(2,2),(0.,1.),(0.,1.),.PIECEWISE_BEZIER_KNOTS.);
#158=B_SPLINE_SURFACE_WITH_KNOTS('',3,1,((#16775,#16776),(#16777,#16778),
(#16779,#16780),(#16781,#16782)),.SURF_OF_LINEAR_EXTRUSION.,.F.,.F.,.F.,
(4,4),(2,2),(0.,1.),(0.,1.),.PIECEWISE_BEZIER_KNOTS.);
#159=B_SPLINE_SURFACE_WITH_KNOTS('',3,1,((#16792,#16793),(#16794,#16795),
(#16796,#16797),(#16798,#16799)),.SURF_OF_LINEAR_EXTRUSION.,.F.,.F.,.F.,
(4,4),(2,2),(0.,1.),(0.,1.),.PIECEWISE_BEZIER_KNOTS.);
#160=B_SPLINE_SURFACE_WITH_KNOTS('',3,1,((#16809,#16810),(#16811,#16812),
(#16813,#16814),(#16815,#16816)),.SURF_OF_LINEAR_EXTRUSION.,.F.,.F.,.F.,
(4,4),(2,2),(0.,1.),(0.,1.),.PIECEWISE_BEZIER_KNOTS.);
#161=B_SPLINE_SURFACE_WITH_KNOTS('',3,1,((#16868,#16869),(#16870,#16871),
(#16872,#16873),(#16874,#16875)),.SURF_OF_LINEAR_EXTRUSION.,.F.,.F.,.F.,
(4,4),(2,2),(0.,1.),(0.,1.),.PIECEWISE_BEZIER_KNOTS.);
#162=B_SPLINE_SURFACE_WITH_KNOTS('',3,1,((#16881,#16882),(#16883,#16884),
(#16885,#16886),(#16887,#16888)),.SURF_OF_LINEAR_EXTRUSION.,.F.,.F.,.F.,
(4,4),(2,2),(0.,1.),(0.,1.),.PIECEWISE_BEZIER_KNOTS.);
#163=B_SPLINE_SURFACE_WITH_KNOTS('',3,1,((#16894,#16895),(#16896,#16897),
(#16898,#16899),(#16900,#16901)),.SURF_OF_LINEAR_EXTRUSION.,.F.,.F.,.F.,
(4,4),(2,2),(0.,1.),(0.,1.),.PIECEWISE_BEZIER_KNOTS.);
#164=B_SPLINE_SURFACE_WITH_KNOTS('',3,1,((#16907,#16908),(#16909,#16910),
(#16911,#16912),(#16913,#16914)),.SURF_OF_LINEAR_EXTRUSION.,.F.,.F.,.F.,
(4,4),(2,2),(0.,1.),(0.,1.),.PIECEWISE_BEZIER_KNOTS.);
#165=B_SPLINE_SURFACE_WITH_KNOTS('',3,1,((#16932,#16933),(#16934,#16935),
(#16936,#16937),(#16938,#16939)),.SURF_OF_LINEAR_EXTRUSION.,.F.,.F.,.F.,
(4,4),(2,2),(0.,1.),(0.,1.),.PIECEWISE_BEZIER_KNOTS.);
#166=B_SPLINE_SURFACE_WITH_KNOTS('',3,1,((#16945,#16946),(#16947,#16948),
(#16949,#16950),(#16951,#16952)),.SURF_OF_LINEAR_EXTRUSION.,.F.,.F.,.F.,
(4,4),(2,2),(0.,1.),(0.,1.),.PIECEWISE_BEZIER_KNOTS.);
#167=B_SPLINE_SURFACE_WITH_KNOTS('',3,1,((#16958,#16959),(#16960,#16961),
(#16962,#16963),(#16964,#16965)),.SURF_OF_LINEAR_EXTRUSION.,.F.,.F.,.F.,
(4,4),(2,2),(0.,1.),(0.,1.),.PIECEWISE_BEZIER_KNOTS.);
#168=B_SPLINE_SURFACE_WITH_KNOTS('',3,1,((#16971,#16972),(#16973,#16974),
(#16975,#16976),(#16977,#16978)),.SURF_OF_LINEAR_EXTRUSION.,.F.,.F.,.F.,
(4,4),(2,2),(0.,1.),(0.,1.),.PIECEWISE_BEZIER_KNOTS.);
#169=B_SPLINE_SURFACE_WITH_KNOTS('',3,1,((#16992,#16993),(#16994,#16995),
(#16996,#16997),(#16998,#16999)),.SURF_OF_LINEAR_EXTRUSION.,.F.,.F.,.F.,
(4,4),(2,2),(0.,1.),(0.,1.),.PIECEWISE_BEZIER_KNOTS.);
#170=B_SPLINE_SURFACE_WITH_KNOTS('',3,1,((#17005,#17006),(#17007,#17008),
(#17009,#17010),(#17011,#17012)),.SURF_OF_LINEAR_EXTRUSION.,.F.,.F.,.F.,
(4,4),(2,2),(0.,1.),(0.,1.),.PIECEWISE_BEZIER_KNOTS.);
#171=B_SPLINE_SURFACE_WITH_KNOTS('',3,1,((#17018,#17019),(#17020,#17021),
(#17022,#17023),(#17024,#17025)),.SURF_OF_LINEAR_EXTRUSION.,.F.,.F.,.F.,
(4,4),(2,2),(0.,1.),(0.,1.),.PIECEWISE_BEZIER_KNOTS.);
#172=B_SPLINE_SURFACE_WITH_KNOTS('',3,1,((#17031,#17032),(#17033,#17034),
(#17035,#17036),(#17037,#17038)),.SURF_OF_LINEAR_EXTRUSION.,.F.,.F.,.F.,
(4,4),(2,2),(0.,1.),(0.,1.),.PIECEWISE_BEZIER_KNOTS.);
#173=B_SPLINE_SURFACE_WITH_KNOTS('',3,1,((#17054,#17055),(#17056,#17057),
(#17058,#17059),(#17060,#17061)),.SURF_OF_LINEAR_EXTRUSION.,.F.,.F.,.F.,
(4,4),(2,2),(0.,1.),(0.,1.),.PIECEWISE_BEZIER_KNOTS.);
#174=B_SPLINE_SURFACE_WITH_KNOTS('',3,1,((#17069,#17070),(#17071,#17072),
(#17073,#17074),(#17075,#17076)),.SURF_OF_LINEAR_EXTRUSION.,.F.,.F.,.F.,
(4,4),(2,2),(0.,1.),(0.,1.),.PIECEWISE_BEZIER_KNOTS.);
#175=B_SPLINE_SURFACE_WITH_KNOTS('',3,1,((#17095,#17096),(#17097,#17098),
(#17099,#17100),(#17101,#17102)),.SURF_OF_LINEAR_EXTRUSION.,.F.,.F.,.F.,
(4,4),(2,2),(0.,1.),(0.,1.),.PIECEWISE_BEZIER_KNOTS.);
#176=B_SPLINE_SURFACE_WITH_KNOTS('',3,1,((#17112,#17113),(#17114,#17115),
(#17116,#17117),(#17118,#17119)),.SURF_OF_LINEAR_EXTRUSION.,.F.,.F.,.F.,
(4,4),(2,2),(0.,1.),(0.,1.),.PIECEWISE_BEZIER_KNOTS.);
#177=B_SPLINE_SURFACE_WITH_KNOTS('',3,1,((#17129,#17130),(#17131,#17132),
(#17133,#17134),(#17135,#17136)),.SURF_OF_LINEAR_EXTRUSION.,.F.,.F.,.F.,
(4,4),(2,2),(0.,1.),(0.,1.),.PIECEWISE_BEZIER_KNOTS.);
#178=B_SPLINE_SURFACE_WITH_KNOTS('',3,1,((#17158,#17159),(#17160,#17161),
(#17162,#17163),(#17164,#17165)),.SURF_OF_LINEAR_EXTRUSION.,.F.,.F.,.F.,
(4,4),(2,2),(0.,1.),(0.,1.),.PIECEWISE_BEZIER_KNOTS.);
#179=B_SPLINE_SURFACE_WITH_KNOTS('',3,1,((#17175,#17176),(#17177,#17178),
(#17179,#17180),(#17181,#17182)),.SURF_OF_LINEAR_EXTRUSION.,.F.,.F.,.F.,
(4,4),(2,2),(0.,1.),(0.,1.),.PIECEWISE_BEZIER_KNOTS.);
#180=B_SPLINE_SURFACE_WITH_KNOTS('',3,1,((#17192,#17193),(#17194,#17195),
(#17196,#17197),(#17198,#17199)),.SURF_OF_LINEAR_EXTRUSION.,.F.,.F.,.F.,
(4,4),(2,2),(0.,1.),(0.,1.),.PIECEWISE_BEZIER_KNOTS.);
#181=B_SPLINE_SURFACE_WITH_KNOTS('',3,1,((#17211,#17212),(#17213,#17214),
(#17215,#17216),(#17217,#17218)),.SURF_OF_LINEAR_EXTRUSION.,.F.,.F.,.F.,
(4,4),(2,2),(0.,1.),(0.,1.),.PIECEWISE_BEZIER_KNOTS.);
#182=B_SPLINE_SURFACE_WITH_KNOTS('',3,1,((#17224,#17225),(#17226,#17227),
(#17228,#17229),(#17230,#17231)),.SURF_OF_LINEAR_EXTRUSION.,.F.,.F.,.F.,
(4,4),(2,2),(0.,1.),(0.,1.),.PIECEWISE_BEZIER_KNOTS.);
#183=B_SPLINE_SURFACE_WITH_KNOTS('',3,1,((#17237,#17238),(#17239,#17240),
(#17241,#17242),(#17243,#17244)),.SURF_OF_LINEAR_EXTRUSION.,.F.,.F.,.F.,
(4,4),(2,2),(0.,1.),(0.,1.),.PIECEWISE_BEZIER_KNOTS.);
#184=B_SPLINE_SURFACE_WITH_KNOTS('',3,1,((#17258,#17259),(#17260,#17261),
(#17262,#17263),(#17264,#17265)),.SURF_OF_LINEAR_EXTRUSION.,.F.,.F.,.F.,
(4,4),(2,2),(0.,1.),(0.,1.),.PIECEWISE_BEZIER_KNOTS.);
#185=B_SPLINE_SURFACE_WITH_KNOTS('',3,1,((#17271,#17272),(#17273,#17274),
(#17275,#17276),(#17277,#17278)),.SURF_OF_LINEAR_EXTRUSION.,.F.,.F.,.F.,
(4,4),(2,2),(0.,1.),(0.,1.),.PIECEWISE_BEZIER_KNOTS.);
#186=B_SPLINE_SURFACE_WITH_KNOTS('',3,1,((#17288,#17289),(#17290,#17291),
(#17292,#17293),(#17294,#17295)),.SURF_OF_LINEAR_EXTRUSION.,.F.,.F.,.F.,
(4,4),(2,2),(0.,1.),(0.,1.),.PIECEWISE_BEZIER_KNOTS.);
#187=B_SPLINE_SURFACE_WITH_KNOTS('',3,1,((#17305,#17306),(#17307,#17308),
(#17309,#17310),(#17311,#17312)),.SURF_OF_LINEAR_EXTRUSION.,.F.,.F.,.F.,
(4,4),(2,2),(0.,1.),(0.,1.),.PIECEWISE_BEZIER_KNOTS.);
#188=B_SPLINE_SURFACE_WITH_KNOTS('',3,1,((#17322,#17323),(#17324,#17325),
(#17326,#17327),(#17328,#17329)),.SURF_OF_LINEAR_EXTRUSION.,.F.,.F.,.F.,
(4,4),(2,2),(0.,1.),(0.,1.),.PIECEWISE_BEZIER_KNOTS.);
#189=B_SPLINE_SURFACE_WITH_KNOTS('',3,1,((#17335,#17336),(#17337,#17338),
(#17339,#17340),(#17341,#17342)),.SURF_OF_LINEAR_EXTRUSION.,.F.,.F.,.F.,
(4,4),(2,2),(0.,1.),(0.,1.),.PIECEWISE_BEZIER_KNOTS.);
#190=B_SPLINE_SURFACE_WITH_KNOTS('',3,1,((#17364,#17365),(#17366,#17367),
(#17368,#17369),(#17370,#17371)),.SURF_OF_LINEAR_EXTRUSION.,.F.,.F.,.F.,
(4,4),(2,2),(0.,1.),(0.,1.),.PIECEWISE_BEZIER_KNOTS.);
#191=B_SPLINE_SURFACE_WITH_KNOTS('',3,1,((#17377,#17378),(#17379,#17380),
(#17381,#17382),(#17383,#17384)),.SURF_OF_LINEAR_EXTRUSION.,.F.,.F.,.F.,
(4,4),(2,2),(0.,1.),(0.,1.),.PIECEWISE_BEZIER_KNOTS.);
#192=B_SPLINE_SURFACE_WITH_KNOTS('',3,1,((#17388,#17389),(#17390,#17391),
(#17392,#17393),(#17394,#17395)),.SURF_OF_LINEAR_EXTRUSION.,.F.,.F.,.F.,
(4,4),(2,2),(0.,1.),(0.,1.),.PIECEWISE_BEZIER_KNOTS.);
#193=B_SPLINE_SURFACE_WITH_KNOTS('',3,1,((#17590,#17591),(#17592,#17593),
(#17594,#17595),(#17596,#17597)),.SURF_OF_LINEAR_EXTRUSION.,.F.,.F.,.F.,
(4,4),(2,2),(0.,1.),(0.,1.),.PIECEWISE_BEZIER_KNOTS.);
#194=B_SPLINE_SURFACE_WITH_KNOTS('',3,1,((#17607,#17608),(#17609,#17610),
(#17611,#17612),(#17613,#17614)),.SURF_OF_LINEAR_EXTRUSION.,.F.,.F.,.F.,
(4,4),(2,2),(0.,1.),(0.,1.),.PIECEWISE_BEZIER_KNOTS.);
#195=B_SPLINE_SURFACE_WITH_KNOTS('',3,1,((#17632,#17633),(#17634,#17635),
(#17636,#17637),(#17638,#17639)),.SURF_OF_LINEAR_EXTRUSION.,.F.,.F.,.F.,
(4,4),(2,2),(0.,1.),(0.,1.),.PIECEWISE_BEZIER_KNOTS.);
#196=B_SPLINE_SURFACE_WITH_KNOTS('',3,1,((#17690,#17691),(#17692,#17693),
(#17694,#17695),(#17696,#17697)),.SURF_OF_LINEAR_EXTRUSION.,.F.,.F.,.F.,
(4,4),(2,2),(0.,1.),(0.,1.),.PIECEWISE_BEZIER_KNOTS.);
#197=B_SPLINE_SURFACE_WITH_KNOTS('',3,1,((#17703,#17704),(#17705,#17706),
(#17707,#17708),(#17709,#17710)),.SURF_OF_LINEAR_EXTRUSION.,.F.,.F.,.F.,
(4,4),(2,2),(0.,1.),(0.,1.),.PIECEWISE_BEZIER_KNOTS.);
#198=B_SPLINE_SURFACE_WITH_KNOTS('',3,1,((#17732,#17733),(#17734,#17735),
(#17736,#17737),(#17738,#17739)),.SURF_OF_LINEAR_EXTRUSION.,.F.,.F.,.F.,
(4,4),(2,2),(0.,1.),(0.,1.),.PIECEWISE_BEZIER_KNOTS.);
#199=B_SPLINE_SURFACE_WITH_KNOTS('',3,1,((#17745,#17746),(#17747,#17748),
(#17749,#17750),(#17751,#17752)),.SURF_OF_LINEAR_EXTRUSION.,.F.,.F.,.F.,
(4,4),(2,2),(0.,1.),(0.,1.),.PIECEWISE_BEZIER_KNOTS.);
#200=B_SPLINE_SURFACE_WITH_KNOTS('',3,1,((#17765,#17766),(#17767,#17768),
(#17769,#17770),(#17771,#17772)),.SURF_OF_LINEAR_EXTRUSION.,.F.,.F.,.F.,
(4,4),(2,2),(0.,1.),(0.,1.),.PIECEWISE_BEZIER_KNOTS.);
#201=B_SPLINE_SURFACE_WITH_KNOTS('',3,1,((#17791,#17792),(#17793,#17794),
(#17795,#17796),(#17797,#17798)),.SURF_OF_LINEAR_EXTRUSION.,.F.,.F.,.F.,
(4,4),(2,2),(0.,1.),(0.,1.),.PIECEWISE_BEZIER_KNOTS.);
#202=B_SPLINE_SURFACE_WITH_KNOTS('',3,1,((#17808,#17809),(#17810,#17811),
(#17812,#17813),(#17814,#17815)),.SURF_OF_LINEAR_EXTRUSION.,.F.,.F.,.F.,
(4,4),(2,2),(0.,1.),(0.,1.),.PIECEWISE_BEZIER_KNOTS.);
#203=B_SPLINE_SURFACE_WITH_KNOTS('',3,1,((#17825,#17826),(#17827,#17828),
(#17829,#17830),(#17831,#17832)),.SURF_OF_LINEAR_EXTRUSION.,.F.,.F.,.F.,
(4,4),(2,2),(0.,1.),(0.,1.),.PIECEWISE_BEZIER_KNOTS.);
#204=B_SPLINE_SURFACE_WITH_KNOTS('',3,1,((#17842,#17843),(#17844,#17845),
(#17846,#17847),(#17848,#17849)),.SURF_OF_LINEAR_EXTRUSION.,.F.,.F.,.F.,
(4,4),(2,2),(0.,1.),(0.,1.),.PIECEWISE_BEZIER_KNOTS.);
#205=B_SPLINE_SURFACE_WITH_KNOTS('',3,1,((#17865,#17866),(#17867,#17868),
(#17869,#17870),(#17871,#17872)),.SURF_OF_LINEAR_EXTRUSION.,.F.,.F.,.F.,
(4,4),(2,2),(0.,1.),(0.,1.),.PIECEWISE_BEZIER_KNOTS.);
#206=B_SPLINE_SURFACE_WITH_KNOTS('',3,1,((#17882,#17883),(#17884,#17885),
(#17886,#17887),(#17888,#17889)),.SURF_OF_LINEAR_EXTRUSION.,.F.,.F.,.F.,
(4,4),(2,2),(0.,1.),(0.,1.),.PIECEWISE_BEZIER_KNOTS.);
#207=B_SPLINE_SURFACE_WITH_KNOTS('',3,1,((#17899,#17900),(#17901,#17902),
(#17903,#17904),(#17905,#17906)),.SURF_OF_LINEAR_EXTRUSION.,.F.,.F.,.F.,
(4,4),(2,2),(0.,1.),(0.,1.),.PIECEWISE_BEZIER_KNOTS.);
#208=B_SPLINE_SURFACE_WITH_KNOTS('',3,1,((#17918,#17919),(#17920,#17921),
(#17922,#17923),(#17924,#17925)),.SURF_OF_LINEAR_EXTRUSION.,.F.,.F.,.F.,
(4,4),(2,2),(0.,1.),(0.,1.),.PIECEWISE_BEZIER_KNOTS.);
#209=B_SPLINE_SURFACE_WITH_KNOTS('',3,1,((#17931,#17932),(#17933,#17934),
(#17935,#17936),(#17937,#17938)),.SURF_OF_LINEAR_EXTRUSION.,.F.,.F.,.F.,
(4,4),(2,2),(0.,1.),(0.,1.),.PIECEWISE_BEZIER_KNOTS.);
#210=B_SPLINE_SURFACE_WITH_KNOTS('',3,1,((#17944,#17945),(#17946,#17947),
(#17948,#17949),(#17950,#17951)),.SURF_OF_LINEAR_EXTRUSION.,.F.,.F.,.F.,
(4,4),(2,2),(0.,1.),(0.,1.),.PIECEWISE_BEZIER_KNOTS.);
#211=B_SPLINE_SURFACE_WITH_KNOTS('',3,1,((#17957,#17958),(#17959,#17960),
(#17961,#17962),(#17963,#17964)),.SURF_OF_LINEAR_EXTRUSION.,.F.,.F.,.F.,
(4,4),(2,2),(0.,1.),(0.,1.),.PIECEWISE_BEZIER_KNOTS.);
#212=B_SPLINE_SURFACE_WITH_KNOTS('',3,1,((#17974,#17975),(#17976,#17977),
(#17978,#17979),(#17980,#17981)),.SURF_OF_LINEAR_EXTRUSION.,.F.,.F.,.F.,
(4,4),(2,2),(0.,1.),(0.,1.),.PIECEWISE_BEZIER_KNOTS.);
#213=B_SPLINE_SURFACE_WITH_KNOTS('',3,1,((#17987,#17988),(#17989,#17990),
(#17991,#17992),(#17993,#17994)),.SURF_OF_LINEAR_EXTRUSION.,.F.,.F.,.F.,
(4,4),(2,2),(0.,1.),(0.,1.),.PIECEWISE_BEZIER_KNOTS.);
#214=B_SPLINE_SURFACE_WITH_KNOTS('',3,1,((#18000,#18001),(#18002,#18003),
(#18004,#18005),(#18006,#18007)),.SURF_OF_LINEAR_EXTRUSION.,.F.,.F.,.F.,
(4,4),(2,2),(0.,1.),(0.,1.),.PIECEWISE_BEZIER_KNOTS.);
#215=B_SPLINE_SURFACE_WITH_KNOTS('',3,1,((#18011,#18012),(#18013,#18014),
(#18015,#18016),(#18017,#18018)),.SURF_OF_LINEAR_EXTRUSION.,.F.,.F.,.F.,
(4,4),(2,2),(0.,1.),(0.,1.),.PIECEWISE_BEZIER_KNOTS.);
#216=CYLINDRICAL_SURFACE('',#10440,0.0016);
#217=CYLINDRICAL_SURFACE('',#10443,0.0016);
#218=CYLINDRICAL_SURFACE('',#10446,0.0016);
#219=CYLINDRICAL_SURFACE('',#10450,0.001905);
#220=CYLINDRICAL_SURFACE('',#10451,0.001905);
#221=CYLINDRICAL_SURFACE('',#10452,0.001905);
#222=CYLINDRICAL_SURFACE('',#10453,0.001905);
#223=CYLINDRICAL_SURFACE('',#10454,0.001905);
#224=CYLINDRICAL_SURFACE('',#10455,0.001905);
#225=CYLINDRICAL_SURFACE('',#10456,0.001905);
#226=CYLINDRICAL_SURFACE('',#10457,0.001905);
#227=CYLINDRICAL_SURFACE('',#10458,0.001905);
#228=CYLINDRICAL_SURFACE('',#10459,0.001905);
#229=CYLINDRICAL_SURFACE('',#10460,0.001905);
#230=CYLINDRICAL_SURFACE('',#10461,0.001905);
#231=CYLINDRICAL_SURFACE('',#10478,0.00194379350418374);
#232=CYLINDRICAL_SURFACE('',#10482,0.00222912835131577);
#233=CYLINDRICAL_SURFACE('',#10493,0.00223234938482267);
#234=CYLINDRICAL_SURFACE('',#10497,0.00223426991299278);
#235=CYLINDRICAL_SURFACE('',#10502,0.008867884321093);
#236=CYLINDRICAL_SURFACE('',#10507,0.00297053848917884);
#237=CYLINDRICAL_SURFACE('',#10509,0.0108813314969015);
#238=CYLINDRICAL_SURFACE('',#10517,0.00232397118876619);
#239=CYLINDRICAL_SURFACE('',#10519,0.0030558489457032);
#240=CYLINDRICAL_SURFACE('',#10521,0.00519028865664825);
#241=CYLINDRICAL_SURFACE('',#10532,0.00218300267820403);
#242=CYLINDRICAL_SURFACE('',#10576,0.00331184323799583);
#243=CYLINDRICAL_SURFACE('',#10579,0.00478806695457224);
#244=CYLINDRICAL_SURFACE('',#10581,0.00277703139317902);
#245=CYLINDRICAL_SURFACE('',#10594,0.00189536808758948);
#246=CYLINDRICAL_SURFACE('',#10617,0.000856741298855764);
#247=CYLINDRICAL_SURFACE('',#10619,0.00328518309646282);
#248=CYLINDRICAL_SURFACE('',#10624,0.00378449269920673);
#249=CYLINDRICAL_SURFACE('',#10630,0.00308570717538258);
#250=CYLINDRICAL_SURFACE('',#10641,0.0025869688095443);
#251=CYLINDRICAL_SURFACE('',#10650,0.00183985865934072);
#252=CYLINDRICAL_SURFACE('',#10659,0.00218382189472648);
#253=CYLINDRICAL_SURFACE('',#10662,0.0023379132690547);
#254=CYLINDRICAL_SURFACE('',#10670,0.00223426991299866);
#255=CYLINDRICAL_SURFACE('',#10675,0.00886788432105346);
#256=CYLINDRICAL_SURFACE('',#10680,0.00297053848918209);
#257=CYLINDRICAL_SURFACE('',#10682,0.0108813314969781);
#258=CYLINDRICAL_SURFACE('',#10690,0.00232397118876569);
#259=CYLINDRICAL_SURFACE('',#10692,0.00305584894570282);
#260=CYLINDRICAL_SURFACE('',#10694,0.00519028865664666);
#261=CYLINDRICAL_SURFACE('',#10698,0.00195667467497743);
#262=CYLINDRICAL_SURFACE('',#10703,0.00223636333874987);
#263=CYLINDRICAL_SURFACE('',#10706,0.00379470046802861);
#264=CYLINDRICAL_SURFACE('',#10709,0.00470770926542596);
#265=CYLINDRICAL_SURFACE('',#10714,0.00223590903714438);
#266=CYLINDRICAL_SURFACE('',#10763,0.00395502737100637);
#267=CYLINDRICAL_SURFACE('',#10765,0.00744022004453902);
#268=CYLINDRICAL_SURFACE('',#10768,0.00470579381575011);
#269=CYLINDRICAL_SURFACE('',#10770,0.00276262322670639);
#270=CYLINDRICAL_SURFACE('',#10772,0.00357132111549191);
#271=CYLINDRICAL_SURFACE('',#10787,0.00165095265262734);
#272=CYLINDRICAL_SURFACE('',#10789,0.00213629029790322);
#273=CIRCLE('',#10358,0.00213629029790322);
#274=CIRCLE('',#10359,0.00165095265262734);
#275=CIRCLE('',#10360,0.00886788432105346);
#276=CIRCLE('',#10361,0.0051920635833464);
#277=CIRCLE('',#10362,0.00305584894570282);
#278=CIRCLE('',#10363,0.00232397118876569);
#279=CIRCLE('',#10364,0.0108803623808313);
#280=CIRCLE('',#10365,0.00297078605877917);
#281=CIRCLE('',#10366,0.0025869688095443);
#282=CIRCLE('',#10367,0.00378449269920673);
#283=CIRCLE('',#10368,0.00328518309646282);
#284=CIRCLE('',#10369,0.000856741298855764);
#285=CIRCLE('',#10370,0.00189536808758948);
#286=CIRCLE('',#10371,0.00222912835131577);
#287=CIRCLE('',#10372,0.00223234938482267);
#288=CIRCLE('',#10373,0.001905);
#289=CIRCLE('',#10374,0.001905);
#290=CIRCLE('',#10375,0.001905);
#291=CIRCLE('',#10376,0.001905);
#292=CIRCLE('',#10377,0.001905);
#293=CIRCLE('',#10378,0.001905);
#294=CIRCLE('',#10379,0.001905);
#295=CIRCLE('',#10380,0.001905);
#296=CIRCLE('',#10381,0.008867884321093);
#297=CIRCLE('',#10382,0.00519206358336405);
#298=CIRCLE('',#10383,0.0030558489457032);
#299=CIRCLE('',#10384,0.00232397118876619);
#300=CIRCLE('',#10385,0.0108803623807443);
#301=CIRCLE('',#10386,0.00297078605877416);
#302=CIRCLE('',#10387,0.00218300267820403);
#303=CIRCLE('',#10388,0.00277703139317902);
#304=CIRCLE('',#10389,0.00478806695457224);
#305=CIRCLE('',#10390,0.00331184323799583);
#306=CIRCLE('',#10391,0.00308570717538258);
#307=CIRCLE('',#10392,0.0023379132690547);
#308=CIRCLE('',#10393,0.00218382189472648);
#309=CIRCLE('',#10394,0.00223590903714438);
#310=CIRCLE('',#10395,0.00470770926542596);
#311=CIRCLE('',#10396,0.00379470046802861);
#312=CIRCLE('',#10397,0.00223636333874987);
#313=CIRCLE('',#10398,0.00357132111549191);
#314=CIRCLE('',#10399,0.00276262322670639);
#315=CIRCLE('',#10400,0.00470579381575011);
#316=CIRCLE('',#10401,0.00744022004453902);
#317=CIRCLE('',#10402,0.00395502737100637);
#318=CIRCLE('',#10406,0.001905);
#319=CIRCLE('',#10407,0.001905);
#320=CIRCLE('',#10408,0.001905);
#321=CIRCLE('',#10409,0.001905);
#322=CIRCLE('',#10410,0.001905);
#323=CIRCLE('',#10411,0.001905);
#324=CIRCLE('',#10412,0.001905);
#325=CIRCLE('',#10413,0.001905);
#326=CIRCLE('',#10414,0.001905);
#327=CIRCLE('',#10415,0.001905);
#328=CIRCLE('',#10433,0.001905);
#329=CIRCLE('',#10434,0.001905);
#330=CIRCLE('',#10435,0.001905);
#331=CIRCLE('',#10436,0.001905);
#332=CIRCLE('',#10437,0.0016);
#333=CIRCLE('',#10438,0.0016);
#334=CIRCLE('',#10439,0.0016);
#335=CIRCLE('',#10441,0.0016);
#336=CIRCLE('',#10444,0.0016);
#337=CIRCLE('',#10447,0.0016);
#338=CIRCLE('',#10479,0.00194379350418374);
#339=CIRCLE('',#10480,0.00194379350418374);
#340=CIRCLE('',#10483,0.00222912835131577);
#341=CIRCLE('',#10494,0.00223234938482267);
#342=CIRCLE('',#10498,0.00223426991299278);
#343=CIRCLE('',#10499,0.00223426991299278);
#344=CIRCLE('',#10503,0.008867884321093);
#345=CIRCLE('',#10508,0.00297078605877416);
#346=CIRCLE('',#10510,0.0108803623807443);
#347=CIRCLE('',#10518,0.00232397118876619);
#348=CIRCLE('',#10520,0.0030558489457032);
#349=CIRCLE('',#10522,0.00519206358336405);
#350=CIRCLE('',#10533,0.00218300267820403);
#351=CIRCLE('',#10577,0.00331184323799583);
#352=CIRCLE('',#10580,0.00478806695457224);
#353=CIRCLE('',#10582,0.00277703139317902);
#354=CIRCLE('',#10595,0.00189536808758948);
#355=CIRCLE('',#10618,0.000856741298855764);
#356=CIRCLE('',#10620,0.00328518309646282);
#357=CIRCLE('',#10625,0.00378449269920673);
#358=CIRCLE('',#10631,0.00308570717538258);
#359=CIRCLE('',#10642,0.0025869688095443);
#360=CIRCLE('',#10651,0.00183985865934072);
#361=CIRCLE('',#10652,0.00183985865934072);
#362=CIRCLE('',#10660,0.00218382189472648);
#363=CIRCLE('',#10663,0.0023379132690547);
#364=CIRCLE('',#10671,0.00223426991299866);
#365=CIRCLE('',#10672,0.00223426991299866);
#366=CIRCLE('',#10676,0.00886788432105346);
#367=CIRCLE('',#10681,0.00297078605877917);
#368=CIRCLE('',#10683,0.0108803623808313);
#369=CIRCLE('',#10691,0.00232397118876569);
#370=CIRCLE('',#10693,0.00305584894570282);
#371=CIRCLE('',#10695,0.0051920635833464);
#372=CIRCLE('',#10699,0.00195667467497743);
#373=CIRCLE('',#10700,0.00195667467497743);
#374=CIRCLE('',#10704,0.00223636333874987);
#375=CIRCLE('',#10707,0.00379470046802861);
#376=CIRCLE('',#10710,0.00470770926542596);
#377=CIRCLE('',#10715,0.00223590903714438);
#378=CIRCLE('',#10764,0.00395502737100637);
#379=CIRCLE('',#10766,0.00744022004453902);
#380=CIRCLE('',#10769,0.00470579381575011);
#381=CIRCLE('',#10771,0.00276262322670639);
#382=CIRCLE('',#10773,0.00357132111549191);
#383=CIRCLE('',#10788,0.00165095265262734);
#384=CIRCLE('',#10790,0.00213629029790322);
#385=B_SPLINE_CURVE_WITH_KNOTS('',2,(#12719,#12720,#12721),
 .UNSPECIFIED.,.F.,.F.,(3,3),(0.,1.),.PIECEWISE_BEZIER_KNOTS.);
#386=B_SPLINE_CURVE_WITH_KNOTS('',2,(#12723,#12724,#12725),
 .UNSPECIFIED.,.F.,.F.,(3,3),(0.,1.),.PIECEWISE_BEZIER_KNOTS.);
#387=B_SPLINE_CURVE_WITH_KNOTS('',2,(#12735,#12736,#12737),
 .UNSPECIFIED.,.F.,.F.,(3,3),(0.,1.),.PIECEWISE_BEZIER_KNOTS.);
#388=B_SPLINE_CURVE_WITH_KNOTS('',2,(#12739,#12740,#12741),
 .UNSPECIFIED.,.F.,.F.,(3,3),(0.,1.),.PIECEWISE_BEZIER_KNOTS.);
#389=B_SPLINE_CURVE_WITH_KNOTS('',2,(#12825,#12826,#12827),
 .UNSPECIFIED.,.F.,.F.,(3,3),(0.,1.),.PIECEWISE_BEZIER_KNOTS.);
#390=B_SPLINE_CURVE_WITH_KNOTS('',2,(#12829,#12830,#12831),
 .UNSPECIFIED.,.F.,.F.,(3,3),(0.,1.),.PIECEWISE_BEZIER_KNOTS.);
#391=B_SPLINE_CURVE_WITH_KNOTS('',2,(#12833,#12834,#12835),
 .UNSPECIFIED.,.F.,.F.,(3,3),(0.,1.),.PIECEWISE_BEZIER_KNOTS.);
#392=B_SPLINE_CURVE_WITH_KNOTS('',2,(#12837,#12838,#12839),
 .UNSPECIFIED.,.F.,.F.,(3,3),(0.,1.),.PIECEWISE_BEZIER_KNOTS.);
#393=B_SPLINE_CURVE_WITH_KNOTS('',2,(#12845,#12846,#12847),
 .UNSPECIFIED.,.F.,.F.,(3,3),(0.,1.),.PIECEWISE_BEZIER_KNOTS.);
#394=B_SPLINE_CURVE_WITH_KNOTS('',2,(#12849,#12850,#12851),
 .UNSPECIFIED.,.F.,.F.,(3,3),(0.,1.),.PIECEWISE_BEZIER_KNOTS.);
#395=B_SPLINE_CURVE_WITH_KNOTS('',2,(#12853,#12854,#12855),
 .UNSPECIFIED.,.F.,.F.,(3,3),(0.,1.),.PIECEWISE_BEZIER_KNOTS.);
#396=B_SPLINE_CURVE_WITH_KNOTS('',2,(#12857,#12858,#12859),
 .UNSPECIFIED.,.F.,.F.,(3,3),(0.,1.),.PIECEWISE_BEZIER_KNOTS.);
#397=B_SPLINE_CURVE_WITH_KNOTS('',2,(#12867,#12868,#12869),
 .UNSPECIFIED.,.F.,.F.,(3,3),(0.,1.),.PIECEWISE_BEZIER_KNOTS.);
#398=B_SPLINE_CURVE_WITH_KNOTS('',2,(#12871,#12872,#12873),
 .UNSPECIFIED.,.F.,.F.,(3,3),(0.,1.),.PIECEWISE_BEZIER_KNOTS.);
#399=B_SPLINE_CURVE_WITH_KNOTS('',2,(#12875,#12876,#12877),
 .UNSPECIFIED.,.F.,.F.,(3,3),(0.,1.),.PIECEWISE_BEZIER_KNOTS.);
#400=B_SPLINE_CURVE_WITH_KNOTS('',2,(#12879,#12880,#12881),
 .UNSPECIFIED.,.F.,.F.,(3,3),(0.,1.),.PIECEWISE_BEZIER_KNOTS.);
#401=B_SPLINE_CURVE_WITH_KNOTS('',2,(#12894,#12895,#12896),
 .UNSPECIFIED.,.F.,.F.,(3,3),(0.,1.),.PIECEWISE_BEZIER_KNOTS.);
#402=B_SPLINE_CURVE_WITH_KNOTS('',2,(#12899,#12900,#12901),
 .UNSPECIFIED.,.F.,.F.,(3,3),(0.,1.),.PIECEWISE_BEZIER_KNOTS.);
#403=B_SPLINE_CURVE_WITH_KNOTS('',2,(#12905,#12906,#12907),
 .UNSPECIFIED.,.F.,.F.,(3,3),(0.,1.),.PIECEWISE_BEZIER_KNOTS.);
#404=B_SPLINE_CURVE_WITH_KNOTS('',2,(#12909,#12910,#12911),
 .UNSPECIFIED.,.F.,.F.,(3,3),(0.,1.),.PIECEWISE_BEZIER_KNOTS.);
#405=B_SPLINE_CURVE_WITH_KNOTS('',2,(#12913,#12914,#12915),
 .UNSPECIFIED.,.F.,.F.,(3,3),(0.,1.),.PIECEWISE_BEZIER_KNOTS.);
#406=B_SPLINE_CURVE_WITH_KNOTS('',2,(#12917,#12918,#12919),
 .UNSPECIFIED.,.F.,.F.,(3,3),(0.,1.),.PIECEWISE_BEZIER_KNOTS.);
#407=B_SPLINE_CURVE_WITH_KNOTS('',2,(#12927,#12928,#12929),
 .UNSPECIFIED.,.F.,.F.,(3,3),(0.,1.),.PIECEWISE_BEZIER_KNOTS.);
#408=B_SPLINE_CURVE_WITH_KNOTS('',2,(#12931,#12932,#12933),
 .UNSPECIFIED.,.F.,.F.,(3,3),(0.,1.),.PIECEWISE_BEZIER_KNOTS.);
#409=B_SPLINE_CURVE_WITH_KNOTS('',2,(#12935,#12936,#12937),
 .UNSPECIFIED.,.F.,.F.,(3,3),(0.,1.),.PIECEWISE_BEZIER_KNOTS.);
#410=B_SPLINE_CURVE_WITH_KNOTS('',2,(#12943,#12944,#12945),
 .UNSPECIFIED.,.F.,.F.,(3,3),(0.,1.),.PIECEWISE_BEZIER_KNOTS.);
#411=B_SPLINE_CURVE_WITH_KNOTS('',2,(#12947,#12948,#12949),
 .UNSPECIFIED.,.F.,.F.,(3,3),(0.,1.),.PIECEWISE_BEZIER_KNOTS.);
#412=B_SPLINE_CURVE_WITH_KNOTS('',2,(#12955,#12956,#12957),
 .UNSPECIFIED.,.F.,.F.,(3,3),(0.,1.),.PIECEWISE_BEZIER_KNOTS.);
#413=B_SPLINE_CURVE_WITH_KNOTS('',2,(#12959,#12960,#12961),
 .UNSPECIFIED.,.F.,.F.,(3,3),(0.,1.),.PIECEWISE_BEZIER_KNOTS.);
#414=B_SPLINE_CURVE_WITH_KNOTS('',2,(#12963,#12964,#12965),
 .UNSPECIFIED.,.F.,.F.,(3,3),(0.,1.),.PIECEWISE_BEZIER_KNOTS.);
#415=B_SPLINE_CURVE_WITH_KNOTS('',2,(#12967,#12968,#12969),
 .UNSPECIFIED.,.F.,.F.,(3,3),(0.,1.),.PIECEWISE_BEZIER_KNOTS.);
#416=B_SPLINE_CURVE_WITH_KNOTS('',2,(#12971,#12972,#12973),
 .UNSPECIFIED.,.F.,.F.,(3,3),(0.,1.),.PIECEWISE_BEZIER_KNOTS.);
#417=B_SPLINE_CURVE_WITH_KNOTS('',2,(#12975,#12976,#12977),
 .UNSPECIFIED.,.F.,.F.,(3,3),(0.,1.),.PIECEWISE_BEZIER_KNOTS.);
#418=B_SPLINE_CURVE_WITH_KNOTS('',2,(#12979,#12980,#12981),
 .UNSPECIFIED.,.F.,.F.,(3,3),(0.,1.),.PIECEWISE_BEZIER_KNOTS.);
#419=B_SPLINE_CURVE_WITH_KNOTS('',2,(#12983,#12984,#12985),
 .UNSPECIFIED.,.F.,.F.,(3,3),(0.,1.),.PIECEWISE_BEZIER_KNOTS.);
#420=B_SPLINE_CURVE_WITH_KNOTS('',2,(#12987,#12988,#12989),
 .UNSPECIFIED.,.F.,.F.,(3,3),(0.,1.),.PIECEWISE_BEZIER_KNOTS.);
#421=B_SPLINE_CURVE_WITH_KNOTS('',2,(#12991,#12992,#12993),
 .UNSPECIFIED.,.F.,.F.,(3,3),(0.,1.),.PIECEWISE_BEZIER_KNOTS.);
#422=B_SPLINE_CURVE_WITH_KNOTS('',2,(#12995,#12996,#12997),
 .UNSPECIFIED.,.F.,.F.,(3,3),(0.,1.),.PIECEWISE_BEZIER_KNOTS.);
#423=B_SPLINE_CURVE_WITH_KNOTS('',2,(#13007,#13008,#13009),
 .UNSPECIFIED.,.F.,.F.,(3,3),(0.,1.),.PIECEWISE_BEZIER_KNOTS.);
#424=B_SPLINE_CURVE_WITH_KNOTS('',2,(#13013,#13014,#13015),
 .UNSPECIFIED.,.F.,.F.,(3,3),(0.,1.),.PIECEWISE_BEZIER_KNOTS.);
#425=B_SPLINE_CURVE_WITH_KNOTS('',2,(#13017,#13018,#13019),
 .UNSPECIFIED.,.F.,.F.,(3,3),(0.,1.),.PIECEWISE_BEZIER_KNOTS.);
#426=B_SPLINE_CURVE_WITH_KNOTS('',2,(#13023,#13024,#13025),
 .UNSPECIFIED.,.F.,.F.,(3,3),(0.,1.),.PIECEWISE_BEZIER_KNOTS.);
#427=B_SPLINE_CURVE_WITH_KNOTS('',2,(#13027,#13028,#13029),
 .UNSPECIFIED.,.F.,.F.,(3,3),(0.,1.),.PIECEWISE_BEZIER_KNOTS.);
#428=B_SPLINE_CURVE_WITH_KNOTS('',2,(#13031,#13032,#13033),
 .UNSPECIFIED.,.F.,.F.,(3,3),(0.,1.),.PIECEWISE_BEZIER_KNOTS.);
#429=B_SPLINE_CURVE_WITH_KNOTS('',2,(#13035,#13036,#13037),
 .UNSPECIFIED.,.F.,.F.,(3,3),(0.,1.),.PIECEWISE_BEZIER_KNOTS.);
#430=B_SPLINE_CURVE_WITH_KNOTS('',2,(#13039,#13040,#13041),
 .UNSPECIFIED.,.F.,.F.,(3,3),(0.,1.),.PIECEWISE_BEZIER_KNOTS.);
#431=B_SPLINE_CURVE_WITH_KNOTS('',2,(#13043,#13044,#13045),
 .UNSPECIFIED.,.F.,.F.,(3,3),(0.,1.),.PIECEWISE_BEZIER_KNOTS.);
#432=B_SPLINE_CURVE_WITH_KNOTS('',2,(#13047,#13048,#13049),
 .UNSPECIFIED.,.F.,.F.,(3,3),(0.,1.),.PIECEWISE_BEZIER_KNOTS.);
#433=B_SPLINE_CURVE_WITH_KNOTS('',2,(#13065,#13066,#13067),
 .UNSPECIFIED.,.F.,.F.,(3,3),(0.,1.),.PIECEWISE_BEZIER_KNOTS.);
#434=B_SPLINE_CURVE_WITH_KNOTS('',2,(#13069,#13070,#13071),
 .UNSPECIFIED.,.F.,.F.,(3,3),(0.,1.),.PIECEWISE_BEZIER_KNOTS.);
#435=B_SPLINE_CURVE_WITH_KNOTS('',2,(#13073,#13074,#13075),
 .UNSPECIFIED.,.F.,.F.,(3,3),(0.,1.),.PIECEWISE_BEZIER_KNOTS.);
#436=B_SPLINE_CURVE_WITH_KNOTS('',2,(#13077,#13078,#13079),
 .UNSPECIFIED.,.F.,.F.,(3,3),(0.,1.),.PIECEWISE_BEZIER_KNOTS.);
#437=B_SPLINE_CURVE_WITH_KNOTS('',2,(#13095,#13096,#13097),
 .UNSPECIFIED.,.F.,.F.,(3,3),(0.,1.),.PIECEWISE_BEZIER_KNOTS.);
#438=B_SPLINE_CURVE_WITH_KNOTS('',2,(#13099,#13100,#13101),
 .UNSPECIFIED.,.F.,.F.,(3,3),(0.,1.),.PIECEWISE_BEZIER_KNOTS.);
#439=B_SPLINE_CURVE_WITH_KNOTS('',2,(#13103,#13104,#13105),
 .UNSPECIFIED.,.F.,.F.,(3,3),(0.,1.),.PIECEWISE_BEZIER_KNOTS.);
#440=B_SPLINE_CURVE_WITH_KNOTS('',2,(#13146,#13147,#13148),
 .UNSPECIFIED.,.F.,.F.,(3,3),(0.,1.),.PIECEWISE_BEZIER_KNOTS.);
#441=B_SPLINE_CURVE_WITH_KNOTS('',2,(#13151,#13152,#13153),
 .UNSPECIFIED.,.F.,.F.,(3,3),(0.,1.),.PIECEWISE_BEZIER_KNOTS.);
#442=B_SPLINE_CURVE_WITH_KNOTS('',2,(#13155,#13156,#13157),
 .UNSPECIFIED.,.F.,.F.,(3,3),(0.,1.),.PIECEWISE_BEZIER_KNOTS.);
#443=B_SPLINE_CURVE_WITH_KNOTS('',2,(#13159,#13160,#13161),
 .UNSPECIFIED.,.F.,.F.,(3,3),(0.,1.),.PIECEWISE_BEZIER_KNOTS.);
#444=B_SPLINE_CURVE_WITH_KNOTS('',2,(#13165,#13166,#13167),
 .UNSPECIFIED.,.F.,.F.,(3,3),(0.,1.),.PIECEWISE_BEZIER_KNOTS.);
#445=B_SPLINE_CURVE_WITH_KNOTS('',2,(#13169,#13170,#13171),
 .UNSPECIFIED.,.F.,.F.,(3,3),(0.,1.),.PIECEWISE_BEZIER_KNOTS.);
#446=B_SPLINE_CURVE_WITH_KNOTS('',2,(#13173,#13174,#13175),
 .UNSPECIFIED.,.F.,.F.,(3,3),(0.,1.),.PIECEWISE_BEZIER_KNOTS.);
#447=B_SPLINE_CURVE_WITH_KNOTS('',2,(#13177,#13178,#13179),
 .UNSPECIFIED.,.F.,.F.,(3,3),(0.,1.),.PIECEWISE_BEZIER_KNOTS.);
#448=B_SPLINE_CURVE_WITH_KNOTS('',2,(#13185,#13186,#13187),
 .UNSPECIFIED.,.F.,.F.,(3,3),(0.,1.),.PIECEWISE_BEZIER_KNOTS.);
#449=B_SPLINE_CURVE_WITH_KNOTS('',2,(#13189,#13190,#13191),
 .UNSPECIFIED.,.F.,.F.,(3,3),(0.,1.),.PIECEWISE_BEZIER_KNOTS.);
#450=B_SPLINE_CURVE_WITH_KNOTS('',2,(#13193,#13194,#13195),
 .UNSPECIFIED.,.F.,.F.,(3,3),(0.,1.),.PIECEWISE_BEZIER_KNOTS.);
#451=B_SPLINE_CURVE_WITH_KNOTS('',2,(#13199,#13200,#13201),
 .UNSPECIFIED.,.F.,.F.,(3,3),(0.,1.),.PIECEWISE_BEZIER_KNOTS.);
#452=B_SPLINE_CURVE_WITH_KNOTS('',2,(#13203,#13204,#13205),
 .UNSPECIFIED.,.F.,.F.,(3,3),(0.,1.),.PIECEWISE_BEZIER_KNOTS.);
#453=B_SPLINE_CURVE_WITH_KNOTS('',2,(#13207,#13208,#13209),
 .UNSPECIFIED.,.F.,.F.,(3,3),(0.,1.),.PIECEWISE_BEZIER_KNOTS.);
#454=B_SPLINE_CURVE_WITH_KNOTS('',2,(#13301,#13302,#13303),
 .UNSPECIFIED.,.F.,.F.,(3,3),(0.,1.),.PIECEWISE_BEZIER_KNOTS.);
#455=B_SPLINE_CURVE_WITH_KNOTS('',2,(#13305,#13306,#13307),
 .UNSPECIFIED.,.F.,.F.,(3,3),(0.,1.),.PIECEWISE_BEZIER_KNOTS.);
#456=B_SPLINE_CURVE_WITH_KNOTS('',2,(#13309,#13310,#13311),
 .UNSPECIFIED.,.F.,.F.,(3,3),(0.,1.),.PIECEWISE_BEZIER_KNOTS.);
#457=B_SPLINE_CURVE_WITH_KNOTS('',2,(#13313,#13314,#13315),
 .UNSPECIFIED.,.F.,.F.,(3,3),(0.,1.),.PIECEWISE_BEZIER_KNOTS.);
#458=B_SPLINE_CURVE_WITH_KNOTS('',2,(#13321,#13322,#13323),
 .UNSPECIFIED.,.F.,.F.,(3,3),(0.,1.),.PIECEWISE_BEZIER_KNOTS.);
#459=B_SPLINE_CURVE_WITH_KNOTS('',2,(#13325,#13326,#13327),
 .UNSPECIFIED.,.F.,.F.,(3,3),(0.,1.),.PIECEWISE_BEZIER_KNOTS.);
#460=B_SPLINE_CURVE_WITH_KNOTS('',2,(#13329,#13330,#13331),
 .UNSPECIFIED.,.F.,.F.,(3,3),(0.,1.),.PIECEWISE_BEZIER_KNOTS.);
#461=B_SPLINE_CURVE_WITH_KNOTS('',2,(#13333,#13334,#13335),
 .UNSPECIFIED.,.F.,.F.,(3,3),(0.,1.),.PIECEWISE_BEZIER_KNOTS.);
#462=B_SPLINE_CURVE_WITH_KNOTS('',2,(#13343,#13344,#13345),
 .UNSPECIFIED.,.F.,.F.,(3,3),(0.,1.),.PIECEWISE_BEZIER_KNOTS.);
#463=B_SPLINE_CURVE_WITH_KNOTS('',2,(#13347,#13348,#13349),
 .UNSPECIFIED.,.F.,.F.,(3,3),(0.,1.),.PIECEWISE_BEZIER_KNOTS.);
#464=B_SPLINE_CURVE_WITH_KNOTS('',2,(#13351,#13352,#13353),
 .UNSPECIFIED.,.F.,.F.,(3,3),(0.,1.),.PIECEWISE_BEZIER_KNOTS.);
#465=B_SPLINE_CURVE_WITH_KNOTS('',2,(#13355,#13356,#13357),
 .UNSPECIFIED.,.F.,.F.,(3,3),(0.,1.),.PIECEWISE_BEZIER_KNOTS.);
#466=B_SPLINE_CURVE_WITH_KNOTS('',2,(#13370,#13371,#13372),
 .UNSPECIFIED.,.F.,.F.,(3,3),(0.,1.),.PIECEWISE_BEZIER_KNOTS.);
#467=B_SPLINE_CURVE_WITH_KNOTS('',2,(#13375,#13376,#13377),
 .UNSPECIFIED.,.F.,.F.,(3,3),(0.,1.),.PIECEWISE_BEZIER_KNOTS.);
#468=B_SPLINE_CURVE_WITH_KNOTS('',2,(#13379,#13380,#13381),
 .UNSPECIFIED.,.F.,.F.,(3,3),(0.,1.),.PIECEWISE_BEZIER_KNOTS.);
#469=B_SPLINE_CURVE_WITH_KNOTS('',2,(#13383,#13384,#13385),
 .UNSPECIFIED.,.F.,.F.,(3,3),(0.,1.),.PIECEWISE_BEZIER_KNOTS.);
#470=B_SPLINE_CURVE_WITH_KNOTS('',2,(#13403,#13404,#13405),
 .UNSPECIFIED.,.F.,.F.,(3,3),(0.,1.),.PIECEWISE_BEZIER_KNOTS.);
#471=B_SPLINE_CURVE_WITH_KNOTS('',2,(#13407,#13408,#13409),
 .UNSPECIFIED.,.F.,.F.,(3,3),(0.,1.),.PIECEWISE_BEZIER_KNOTS.);
#472=B_SPLINE_CURVE_WITH_KNOTS('',2,(#13411,#13412,#13413),
 .UNSPECIFIED.,.F.,.F.,(3,3),(0.,1.),.PIECEWISE_BEZIER_KNOTS.);
#473=B_SPLINE_CURVE_WITH_KNOTS('',2,(#13447,#13448,#13449),
 .UNSPECIFIED.,.F.,.F.,(3,3),(0.,1.),.PIECEWISE_BEZIER_KNOTS.);
#474=B_SPLINE_CURVE_WITH_KNOTS('',2,(#13451,#13452,#13453),
 .UNSPECIFIED.,.F.,.F.,(3,3),(0.,1.),.PIECEWISE_BEZIER_KNOTS.);
#475=B_SPLINE_CURVE_WITH_KNOTS('',2,(#13461,#13462,#13463),
 .UNSPECIFIED.,.F.,.F.,(3,3),(0.,1.),.PIECEWISE_BEZIER_KNOTS.);
#476=B_SPLINE_CURVE_WITH_KNOTS('',2,(#13467,#13468,#13469),
 .UNSPECIFIED.,.F.,.F.,(3,3),(0.,1.),.PIECEWISE_BEZIER_KNOTS.);
#477=B_SPLINE_CURVE_WITH_KNOTS('',2,(#13471,#13472,#13473),
 .UNSPECIFIED.,.F.,.F.,(3,3),(0.,1.),.PIECEWISE_BEZIER_KNOTS.);
#478=B_SPLINE_CURVE_WITH_KNOTS('',2,(#13501,#13502,#13503),
 .UNSPECIFIED.,.F.,.F.,(3,3),(0.,1.),.PIECEWISE_BEZIER_KNOTS.);
#479=B_SPLINE_CURVE_WITH_KNOTS('',2,(#13505,#13506,#13507),
 .UNSPECIFIED.,.F.,.F.,(3,3),(0.,1.),.PIECEWISE_BEZIER_KNOTS.);
#480=B_SPLINE_CURVE_WITH_KNOTS('',2,(#13509,#13510,#13511),
 .UNSPECIFIED.,.F.,.F.,(3,3),(0.,1.),.PIECEWISE_BEZIER_KNOTS.);
#481=B_SPLINE_CURVE_WITH_KNOTS('',2,(#13513,#13514,#13515),
 .UNSPECIFIED.,.F.,.F.,(3,3),(0.,1.),.PIECEWISE_BEZIER_KNOTS.);
#482=B_SPLINE_CURVE_WITH_KNOTS('',2,(#13517,#13518,#13519),
 .UNSPECIFIED.,.F.,.F.,(3,3),(0.,1.),.PIECEWISE_BEZIER_KNOTS.);
#483=B_SPLINE_CURVE_WITH_KNOTS('',2,(#13521,#13522,#13523),
 .UNSPECIFIED.,.F.,.F.,(3,3),(0.,1.),.PIECEWISE_BEZIER_KNOTS.);
#484=B_SPLINE_CURVE_WITH_KNOTS('',2,(#13525,#13526,#13527),
 .UNSPECIFIED.,.F.,.F.,(3,3),(0.,1.),.PIECEWISE_BEZIER_KNOTS.);
#485=B_SPLINE_CURVE_WITH_KNOTS('',2,(#13529,#13530,#13531),
 .UNSPECIFIED.,.F.,.F.,(3,3),(0.,1.),.PIECEWISE_BEZIER_KNOTS.);
#486=B_SPLINE_CURVE_WITH_KNOTS('',2,(#13533,#13534,#13535),
 .UNSPECIFIED.,.F.,.F.,(3,3),(0.,1.),.PIECEWISE_BEZIER_KNOTS.);
#487=B_SPLINE_CURVE_WITH_KNOTS('',2,(#13537,#13538,#13539),
 .UNSPECIFIED.,.F.,.F.,(3,3),(0.,1.),.PIECEWISE_BEZIER_KNOTS.);
#488=B_SPLINE_CURVE_WITH_KNOTS('',2,(#13541,#13542,#13543),
 .UNSPECIFIED.,.F.,.F.,(3,3),(0.,1.),.PIECEWISE_BEZIER_KNOTS.);
#489=B_SPLINE_CURVE_WITH_KNOTS('',2,(#13545,#13546,#13547),
 .UNSPECIFIED.,.F.,.F.,(3,3),(0.,1.),.PIECEWISE_BEZIER_KNOTS.);
#490=B_SPLINE_CURVE_WITH_KNOTS('',2,(#13557,#13558,#13559),
 .UNSPECIFIED.,.F.,.F.,(3,3),(0.,1.),.PIECEWISE_BEZIER_KNOTS.);
#491=B_SPLINE_CURVE_WITH_KNOTS('',2,(#13561,#13562,#13563),
 .UNSPECIFIED.,.F.,.F.,(3,3),(0.,1.),.PIECEWISE_BEZIER_KNOTS.);
#492=B_SPLINE_CURVE_WITH_KNOTS('',2,(#13565,#13566,#13567),
 .UNSPECIFIED.,.F.,.F.,(3,3),(0.,1.),.PIECEWISE_BEZIER_KNOTS.);
#493=B_SPLINE_CURVE_WITH_KNOTS('',2,(#13569,#13570,#13571),
 .UNSPECIFIED.,.F.,.F.,(3,3),(0.,1.),.PIECEWISE_BEZIER_KNOTS.);
#494=B_SPLINE_CURVE_WITH_KNOTS('',2,(#13573,#13574,#13575),
 .UNSPECIFIED.,.F.,.F.,(3,3),(0.,1.),.PIECEWISE_BEZIER_KNOTS.);
#495=B_SPLINE_CURVE_WITH_KNOTS('',2,(#13577,#13578,#13579),
 .UNSPECIFIED.,.F.,.F.,(3,3),(0.,1.),.PIECEWISE_BEZIER_KNOTS.);
#496=B_SPLINE_CURVE_WITH_KNOTS('',2,(#13581,#13582,#13583),
 .UNSPECIFIED.,.F.,.F.,(3,3),(0.,1.),.PIECEWISE_BEZIER_KNOTS.);
#497=B_SPLINE_CURVE_WITH_KNOTS('',2,(#13585,#13586,#13587),
 .UNSPECIFIED.,.F.,.F.,(3,3),(0.,1.),.PIECEWISE_BEZIER_KNOTS.);
#498=B_SPLINE_CURVE_WITH_KNOTS('',2,(#13589,#13590,#13591),
 .UNSPECIFIED.,.F.,.F.,(3,3),(0.,1.),.PIECEWISE_BEZIER_KNOTS.);
#499=B_SPLINE_CURVE_WITH_KNOTS('',2,(#13593,#13594,#13595),
 .UNSPECIFIED.,.F.,.F.,(3,3),(0.,1.),.PIECEWISE_BEZIER_KNOTS.);
#500=B_SPLINE_CURVE_WITH_KNOTS('',2,(#13597,#13598,#13599),
 .UNSPECIFIED.,.F.,.F.,(3,3),(0.,1.),.PIECEWISE_BEZIER_KNOTS.);
#501=B_SPLINE_CURVE_WITH_KNOTS('',2,(#13617,#13618,#13619),
 .UNSPECIFIED.,.F.,.F.,(3,3),(0.,1.),.PIECEWISE_BEZIER_KNOTS.);
#502=B_SPLINE_CURVE_WITH_KNOTS('',2,(#13621,#13622,#13623),
 .UNSPECIFIED.,.F.,.F.,(3,3),(0.,1.),.PIECEWISE_BEZIER_KNOTS.);
#503=B_SPLINE_CURVE_WITH_KNOTS('',2,(#13625,#13626,#13627),
 .UNSPECIFIED.,.F.,.F.,(3,3),(0.,1.),.PIECEWISE_BEZIER_KNOTS.);
#504=B_SPLINE_CURVE_WITH_KNOTS('',2,(#13631,#13632,#13633),
 .UNSPECIFIED.,.F.,.F.,(3,3),(0.,1.),.PIECEWISE_BEZIER_KNOTS.);
#505=B_SPLINE_CURVE_WITH_KNOTS('',2,(#13635,#13636,#13637),
 .UNSPECIFIED.,.F.,.F.,(3,3),(0.,1.),.PIECEWISE_BEZIER_KNOTS.);
#506=B_SPLINE_CURVE_WITH_KNOTS('',2,(#13639,#13640,#13641),
 .UNSPECIFIED.,.F.,.F.,(3,3),(0.,1.),.PIECEWISE_BEZIER_KNOTS.);
#507=B_SPLINE_CURVE_WITH_KNOTS('',2,(#13654,#13655,#13656),
 .UNSPECIFIED.,.F.,.F.,(3,3),(0.,1.),.PIECEWISE_BEZIER_KNOTS.);
#508=B_SPLINE_CURVE_WITH_KNOTS('',2,(#13659,#13660,#13661),
 .UNSPECIFIED.,.F.,.F.,(3,3),(0.,1.),.PIECEWISE_BEZIER_KNOTS.);
#509=B_SPLINE_CURVE_WITH_KNOTS('',2,(#13663,#13664,#13665),
 .UNSPECIFIED.,.F.,.F.,(3,3),(0.,1.),.PIECEWISE_BEZIER_KNOTS.);
#510=B_SPLINE_CURVE_WITH_KNOTS('',2,(#13675,#13676,#13677),
 .UNSPECIFIED.,.F.,.F.,(3,3),(0.,1.),.PIECEWISE_BEZIER_KNOTS.);
#511=B_SPLINE_CURVE_WITH_KNOTS('',2,(#13679,#13680,#13681),
 .UNSPECIFIED.,.F.,.F.,(3,3),(0.,1.),.PIECEWISE_BEZIER_KNOTS.);
#512=B_SPLINE_CURVE_WITH_KNOTS('',2,(#13685,#13686,#13687),
 .UNSPECIFIED.,.F.,.F.,(3,3),(0.,1.),.PIECEWISE_BEZIER_KNOTS.);
#513=B_SPLINE_CURVE_WITH_KNOTS('',2,(#13691,#13692,#13693),
 .UNSPECIFIED.,.F.,.F.,(3,3),(0.,1.),.PIECEWISE_BEZIER_KNOTS.);
#514=B_SPLINE_CURVE_WITH_KNOTS('',2,(#13697,#13698,#13699),
 .UNSPECIFIED.,.F.,.F.,(3,3),(0.,1.),.PIECEWISE_BEZIER_KNOTS.);
#515=B_SPLINE_CURVE_WITH_KNOTS('',2,(#13701,#13702,#13703),
 .UNSPECIFIED.,.F.,.F.,(3,3),(0.,1.),.PIECEWISE_BEZIER_KNOTS.);
#516=B_SPLINE_CURVE_WITH_KNOTS('',2,(#13709,#13710,#13711),
 .UNSPECIFIED.,.F.,.F.,(3,3),(0.,1.),.PIECEWISE_BEZIER_KNOTS.);
#517=B_SPLINE_CURVE_WITH_KNOTS('',2,(#13713,#13714,#13715),
 .UNSPECIFIED.,.F.,.F.,(3,3),(0.,1.),.PIECEWISE_BEZIER_KNOTS.);
#518=B_SPLINE_CURVE_WITH_KNOTS('',2,(#13717,#13718,#13719),
 .UNSPECIFIED.,.F.,.F.,(3,3),(0.,1.),.PIECEWISE_BEZIER_KNOTS.);
#519=B_SPLINE_CURVE_WITH_KNOTS('',2,(#13729,#13730,#13731),
 .UNSPECIFIED.,.F.,.F.,(3,3),(0.,1.),.PIECEWISE_BEZIER_KNOTS.);
#520=B_SPLINE_CURVE_WITH_KNOTS('',2,(#13739,#13740,#13741),
 .UNSPECIFIED.,.F.,.F.,(3,3),(0.,1.),.PIECEWISE_BEZIER_KNOTS.);
#521=B_SPLINE_CURVE_WITH_KNOTS('',2,(#13745,#13746,#13747),
 .UNSPECIFIED.,.F.,.F.,(3,3),(0.,1.),.PIECEWISE_BEZIER_KNOTS.);
#522=B_SPLINE_CURVE_WITH_KNOTS('',2,(#13780,#13781,#13782),
 .UNSPECIFIED.,.F.,.F.,(3,3),(0.,1.),.PIECEWISE_BEZIER_KNOTS.);
#523=B_SPLINE_CURVE_WITH_KNOTS('',2,(#13785,#13786,#13787),
 .UNSPECIFIED.,.F.,.F.,(3,3),(0.,1.),.PIECEWISE_BEZIER_KNOTS.);
#524=B_SPLINE_CURVE_WITH_KNOTS('',2,(#13789,#13790,#13791),
 .UNSPECIFIED.,.F.,.F.,(3,3),(0.,1.),.PIECEWISE_BEZIER_KNOTS.);
#525=B_SPLINE_CURVE_WITH_KNOTS('',2,(#13793,#13794,#13795),
 .UNSPECIFIED.,.F.,.F.,(3,3),(0.,1.),.PIECEWISE_BEZIER_KNOTS.);
#526=B_SPLINE_CURVE_WITH_KNOTS('',2,(#13799,#13800,#13801),
 .UNSPECIFIED.,.F.,.F.,(3,3),(0.,1.),.PIECEWISE_BEZIER_KNOTS.);
#527=B_SPLINE_CURVE_WITH_KNOTS('',2,(#13803,#13804,#13805),
 .UNSPECIFIED.,.F.,.F.,(3,3),(0.,1.),.PIECEWISE_BEZIER_KNOTS.);
#528=B_SPLINE_CURVE_WITH_KNOTS('',2,(#13807,#13808,#13809),
 .UNSPECIFIED.,.F.,.F.,(3,3),(0.,1.),.PIECEWISE_BEZIER_KNOTS.);
#529=B_SPLINE_CURVE_WITH_KNOTS('',2,(#13811,#13812,#13813),
 .UNSPECIFIED.,.F.,.F.,(3,3),(0.,1.),.PIECEWISE_BEZIER_KNOTS.);
#530=B_SPLINE_CURVE_WITH_KNOTS('',3,(#13980,#13981,#13982,#13983,#13984),
 .UNSPECIFIED.,.F.,.F.,(4,1,4),(0.,0.5,1.),.UNSPECIFIED.);
#531=B_SPLINE_CURVE_WITH_KNOTS('',2,(#14058,#14059,#14060),
 .UNSPECIFIED.,.F.,.F.,(3,3),(0.,1.),.PIECEWISE_BEZIER_KNOTS.);
#532=B_SPLINE_CURVE_WITH_KNOTS('',2,(#14065,#14066,#14067),
 .UNSPECIFIED.,.F.,.F.,(3,3),(0.,1.),.PIECEWISE_BEZIER_KNOTS.);
#533=B_SPLINE_CURVE_WITH_KNOTS('',2,(#14084,#14085,#14086),
 .UNSPECIFIED.,.F.,.F.,(3,3),(0.,1.),.PIECEWISE_BEZIER_KNOTS.);
#534=B_SPLINE_CURVE_WITH_KNOTS('',2,(#14090,#14091,#14092),
 .UNSPECIFIED.,.F.,.F.,(3,3),(0.,1.),.PIECEWISE_BEZIER_KNOTS.);
#535=B_SPLINE_CURVE_WITH_KNOTS('',2,(#14101,#14102,#14103),
 .UNSPECIFIED.,.F.,.F.,(3,3),(0.,1.),.PIECEWISE_BEZIER_KNOTS.);
#536=B_SPLINE_CURVE_WITH_KNOTS('',2,(#14107,#14108,#14109),
 .UNSPECIFIED.,.F.,.F.,(3,3),(0.,1.),.PIECEWISE_BEZIER_KNOTS.);
#537=B_SPLINE_CURVE_WITH_KNOTS('',2,(#14118,#14119,#14120),
 .UNSPECIFIED.,.F.,.F.,(3,3),(0.,1.),.PIECEWISE_BEZIER_KNOTS.);
#538=B_SPLINE_CURVE_WITH_KNOTS('',2,(#14124,#14125,#14126),
 .UNSPECIFIED.,.F.,.F.,(3,3),(0.,1.),.PIECEWISE_BEZIER_KNOTS.);
#539=B_SPLINE_CURVE_WITH_KNOTS('',2,(#14147,#14148,#14149),
 .UNSPECIFIED.,.F.,.F.,(3,3),(0.,1.),.PIECEWISE_BEZIER_KNOTS.);
#540=B_SPLINE_CURVE_WITH_KNOTS('',2,(#14153,#14154,#14155),
 .UNSPECIFIED.,.F.,.F.,(3,3),(0.,1.),.PIECEWISE_BEZIER_KNOTS.);
#541=B_SPLINE_CURVE_WITH_KNOTS('',2,(#14164,#14165,#14166),
 .UNSPECIFIED.,.F.,.F.,(3,3),(0.,1.),.PIECEWISE_BEZIER_KNOTS.);
#542=B_SPLINE_CURVE_WITH_KNOTS('',2,(#14170,#14171,#14172),
 .UNSPECIFIED.,.F.,.F.,(3,3),(0.,1.),.PIECEWISE_BEZIER_KNOTS.);
#543=B_SPLINE_CURVE_WITH_KNOTS('',2,(#14229,#14230,#14231),
 .UNSPECIFIED.,.F.,.F.,(3,3),(0.,1.),.PIECEWISE_BEZIER_KNOTS.);
#544=B_SPLINE_CURVE_WITH_KNOTS('',2,(#14242,#14243,#14244),
 .UNSPECIFIED.,.F.,.F.,(3,3),(0.,1.),.PIECEWISE_BEZIER_KNOTS.);
#545=B_SPLINE_CURVE_WITH_KNOTS('',2,(#14255,#14256,#14257),
 .UNSPECIFIED.,.F.,.F.,(3,3),(0.,1.),.PIECEWISE_BEZIER_KNOTS.);
#546=B_SPLINE_CURVE_WITH_KNOTS('',2,(#14272,#14273,#14274),
 .UNSPECIFIED.,.F.,.F.,(3,3),(0.,1.),.PIECEWISE_BEZIER_KNOTS.);
#547=B_SPLINE_CURVE_WITH_KNOTS('',2,(#14285,#14286,#14287),
 .UNSPECIFIED.,.F.,.F.,(3,3),(0.,1.),.PIECEWISE_BEZIER_KNOTS.);
#548=B_SPLINE_CURVE_WITH_KNOTS('',2,(#14296,#14297,#14298),
 .UNSPECIFIED.,.F.,.F.,(3,3),(0.,1.),.PIECEWISE_BEZIER_KNOTS.);
#549=B_SPLINE_CURVE_WITH_KNOTS('',2,(#14307,#14308,#14309),
 .UNSPECIFIED.,.F.,.F.,(3,3),(0.,1.),.PIECEWISE_BEZIER_KNOTS.);
#550=B_SPLINE_CURVE_WITH_KNOTS('',2,(#14310,#14311,#14312),
 .UNSPECIFIED.,.F.,.F.,(3,3),(0.,1.),.PIECEWISE_BEZIER_KNOTS.);
#551=B_SPLINE_CURVE_WITH_KNOTS('',2,(#14331,#14332,#14333),
 .UNSPECIFIED.,.F.,.F.,(3,3),(0.,1.),.PIECEWISE_BEZIER_KNOTS.);
#552=B_SPLINE_CURVE_WITH_KNOTS('',2,(#14337,#14338,#14339),
 .UNSPECIFIED.,.F.,.F.,(3,3),(0.,1.),.PIECEWISE_BEZIER_KNOTS.);
#553=B_SPLINE_CURVE_WITH_KNOTS('',2,(#14348,#14349,#14350),
 .UNSPECIFIED.,.F.,.F.,(3,3),(0.,1.),.PIECEWISE_BEZIER_KNOTS.);
#554=B_SPLINE_CURVE_WITH_KNOTS('',2,(#14354,#14355,#14356),
 .UNSPECIFIED.,.F.,.F.,(3,3),(0.,1.),.PIECEWISE_BEZIER_KNOTS.);
#555=B_SPLINE_CURVE_WITH_KNOTS('',2,(#14365,#14366,#14367),
 .UNSPECIFIED.,.F.,.F.,(3,3),(0.,1.),.PIECEWISE_BEZIER_KNOTS.);
#556=B_SPLINE_CURVE_WITH_KNOTS('',2,(#14371,#14372,#14373),
 .UNSPECIFIED.,.F.,.F.,(3,3),(0.,1.),.PIECEWISE_BEZIER_KNOTS.);
#557=B_SPLINE_CURVE_WITH_KNOTS('',2,(#14382,#14383,#14384),
 .UNSPECIFIED.,.F.,.F.,(3,3),(0.,1.),.PIECEWISE_BEZIER_KNOTS.);
#558=B_SPLINE_CURVE_WITH_KNOTS('',2,(#14388,#14389,#14390),
 .UNSPECIFIED.,.F.,.F.,(3,3),(0.,1.),.PIECEWISE_BEZIER_KNOTS.);
#559=B_SPLINE_CURVE_WITH_KNOTS('',2,(#14443,#14444,#14445),
 .UNSPECIFIED.,.F.,.F.,(3,3),(0.,1.),.PIECEWISE_BEZIER_KNOTS.);
#560=B_SPLINE_CURVE_WITH_KNOTS('',2,(#14456,#14457,#14458),
 .UNSPECIFIED.,.F.,.F.,(3,3),(0.,1.),.PIECEWISE_BEZIER_KNOTS.);
#561=B_SPLINE_CURVE_WITH_KNOTS('',2,(#14469,#14470,#14471),
 .UNSPECIFIED.,.F.,.F.,(3,3),(0.,1.),.PIECEWISE_BEZIER_KNOTS.);
#562=B_SPLINE_CURVE_WITH_KNOTS('',2,(#14482,#14483,#14484),
 .UNSPECIFIED.,.F.,.F.,(3,3),(0.,1.),.PIECEWISE_BEZIER_KNOTS.);
#563=B_SPLINE_CURVE_WITH_KNOTS('',2,(#14507,#14508,#14509),
 .UNSPECIFIED.,.F.,.F.,(3,3),(0.,1.),.PIECEWISE_BEZIER_KNOTS.);
#564=B_SPLINE_CURVE_WITH_KNOTS('',2,(#14520,#14521,#14522),
 .UNSPECIFIED.,.F.,.F.,(3,3),(0.,1.),.PIECEWISE_BEZIER_KNOTS.);
#565=B_SPLINE_CURVE_WITH_KNOTS('',2,(#14533,#14534,#14535),
 .UNSPECIFIED.,.F.,.F.,(3,3),(0.,1.),.PIECEWISE_BEZIER_KNOTS.);
#566=B_SPLINE_CURVE_WITH_KNOTS('',2,(#14546,#14547,#14548),
 .UNSPECIFIED.,.F.,.F.,(3,3),(0.,1.),.PIECEWISE_BEZIER_KNOTS.);
#567=B_SPLINE_CURVE_WITH_KNOTS('',2,(#14567,#14568,#14569),
 .UNSPECIFIED.,.F.,.F.,(3,3),(0.,1.),.PIECEWISE_BEZIER_KNOTS.);
#568=B_SPLINE_CURVE_WITH_KNOTS('',2,(#14580,#14581,#14582),
 .UNSPECIFIED.,.F.,.F.,(3,3),(0.,1.),.PIECEWISE_BEZIER_KNOTS.);
#569=B_SPLINE_CURVE_WITH_KNOTS('',2,(#14593,#14594,#14595),
 .UNSPECIFIED.,.F.,.F.,(3,3),(0.,1.),.PIECEWISE_BEZIER_KNOTS.);
#570=B_SPLINE_CURVE_WITH_KNOTS('',2,(#14606,#14607,#14608),
 .UNSPECIFIED.,.F.,.F.,(3,3),(0.,1.),.PIECEWISE_BEZIER_KNOTS.);
#571=B_SPLINE_CURVE_WITH_KNOTS('',2,(#14627,#14628,#14629),
 .UNSPECIFIED.,.F.,.F.,(3,3),(0.,1.),.PIECEWISE_BEZIER_KNOTS.);
#572=B_SPLINE_CURVE_WITH_KNOTS('',2,(#14630,#14631,#14632),
 .UNSPECIFIED.,.F.,.F.,(3,3),(0.,1.),.PIECEWISE_BEZIER_KNOTS.);
#573=B_SPLINE_CURVE_WITH_KNOTS('',2,(#14642,#14643,#14644),
 .UNSPECIFIED.,.F.,.F.,(3,3),(0.,1.),.PIECEWISE_BEZIER_KNOTS.);
#574=B_SPLINE_CURVE_WITH_KNOTS('',2,(#14649,#14650,#14651),
 .UNSPECIFIED.,.F.,.F.,(3,3),(0.,1.),.PIECEWISE_BEZIER_KNOTS.);
#575=B_SPLINE_CURVE_WITH_KNOTS('',2,(#14668,#14669,#14670),
 .UNSPECIFIED.,.F.,.F.,(3,3),(0.,1.),.PIECEWISE_BEZIER_KNOTS.);
#576=B_SPLINE_CURVE_WITH_KNOTS('',2,(#14674,#14675,#14676),
 .UNSPECIFIED.,.F.,.F.,(3,3),(0.,1.),.PIECEWISE_BEZIER_KNOTS.);
#577=B_SPLINE_CURVE_WITH_KNOTS('',2,(#14685,#14686,#14687),
 .UNSPECIFIED.,.F.,.F.,(3,3),(0.,1.),.PIECEWISE_BEZIER_KNOTS.);
#578=B_SPLINE_CURVE_WITH_KNOTS('',2,(#14691,#14692,#14693),
 .UNSPECIFIED.,.F.,.F.,(3,3),(0.,1.),.PIECEWISE_BEZIER_KNOTS.);
#579=B_SPLINE_CURVE_WITH_KNOTS('',2,(#14702,#14703,#14704),
 .UNSPECIFIED.,.F.,.F.,(3,3),(0.,1.),.PIECEWISE_BEZIER_KNOTS.);
#580=B_SPLINE_CURVE_WITH_KNOTS('',2,(#14708,#14709,#14710),
 .UNSPECIFIED.,.F.,.F.,(3,3),(0.,1.),.PIECEWISE_BEZIER_KNOTS.);
#581=B_SPLINE_CURVE_WITH_KNOTS('',2,(#14719,#14720,#14721),
 .UNSPECIFIED.,.F.,.F.,(3,3),(0.,1.),.PIECEWISE_BEZIER_KNOTS.);
#582=B_SPLINE_CURVE_WITH_KNOTS('',2,(#14725,#14726,#14727),
 .UNSPECIFIED.,.F.,.F.,(3,3),(0.,1.),.PIECEWISE_BEZIER_KNOTS.);
#583=B_SPLINE_CURVE_WITH_KNOTS('',2,(#14742,#14743,#14744),
 .UNSPECIFIED.,.F.,.F.,(3,3),(0.,1.),.PIECEWISE_BEZIER_KNOTS.);
#584=B_SPLINE_CURVE_WITH_KNOTS('',2,(#14748,#14749,#14750),
 .UNSPECIFIED.,.F.,.F.,(3,3),(0.,1.),.PIECEWISE_BEZIER_KNOTS.);
#585=B_SPLINE_CURVE_WITH_KNOTS('',2,(#14759,#14760,#14761),
 .UNSPECIFIED.,.F.,.F.,(3,3),(0.,1.),.PIECEWISE_BEZIER_KNOTS.);
#586=B_SPLINE_CURVE_WITH_KNOTS('',2,(#14765,#14766,#14767),
 .UNSPECIFIED.,.F.,.F.,(3,3),(0.,1.),.PIECEWISE_BEZIER_KNOTS.);
#587=B_SPLINE_CURVE_WITH_KNOTS('',2,(#14778,#14779,#14780),
 .UNSPECIFIED.,.F.,.F.,(3,3),(0.,1.),.PIECEWISE_BEZIER_KNOTS.);
#588=B_SPLINE_CURVE_WITH_KNOTS('',2,(#14797,#14798,#14799),
 .UNSPECIFIED.,.F.,.F.,(3,3),(0.,1.),.PIECEWISE_BEZIER_KNOTS.);
#589=B_SPLINE_CURVE_WITH_KNOTS('',2,(#14810,#14811,#14812),
 .UNSPECIFIED.,.F.,.F.,(3,3),(0.,1.),.PIECEWISE_BEZIER_KNOTS.);
#590=B_SPLINE_CURVE_WITH_KNOTS('',2,(#14823,#14824,#14825),
 .UNSPECIFIED.,.F.,.F.,(3,3),(0.,1.),.PIECEWISE_BEZIER_KNOTS.);
#591=B_SPLINE_CURVE_WITH_KNOTS('',2,(#14836,#14837,#14838),
 .UNSPECIFIED.,.F.,.F.,(3,3),(0.,1.),.PIECEWISE_BEZIER_KNOTS.);
#592=B_SPLINE_CURVE_WITH_KNOTS('',2,(#14853,#14854,#14855),
 .UNSPECIFIED.,.F.,.F.,(3,3),(0.,1.),.PIECEWISE_BEZIER_KNOTS.);
#593=B_SPLINE_CURVE_WITH_KNOTS('',2,(#14866,#14867,#14868),
 .UNSPECIFIED.,.F.,.F.,(3,3),(0.,1.),.PIECEWISE_BEZIER_KNOTS.);
#594=B_SPLINE_CURVE_WITH_KNOTS('',2,(#14877,#14878,#14879),
 .UNSPECIFIED.,.F.,.F.,(3,3),(0.,1.),.PIECEWISE_BEZIER_KNOTS.);
#595=B_SPLINE_CURVE_WITH_KNOTS('',2,(#14888,#14889,#14890),
 .UNSPECIFIED.,.F.,.F.,(3,3),(0.,1.),.PIECEWISE_BEZIER_KNOTS.);
#596=B_SPLINE_CURVE_WITH_KNOTS('',2,(#14891,#14892,#14893),
 .UNSPECIFIED.,.F.,.F.,(3,3),(0.,1.),.PIECEWISE_BEZIER_KNOTS.);
#597=B_SPLINE_CURVE_WITH_KNOTS('',2,(#14903,#14904,#14905),
 .UNSPECIFIED.,.F.,.F.,(3,3),(0.,1.),.PIECEWISE_BEZIER_KNOTS.);
#598=B_SPLINE_CURVE_WITH_KNOTS('',2,(#14910,#14911,#14912),
 .UNSPECIFIED.,.F.,.F.,(3,3),(0.,1.),.PIECEWISE_BEZIER_KNOTS.);
#599=B_SPLINE_CURVE_WITH_KNOTS('',2,(#14929,#14930,#14931),
 .UNSPECIFIED.,.F.,.F.,(3,3),(0.,1.),.PIECEWISE_BEZIER_KNOTS.);
#600=B_SPLINE_CURVE_WITH_KNOTS('',2,(#14935,#14936,#14937),
 .UNSPECIFIED.,.F.,.F.,(3,3),(0.,1.),.PIECEWISE_BEZIER_KNOTS.);
#601=B_SPLINE_CURVE_WITH_KNOTS('',2,(#14946,#14947,#14948),
 .UNSPECIFIED.,.F.,.F.,(3,3),(0.,1.),.PIECEWISE_BEZIER_KNOTS.);
#602=B_SPLINE_CURVE_WITH_KNOTS('',2,(#14952,#14953,#14954),
 .UNSPECIFIED.,.F.,.F.,(3,3),(0.,1.),.PIECEWISE_BEZIER_KNOTS.);
#603=B_SPLINE_CURVE_WITH_KNOTS('',2,(#14963,#14964,#14965),
 .UNSPECIFIED.,.F.,.F.,(3,3),(0.,1.),.PIECEWISE_BEZIER_KNOTS.);
#604=B_SPLINE_CURVE_WITH_KNOTS('',2,(#14969,#14970,#14971),
 .UNSPECIFIED.,.F.,.F.,(3,3),(0.,1.),.PIECEWISE_BEZIER_KNOTS.);
#605=B_SPLINE_CURVE_WITH_KNOTS('',2,(#14980,#14981,#14982),
 .UNSPECIFIED.,.F.,.F.,(3,3),(0.,1.),.PIECEWISE_BEZIER_KNOTS.);
#606=B_SPLINE_CURVE_WITH_KNOTS('',2,(#14986,#14987,#14988),
 .UNSPECIFIED.,.F.,.F.,(3,3),(0.,1.),.PIECEWISE_BEZIER_KNOTS.);
#607=B_SPLINE_CURVE_WITH_KNOTS('',2,(#15003,#15004,#15005),
 .UNSPECIFIED.,.F.,.F.,(3,3),(0.,1.),.PIECEWISE_BEZIER_KNOTS.);
#608=B_SPLINE_CURVE_WITH_KNOTS('',2,(#15009,#15010,#15011),
 .UNSPECIFIED.,.F.,.F.,(3,3),(0.,1.),.PIECEWISE_BEZIER_KNOTS.);
#609=B_SPLINE_CURVE_WITH_KNOTS('',2,(#15020,#15021,#15022),
 .UNSPECIFIED.,.F.,.F.,(3,3),(0.,1.),.PIECEWISE_BEZIER_KNOTS.);
#610=B_SPLINE_CURVE_WITH_KNOTS('',2,(#15026,#15027,#15028),
 .UNSPECIFIED.,.F.,.F.,(3,3),(0.,1.),.PIECEWISE_BEZIER_KNOTS.);
#611=B_SPLINE_CURVE_WITH_KNOTS('',2,(#15039,#15040,#15041),
 .UNSPECIFIED.,.F.,.F.,(3,3),(0.,1.),.PIECEWISE_BEZIER_KNOTS.);
#612=B_SPLINE_CURVE_WITH_KNOTS('',2,(#15058,#15059,#15060),
 .UNSPECIFIED.,.F.,.F.,(3,3),(0.,1.),.PIECEWISE_BEZIER_KNOTS.);
#613=B_SPLINE_CURVE_WITH_KNOTS('',2,(#15071,#15072,#15073),
 .UNSPECIFIED.,.F.,.F.,(3,3),(0.,1.),.PIECEWISE_BEZIER_KNOTS.);
#614=B_SPLINE_CURVE_WITH_KNOTS('',2,(#15084,#15085,#15086),
 .UNSPECIFIED.,.F.,.F.,(3,3),(0.,1.),.PIECEWISE_BEZIER_KNOTS.);
#615=B_SPLINE_CURVE_WITH_KNOTS('',2,(#15129,#15130,#15131),
 .UNSPECIFIED.,.F.,.F.,(3,3),(0.,1.),.PIECEWISE_BEZIER_KNOTS.);
#616=B_SPLINE_CURVE_WITH_KNOTS('',2,(#15142,#15143,#15144),
 .UNSPECIFIED.,.F.,.F.,(3,3),(0.,1.),.PIECEWISE_BEZIER_KNOTS.);
#617=B_SPLINE_CURVE_WITH_KNOTS('',2,(#15153,#15154,#15155),
 .UNSPECIFIED.,.F.,.F.,(3,3),(0.,1.),.PIECEWISE_BEZIER_KNOTS.);
#618=B_SPLINE_CURVE_WITH_KNOTS('',2,(#15164,#15165,#15166),
 .UNSPECIFIED.,.F.,.F.,(3,3),(0.,1.),.PIECEWISE_BEZIER_KNOTS.);
#619=B_SPLINE_CURVE_WITH_KNOTS('',2,(#15167,#15168,#15169),
 .UNSPECIFIED.,.F.,.F.,(3,3),(0.,1.),.PIECEWISE_BEZIER_KNOTS.);
#620=B_SPLINE_CURVE_WITH_KNOTS('',2,(#15310,#15311,#15312),
 .UNSPECIFIED.,.F.,.F.,(3,3),(0.,1.),.PIECEWISE_BEZIER_KNOTS.);
#621=B_SPLINE_CURVE_WITH_KNOTS('',2,(#15323,#15324,#15325),
 .UNSPECIFIED.,.F.,.F.,(3,3),(0.,1.),.PIECEWISE_BEZIER_KNOTS.);
#622=B_SPLINE_CURVE_WITH_KNOTS('',2,(#15340,#15341,#15342),
 .UNSPECIFIED.,.F.,.F.,(3,3),(0.,1.),.PIECEWISE_BEZIER_KNOTS.);
#623=B_SPLINE_CURVE_WITH_KNOTS('',2,(#15365,#15366,#15367),
 .UNSPECIFIED.,.F.,.F.,(3,3),(0.,1.),.PIECEWISE_BEZIER_KNOTS.);
#624=B_SPLINE_CURVE_WITH_KNOTS('',2,(#15378,#15379,#15380),
 .UNSPECIFIED.,.F.,.F.,(3,3),(0.,1.),.PIECEWISE_BEZIER_KNOTS.);
#625=B_SPLINE_CURVE_WITH_KNOTS('',2,(#15436,#15437,#15438),
 .UNSPECIFIED.,.F.,.F.,(3,3),(0.,1.),.PIECEWISE_BEZIER_KNOTS.);
#626=B_SPLINE_CURVE_WITH_KNOTS('',2,(#15449,#15450,#15451),
 .UNSPECIFIED.,.F.,.F.,(3,3),(0.,1.),.PIECEWISE_BEZIER_KNOTS.);
#627=B_SPLINE_CURVE_WITH_KNOTS('',2,(#15462,#15463,#15464),
 .UNSPECIFIED.,.F.,.F.,(3,3),(0.,1.),.PIECEWISE_BEZIER_KNOTS.);
#628=B_SPLINE_CURVE_WITH_KNOTS('',2,(#15503,#15504,#15505),
 .UNSPECIFIED.,.F.,.F.,(3,3),(0.,1.),.PIECEWISE_BEZIER_KNOTS.);
#629=B_SPLINE_CURVE_WITH_KNOTS('',2,(#15516,#15517,#15518),
 .UNSPECIFIED.,.F.,.F.,(3,3),(0.,1.),.PIECEWISE_BEZIER_KNOTS.);
#630=B_SPLINE_CURVE_WITH_KNOTS('',2,(#15529,#15530,#15531),
 .UNSPECIFIED.,.F.,.F.,(3,3),(0.,1.),.PIECEWISE_BEZIER_KNOTS.);
#631=B_SPLINE_CURVE_WITH_KNOTS('',2,(#15542,#15543,#15544),
 .UNSPECIFIED.,.F.,.F.,(3,3),(0.,1.),.PIECEWISE_BEZIER_KNOTS.);
#632=B_SPLINE_CURVE_WITH_KNOTS('',2,(#15605,#15606,#15607),
 .UNSPECIFIED.,.F.,.F.,(3,3),(0.,1.),.PIECEWISE_BEZIER_KNOTS.);
#633=B_SPLINE_CURVE_WITH_KNOTS('',2,(#15618,#15619,#15620),
 .UNSPECIFIED.,.F.,.F.,(3,3),(0.,1.),.PIECEWISE_BEZIER_KNOTS.);
#634=B_SPLINE_CURVE_WITH_KNOTS('',2,(#15631,#15632,#15633),
 .UNSPECIFIED.,.F.,.F.,(3,3),(0.,1.),.PIECEWISE_BEZIER_KNOTS.);
#635=B_SPLINE_CURVE_WITH_KNOTS('',2,(#15644,#15645,#15646),
 .UNSPECIFIED.,.F.,.F.,(3,3),(0.,1.),.PIECEWISE_BEZIER_KNOTS.);
#636=B_SPLINE_CURVE_WITH_KNOTS('',2,(#15657,#15658,#15659),
 .UNSPECIFIED.,.F.,.F.,(3,3),(0.,1.),.PIECEWISE_BEZIER_KNOTS.);
#637=B_SPLINE_CURVE_WITH_KNOTS('',2,(#15670,#15671,#15672),
 .UNSPECIFIED.,.F.,.F.,(3,3),(0.,1.),.PIECEWISE_BEZIER_KNOTS.);
#638=B_SPLINE_CURVE_WITH_KNOTS('',2,(#15683,#15684,#15685),
 .UNSPECIFIED.,.F.,.F.,(3,3),(0.,1.),.PIECEWISE_BEZIER_KNOTS.);
#639=B_SPLINE_CURVE_WITH_KNOTS('',2,(#15700,#15701,#15702),
 .UNSPECIFIED.,.F.,.F.,(3,3),(0.,1.),.PIECEWISE_BEZIER_KNOTS.);
#640=B_SPLINE_CURVE_WITH_KNOTS('',2,(#15713,#15714,#15715),
 .UNSPECIFIED.,.F.,.F.,(3,3),(0.,1.),.PIECEWISE_BEZIER_KNOTS.);
#641=B_SPLINE_CURVE_WITH_KNOTS('',2,(#15730,#15731,#15732),
 .UNSPECIFIED.,.F.,.F.,(3,3),(0.,1.),.PIECEWISE_BEZIER_KNOTS.);
#642=B_SPLINE_CURVE_WITH_KNOTS('',2,(#15759,#15760,#15761),
 .UNSPECIFIED.,.F.,.F.,(3,3),(0.,1.),.PIECEWISE_BEZIER_KNOTS.);
#643=B_SPLINE_CURVE_WITH_KNOTS('',2,(#15772,#15773,#15774),
 .UNSPECIFIED.,.F.,.F.,(3,3),(0.,1.),.PIECEWISE_BEZIER_KNOTS.);
#644=B_SPLINE_CURVE_WITH_KNOTS('',2,(#15785,#15786,#15787),
 .UNSPECIFIED.,.F.,.F.,(3,3),(0.,1.),.PIECEWISE_BEZIER_KNOTS.);
#645=B_SPLINE_CURVE_WITH_KNOTS('',2,(#15798,#15799,#15800),
 .UNSPECIFIED.,.F.,.F.,(3,3),(0.,1.),.PIECEWISE_BEZIER_KNOTS.);
#646=B_SPLINE_CURVE_WITH_KNOTS('',2,(#15811,#15812,#15813),
 .UNSPECIFIED.,.F.,.F.,(3,3),(0.,1.),.PIECEWISE_BEZIER_KNOTS.);
#647=B_SPLINE_CURVE_WITH_KNOTS('',2,(#15824,#15825,#15826),
 .UNSPECIFIED.,.F.,.F.,(3,3),(0.,1.),.PIECEWISE_BEZIER_KNOTS.);
#648=B_SPLINE_CURVE_WITH_KNOTS('',2,(#15837,#15838,#15839),
 .UNSPECIFIED.,.F.,.F.,(3,3),(0.,1.),.PIECEWISE_BEZIER_KNOTS.);
#649=B_SPLINE_CURVE_WITH_KNOTS('',2,(#15850,#15851,#15852),
 .UNSPECIFIED.,.F.,.F.,(3,3),(0.,1.),.PIECEWISE_BEZIER_KNOTS.);
#650=B_SPLINE_CURVE_WITH_KNOTS('',2,(#15863,#15864,#15865),
 .UNSPECIFIED.,.F.,.F.,(3,3),(0.,1.),.PIECEWISE_BEZIER_KNOTS.);
#651=B_SPLINE_CURVE_WITH_KNOTS('',2,(#15876,#15877,#15878),
 .UNSPECIFIED.,.F.,.F.,(3,3),(0.,1.),.PIECEWISE_BEZIER_KNOTS.);
#652=B_SPLINE_CURVE_WITH_KNOTS('',2,(#15889,#15890,#15891),
 .UNSPECIFIED.,.F.,.F.,(3,3),(0.,1.),.PIECEWISE_BEZIER_KNOTS.);
#653=B_SPLINE_CURVE_WITH_KNOTS('',2,(#15915,#15916,#15917),
 .UNSPECIFIED.,.F.,.F.,(3,3),(0.,1.),.PIECEWISE_BEZIER_KNOTS.);
#654=B_SPLINE_CURVE_WITH_KNOTS('',2,(#15928,#15929,#15930),
 .UNSPECIFIED.,.F.,.F.,(3,3),(0.,1.),.PIECEWISE_BEZIER_KNOTS.);
#655=B_SPLINE_CURVE_WITH_KNOTS('',2,(#15941,#15942,#15943),
 .UNSPECIFIED.,.F.,.F.,(3,3),(0.,1.),.PIECEWISE_BEZIER_KNOTS.);
#656=B_SPLINE_CURVE_WITH_KNOTS('',2,(#15954,#15955,#15956),
 .UNSPECIFIED.,.F.,.F.,(3,3),(0.,1.),.PIECEWISE_BEZIER_KNOTS.);
#657=B_SPLINE_CURVE_WITH_KNOTS('',2,(#15967,#15968,#15969),
 .UNSPECIFIED.,.F.,.F.,(3,3),(0.,1.),.PIECEWISE_BEZIER_KNOTS.);
#658=B_SPLINE_CURVE_WITH_KNOTS('',2,(#15980,#15981,#15982),
 .UNSPECIFIED.,.F.,.F.,(3,3),(0.,1.),.PIECEWISE_BEZIER_KNOTS.);
#659=B_SPLINE_CURVE_WITH_KNOTS('',2,(#15993,#15994,#15995),
 .UNSPECIFIED.,.F.,.F.,(3,3),(0.,1.),.PIECEWISE_BEZIER_KNOTS.);
#660=B_SPLINE_CURVE_WITH_KNOTS('',2,(#16006,#16007,#16008),
 .UNSPECIFIED.,.F.,.F.,(3,3),(0.,1.),.PIECEWISE_BEZIER_KNOTS.);
#661=B_SPLINE_CURVE_WITH_KNOTS('',2,(#16019,#16020,#16021),
 .UNSPECIFIED.,.F.,.F.,(3,3),(0.,1.),.PIECEWISE_BEZIER_KNOTS.);
#662=B_SPLINE_CURVE_WITH_KNOTS('',2,(#16032,#16033,#16034),
 .UNSPECIFIED.,.F.,.F.,(3,3),(0.,1.),.PIECEWISE_BEZIER_KNOTS.);
#663=B_SPLINE_CURVE_WITH_KNOTS('',2,(#16045,#16046,#16047),
 .UNSPECIFIED.,.F.,.F.,(3,3),(0.,1.),.PIECEWISE_BEZIER_KNOTS.);
#664=B_SPLINE_CURVE_WITH_KNOTS('',2,(#16074,#16075,#16076),
 .UNSPECIFIED.,.F.,.F.,(3,3),(0.,1.),.PIECEWISE_BEZIER_KNOTS.);
#665=B_SPLINE_CURVE_WITH_KNOTS('',2,(#16087,#16088,#16089),
 .UNSPECIFIED.,.F.,.F.,(3,3),(0.,1.),.PIECEWISE_BEZIER_KNOTS.);
#666=B_SPLINE_CURVE_WITH_KNOTS('',2,(#16100,#16101,#16102),
 .UNSPECIFIED.,.F.,.F.,(3,3),(0.,1.),.PIECEWISE_BEZIER_KNOTS.);
#667=B_SPLINE_CURVE_WITH_KNOTS('',2,(#16113,#16114,#16115),
 .UNSPECIFIED.,.F.,.F.,(3,3),(0.,1.),.PIECEWISE_BEZIER_KNOTS.);
#668=B_SPLINE_CURVE_WITH_KNOTS('',2,(#16126,#16127,#16128),
 .UNSPECIFIED.,.F.,.F.,(3,3),(0.,1.),.PIECEWISE_BEZIER_KNOTS.);
#669=B_SPLINE_CURVE_WITH_KNOTS('',2,(#16139,#16140,#16141),
 .UNSPECIFIED.,.F.,.F.,(3,3),(0.,1.),.PIECEWISE_BEZIER_KNOTS.);
#670=B_SPLINE_CURVE_WITH_KNOTS('',2,(#16152,#16153,#16154),
 .UNSPECIFIED.,.F.,.F.,(3,3),(0.,1.),.PIECEWISE_BEZIER_KNOTS.);
#671=B_SPLINE_CURVE_WITH_KNOTS('',2,(#16165,#16166,#16167),
 .UNSPECIFIED.,.F.,.F.,(3,3),(0.,1.),.PIECEWISE_BEZIER_KNOTS.);
#672=B_SPLINE_CURVE_WITH_KNOTS('',2,(#16178,#16179,#16180),
 .UNSPECIFIED.,.F.,.F.,(3,3),(0.,1.),.PIECEWISE_BEZIER_KNOTS.);
#673=B_SPLINE_CURVE_WITH_KNOTS('',2,(#16191,#16192,#16193),
 .UNSPECIFIED.,.F.,.F.,(3,3),(0.,1.),.PIECEWISE_BEZIER_KNOTS.);
#674=B_SPLINE_CURVE_WITH_KNOTS('',2,(#16204,#16205,#16206),
 .UNSPECIFIED.,.F.,.F.,(3,3),(0.,1.),.PIECEWISE_BEZIER_KNOTS.);
#675=B_SPLINE_CURVE_WITH_KNOTS('',2,(#16217,#16218,#16219),
 .UNSPECIFIED.,.F.,.F.,(3,3),(0.,1.),.PIECEWISE_BEZIER_KNOTS.);
#676=B_SPLINE_CURVE_WITH_KNOTS('',2,(#16231,#16232,#16233),
 .UNSPECIFIED.,.F.,.F.,(3,3),(0.,1.),.PIECEWISE_BEZIER_KNOTS.);
#677=B_SPLINE_CURVE_WITH_KNOTS('',2,(#16238,#16239,#16240),
 .UNSPECIFIED.,.F.,.F.,(3,3),(0.,1.),.PIECEWISE_BEZIER_KNOTS.);
#678=B_SPLINE_CURVE_WITH_KNOTS('',2,(#16251,#16252,#16253),
 .UNSPECIFIED.,.F.,.F.,(3,3),(0.,1.),.PIECEWISE_BEZIER_KNOTS.);
#679=B_SPLINE_CURVE_WITH_KNOTS('',2,(#16257,#16258,#16259),
 .UNSPECIFIED.,.F.,.F.,(3,3),(0.,1.),.PIECEWISE_BEZIER_KNOTS.);
#680=B_SPLINE_CURVE_WITH_KNOTS('',2,(#16268,#16269,#16270),
 .UNSPECIFIED.,.F.,.F.,(3,3),(0.,1.),.PIECEWISE_BEZIER_KNOTS.);
#681=B_SPLINE_CURVE_WITH_KNOTS('',2,(#16274,#16275,#16276),
 .UNSPECIFIED.,.F.,.F.,(3,3),(0.,1.),.PIECEWISE_BEZIER_KNOTS.);
#682=B_SPLINE_CURVE_WITH_KNOTS('',2,(#16305,#16306,#16307),
 .UNSPECIFIED.,.F.,.F.,(3,3),(0.,1.),.PIECEWISE_BEZIER_KNOTS.);
#683=B_SPLINE_CURVE_WITH_KNOTS('',2,(#16320,#16321,#16322),
 .UNSPECIFIED.,.F.,.F.,(3,3),(0.,1.),.PIECEWISE_BEZIER_KNOTS.);
#684=B_SPLINE_CURVE_WITH_KNOTS('',2,(#16333,#16334,#16335),
 .UNSPECIFIED.,.F.,.F.,(3,3),(0.,1.),.PIECEWISE_BEZIER_KNOTS.);
#685=B_SPLINE_CURVE_WITH_KNOTS('',2,(#16354,#16355,#16356),
 .UNSPECIFIED.,.F.,.F.,(3,3),(0.,1.),.PIECEWISE_BEZIER_KNOTS.);
#686=B_SPLINE_CURVE_WITH_KNOTS('',2,(#16367,#16368,#16369),
 .UNSPECIFIED.,.F.,.F.,(3,3),(0.,1.),.PIECEWISE_BEZIER_KNOTS.);
#687=B_SPLINE_CURVE_WITH_KNOTS('',2,(#16380,#16381,#16382),
 .UNSPECIFIED.,.F.,.F.,(3,3),(0.,1.),.PIECEWISE_BEZIER_KNOTS.);
#688=B_SPLINE_CURVE_WITH_KNOTS('',2,(#16405,#16406,#16407),
 .UNSPECIFIED.,.F.,.F.,(3,3),(0.,1.),.PIECEWISE_BEZIER_KNOTS.);
#689=B_SPLINE_CURVE_WITH_KNOTS('',2,(#16418,#16419,#16420),
 .UNSPECIFIED.,.F.,.F.,(3,3),(0.,1.),.PIECEWISE_BEZIER_KNOTS.);
#690=B_SPLINE_CURVE_WITH_KNOTS('',2,(#16431,#16432,#16433),
 .UNSPECIFIED.,.F.,.F.,(3,3),(0.,1.),.PIECEWISE_BEZIER_KNOTS.);
#691=B_SPLINE_CURVE_WITH_KNOTS('',2,(#16444,#16445,#16446),
 .UNSPECIFIED.,.F.,.F.,(3,3),(0.,1.),.PIECEWISE_BEZIER_KNOTS.);
#692=B_SPLINE_CURVE_WITH_KNOTS('',2,(#16459,#16460,#16461),
 .UNSPECIFIED.,.F.,.F.,(3,3),(0.,1.),.PIECEWISE_BEZIER_KNOTS.);
#693=B_SPLINE_CURVE_WITH_KNOTS('',2,(#16470,#16471,#16472),
 .UNSPECIFIED.,.F.,.F.,(3,3),(0.,1.),.PIECEWISE_BEZIER_KNOTS.);
#694=B_SPLINE_CURVE_WITH_KNOTS('',2,(#16473,#16474,#16475),
 .UNSPECIFIED.,.F.,.F.,(3,3),(0.,1.),.PIECEWISE_BEZIER_KNOTS.);
#695=B_SPLINE_CURVE_WITH_KNOTS('',2,(#16485,#16486,#16487),
 .UNSPECIFIED.,.F.,.F.,(3,3),(0.,1.),.PIECEWISE_BEZIER_KNOTS.);
#696=B_SPLINE_CURVE_WITH_KNOTS('',2,(#16492,#16493,#16494),
 .UNSPECIFIED.,.F.,.F.,(3,3),(0.,1.),.PIECEWISE_BEZIER_KNOTS.);
#697=B_SPLINE_CURVE_WITH_KNOTS('',2,(#16511,#16512,#16513),
 .UNSPECIFIED.,.F.,.F.,(3,3),(0.,1.),.PIECEWISE_BEZIER_KNOTS.);
#698=B_SPLINE_CURVE_WITH_KNOTS('',2,(#16517,#16518,#16519),
 .UNSPECIFIED.,.F.,.F.,(3,3),(0.,1.),.PIECEWISE_BEZIER_KNOTS.);
#699=B_SPLINE_CURVE_WITH_KNOTS('',2,(#16528,#16529,#16530),
 .UNSPECIFIED.,.F.,.F.,(3,3),(0.,1.),.PIECEWISE_BEZIER_KNOTS.);
#700=B_SPLINE_CURVE_WITH_KNOTS('',2,(#16534,#16535,#16536),
 .UNSPECIFIED.,.F.,.F.,(3,3),(0.,1.),.PIECEWISE_BEZIER_KNOTS.);
#701=B_SPLINE_CURVE_WITH_KNOTS('',2,(#16545,#16546,#16547),
 .UNSPECIFIED.,.F.,.F.,(3,3),(0.,1.),.PIECEWISE_BEZIER_KNOTS.);
#702=B_SPLINE_CURVE_WITH_KNOTS('',2,(#16551,#16552,#16553),
 .UNSPECIFIED.,.F.,.F.,(3,3),(0.,1.),.PIECEWISE_BEZIER_KNOTS.);
#703=B_SPLINE_CURVE_WITH_KNOTS('',2,(#16562,#16563,#16564),
 .UNSPECIFIED.,.F.,.F.,(3,3),(0.,1.),.PIECEWISE_BEZIER_KNOTS.);
#704=B_SPLINE_CURVE_WITH_KNOTS('',2,(#16568,#16569,#16570),
 .UNSPECIFIED.,.F.,.F.,(3,3),(0.,1.),.PIECEWISE_BEZIER_KNOTS.);
#705=B_SPLINE_CURVE_WITH_KNOTS('',2,(#16591,#16592,#16593),
 .UNSPECIFIED.,.F.,.F.,(3,3),(0.,1.),.PIECEWISE_BEZIER_KNOTS.);
#706=B_SPLINE_CURVE_WITH_KNOTS('',2,(#16597,#16598,#16599),
 .UNSPECIFIED.,.F.,.F.,(3,3),(0.,1.),.PIECEWISE_BEZIER_KNOTS.);
#707=B_SPLINE_CURVE_WITH_KNOTS('',2,(#16640,#16641,#16642),
 .UNSPECIFIED.,.F.,.F.,(3,3),(0.,1.),.PIECEWISE_BEZIER_KNOTS.);
#708=B_SPLINE_CURVE_WITH_KNOTS('',2,(#16653,#16654,#16655),
 .UNSPECIFIED.,.F.,.F.,(3,3),(0.,1.),.PIECEWISE_BEZIER_KNOTS.);
#709=B_SPLINE_CURVE_WITH_KNOTS('',2,(#16666,#16667,#16668),
 .UNSPECIFIED.,.F.,.F.,(3,3),(0.,1.),.PIECEWISE_BEZIER_KNOTS.);
#710=B_SPLINE_CURVE_WITH_KNOTS('',2,(#16683,#16684,#16685),
 .UNSPECIFIED.,.F.,.F.,(3,3),(0.,1.),.PIECEWISE_BEZIER_KNOTS.);
#711=B_SPLINE_CURVE_WITH_KNOTS('',2,(#16696,#16697,#16698),
 .UNSPECIFIED.,.F.,.F.,(3,3),(0.,1.),.PIECEWISE_BEZIER_KNOTS.);
#712=B_SPLINE_CURVE_WITH_KNOTS('',2,(#16709,#16710,#16711),
 .UNSPECIFIED.,.F.,.F.,(3,3),(0.,1.),.PIECEWISE_BEZIER_KNOTS.);
#713=B_SPLINE_CURVE_WITH_KNOTS('',2,(#16742,#16743,#16744),
 .UNSPECIFIED.,.F.,.F.,(3,3),(0.,1.),.PIECEWISE_BEZIER_KNOTS.);
#714=B_SPLINE_CURVE_WITH_KNOTS('',2,(#16745,#16746,#16747),
 .UNSPECIFIED.,.F.,.F.,(3,3),(0.,1.),.PIECEWISE_BEZIER_KNOTS.);
#715=B_SPLINE_CURVE_WITH_KNOTS('',2,(#16766,#16767,#16768),
 .UNSPECIFIED.,.F.,.F.,(3,3),(0.,1.),.PIECEWISE_BEZIER_KNOTS.);
#716=B_SPLINE_CURVE_WITH_KNOTS('',2,(#16772,#16773,#16774),
 .UNSPECIFIED.,.F.,.F.,(3,3),(0.,1.),.PIECEWISE_BEZIER_KNOTS.);
#717=B_SPLINE_CURVE_WITH_KNOTS('',2,(#16783,#16784,#16785),
 .UNSPECIFIED.,.F.,.F.,(3,3),(0.,1.),.PIECEWISE_BEZIER_KNOTS.);
#718=B_SPLINE_CURVE_WITH_KNOTS('',2,(#16789,#16790,#16791),
 .UNSPECIFIED.,.F.,.F.,(3,3),(0.,1.),.PIECEWISE_BEZIER_KNOTS.);
#719=B_SPLINE_CURVE_WITH_KNOTS('',2,(#16800,#16801,#16802),
 .UNSPECIFIED.,.F.,.F.,(3,3),(0.,1.),.PIECEWISE_BEZIER_KNOTS.);
#720=B_SPLINE_CURVE_WITH_KNOTS('',2,(#16806,#16807,#16808),
 .UNSPECIFIED.,.F.,.F.,(3,3),(0.,1.),.PIECEWISE_BEZIER_KNOTS.);
#721=B_SPLINE_CURVE_WITH_KNOTS('',2,(#16817,#16818,#16819),
 .UNSPECIFIED.,.F.,.F.,(3,3),(0.,1.),.PIECEWISE_BEZIER_KNOTS.);
#722=B_SPLINE_CURVE_WITH_KNOTS('',2,(#16823,#16824,#16825),
 .UNSPECIFIED.,.F.,.F.,(3,3),(0.,1.),.PIECEWISE_BEZIER_KNOTS.);
#723=B_SPLINE_CURVE_WITH_KNOTS('',2,(#16878,#16879,#16880),
 .UNSPECIFIED.,.F.,.F.,(3,3),(0.,1.),.PIECEWISE_BEZIER_KNOTS.);
#724=B_SPLINE_CURVE_WITH_KNOTS('',2,(#16891,#16892,#16893),
 .UNSPECIFIED.,.F.,.F.,(3,3),(0.,1.),.PIECEWISE_BEZIER_KNOTS.);
#725=B_SPLINE_CURVE_WITH_KNOTS('',2,(#16904,#16905,#16906),
 .UNSPECIFIED.,.F.,.F.,(3,3),(0.,1.),.PIECEWISE_BEZIER_KNOTS.);
#726=B_SPLINE_CURVE_WITH_KNOTS('',2,(#16917,#16918,#16919),
 .UNSPECIFIED.,.F.,.F.,(3,3),(0.,1.),.PIECEWISE_BEZIER_KNOTS.);
#727=B_SPLINE_CURVE_WITH_KNOTS('',2,(#16942,#16943,#16944),
 .UNSPECIFIED.,.F.,.F.,(3,3),(0.,1.),.PIECEWISE_BEZIER_KNOTS.);
#728=B_SPLINE_CURVE_WITH_KNOTS('',2,(#16955,#16956,#16957),
 .UNSPECIFIED.,.F.,.F.,(3,3),(0.,1.),.PIECEWISE_BEZIER_KNOTS.);
#729=B_SPLINE_CURVE_WITH_KNOTS('',2,(#16968,#16969,#16970),
 .UNSPECIFIED.,.F.,.F.,(3,3),(0.,1.),.PIECEWISE_BEZIER_KNOTS.);
#730=B_SPLINE_CURVE_WITH_KNOTS('',2,(#16981,#16982,#16983),
 .UNSPECIFIED.,.F.,.F.,(3,3),(0.,1.),.PIECEWISE_BEZIER_KNOTS.);
#731=B_SPLINE_CURVE_WITH_KNOTS('',2,(#17002,#17003,#17004),
 .UNSPECIFIED.,.F.,.F.,(3,3),(0.,1.),.PIECEWISE_BEZIER_KNOTS.);
#732=B_SPLINE_CURVE_WITH_KNOTS('',2,(#17015,#17016,#17017),
 .UNSPECIFIED.,.F.,.F.,(3,3),(0.,1.),.PIECEWISE_BEZIER_KNOTS.);
#733=B_SPLINE_CURVE_WITH_KNOTS('',2,(#17028,#17029,#17030),
 .UNSPECIFIED.,.F.,.F.,(3,3),(0.,1.),.PIECEWISE_BEZIER_KNOTS.);
#734=B_SPLINE_CURVE_WITH_KNOTS('',2,(#17041,#17042,#17043),
 .UNSPECIFIED.,.F.,.F.,(3,3),(0.,1.),.PIECEWISE_BEZIER_KNOTS.);
#735=B_SPLINE_CURVE_WITH_KNOTS('',2,(#17062,#17063,#17064),
 .UNSPECIFIED.,.F.,.F.,(3,3),(0.,1.),.PIECEWISE_BEZIER_KNOTS.);
#736=B_SPLINE_CURVE_WITH_KNOTS('',2,(#17065,#17066,#17067),
 .UNSPECIFIED.,.F.,.F.,(3,3),(0.,1.),.PIECEWISE_BEZIER_KNOTS.);
#737=B_SPLINE_CURVE_WITH_KNOTS('',2,(#17077,#17078,#17079),
 .UNSPECIFIED.,.F.,.F.,(3,3),(0.,1.),.PIECEWISE_BEZIER_KNOTS.);
#738=B_SPLINE_CURVE_WITH_KNOTS('',2,(#17084,#17085,#17086),
 .UNSPECIFIED.,.F.,.F.,(3,3),(0.,1.),.PIECEWISE_BEZIER_KNOTS.);
#739=B_SPLINE_CURVE_WITH_KNOTS('',2,(#17103,#17104,#17105),
 .UNSPECIFIED.,.F.,.F.,(3,3),(0.,1.),.PIECEWISE_BEZIER_KNOTS.);
#740=B_SPLINE_CURVE_WITH_KNOTS('',2,(#17109,#17110,#17111),
 .UNSPECIFIED.,.F.,.F.,(3,3),(0.,1.),.PIECEWISE_BEZIER_KNOTS.);
#741=B_SPLINE_CURVE_WITH_KNOTS('',2,(#17120,#17121,#17122),
 .UNSPECIFIED.,.F.,.F.,(3,3),(0.,1.),.PIECEWISE_BEZIER_KNOTS.);
#742=B_SPLINE_CURVE_WITH_KNOTS('',2,(#17126,#17127,#17128),
 .UNSPECIFIED.,.F.,.F.,(3,3),(0.,1.),.PIECEWISE_BEZIER_KNOTS.);
#743=B_SPLINE_CURVE_WITH_KNOTS('',2,(#17137,#17138,#17139),
 .UNSPECIFIED.,.F.,.F.,(3,3),(0.,1.),.PIECEWISE_BEZIER_KNOTS.);
#744=B_SPLINE_CURVE_WITH_KNOTS('',2,(#17143,#17144,#17145),
 .UNSPECIFIED.,.F.,.F.,(3,3),(0.,1.),.PIECEWISE_BEZIER_KNOTS.);
#745=B_SPLINE_CURVE_WITH_KNOTS('',2,(#17166,#17167,#17168),
 .UNSPECIFIED.,.F.,.F.,(3,3),(0.,1.),.PIECEWISE_BEZIER_KNOTS.);
#746=B_SPLINE_CURVE_WITH_KNOTS('',2,(#17172,#17173,#17174),
 .UNSPECIFIED.,.F.,.F.,(3,3),(0.,1.),.PIECEWISE_BEZIER_KNOTS.);
#747=B_SPLINE_CURVE_WITH_KNOTS('',2,(#17183,#17184,#17185),
 .UNSPECIFIED.,.F.,.F.,(3,3),(0.,1.),.PIECEWISE_BEZIER_KNOTS.);
#748=B_SPLINE_CURVE_WITH_KNOTS('',2,(#17189,#17190,#17191),
 .UNSPECIFIED.,.F.,.F.,(3,3),(0.,1.),.PIECEWISE_BEZIER_KNOTS.);
#749=B_SPLINE_CURVE_WITH_KNOTS('',2,(#17202,#17203,#17204),
 .UNSPECIFIED.,.F.,.F.,(3,3),(0.,1.),.PIECEWISE_BEZIER_KNOTS.);
#750=B_SPLINE_CURVE_WITH_KNOTS('',2,(#17221,#17222,#17223),
 .UNSPECIFIED.,.F.,.F.,(3,3),(0.,1.),.PIECEWISE_BEZIER_KNOTS.);
#751=B_SPLINE_CURVE_WITH_KNOTS('',2,(#17234,#17235,#17236),
 .UNSPECIFIED.,.F.,.F.,(3,3),(0.,1.),.PIECEWISE_BEZIER_KNOTS.);
#752=B_SPLINE_CURVE_WITH_KNOTS('',2,(#17247,#17248,#17249),
 .UNSPECIFIED.,.F.,.F.,(3,3),(0.,1.),.PIECEWISE_BEZIER_KNOTS.);
#753=B_SPLINE_CURVE_WITH_KNOTS('',2,(#17268,#17269,#17270),
 .UNSPECIFIED.,.F.,.F.,(3,3),(0.,1.),.PIECEWISE_BEZIER_KNOTS.);
#754=B_SPLINE_CURVE_WITH_KNOTS('',2,(#17281,#17282,#17283),
 .UNSPECIFIED.,.F.,.F.,(3,3),(0.,1.),.PIECEWISE_BEZIER_KNOTS.);
#755=B_SPLINE_CURVE_WITH_KNOTS('',2,(#17298,#17299,#17300),
 .UNSPECIFIED.,.F.,.F.,(3,3),(0.,1.),.PIECEWISE_BEZIER_KNOTS.);
#756=B_SPLINE_CURVE_WITH_KNOTS('',2,(#17315,#17316,#17317),
 .UNSPECIFIED.,.F.,.F.,(3,3),(0.,1.),.PIECEWISE_BEZIER_KNOTS.);
#757=B_SPLINE_CURVE_WITH_KNOTS('',2,(#17332,#17333,#17334),
 .UNSPECIFIED.,.F.,.F.,(3,3),(0.,1.),.PIECEWISE_BEZIER_KNOTS.);
#758=B_SPLINE_CURVE_WITH_KNOTS('',2,(#17345,#17346,#17347),
 .UNSPECIFIED.,.F.,.F.,(3,3),(0.,1.),.PIECEWISE_BEZIER_KNOTS.);
#759=B_SPLINE_CURVE_WITH_KNOTS('',2,(#17374,#17375,#17376),
 .UNSPECIFIED.,.F.,.F.,(3,3),(0.,1.),.PIECEWISE_BEZIER_KNOTS.);
#760=B_SPLINE_CURVE_WITH_KNOTS('',2,(#17385,#17386,#17387),
 .UNSPECIFIED.,.F.,.F.,(3,3),(0.,1.),.PIECEWISE_BEZIER_KNOTS.);
#761=B_SPLINE_CURVE_WITH_KNOTS('',2,(#17396,#17397,#17398),
 .UNSPECIFIED.,.F.,.F.,(3,3),(0.,1.),.PIECEWISE_BEZIER_KNOTS.);
#762=B_SPLINE_CURVE_WITH_KNOTS('',2,(#17399,#17400,#17401),
 .UNSPECIFIED.,.F.,.F.,(3,3),(0.,1.),.PIECEWISE_BEZIER_KNOTS.);
#763=B_SPLINE_CURVE_WITH_KNOTS('',2,(#17600,#17601,#17602),
 .UNSPECIFIED.,.F.,.F.,(3,3),(0.,1.),.PIECEWISE_BEZIER_KNOTS.);
#764=B_SPLINE_CURVE_WITH_KNOTS('',2,(#17617,#17618,#17619),
 .UNSPECIFIED.,.F.,.F.,(3,3),(0.,1.),.PIECEWISE_BEZIER_KNOTS.);
#765=B_SPLINE_CURVE_WITH_KNOTS('',2,(#17642,#17643,#17644),
 .UNSPECIFIED.,.F.,.F.,(3,3),(0.,1.),.PIECEWISE_BEZIER_KNOTS.);
#766=B_SPLINE_CURVE_WITH_KNOTS('',2,(#17700,#17701,#17702),
 .UNSPECIFIED.,.F.,.F.,(3,3),(0.,1.),.PIECEWISE_BEZIER_KNOTS.);
#767=B_SPLINE_CURVE_WITH_KNOTS('',2,(#17713,#17714,#17715),
 .UNSPECIFIED.,.F.,.F.,(3,3),(0.,1.),.PIECEWISE_BEZIER_KNOTS.);
#768=B_SPLINE_CURVE_WITH_KNOTS('',2,(#17742,#17743,#17744),
 .UNSPECIFIED.,.F.,.F.,(3,3),(0.,1.),.PIECEWISE_BEZIER_KNOTS.);
#769=B_SPLINE_CURVE_WITH_KNOTS('',2,(#17755,#17756,#17757),
 .UNSPECIFIED.,.F.,.F.,(3,3),(0.,1.),.PIECEWISE_BEZIER_KNOTS.);
#770=B_SPLINE_CURVE_WITH_KNOTS('',2,(#17773,#17774,#17775),
 .UNSPECIFIED.,.F.,.F.,(3,3),(0.,1.),.PIECEWISE_BEZIER_KNOTS.);
#771=B_SPLINE_CURVE_WITH_KNOTS('',2,(#17780,#17781,#17782),
 .UNSPECIFIED.,.F.,.F.,(3,3),(0.,1.),.PIECEWISE_BEZIER_KNOTS.);
#772=B_SPLINE_CURVE_WITH_KNOTS('',2,(#17799,#17800,#17801),
 .UNSPECIFIED.,.F.,.F.,(3,3),(0.,1.),.PIECEWISE_BEZIER_KNOTS.);
#773=B_SPLINE_CURVE_WITH_KNOTS('',2,(#17805,#17806,#17807),
 .UNSPECIFIED.,.F.,.F.,(3,3),(0.,1.),.PIECEWISE_BEZIER_KNOTS.);
#774=B_SPLINE_CURVE_WITH_KNOTS('',2,(#17816,#17817,#17818),
 .UNSPECIFIED.,.F.,.F.,(3,3),(0.,1.),.PIECEWISE_BEZIER_KNOTS.);
#775=B_SPLINE_CURVE_WITH_KNOTS('',2,(#17822,#17823,#17824),
 .UNSPECIFIED.,.F.,.F.,(3,3),(0.,1.),.PIECEWISE_BEZIER_KNOTS.);
#776=B_SPLINE_CURVE_WITH_KNOTS('',2,(#17833,#17834,#17835),
 .UNSPECIFIED.,.F.,.F.,(3,3),(0.,1.),.PIECEWISE_BEZIER_KNOTS.);
#777=B_SPLINE_CURVE_WITH_KNOTS('',2,(#17839,#17840,#17841),
 .UNSPECIFIED.,.F.,.F.,(3,3),(0.,1.),.PIECEWISE_BEZIER_KNOTS.);
#778=B_SPLINE_CURVE_WITH_KNOTS('',2,(#17850,#17851,#17852),
 .UNSPECIFIED.,.F.,.F.,(3,3),(0.,1.),.PIECEWISE_BEZIER_KNOTS.);
#779=B_SPLINE_CURVE_WITH_KNOTS('',2,(#17856,#17857,#17858),
 .UNSPECIFIED.,.F.,.F.,(3,3),(0.,1.),.PIECEWISE_BEZIER_KNOTS.);
#780=B_SPLINE_CURVE_WITH_KNOTS('',2,(#17873,#17874,#17875),
 .UNSPECIFIED.,.F.,.F.,(3,3),(0.,1.),.PIECEWISE_BEZIER_KNOTS.);
#781=B_SPLINE_CURVE_WITH_KNOTS('',2,(#17879,#17880,#17881),
 .UNSPECIFIED.,.F.,.F.,(3,3),(0.,1.),.PIECEWISE_BEZIER_KNOTS.);
#782=B_SPLINE_CURVE_WITH_KNOTS('',2,(#17890,#17891,#17892),
 .UNSPECIFIED.,.F.,.F.,(3,3),(0.,1.),.PIECEWISE_BEZIER_KNOTS.);
#783=B_SPLINE_CURVE_WITH_KNOTS('',2,(#17896,#17897,#17898),
 .UNSPECIFIED.,.F.,.F.,(3,3),(0.,1.),.PIECEWISE_BEZIER_KNOTS.);
#784=B_SPLINE_CURVE_WITH_KNOTS('',2,(#17909,#17910,#17911),
 .UNSPECIFIED.,.F.,.F.,(3,3),(0.,1.),.PIECEWISE_BEZIER_KNOTS.);
#785=B_SPLINE_CURVE_WITH_KNOTS('',2,(#17928,#17929,#17930),
 .UNSPECIFIED.,.F.,.F.,(3,3),(0.,1.),.PIECEWISE_BEZIER_KNOTS.);
#786=B_SPLINE_CURVE_WITH_KNOTS('',2,(#17941,#17942,#17943),
 .UNSPECIFIED.,.F.,.F.,(3,3),(0.,1.),.PIECEWISE_BEZIER_KNOTS.);
#787=B_SPLINE_CURVE_WITH_KNOTS('',2,(#17954,#17955,#17956),
 .UNSPECIFIED.,.F.,.F.,(3,3),(0.,1.),.PIECEWISE_BEZIER_KNOTS.);
#788=B_SPLINE_CURVE_WITH_KNOTS('',2,(#17967,#17968,#17969),
 .UNSPECIFIED.,.F.,.F.,(3,3),(0.,1.),.PIECEWISE_BEZIER_KNOTS.);
#789=B_SPLINE_CURVE_WITH_KNOTS('',2,(#17984,#17985,#17986),
 .UNSPECIFIED.,.F.,.F.,(3,3),(0.,1.),.PIECEWISE_BEZIER_KNOTS.);
#790=B_SPLINE_CURVE_WITH_KNOTS('',2,(#17997,#17998,#17999),
 .UNSPECIFIED.,.F.,.F.,(3,3),(0.,1.),.PIECEWISE_BEZIER_KNOTS.);
#791=B_SPLINE_CURVE_WITH_KNOTS('',2,(#18008,#18009,#18010),
 .UNSPECIFIED.,.F.,.F.,(3,3),(0.,1.),.PIECEWISE_BEZIER_KNOTS.);
#792=B_SPLINE_CURVE_WITH_KNOTS('',2,(#18019,#18020,#18021),
 .UNSPECIFIED.,.F.,.F.,(3,3),(0.,1.),.PIECEWISE_BEZIER_KNOTS.);
#793=B_SPLINE_CURVE_WITH_KNOTS('',2,(#18022,#18023,#18024),
 .UNSPECIFIED.,.F.,.F.,(3,3),(0.,1.),.PIECEWISE_BEZIER_KNOTS.);
#794=ORIENTED_EDGE('',*,*,#3832,.T.);
#795=ORIENTED_EDGE('',*,*,#3833,.T.);
#796=ORIENTED_EDGE('',*,*,#3834,.T.);
#797=ORIENTED_EDGE('',*,*,#3835,.T.);
#798=ORIENTED_EDGE('',*,*,#3836,.T.);
#799=ORIENTED_EDGE('',*,*,#3837,.T.);
#800=ORIENTED_EDGE('',*,*,#3838,.T.);
#801=ORIENTED_EDGE('',*,*,#3839,.T.);
#802=ORIENTED_EDGE('',*,*,#3840,.T.);
#803=ORIENTED_EDGE('',*,*,#3841,.T.);
#804=ORIENTED_EDGE('',*,*,#3842,.T.);
#805=ORIENTED_EDGE('',*,*,#3843,.T.);
#806=ORIENTED_EDGE('',*,*,#3844,.T.);
#807=ORIENTED_EDGE('',*,*,#3845,.T.);
#808=ORIENTED_EDGE('',*,*,#3846,.T.);
#809=ORIENTED_EDGE('',*,*,#3847,.T.);
#810=ORIENTED_EDGE('',*,*,#3848,.T.);
#811=ORIENTED_EDGE('',*,*,#3849,.T.);
#812=ORIENTED_EDGE('',*,*,#3850,.T.);
#813=ORIENTED_EDGE('',*,*,#3851,.T.);
#814=ORIENTED_EDGE('',*,*,#3852,.T.);
#815=ORIENTED_EDGE('',*,*,#3853,.T.);
#816=ORIENTED_EDGE('',*,*,#3854,.T.);
#817=ORIENTED_EDGE('',*,*,#3855,.T.);
#818=ORIENTED_EDGE('',*,*,#3856,.T.);
#819=ORIENTED_EDGE('',*,*,#3857,.T.);
#820=ORIENTED_EDGE('',*,*,#3858,.T.);
#821=ORIENTED_EDGE('',*,*,#3859,.T.);
#822=ORIENTED_EDGE('',*,*,#3860,.T.);
#823=ORIENTED_EDGE('',*,*,#3861,.T.);
#824=ORIENTED_EDGE('',*,*,#3862,.T.);
#825=ORIENTED_EDGE('',*,*,#3863,.T.);
#826=ORIENTED_EDGE('',*,*,#3864,.T.);
#827=ORIENTED_EDGE('',*,*,#3865,.T.);
#828=ORIENTED_EDGE('',*,*,#3866,.T.);
#829=ORIENTED_EDGE('',*,*,#3867,.T.);
#830=ORIENTED_EDGE('',*,*,#3868,.T.);
#831=ORIENTED_EDGE('',*,*,#3869,.T.);
#832=ORIENTED_EDGE('',*,*,#3870,.T.);
#833=ORIENTED_EDGE('',*,*,#3871,.T.);
#834=ORIENTED_EDGE('',*,*,#3872,.T.);
#835=ORIENTED_EDGE('',*,*,#3873,.T.);
#836=ORIENTED_EDGE('',*,*,#3874,.T.);
#837=ORIENTED_EDGE('',*,*,#3875,.T.);
#838=ORIENTED_EDGE('',*,*,#3876,.T.);
#839=ORIENTED_EDGE('',*,*,#3877,.T.);
#840=ORIENTED_EDGE('',*,*,#3878,.T.);
#841=ORIENTED_EDGE('',*,*,#3879,.T.);
#842=ORIENTED_EDGE('',*,*,#3880,.T.);
#843=ORIENTED_EDGE('',*,*,#3881,.T.);
#844=ORIENTED_EDGE('',*,*,#3882,.T.);
#845=ORIENTED_EDGE('',*,*,#3883,.T.);
#846=ORIENTED_EDGE('',*,*,#3884,.T.);
#847=ORIENTED_EDGE('',*,*,#3885,.T.);
#848=ORIENTED_EDGE('',*,*,#3886,.T.);
#849=ORIENTED_EDGE('',*,*,#3887,.T.);
#850=ORIENTED_EDGE('',*,*,#3888,.T.);
#851=ORIENTED_EDGE('',*,*,#3889,.T.);
#852=ORIENTED_EDGE('',*,*,#3890,.T.);
#853=ORIENTED_EDGE('',*,*,#3891,.T.);
#854=ORIENTED_EDGE('',*,*,#3892,.T.);
#855=ORIENTED_EDGE('',*,*,#3893,.T.);
#856=ORIENTED_EDGE('',*,*,#3894,.T.);
#857=ORIENTED_EDGE('',*,*,#3895,.T.);
#858=ORIENTED_EDGE('',*,*,#3896,.T.);
#859=ORIENTED_EDGE('',*,*,#3897,.T.);
#860=ORIENTED_EDGE('',*,*,#3898,.T.);
#861=ORIENTED_EDGE('',*,*,#3899,.T.);
#862=ORIENTED_EDGE('',*,*,#3900,.T.);
#863=ORIENTED_EDGE('',*,*,#3901,.T.);
#864=ORIENTED_EDGE('',*,*,#3902,.T.);
#865=ORIENTED_EDGE('',*,*,#3903,.T.);
#866=ORIENTED_EDGE('',*,*,#3904,.T.);
#867=ORIENTED_EDGE('',*,*,#3905,.T.);
#868=ORIENTED_EDGE('',*,*,#3906,.T.);
#869=ORIENTED_EDGE('',*,*,#3907,.T.);
#870=ORIENTED_EDGE('',*,*,#3908,.T.);
#871=ORIENTED_EDGE('',*,*,#3909,.T.);
#872=ORIENTED_EDGE('',*,*,#3910,.T.);
#873=ORIENTED_EDGE('',*,*,#3911,.T.);
#874=ORIENTED_EDGE('',*,*,#3912,.T.);
#875=ORIENTED_EDGE('',*,*,#3913,.T.);
#876=ORIENTED_EDGE('',*,*,#3914,.T.);
#877=ORIENTED_EDGE('',*,*,#3915,.T.);
#878=ORIENTED_EDGE('',*,*,#3916,.T.);
#879=ORIENTED_EDGE('',*,*,#3917,.T.);
#880=ORIENTED_EDGE('',*,*,#3918,.T.);
#881=ORIENTED_EDGE('',*,*,#3919,.T.);
#882=ORIENTED_EDGE('',*,*,#3920,.T.);
#883=ORIENTED_EDGE('',*,*,#3921,.T.);
#884=ORIENTED_EDGE('',*,*,#3922,.T.);
#885=ORIENTED_EDGE('',*,*,#3923,.T.);
#886=ORIENTED_EDGE('',*,*,#3924,.T.);
#887=ORIENTED_EDGE('',*,*,#3925,.T.);
#888=ORIENTED_EDGE('',*,*,#3926,.T.);
#889=ORIENTED_EDGE('',*,*,#3927,.T.);
#890=ORIENTED_EDGE('',*,*,#3928,.T.);
#891=ORIENTED_EDGE('',*,*,#3929,.T.);
#892=ORIENTED_EDGE('',*,*,#3930,.T.);
#893=ORIENTED_EDGE('',*,*,#3931,.T.);
#894=ORIENTED_EDGE('',*,*,#3932,.T.);
#895=ORIENTED_EDGE('',*,*,#3933,.T.);
#896=ORIENTED_EDGE('',*,*,#3934,.T.);
#897=ORIENTED_EDGE('',*,*,#3935,.T.);
#898=ORIENTED_EDGE('',*,*,#3936,.T.);
#899=ORIENTED_EDGE('',*,*,#3937,.T.);
#900=ORIENTED_EDGE('',*,*,#3938,.T.);
#901=ORIENTED_EDGE('',*,*,#3939,.T.);
#902=ORIENTED_EDGE('',*,*,#3940,.T.);
#903=ORIENTED_EDGE('',*,*,#3941,.T.);
#904=ORIENTED_EDGE('',*,*,#3942,.T.);
#905=ORIENTED_EDGE('',*,*,#3943,.T.);
#906=ORIENTED_EDGE('',*,*,#3944,.T.);
#907=ORIENTED_EDGE('',*,*,#3945,.T.);
#908=ORIENTED_EDGE('',*,*,#3946,.T.);
#909=ORIENTED_EDGE('',*,*,#3947,.T.);
#910=ORIENTED_EDGE('',*,*,#3948,.T.);
#911=ORIENTED_EDGE('',*,*,#3949,.T.);
#912=ORIENTED_EDGE('',*,*,#3950,.T.);
#913=ORIENTED_EDGE('',*,*,#3951,.T.);
#914=ORIENTED_EDGE('',*,*,#3952,.T.);
#915=ORIENTED_EDGE('',*,*,#3953,.T.);
#916=ORIENTED_EDGE('',*,*,#3954,.T.);
#917=ORIENTED_EDGE('',*,*,#3955,.T.);
#918=ORIENTED_EDGE('',*,*,#3956,.T.);
#919=ORIENTED_EDGE('',*,*,#3957,.T.);
#920=ORIENTED_EDGE('',*,*,#3958,.T.);
#921=ORIENTED_EDGE('',*,*,#3959,.T.);
#922=ORIENTED_EDGE('',*,*,#3960,.T.);
#923=ORIENTED_EDGE('',*,*,#3961,.T.);
#924=ORIENTED_EDGE('',*,*,#3962,.T.);
#925=ORIENTED_EDGE('',*,*,#3963,.T.);
#926=ORIENTED_EDGE('',*,*,#3964,.T.);
#927=ORIENTED_EDGE('',*,*,#3965,.T.);
#928=ORIENTED_EDGE('',*,*,#3966,.T.);
#929=ORIENTED_EDGE('',*,*,#3967,.T.);
#930=ORIENTED_EDGE('',*,*,#3968,.T.);
#931=ORIENTED_EDGE('',*,*,#3969,.T.);
#932=ORIENTED_EDGE('',*,*,#3970,.T.);
#933=ORIENTED_EDGE('',*,*,#3971,.T.);
#934=ORIENTED_EDGE('',*,*,#3972,.T.);
#935=ORIENTED_EDGE('',*,*,#3973,.T.);
#936=ORIENTED_EDGE('',*,*,#3974,.T.);
#937=ORIENTED_EDGE('',*,*,#3975,.T.);
#938=ORIENTED_EDGE('',*,*,#3976,.T.);
#939=ORIENTED_EDGE('',*,*,#3977,.T.);
#940=ORIENTED_EDGE('',*,*,#3978,.T.);
#941=ORIENTED_EDGE('',*,*,#3979,.T.);
#942=ORIENTED_EDGE('',*,*,#3980,.T.);
#943=ORIENTED_EDGE('',*,*,#3981,.T.);
#944=ORIENTED_EDGE('',*,*,#3982,.T.);
#945=ORIENTED_EDGE('',*,*,#3983,.T.);
#946=ORIENTED_EDGE('',*,*,#3984,.T.);
#947=ORIENTED_EDGE('',*,*,#3985,.T.);
#948=ORIENTED_EDGE('',*,*,#3986,.T.);
#949=ORIENTED_EDGE('',*,*,#3987,.T.);
#950=ORIENTED_EDGE('',*,*,#3988,.T.);
#951=ORIENTED_EDGE('',*,*,#3989,.T.);
#952=ORIENTED_EDGE('',*,*,#3990,.T.);
#953=ORIENTED_EDGE('',*,*,#3991,.T.);
#954=ORIENTED_EDGE('',*,*,#3992,.T.);
#955=ORIENTED_EDGE('',*,*,#3993,.T.);
#956=ORIENTED_EDGE('',*,*,#3994,.T.);
#957=ORIENTED_EDGE('',*,*,#3995,.T.);
#958=ORIENTED_EDGE('',*,*,#3996,.T.);
#959=ORIENTED_EDGE('',*,*,#3997,.T.);
#960=ORIENTED_EDGE('',*,*,#3998,.T.);
#961=ORIENTED_EDGE('',*,*,#3999,.T.);
#962=ORIENTED_EDGE('',*,*,#4000,.T.);
#963=ORIENTED_EDGE('',*,*,#4001,.T.);
#964=ORIENTED_EDGE('',*,*,#4002,.T.);
#965=ORIENTED_EDGE('',*,*,#4003,.T.);
#966=ORIENTED_EDGE('',*,*,#4004,.T.);
#967=ORIENTED_EDGE('',*,*,#4005,.T.);
#968=ORIENTED_EDGE('',*,*,#4006,.T.);
#969=ORIENTED_EDGE('',*,*,#4007,.T.);
#970=ORIENTED_EDGE('',*,*,#4008,.T.);
#971=ORIENTED_EDGE('',*,*,#4009,.T.);
#972=ORIENTED_EDGE('',*,*,#4010,.T.);
#973=ORIENTED_EDGE('',*,*,#4011,.T.);
#974=ORIENTED_EDGE('',*,*,#4012,.T.);
#975=ORIENTED_EDGE('',*,*,#4013,.T.);
#976=ORIENTED_EDGE('',*,*,#4014,.T.);
#977=ORIENTED_EDGE('',*,*,#4015,.T.);
#978=ORIENTED_EDGE('',*,*,#4016,.T.);
#979=ORIENTED_EDGE('',*,*,#4017,.T.);
#980=ORIENTED_EDGE('',*,*,#4018,.T.);
#981=ORIENTED_EDGE('',*,*,#4019,.T.);
#982=ORIENTED_EDGE('',*,*,#4020,.T.);
#983=ORIENTED_EDGE('',*,*,#4021,.T.);
#984=ORIENTED_EDGE('',*,*,#4022,.T.);
#985=ORIENTED_EDGE('',*,*,#4023,.T.);
#986=ORIENTED_EDGE('',*,*,#4024,.T.);
#987=ORIENTED_EDGE('',*,*,#4025,.T.);
#988=ORIENTED_EDGE('',*,*,#4026,.F.);
#989=ORIENTED_EDGE('',*,*,#4027,.T.);
#990=ORIENTED_EDGE('',*,*,#4028,.F.);
#991=ORIENTED_EDGE('',*,*,#4029,.T.);
#992=ORIENTED_EDGE('',*,*,#4030,.F.);
#993=ORIENTED_EDGE('',*,*,#4031,.T.);
#994=ORIENTED_EDGE('',*,*,#4032,.F.);
#995=ORIENTED_EDGE('',*,*,#4033,.T.);
#996=ORIENTED_EDGE('',*,*,#4034,.F.);
#997=ORIENTED_EDGE('',*,*,#4035,.T.);
#998=ORIENTED_EDGE('',*,*,#4036,.F.);
#999=ORIENTED_EDGE('',*,*,#4037,.T.);
#1000=ORIENTED_EDGE('',*,*,#4038,.T.);
#1001=ORIENTED_EDGE('',*,*,#4039,.T.);
#1002=ORIENTED_EDGE('',*,*,#4040,.T.);
#1003=ORIENTED_EDGE('',*,*,#4041,.T.);
#1004=ORIENTED_EDGE('',*,*,#4042,.T.);
#1005=ORIENTED_EDGE('',*,*,#4043,.T.);
#1006=ORIENTED_EDGE('',*,*,#4044,.T.);
#1007=ORIENTED_EDGE('',*,*,#4045,.T.);
#1008=ORIENTED_EDGE('',*,*,#4046,.T.);
#1009=ORIENTED_EDGE('',*,*,#4047,.T.);
#1010=ORIENTED_EDGE('',*,*,#4048,.T.);
#1011=ORIENTED_EDGE('',*,*,#4049,.T.);
#1012=ORIENTED_EDGE('',*,*,#4050,.T.);
#1013=ORIENTED_EDGE('',*,*,#4051,.T.);
#1014=ORIENTED_EDGE('',*,*,#4052,.T.);
#1015=ORIENTED_EDGE('',*,*,#4053,.T.);
#1016=ORIENTED_EDGE('',*,*,#4054,.T.);
#1017=ORIENTED_EDGE('',*,*,#4055,.T.);
#1018=ORIENTED_EDGE('',*,*,#4056,.T.);
#1019=ORIENTED_EDGE('',*,*,#4057,.T.);
#1020=ORIENTED_EDGE('',*,*,#4058,.T.);
#1021=ORIENTED_EDGE('',*,*,#4059,.T.);
#1022=ORIENTED_EDGE('',*,*,#4060,.T.);
#1023=ORIENTED_EDGE('',*,*,#4061,.T.);
#1024=ORIENTED_EDGE('',*,*,#4062,.T.);
#1025=ORIENTED_EDGE('',*,*,#4063,.T.);
#1026=ORIENTED_EDGE('',*,*,#4064,.T.);
#1027=ORIENTED_EDGE('',*,*,#4065,.T.);
#1028=ORIENTED_EDGE('',*,*,#4066,.T.);
#1029=ORIENTED_EDGE('',*,*,#4067,.T.);
#1030=ORIENTED_EDGE('',*,*,#4068,.T.);
#1031=ORIENTED_EDGE('',*,*,#4069,.T.);
#1032=ORIENTED_EDGE('',*,*,#4070,.T.);
#1033=ORIENTED_EDGE('',*,*,#4071,.T.);
#1034=ORIENTED_EDGE('',*,*,#4072,.T.);
#1035=ORIENTED_EDGE('',*,*,#4073,.T.);
#1036=ORIENTED_EDGE('',*,*,#4074,.T.);
#1037=ORIENTED_EDGE('',*,*,#4075,.T.);
#1038=ORIENTED_EDGE('',*,*,#4076,.T.);
#1039=ORIENTED_EDGE('',*,*,#4077,.T.);
#1040=ORIENTED_EDGE('',*,*,#4078,.T.);
#1041=ORIENTED_EDGE('',*,*,#4079,.T.);
#1042=ORIENTED_EDGE('',*,*,#4080,.T.);
#1043=ORIENTED_EDGE('',*,*,#4081,.T.);
#1044=ORIENTED_EDGE('',*,*,#4082,.T.);
#1045=ORIENTED_EDGE('',*,*,#4083,.T.);
#1046=ORIENTED_EDGE('',*,*,#4084,.T.);
#1047=ORIENTED_EDGE('',*,*,#4085,.T.);
#1048=ORIENTED_EDGE('',*,*,#4086,.T.);
#1049=ORIENTED_EDGE('',*,*,#4087,.T.);
#1050=ORIENTED_EDGE('',*,*,#4088,.T.);
#1051=ORIENTED_EDGE('',*,*,#4089,.T.);
#1052=ORIENTED_EDGE('',*,*,#4090,.T.);
#1053=ORIENTED_EDGE('',*,*,#4091,.T.);
#1054=ORIENTED_EDGE('',*,*,#4092,.T.);
#1055=ORIENTED_EDGE('',*,*,#4093,.T.);
#1056=ORIENTED_EDGE('',*,*,#4094,.T.);
#1057=ORIENTED_EDGE('',*,*,#4095,.T.);
#1058=ORIENTED_EDGE('',*,*,#4096,.T.);
#1059=ORIENTED_EDGE('',*,*,#4097,.T.);
#1060=ORIENTED_EDGE('',*,*,#4098,.T.);
#1061=ORIENTED_EDGE('',*,*,#4099,.T.);
#1062=ORIENTED_EDGE('',*,*,#4100,.T.);
#1063=ORIENTED_EDGE('',*,*,#4101,.T.);
#1064=ORIENTED_EDGE('',*,*,#4102,.T.);
#1065=ORIENTED_EDGE('',*,*,#4103,.T.);
#1066=ORIENTED_EDGE('',*,*,#4104,.T.);
#1067=ORIENTED_EDGE('',*,*,#4105,.T.);
#1068=ORIENTED_EDGE('',*,*,#4106,.T.);
#1069=ORIENTED_EDGE('',*,*,#4107,.T.);
#1070=ORIENTED_EDGE('',*,*,#4108,.T.);
#1071=ORIENTED_EDGE('',*,*,#4109,.T.);
#1072=ORIENTED_EDGE('',*,*,#4110,.T.);
#1073=ORIENTED_EDGE('',*,*,#4111,.T.);
#1074=ORIENTED_EDGE('',*,*,#4112,.T.);
#1075=ORIENTED_EDGE('',*,*,#4113,.T.);
#1076=ORIENTED_EDGE('',*,*,#4114,.T.);
#1077=ORIENTED_EDGE('',*,*,#4115,.T.);
#1078=ORIENTED_EDGE('',*,*,#4116,.T.);
#1079=ORIENTED_EDGE('',*,*,#4117,.T.);
#1080=ORIENTED_EDGE('',*,*,#4118,.T.);
#1081=ORIENTED_EDGE('',*,*,#4119,.T.);
#1082=ORIENTED_EDGE('',*,*,#4120,.T.);
#1083=ORIENTED_EDGE('',*,*,#4121,.T.);
#1084=ORIENTED_EDGE('',*,*,#4122,.T.);
#1085=ORIENTED_EDGE('',*,*,#4123,.T.);
#1086=ORIENTED_EDGE('',*,*,#4124,.T.);
#1087=ORIENTED_EDGE('',*,*,#4125,.T.);
#1088=ORIENTED_EDGE('',*,*,#4126,.T.);
#1089=ORIENTED_EDGE('',*,*,#4127,.T.);
#1090=ORIENTED_EDGE('',*,*,#4128,.T.);
#1091=ORIENTED_EDGE('',*,*,#4129,.T.);
#1092=ORIENTED_EDGE('',*,*,#4130,.T.);
#1093=ORIENTED_EDGE('',*,*,#4131,.T.);
#1094=ORIENTED_EDGE('',*,*,#4132,.T.);
#1095=ORIENTED_EDGE('',*,*,#4133,.T.);
#1096=ORIENTED_EDGE('',*,*,#4134,.T.);
#1097=ORIENTED_EDGE('',*,*,#4135,.T.);
#1098=ORIENTED_EDGE('',*,*,#4136,.T.);
#1099=ORIENTED_EDGE('',*,*,#4137,.T.);
#1100=ORIENTED_EDGE('',*,*,#4138,.T.);
#1101=ORIENTED_EDGE('',*,*,#4139,.T.);
#1102=ORIENTED_EDGE('',*,*,#4140,.T.);
#1103=ORIENTED_EDGE('',*,*,#4141,.T.);
#1104=ORIENTED_EDGE('',*,*,#4142,.T.);
#1105=ORIENTED_EDGE('',*,*,#4143,.T.);
#1106=ORIENTED_EDGE('',*,*,#4144,.T.);
#1107=ORIENTED_EDGE('',*,*,#4145,.T.);
#1108=ORIENTED_EDGE('',*,*,#4146,.T.);
#1109=ORIENTED_EDGE('',*,*,#4147,.T.);
#1110=ORIENTED_EDGE('',*,*,#4148,.T.);
#1111=ORIENTED_EDGE('',*,*,#4149,.T.);
#1112=ORIENTED_EDGE('',*,*,#4150,.T.);
#1113=ORIENTED_EDGE('',*,*,#4151,.T.);
#1114=ORIENTED_EDGE('',*,*,#4152,.T.);
#1115=ORIENTED_EDGE('',*,*,#4153,.T.);
#1116=ORIENTED_EDGE('',*,*,#4154,.T.);
#1117=ORIENTED_EDGE('',*,*,#4155,.T.);
#1118=ORIENTED_EDGE('',*,*,#4156,.T.);
#1119=ORIENTED_EDGE('',*,*,#4157,.T.);
#1120=ORIENTED_EDGE('',*,*,#4158,.T.);
#1121=ORIENTED_EDGE('',*,*,#4159,.T.);
#1122=ORIENTED_EDGE('',*,*,#4160,.T.);
#1123=ORIENTED_EDGE('',*,*,#4161,.T.);
#1124=ORIENTED_EDGE('',*,*,#4162,.T.);
#1125=ORIENTED_EDGE('',*,*,#4163,.T.);
#1126=ORIENTED_EDGE('',*,*,#4164,.T.);
#1127=ORIENTED_EDGE('',*,*,#4165,.T.);
#1128=ORIENTED_EDGE('',*,*,#4166,.T.);
#1129=ORIENTED_EDGE('',*,*,#4167,.T.);
#1130=ORIENTED_EDGE('',*,*,#4168,.T.);
#1131=ORIENTED_EDGE('',*,*,#4169,.T.);
#1132=ORIENTED_EDGE('',*,*,#4170,.T.);
#1133=ORIENTED_EDGE('',*,*,#4171,.T.);
#1134=ORIENTED_EDGE('',*,*,#4172,.T.);
#1135=ORIENTED_EDGE('',*,*,#4173,.T.);
#1136=ORIENTED_EDGE('',*,*,#4174,.T.);
#1137=ORIENTED_EDGE('',*,*,#4175,.T.);
#1138=ORIENTED_EDGE('',*,*,#4176,.T.);
#1139=ORIENTED_EDGE('',*,*,#4177,.T.);
#1140=ORIENTED_EDGE('',*,*,#4178,.T.);
#1141=ORIENTED_EDGE('',*,*,#4179,.T.);
#1142=ORIENTED_EDGE('',*,*,#4180,.T.);
#1143=ORIENTED_EDGE('',*,*,#4181,.T.);
#1144=ORIENTED_EDGE('',*,*,#4182,.T.);
#1145=ORIENTED_EDGE('',*,*,#4183,.T.);
#1146=ORIENTED_EDGE('',*,*,#4184,.T.);
#1147=ORIENTED_EDGE('',*,*,#4185,.T.);
#1148=ORIENTED_EDGE('',*,*,#4186,.T.);
#1149=ORIENTED_EDGE('',*,*,#4187,.T.);
#1150=ORIENTED_EDGE('',*,*,#4188,.T.);
#1151=ORIENTED_EDGE('',*,*,#4189,.T.);
#1152=ORIENTED_EDGE('',*,*,#4190,.T.);
#1153=ORIENTED_EDGE('',*,*,#4191,.T.);
#1154=ORIENTED_EDGE('',*,*,#4192,.T.);
#1155=ORIENTED_EDGE('',*,*,#4193,.T.);
#1156=ORIENTED_EDGE('',*,*,#4194,.T.);
#1157=ORIENTED_EDGE('',*,*,#4195,.T.);
#1158=ORIENTED_EDGE('',*,*,#4196,.T.);
#1159=ORIENTED_EDGE('',*,*,#4197,.T.);
#1160=ORIENTED_EDGE('',*,*,#4198,.T.);
#1161=ORIENTED_EDGE('',*,*,#4199,.T.);
#1162=ORIENTED_EDGE('',*,*,#4200,.T.);
#1163=ORIENTED_EDGE('',*,*,#4201,.T.);
#1164=ORIENTED_EDGE('',*,*,#4202,.T.);
#1165=ORIENTED_EDGE('',*,*,#4203,.T.);
#1166=ORIENTED_EDGE('',*,*,#4204,.T.);
#1167=ORIENTED_EDGE('',*,*,#4205,.T.);
#1168=ORIENTED_EDGE('',*,*,#4206,.T.);
#1169=ORIENTED_EDGE('',*,*,#4207,.T.);
#1170=ORIENTED_EDGE('',*,*,#4208,.T.);
#1171=ORIENTED_EDGE('',*,*,#4209,.T.);
#1172=ORIENTED_EDGE('',*,*,#4210,.T.);
#1173=ORIENTED_EDGE('',*,*,#4211,.T.);
#1174=ORIENTED_EDGE('',*,*,#4212,.T.);
#1175=ORIENTED_EDGE('',*,*,#4213,.T.);
#1176=ORIENTED_EDGE('',*,*,#4214,.T.);
#1177=ORIENTED_EDGE('',*,*,#4215,.T.);
#1178=ORIENTED_EDGE('',*,*,#4216,.T.);
#1179=ORIENTED_EDGE('',*,*,#4217,.T.);
#1180=ORIENTED_EDGE('',*,*,#4218,.T.);
#1181=ORIENTED_EDGE('',*,*,#4219,.T.);
#1182=ORIENTED_EDGE('',*,*,#4220,.T.);
#1183=ORIENTED_EDGE('',*,*,#4221,.T.);
#1184=ORIENTED_EDGE('',*,*,#4222,.T.);
#1185=ORIENTED_EDGE('',*,*,#4223,.T.);
#1186=ORIENTED_EDGE('',*,*,#4224,.T.);
#1187=ORIENTED_EDGE('',*,*,#4225,.T.);
#1188=ORIENTED_EDGE('',*,*,#4226,.T.);
#1189=ORIENTED_EDGE('',*,*,#4227,.T.);
#1190=ORIENTED_EDGE('',*,*,#4228,.T.);
#1191=ORIENTED_EDGE('',*,*,#4229,.T.);
#1192=ORIENTED_EDGE('',*,*,#4230,.T.);
#1193=ORIENTED_EDGE('',*,*,#4231,.T.);
#1194=ORIENTED_EDGE('',*,*,#4232,.T.);
#1195=ORIENTED_EDGE('',*,*,#4233,.T.);
#1196=ORIENTED_EDGE('',*,*,#4234,.T.);
#1197=ORIENTED_EDGE('',*,*,#4235,.T.);
#1198=ORIENTED_EDGE('',*,*,#4236,.T.);
#1199=ORIENTED_EDGE('',*,*,#4237,.T.);
#1200=ORIENTED_EDGE('',*,*,#4238,.T.);
#1201=ORIENTED_EDGE('',*,*,#4239,.F.);
#1202=ORIENTED_EDGE('',*,*,#4240,.F.);
#1203=ORIENTED_EDGE('',*,*,#4241,.T.);
#1204=ORIENTED_EDGE('',*,*,#4242,.T.);
#1205=ORIENTED_EDGE('',*,*,#4243,.F.);
#1206=ORIENTED_EDGE('',*,*,#4244,.T.);
#1207=ORIENTED_EDGE('',*,*,#4245,.T.);
#1208=ORIENTED_EDGE('',*,*,#4246,.F.);
#1209=ORIENTED_EDGE('',*,*,#4247,.T.);
#1210=ORIENTED_EDGE('',*,*,#4248,.T.);
#1211=ORIENTED_EDGE('',*,*,#4249,.T.);
#1212=ORIENTED_EDGE('',*,*,#4243,.T.);
#1213=ORIENTED_EDGE('',*,*,#4250,.F.);
#1214=ORIENTED_EDGE('',*,*,#4251,.F.);
#1215=ORIENTED_EDGE('',*,*,#4252,.F.);
#1216=ORIENTED_EDGE('',*,*,#4253,.F.);
#1217=ORIENTED_EDGE('',*,*,#4254,.F.);
#1218=ORIENTED_EDGE('',*,*,#4255,.F.);
#1219=ORIENTED_EDGE('',*,*,#4240,.T.);
#1220=ORIENTED_EDGE('',*,*,#4256,.T.);
#1221=ORIENTED_EDGE('',*,*,#4257,.T.);
#1222=ORIENTED_EDGE('',*,*,#4258,.T.);
#1223=ORIENTED_EDGE('',*,*,#4259,.T.);
#1224=ORIENTED_EDGE('',*,*,#4260,.T.);
#1225=ORIENTED_EDGE('',*,*,#4261,.T.);
#1226=ORIENTED_EDGE('',*,*,#4262,.T.);
#1227=ORIENTED_EDGE('',*,*,#4263,.T.);
#1228=ORIENTED_EDGE('',*,*,#4264,.T.);
#1229=ORIENTED_EDGE('',*,*,#4265,.T.);
#1230=ORIENTED_EDGE('',*,*,#4266,.T.);
#1231=ORIENTED_EDGE('',*,*,#4267,.T.);
#1232=ORIENTED_EDGE('',*,*,#4268,.T.);
#1233=ORIENTED_EDGE('',*,*,#4269,.T.);
#1234=ORIENTED_EDGE('',*,*,#4270,.T.);
#1235=ORIENTED_EDGE('',*,*,#4271,.T.);
#1236=ORIENTED_EDGE('',*,*,#4038,.F.);
#1237=ORIENTED_EDGE('',*,*,#4272,.T.);
#1238=ORIENTED_EDGE('',*,*,#4273,.T.);
#1239=ORIENTED_EDGE('',*,*,#4274,.F.);
#1240=ORIENTED_EDGE('',*,*,#4275,.T.);
#1241=ORIENTED_EDGE('',*,*,#4276,.T.);
#1242=ORIENTED_EDGE('',*,*,#4036,.T.);
#1243=ORIENTED_EDGE('',*,*,#4277,.T.);
#1244=ORIENTED_EDGE('',*,*,#4260,.F.);
#1245=ORIENTED_EDGE('',*,*,#4034,.T.);
#1246=ORIENTED_EDGE('',*,*,#4278,.T.);
#1247=ORIENTED_EDGE('',*,*,#4262,.F.);
#1248=ORIENTED_EDGE('',*,*,#4279,.T.);
#1249=ORIENTED_EDGE('',*,*,#4032,.T.);
#1250=ORIENTED_EDGE('',*,*,#4280,.T.);
#1251=ORIENTED_EDGE('',*,*,#4264,.F.);
#1252=ORIENTED_EDGE('',*,*,#4281,.T.);
#1253=ORIENTED_EDGE('',*,*,#4030,.T.);
#1254=ORIENTED_EDGE('',*,*,#4282,.T.);
#1255=ORIENTED_EDGE('',*,*,#4266,.F.);
#1256=ORIENTED_EDGE('',*,*,#4283,.T.);
#1257=ORIENTED_EDGE('',*,*,#4028,.T.);
#1258=ORIENTED_EDGE('',*,*,#4284,.T.);
#1259=ORIENTED_EDGE('',*,*,#4268,.F.);
#1260=ORIENTED_EDGE('',*,*,#4285,.T.);
#1261=ORIENTED_EDGE('',*,*,#4026,.T.);
#1262=ORIENTED_EDGE('',*,*,#4286,.T.);
#1263=ORIENTED_EDGE('',*,*,#4270,.F.);
#1264=ORIENTED_EDGE('',*,*,#4287,.T.);
#1265=ORIENTED_EDGE('',*,*,#4288,.T.);
#1266=ORIENTED_EDGE('',*,*,#4289,.T.);
#1267=ORIENTED_EDGE('',*,*,#4247,.F.);
#1268=ORIENTED_EDGE('',*,*,#4290,.T.);
#1269=ORIENTED_EDGE('',*,*,#4024,.F.);
#1270=ORIENTED_EDGE('',*,*,#4291,.T.);
#1271=ORIENTED_EDGE('',*,*,#4292,.T.);
#1272=ORIENTED_EDGE('',*,*,#4293,.T.);
#1273=ORIENTED_EDGE('',*,*,#4022,.F.);
#1274=ORIENTED_EDGE('',*,*,#4274,.T.);
#1275=ORIENTED_EDGE('',*,*,#4294,.F.);
#1276=ORIENTED_EDGE('',*,*,#4295,.F.);
#1277=ORIENTED_EDGE('',*,*,#4250,.T.);
#1278=ORIENTED_EDGE('',*,*,#4246,.T.);
#1279=ORIENTED_EDGE('',*,*,#4296,.F.);
#1280=ORIENTED_EDGE('',*,*,#4297,.F.);
#1281=ORIENTED_EDGE('',*,*,#4251,.T.);
#1282=ORIENTED_EDGE('',*,*,#4295,.T.);
#1283=ORIENTED_EDGE('',*,*,#4298,.F.);
#1284=ORIENTED_EDGE('',*,*,#4299,.F.);
#1285=ORIENTED_EDGE('',*,*,#4252,.T.);
#1286=ORIENTED_EDGE('',*,*,#4297,.T.);
#1287=ORIENTED_EDGE('',*,*,#4300,.F.);
#1288=ORIENTED_EDGE('',*,*,#4301,.F.);
#1289=ORIENTED_EDGE('',*,*,#4253,.T.);
#1290=ORIENTED_EDGE('',*,*,#4299,.T.);
#1291=ORIENTED_EDGE('',*,*,#4302,.F.);
#1292=ORIENTED_EDGE('',*,*,#4303,.F.);
#1293=ORIENTED_EDGE('',*,*,#4254,.T.);
#1294=ORIENTED_EDGE('',*,*,#4301,.T.);
#1295=ORIENTED_EDGE('',*,*,#4258,.F.);
#1296=ORIENTED_EDGE('',*,*,#4304,.T.);
#1297=ORIENTED_EDGE('',*,*,#4305,.T.);
#1298=ORIENTED_EDGE('',*,*,#4306,.T.);
#1299=ORIENTED_EDGE('',*,*,#4307,.F.);
#1300=ORIENTED_EDGE('',*,*,#4241,.F.);
#1301=ORIENTED_EDGE('',*,*,#4255,.T.);
#1302=ORIENTED_EDGE('',*,*,#4303,.T.);
#1303=ORIENTED_EDGE('',*,*,#4273,.F.);
#1304=ORIENTED_EDGE('',*,*,#4305,.F.);
#1305=ORIENTED_EDGE('',*,*,#4308,.T.);
#1306=ORIENTED_EDGE('',*,*,#4309,.F.);
#1307=ORIENTED_EDGE('',*,*,#4242,.F.);
#1308=ORIENTED_EDGE('',*,*,#4307,.T.);
#1309=ORIENTED_EDGE('',*,*,#4302,.T.);
#1310=ORIENTED_EDGE('',*,*,#4300,.T.);
#1311=ORIENTED_EDGE('',*,*,#4298,.T.);
#1312=ORIENTED_EDGE('',*,*,#4296,.T.);
#1313=ORIENTED_EDGE('',*,*,#4294,.T.);
#1314=ORIENTED_EDGE('',*,*,#4245,.F.);
#1315=ORIENTED_EDGE('',*,*,#4310,.T.);
#1316=ORIENTED_EDGE('',*,*,#4311,.T.);
#1317=ORIENTED_EDGE('',*,*,#4288,.F.);
#1318=ORIENTED_EDGE('',*,*,#4312,.T.);
#1319=ORIENTED_EDGE('',*,*,#4292,.F.);
#1320=ORIENTED_EDGE('',*,*,#4313,.T.);
#1321=ORIENTED_EDGE('',*,*,#4314,.T.);
#1322=ORIENTED_EDGE('',*,*,#4315,.T.);
#1323=ORIENTED_EDGE('',*,*,#4316,.T.);
#1324=ORIENTED_EDGE('',*,*,#4315,.F.);
#1325=ORIENTED_EDGE('',*,*,#4316,.F.);
#1326=ORIENTED_EDGE('',*,*,#4317,.T.);
#1327=ORIENTED_EDGE('',*,*,#4314,.F.);
#1328=ORIENTED_EDGE('',*,*,#4317,.F.);
#1329=ORIENTED_EDGE('',*,*,#4318,.T.);
#1330=ORIENTED_EDGE('',*,*,#4313,.F.);
#1331=ORIENTED_EDGE('',*,*,#4318,.F.);
#1332=ORIENTED_EDGE('',*,*,#4309,.T.);
#1333=ORIENTED_EDGE('',*,*,#4319,.T.);
#1334=ORIENTED_EDGE('',*,*,#4256,.F.);
#1335=ORIENTED_EDGE('',*,*,#4239,.T.);
#1336=ORIENTED_EDGE('',*,*,#4023,.F.);
#1337=ORIENTED_EDGE('',*,*,#4293,.F.);
#1338=ORIENTED_EDGE('',*,*,#4312,.F.);
#1339=ORIENTED_EDGE('',*,*,#4291,.F.);
#1340=ORIENTED_EDGE('',*,*,#4249,.F.);
#1341=ORIENTED_EDGE('',*,*,#4320,.T.);
#1342=ORIENTED_EDGE('',*,*,#4310,.F.);
#1343=ORIENTED_EDGE('',*,*,#4244,.F.);
#1344=ORIENTED_EDGE('',*,*,#4257,.F.);
#1345=ORIENTED_EDGE('',*,*,#4319,.F.);
#1346=ORIENTED_EDGE('',*,*,#4308,.F.);
#1347=ORIENTED_EDGE('',*,*,#4304,.F.);
#1348=ORIENTED_EDGE('',*,*,#4259,.F.);
#1349=ORIENTED_EDGE('',*,*,#4306,.F.);
#1350=ORIENTED_EDGE('',*,*,#4321,.F.);
#1351=ORIENTED_EDGE('',*,*,#4275,.F.);
#1352=ORIENTED_EDGE('',*,*,#4037,.F.);
#1353=ORIENTED_EDGE('',*,*,#4276,.F.);
#1354=ORIENTED_EDGE('',*,*,#4321,.T.);
#1355=ORIENTED_EDGE('',*,*,#4272,.F.);
#1356=ORIENTED_EDGE('',*,*,#4025,.F.);
#1357=ORIENTED_EDGE('',*,*,#4290,.F.);
#1358=ORIENTED_EDGE('',*,*,#4271,.F.);
#1359=ORIENTED_EDGE('',*,*,#4286,.F.);
#1360=ORIENTED_EDGE('',*,*,#4027,.F.);
#1361=ORIENTED_EDGE('',*,*,#4287,.F.);
#1362=ORIENTED_EDGE('',*,*,#4269,.F.);
#1363=ORIENTED_EDGE('',*,*,#4284,.F.);
#1364=ORIENTED_EDGE('',*,*,#4029,.F.);
#1365=ORIENTED_EDGE('',*,*,#4285,.F.);
#1366=ORIENTED_EDGE('',*,*,#4267,.F.);
#1367=ORIENTED_EDGE('',*,*,#4282,.F.);
#1368=ORIENTED_EDGE('',*,*,#4031,.F.);
#1369=ORIENTED_EDGE('',*,*,#4283,.F.);
#1370=ORIENTED_EDGE('',*,*,#4265,.F.);
#1371=ORIENTED_EDGE('',*,*,#4280,.F.);
#1372=ORIENTED_EDGE('',*,*,#4033,.F.);
#1373=ORIENTED_EDGE('',*,*,#4281,.F.);
#1374=ORIENTED_EDGE('',*,*,#4263,.F.);
#1375=ORIENTED_EDGE('',*,*,#4278,.F.);
#1376=ORIENTED_EDGE('',*,*,#4035,.F.);
#1377=ORIENTED_EDGE('',*,*,#4279,.F.);
#1378=ORIENTED_EDGE('',*,*,#4261,.F.);
#1379=ORIENTED_EDGE('',*,*,#4277,.F.);
#1380=ORIENTED_EDGE('',*,*,#4248,.F.);
#1381=ORIENTED_EDGE('',*,*,#4289,.F.);
#1382=ORIENTED_EDGE('',*,*,#4311,.F.);
#1383=ORIENTED_EDGE('',*,*,#4320,.F.);
#1384=ORIENTED_EDGE('',*,*,#4039,.F.);
#1385=ORIENTED_EDGE('',*,*,#4322,.F.);
#1386=ORIENTED_EDGE('',*,*,#4323,.T.);
#1387=ORIENTED_EDGE('',*,*,#4324,.T.);
#1388=ORIENTED_EDGE('',*,*,#4052,.F.);
#1389=ORIENTED_EDGE('',*,*,#4325,.F.);
#1390=ORIENTED_EDGE('',*,*,#4326,.T.);
#1391=ORIENTED_EDGE('',*,*,#4322,.T.);
#1392=ORIENTED_EDGE('',*,*,#4051,.F.);
#1393=ORIENTED_EDGE('',*,*,#4327,.F.);
#1394=ORIENTED_EDGE('',*,*,#4328,.T.);
#1395=ORIENTED_EDGE('',*,*,#4325,.T.);
#1396=ORIENTED_EDGE('',*,*,#4050,.F.);
#1397=ORIENTED_EDGE('',*,*,#4329,.F.);
#1398=ORIENTED_EDGE('',*,*,#4330,.T.);
#1399=ORIENTED_EDGE('',*,*,#4327,.T.);
#1400=ORIENTED_EDGE('',*,*,#4049,.F.);
#1401=ORIENTED_EDGE('',*,*,#4331,.F.);
#1402=ORIENTED_EDGE('',*,*,#4332,.T.);
#1403=ORIENTED_EDGE('',*,*,#4329,.T.);
#1404=ORIENTED_EDGE('',*,*,#4048,.F.);
#1405=ORIENTED_EDGE('',*,*,#4333,.F.);
#1406=ORIENTED_EDGE('',*,*,#4334,.T.);
#1407=ORIENTED_EDGE('',*,*,#4331,.T.);
#1408=ORIENTED_EDGE('',*,*,#4047,.F.);
#1409=ORIENTED_EDGE('',*,*,#4335,.F.);
#1410=ORIENTED_EDGE('',*,*,#4336,.T.);
#1411=ORIENTED_EDGE('',*,*,#4333,.T.);
#1412=ORIENTED_EDGE('',*,*,#4046,.F.);
#1413=ORIENTED_EDGE('',*,*,#4337,.F.);
#1414=ORIENTED_EDGE('',*,*,#4338,.T.);
#1415=ORIENTED_EDGE('',*,*,#4335,.T.);
#1416=ORIENTED_EDGE('',*,*,#4045,.F.);
#1417=ORIENTED_EDGE('',*,*,#4339,.F.);
#1418=ORIENTED_EDGE('',*,*,#4340,.T.);
#1419=ORIENTED_EDGE('',*,*,#4337,.T.);
#1420=ORIENTED_EDGE('',*,*,#4044,.F.);
#1421=ORIENTED_EDGE('',*,*,#4341,.F.);
#1422=ORIENTED_EDGE('',*,*,#4342,.T.);
#1423=ORIENTED_EDGE('',*,*,#4339,.T.);
#1424=ORIENTED_EDGE('',*,*,#4043,.F.);
#1425=ORIENTED_EDGE('',*,*,#4343,.F.);
#1426=ORIENTED_EDGE('',*,*,#4344,.T.);
#1427=ORIENTED_EDGE('',*,*,#4341,.T.);
#1428=ORIENTED_EDGE('',*,*,#4042,.F.);
#1429=ORIENTED_EDGE('',*,*,#4345,.F.);
#1430=ORIENTED_EDGE('',*,*,#4346,.T.);
#1431=ORIENTED_EDGE('',*,*,#4343,.T.);
#1432=ORIENTED_EDGE('',*,*,#4041,.F.);
#1433=ORIENTED_EDGE('',*,*,#4347,.F.);
#1434=ORIENTED_EDGE('',*,*,#4348,.T.);
#1435=ORIENTED_EDGE('',*,*,#4345,.T.);
#1436=ORIENTED_EDGE('',*,*,#4040,.F.);
#1437=ORIENTED_EDGE('',*,*,#4324,.F.);
#1438=ORIENTED_EDGE('',*,*,#4349,.T.);
#1439=ORIENTED_EDGE('',*,*,#4347,.T.);
#1440=ORIENTED_EDGE('',*,*,#4323,.F.);
#1441=ORIENTED_EDGE('',*,*,#4326,.F.);
#1442=ORIENTED_EDGE('',*,*,#4328,.F.);
#1443=ORIENTED_EDGE('',*,*,#4330,.F.);
#1444=ORIENTED_EDGE('',*,*,#4332,.F.);
#1445=ORIENTED_EDGE('',*,*,#4334,.F.);
#1446=ORIENTED_EDGE('',*,*,#4336,.F.);
#1447=ORIENTED_EDGE('',*,*,#4338,.F.);
#1448=ORIENTED_EDGE('',*,*,#4340,.F.);
#1449=ORIENTED_EDGE('',*,*,#4342,.F.);
#1450=ORIENTED_EDGE('',*,*,#4344,.F.);
#1451=ORIENTED_EDGE('',*,*,#4346,.F.);
#1452=ORIENTED_EDGE('',*,*,#4348,.F.);
#1453=ORIENTED_EDGE('',*,*,#4349,.F.);
#1454=ORIENTED_EDGE('',*,*,#4350,.F.);
#1455=ORIENTED_EDGE('',*,*,#4351,.F.);
#1456=ORIENTED_EDGE('',*,*,#4352,.T.);
#1457=ORIENTED_EDGE('',*,*,#4353,.T.);
#1458=ORIENTED_EDGE('',*,*,#4354,.F.);
#1459=ORIENTED_EDGE('',*,*,#4355,.F.);
#1460=ORIENTED_EDGE('',*,*,#4356,.T.);
#1461=ORIENTED_EDGE('',*,*,#4351,.T.);
#1462=ORIENTED_EDGE('',*,*,#4357,.F.);
#1463=ORIENTED_EDGE('',*,*,#4358,.F.);
#1464=ORIENTED_EDGE('',*,*,#4359,.T.);
#1465=ORIENTED_EDGE('',*,*,#4355,.T.);
#1466=ORIENTED_EDGE('',*,*,#4360,.F.);
#1467=ORIENTED_EDGE('',*,*,#4361,.F.);
#1468=ORIENTED_EDGE('',*,*,#4362,.T.);
#1469=ORIENTED_EDGE('',*,*,#4358,.T.);
#1470=ORIENTED_EDGE('',*,*,#4363,.F.);
#1471=ORIENTED_EDGE('',*,*,#4364,.F.);
#1472=ORIENTED_EDGE('',*,*,#4365,.T.);
#1473=ORIENTED_EDGE('',*,*,#4361,.T.);
#1474=ORIENTED_EDGE('',*,*,#4366,.F.);
#1475=ORIENTED_EDGE('',*,*,#4367,.F.);
#1476=ORIENTED_EDGE('',*,*,#4368,.T.);
#1477=ORIENTED_EDGE('',*,*,#4364,.T.);
#1478=ORIENTED_EDGE('',*,*,#4369,.F.);
#1479=ORIENTED_EDGE('',*,*,#4370,.F.);
#1480=ORIENTED_EDGE('',*,*,#4371,.T.);
#1481=ORIENTED_EDGE('',*,*,#4367,.T.);
#1482=ORIENTED_EDGE('',*,*,#4372,.F.);
#1483=ORIENTED_EDGE('',*,*,#4373,.F.);
#1484=ORIENTED_EDGE('',*,*,#4374,.T.);
#1485=ORIENTED_EDGE('',*,*,#4370,.T.);
#1486=ORIENTED_EDGE('',*,*,#4375,.F.);
#1487=ORIENTED_EDGE('',*,*,#4376,.F.);
#1488=ORIENTED_EDGE('',*,*,#4377,.T.);
#1489=ORIENTED_EDGE('',*,*,#4373,.T.);
#1490=ORIENTED_EDGE('',*,*,#4004,.F.);
#1491=ORIENTED_EDGE('',*,*,#4378,.F.);
#1492=ORIENTED_EDGE('',*,*,#4379,.T.);
#1493=ORIENTED_EDGE('',*,*,#4380,.T.);
#1494=ORIENTED_EDGE('',*,*,#4021,.F.);
#1495=ORIENTED_EDGE('',*,*,#4381,.F.);
#1496=ORIENTED_EDGE('',*,*,#4382,.T.);
#1497=ORIENTED_EDGE('',*,*,#4378,.T.);
#1498=ORIENTED_EDGE('',*,*,#4020,.F.);
#1499=ORIENTED_EDGE('',*,*,#4383,.F.);
#1500=ORIENTED_EDGE('',*,*,#4384,.T.);
#1501=ORIENTED_EDGE('',*,*,#4381,.T.);
#1502=ORIENTED_EDGE('',*,*,#4019,.F.);
#1503=ORIENTED_EDGE('',*,*,#4385,.F.);
#1504=ORIENTED_EDGE('',*,*,#4386,.T.);
#1505=ORIENTED_EDGE('',*,*,#4383,.T.);
#1506=ORIENTED_EDGE('',*,*,#4018,.F.);
#1507=ORIENTED_EDGE('',*,*,#4387,.F.);
#1508=ORIENTED_EDGE('',*,*,#4388,.T.);
#1509=ORIENTED_EDGE('',*,*,#4385,.T.);
#1510=ORIENTED_EDGE('',*,*,#4017,.F.);
#1511=ORIENTED_EDGE('',*,*,#4389,.F.);
#1512=ORIENTED_EDGE('',*,*,#4390,.T.);
#1513=ORIENTED_EDGE('',*,*,#4387,.T.);
#1514=ORIENTED_EDGE('',*,*,#4016,.F.);
#1515=ORIENTED_EDGE('',*,*,#4391,.F.);
#1516=ORIENTED_EDGE('',*,*,#4392,.T.);
#1517=ORIENTED_EDGE('',*,*,#4389,.T.);
#1518=ORIENTED_EDGE('',*,*,#4015,.F.);
#1519=ORIENTED_EDGE('',*,*,#4393,.F.);
#1520=ORIENTED_EDGE('',*,*,#4394,.T.);
#1521=ORIENTED_EDGE('',*,*,#4391,.T.);
#1522=ORIENTED_EDGE('',*,*,#4014,.F.);
#1523=ORIENTED_EDGE('',*,*,#4395,.F.);
#1524=ORIENTED_EDGE('',*,*,#4396,.T.);
#1525=ORIENTED_EDGE('',*,*,#4393,.T.);
#1526=ORIENTED_EDGE('',*,*,#4013,.F.);
#1527=ORIENTED_EDGE('',*,*,#4397,.F.);
#1528=ORIENTED_EDGE('',*,*,#4398,.T.);
#1529=ORIENTED_EDGE('',*,*,#4395,.T.);
#1530=ORIENTED_EDGE('',*,*,#4012,.F.);
#1531=ORIENTED_EDGE('',*,*,#4399,.F.);
#1532=ORIENTED_EDGE('',*,*,#4400,.T.);
#1533=ORIENTED_EDGE('',*,*,#4397,.T.);
#1534=ORIENTED_EDGE('',*,*,#4011,.F.);
#1535=ORIENTED_EDGE('',*,*,#4401,.F.);
#1536=ORIENTED_EDGE('',*,*,#4402,.T.);
#1537=ORIENTED_EDGE('',*,*,#4399,.T.);
#1538=ORIENTED_EDGE('',*,*,#4010,.F.);
#1539=ORIENTED_EDGE('',*,*,#4403,.F.);
#1540=ORIENTED_EDGE('',*,*,#4404,.T.);
#1541=ORIENTED_EDGE('',*,*,#4401,.T.);
#1542=ORIENTED_EDGE('',*,*,#4009,.F.);
#1543=ORIENTED_EDGE('',*,*,#4405,.F.);
#1544=ORIENTED_EDGE('',*,*,#4406,.T.);
#1545=ORIENTED_EDGE('',*,*,#4403,.T.);
#1546=ORIENTED_EDGE('',*,*,#4008,.F.);
#1547=ORIENTED_EDGE('',*,*,#4407,.F.);
#1548=ORIENTED_EDGE('',*,*,#4408,.T.);
#1549=ORIENTED_EDGE('',*,*,#4405,.T.);
#1550=ORIENTED_EDGE('',*,*,#4007,.F.);
#1551=ORIENTED_EDGE('',*,*,#4409,.F.);
#1552=ORIENTED_EDGE('',*,*,#4410,.T.);
#1553=ORIENTED_EDGE('',*,*,#4407,.T.);
#1554=ORIENTED_EDGE('',*,*,#4006,.F.);
#1555=ORIENTED_EDGE('',*,*,#4411,.F.);
#1556=ORIENTED_EDGE('',*,*,#4412,.T.);
#1557=ORIENTED_EDGE('',*,*,#4409,.T.);
#1558=ORIENTED_EDGE('',*,*,#4005,.F.);
#1559=ORIENTED_EDGE('',*,*,#4380,.F.);
#1560=ORIENTED_EDGE('',*,*,#4413,.T.);
#1561=ORIENTED_EDGE('',*,*,#4411,.T.);
#1562=ORIENTED_EDGE('',*,*,#4414,.F.);
#1563=ORIENTED_EDGE('',*,*,#4353,.F.);
#1564=ORIENTED_EDGE('',*,*,#4415,.T.);
#1565=ORIENTED_EDGE('',*,*,#4376,.T.);
#1566=ORIENTED_EDGE('',*,*,#4379,.F.);
#1567=ORIENTED_EDGE('',*,*,#4382,.F.);
#1568=ORIENTED_EDGE('',*,*,#4384,.F.);
#1569=ORIENTED_EDGE('',*,*,#4386,.F.);
#1570=ORIENTED_EDGE('',*,*,#4388,.F.);
#1571=ORIENTED_EDGE('',*,*,#4390,.F.);
#1572=ORIENTED_EDGE('',*,*,#4392,.F.);
#1573=ORIENTED_EDGE('',*,*,#4394,.F.);
#1574=ORIENTED_EDGE('',*,*,#4396,.F.);
#1575=ORIENTED_EDGE('',*,*,#4398,.F.);
#1576=ORIENTED_EDGE('',*,*,#4400,.F.);
#1577=ORIENTED_EDGE('',*,*,#4402,.F.);
#1578=ORIENTED_EDGE('',*,*,#4404,.F.);
#1579=ORIENTED_EDGE('',*,*,#4406,.F.);
#1580=ORIENTED_EDGE('',*,*,#4408,.F.);
#1581=ORIENTED_EDGE('',*,*,#4410,.F.);
#1582=ORIENTED_EDGE('',*,*,#4412,.F.);
#1583=ORIENTED_EDGE('',*,*,#4413,.F.);
#1584=ORIENTED_EDGE('',*,*,#4352,.F.);
#1585=ORIENTED_EDGE('',*,*,#4356,.F.);
#1586=ORIENTED_EDGE('',*,*,#4359,.F.);
#1587=ORIENTED_EDGE('',*,*,#4362,.F.);
#1588=ORIENTED_EDGE('',*,*,#4365,.F.);
#1589=ORIENTED_EDGE('',*,*,#4368,.F.);
#1590=ORIENTED_EDGE('',*,*,#4371,.F.);
#1591=ORIENTED_EDGE('',*,*,#4374,.F.);
#1592=ORIENTED_EDGE('',*,*,#4377,.F.);
#1593=ORIENTED_EDGE('',*,*,#4415,.F.);
#1594=ORIENTED_EDGE('',*,*,#4416,.F.);
#1595=ORIENTED_EDGE('',*,*,#4417,.F.);
#1596=ORIENTED_EDGE('',*,*,#4418,.T.);
#1597=ORIENTED_EDGE('',*,*,#4419,.T.);
#1598=ORIENTED_EDGE('',*,*,#4420,.F.);
#1599=ORIENTED_EDGE('',*,*,#4421,.F.);
#1600=ORIENTED_EDGE('',*,*,#4422,.T.);
#1601=ORIENTED_EDGE('',*,*,#4417,.T.);
#1602=ORIENTED_EDGE('',*,*,#4423,.F.);
#1603=ORIENTED_EDGE('',*,*,#4424,.F.);
#1604=ORIENTED_EDGE('',*,*,#4425,.T.);
#1605=ORIENTED_EDGE('',*,*,#4421,.T.);
#1606=ORIENTED_EDGE('',*,*,#4426,.F.);
#1607=ORIENTED_EDGE('',*,*,#4427,.F.);
#1608=ORIENTED_EDGE('',*,*,#4428,.T.);
#1609=ORIENTED_EDGE('',*,*,#4424,.T.);
#1610=ORIENTED_EDGE('',*,*,#4429,.F.);
#1611=ORIENTED_EDGE('',*,*,#4430,.F.);
#1612=ORIENTED_EDGE('',*,*,#4431,.T.);
#1613=ORIENTED_EDGE('',*,*,#4427,.T.);
#1614=ORIENTED_EDGE('',*,*,#4432,.F.);
#1615=ORIENTED_EDGE('',*,*,#4433,.F.);
#1616=ORIENTED_EDGE('',*,*,#4434,.T.);
#1617=ORIENTED_EDGE('',*,*,#4430,.T.);
#1618=ORIENTED_EDGE('',*,*,#4435,.F.);
#1619=ORIENTED_EDGE('',*,*,#4436,.F.);
#1620=ORIENTED_EDGE('',*,*,#4437,.T.);
#1621=ORIENTED_EDGE('',*,*,#4433,.T.);
#1622=ORIENTED_EDGE('',*,*,#4053,.F.);
#1623=ORIENTED_EDGE('',*,*,#4438,.F.);
#1624=ORIENTED_EDGE('',*,*,#4439,.T.);
#1625=ORIENTED_EDGE('',*,*,#4440,.T.);
#1626=ORIENTED_EDGE('',*,*,#4079,.F.);
#1627=ORIENTED_EDGE('',*,*,#4441,.F.);
#1628=ORIENTED_EDGE('',*,*,#4442,.T.);
#1629=ORIENTED_EDGE('',*,*,#4438,.T.);
#1630=ORIENTED_EDGE('',*,*,#4078,.F.);
#1631=ORIENTED_EDGE('',*,*,#4443,.F.);
#1632=ORIENTED_EDGE('',*,*,#4444,.T.);
#1633=ORIENTED_EDGE('',*,*,#4441,.T.);
#1634=ORIENTED_EDGE('',*,*,#4077,.F.);
#1635=ORIENTED_EDGE('',*,*,#4445,.F.);
#1636=ORIENTED_EDGE('',*,*,#4446,.T.);
#1637=ORIENTED_EDGE('',*,*,#4443,.T.);
#1638=ORIENTED_EDGE('',*,*,#4076,.F.);
#1639=ORIENTED_EDGE('',*,*,#4447,.F.);
#1640=ORIENTED_EDGE('',*,*,#4448,.T.);
#1641=ORIENTED_EDGE('',*,*,#4445,.T.);
#1642=ORIENTED_EDGE('',*,*,#4075,.F.);
#1643=ORIENTED_EDGE('',*,*,#4449,.F.);
#1644=ORIENTED_EDGE('',*,*,#4450,.T.);
#1645=ORIENTED_EDGE('',*,*,#4447,.T.);
#1646=ORIENTED_EDGE('',*,*,#4074,.F.);
#1647=ORIENTED_EDGE('',*,*,#4451,.F.);
#1648=ORIENTED_EDGE('',*,*,#4452,.T.);
#1649=ORIENTED_EDGE('',*,*,#4449,.T.);
#1650=ORIENTED_EDGE('',*,*,#4073,.F.);
#1651=ORIENTED_EDGE('',*,*,#4453,.F.);
#1652=ORIENTED_EDGE('',*,*,#4454,.T.);
#1653=ORIENTED_EDGE('',*,*,#4451,.T.);
#1654=ORIENTED_EDGE('',*,*,#4072,.F.);
#1655=ORIENTED_EDGE('',*,*,#4455,.F.);
#1656=ORIENTED_EDGE('',*,*,#4456,.T.);
#1657=ORIENTED_EDGE('',*,*,#4453,.T.);
#1658=ORIENTED_EDGE('',*,*,#4071,.F.);
#1659=ORIENTED_EDGE('',*,*,#4457,.F.);
#1660=ORIENTED_EDGE('',*,*,#4458,.T.);
#1661=ORIENTED_EDGE('',*,*,#4455,.T.);
#1662=ORIENTED_EDGE('',*,*,#4070,.F.);
#1663=ORIENTED_EDGE('',*,*,#4459,.F.);
#1664=ORIENTED_EDGE('',*,*,#4460,.T.);
#1665=ORIENTED_EDGE('',*,*,#4457,.T.);
#1666=ORIENTED_EDGE('',*,*,#4069,.F.);
#1667=ORIENTED_EDGE('',*,*,#4461,.F.);
#1668=ORIENTED_EDGE('',*,*,#4462,.T.);
#1669=ORIENTED_EDGE('',*,*,#4459,.T.);
#1670=ORIENTED_EDGE('',*,*,#4068,.F.);
#1671=ORIENTED_EDGE('',*,*,#4463,.F.);
#1672=ORIENTED_EDGE('',*,*,#4464,.T.);
#1673=ORIENTED_EDGE('',*,*,#4461,.T.);
#1674=ORIENTED_EDGE('',*,*,#4067,.F.);
#1675=ORIENTED_EDGE('',*,*,#4465,.F.);
#1676=ORIENTED_EDGE('',*,*,#4466,.T.);
#1677=ORIENTED_EDGE('',*,*,#4463,.T.);
#1678=ORIENTED_EDGE('',*,*,#4066,.F.);
#1679=ORIENTED_EDGE('',*,*,#4467,.F.);
#1680=ORIENTED_EDGE('',*,*,#4468,.T.);
#1681=ORIENTED_EDGE('',*,*,#4465,.T.);
#1682=ORIENTED_EDGE('',*,*,#4065,.F.);
#1683=ORIENTED_EDGE('',*,*,#4469,.F.);
#1684=ORIENTED_EDGE('',*,*,#4470,.T.);
#1685=ORIENTED_EDGE('',*,*,#4467,.T.);
#1686=ORIENTED_EDGE('',*,*,#4064,.F.);
#1687=ORIENTED_EDGE('',*,*,#4471,.F.);
#1688=ORIENTED_EDGE('',*,*,#4472,.T.);
#1689=ORIENTED_EDGE('',*,*,#4469,.T.);
#1690=ORIENTED_EDGE('',*,*,#4063,.F.);
#1691=ORIENTED_EDGE('',*,*,#4473,.F.);
#1692=ORIENTED_EDGE('',*,*,#4474,.T.);
#1693=ORIENTED_EDGE('',*,*,#4471,.T.);
#1694=ORIENTED_EDGE('',*,*,#4062,.F.);
#1695=ORIENTED_EDGE('',*,*,#4475,.F.);
#1696=ORIENTED_EDGE('',*,*,#4476,.T.);
#1697=ORIENTED_EDGE('',*,*,#4473,.T.);
#1698=ORIENTED_EDGE('',*,*,#4061,.F.);
#1699=ORIENTED_EDGE('',*,*,#4477,.F.);
#1700=ORIENTED_EDGE('',*,*,#4478,.T.);
#1701=ORIENTED_EDGE('',*,*,#4475,.T.);
#1702=ORIENTED_EDGE('',*,*,#4060,.F.);
#1703=ORIENTED_EDGE('',*,*,#4479,.F.);
#1704=ORIENTED_EDGE('',*,*,#4480,.T.);
#1705=ORIENTED_EDGE('',*,*,#4477,.T.);
#1706=ORIENTED_EDGE('',*,*,#4059,.F.);
#1707=ORIENTED_EDGE('',*,*,#4481,.F.);
#1708=ORIENTED_EDGE('',*,*,#4482,.T.);
#1709=ORIENTED_EDGE('',*,*,#4479,.T.);
#1710=ORIENTED_EDGE('',*,*,#4058,.F.);
#1711=ORIENTED_EDGE('',*,*,#4483,.F.);
#1712=ORIENTED_EDGE('',*,*,#4484,.T.);
#1713=ORIENTED_EDGE('',*,*,#4481,.T.);
#1714=ORIENTED_EDGE('',*,*,#4057,.F.);
#1715=ORIENTED_EDGE('',*,*,#4485,.F.);
#1716=ORIENTED_EDGE('',*,*,#4486,.T.);
#1717=ORIENTED_EDGE('',*,*,#4483,.T.);
#1718=ORIENTED_EDGE('',*,*,#4056,.F.);
#1719=ORIENTED_EDGE('',*,*,#4487,.F.);
#1720=ORIENTED_EDGE('',*,*,#4488,.T.);
#1721=ORIENTED_EDGE('',*,*,#4485,.T.);
#1722=ORIENTED_EDGE('',*,*,#4055,.F.);
#1723=ORIENTED_EDGE('',*,*,#4489,.F.);
#1724=ORIENTED_EDGE('',*,*,#4490,.T.);
#1725=ORIENTED_EDGE('',*,*,#4487,.T.);
#1726=ORIENTED_EDGE('',*,*,#4054,.F.);
#1727=ORIENTED_EDGE('',*,*,#4440,.F.);
#1728=ORIENTED_EDGE('',*,*,#4491,.T.);
#1729=ORIENTED_EDGE('',*,*,#4489,.T.);
#1730=ORIENTED_EDGE('',*,*,#4492,.F.);
#1731=ORIENTED_EDGE('',*,*,#4419,.F.);
#1732=ORIENTED_EDGE('',*,*,#4493,.T.);
#1733=ORIENTED_EDGE('',*,*,#4436,.T.);
#1734=ORIENTED_EDGE('',*,*,#4439,.F.);
#1735=ORIENTED_EDGE('',*,*,#4442,.F.);
#1736=ORIENTED_EDGE('',*,*,#4444,.F.);
#1737=ORIENTED_EDGE('',*,*,#4446,.F.);
#1738=ORIENTED_EDGE('',*,*,#4448,.F.);
#1739=ORIENTED_EDGE('',*,*,#4450,.F.);
#1740=ORIENTED_EDGE('',*,*,#4452,.F.);
#1741=ORIENTED_EDGE('',*,*,#4454,.F.);
#1742=ORIENTED_EDGE('',*,*,#4456,.F.);
#1743=ORIENTED_EDGE('',*,*,#4458,.F.);
#1744=ORIENTED_EDGE('',*,*,#4460,.F.);
#1745=ORIENTED_EDGE('',*,*,#4462,.F.);
#1746=ORIENTED_EDGE('',*,*,#4464,.F.);
#1747=ORIENTED_EDGE('',*,*,#4466,.F.);
#1748=ORIENTED_EDGE('',*,*,#4468,.F.);
#1749=ORIENTED_EDGE('',*,*,#4470,.F.);
#1750=ORIENTED_EDGE('',*,*,#4472,.F.);
#1751=ORIENTED_EDGE('',*,*,#4474,.F.);
#1752=ORIENTED_EDGE('',*,*,#4476,.F.);
#1753=ORIENTED_EDGE('',*,*,#4478,.F.);
#1754=ORIENTED_EDGE('',*,*,#4480,.F.);
#1755=ORIENTED_EDGE('',*,*,#4482,.F.);
#1756=ORIENTED_EDGE('',*,*,#4484,.F.);
#1757=ORIENTED_EDGE('',*,*,#4486,.F.);
#1758=ORIENTED_EDGE('',*,*,#4488,.F.);
#1759=ORIENTED_EDGE('',*,*,#4490,.F.);
#1760=ORIENTED_EDGE('',*,*,#4491,.F.);
#1761=ORIENTED_EDGE('',*,*,#4418,.F.);
#1762=ORIENTED_EDGE('',*,*,#4422,.F.);
#1763=ORIENTED_EDGE('',*,*,#4425,.F.);
#1764=ORIENTED_EDGE('',*,*,#4428,.F.);
#1765=ORIENTED_EDGE('',*,*,#4431,.F.);
#1766=ORIENTED_EDGE('',*,*,#4434,.F.);
#1767=ORIENTED_EDGE('',*,*,#4437,.F.);
#1768=ORIENTED_EDGE('',*,*,#4493,.F.);
#1769=ORIENTED_EDGE('',*,*,#4494,.F.);
#1770=ORIENTED_EDGE('',*,*,#4495,.F.);
#1771=ORIENTED_EDGE('',*,*,#4496,.T.);
#1772=ORIENTED_EDGE('',*,*,#4497,.T.);
#1773=ORIENTED_EDGE('',*,*,#4498,.F.);
#1774=ORIENTED_EDGE('',*,*,#4499,.F.);
#1775=ORIENTED_EDGE('',*,*,#4500,.T.);
#1776=ORIENTED_EDGE('',*,*,#4495,.T.);
#1777=ORIENTED_EDGE('',*,*,#4501,.F.);
#1778=ORIENTED_EDGE('',*,*,#4502,.F.);
#1779=ORIENTED_EDGE('',*,*,#4503,.T.);
#1780=ORIENTED_EDGE('',*,*,#4499,.T.);
#1781=ORIENTED_EDGE('',*,*,#4504,.F.);
#1782=ORIENTED_EDGE('',*,*,#4505,.F.);
#1783=ORIENTED_EDGE('',*,*,#4506,.T.);
#1784=ORIENTED_EDGE('',*,*,#4502,.T.);
#1785=ORIENTED_EDGE('',*,*,#4507,.F.);
#1786=ORIENTED_EDGE('',*,*,#4508,.F.);
#1787=ORIENTED_EDGE('',*,*,#4509,.T.);
#1788=ORIENTED_EDGE('',*,*,#4505,.T.);
#1789=ORIENTED_EDGE('',*,*,#4510,.F.);
#1790=ORIENTED_EDGE('',*,*,#4511,.F.);
#1791=ORIENTED_EDGE('',*,*,#4512,.T.);
#1792=ORIENTED_EDGE('',*,*,#4508,.T.);
#1793=ORIENTED_EDGE('',*,*,#4513,.F.);
#1794=ORIENTED_EDGE('',*,*,#4514,.F.);
#1795=ORIENTED_EDGE('',*,*,#4515,.T.);
#1796=ORIENTED_EDGE('',*,*,#4511,.T.);
#1797=ORIENTED_EDGE('',*,*,#4516,.F.);
#1798=ORIENTED_EDGE('',*,*,#4517,.F.);
#1799=ORIENTED_EDGE('',*,*,#4518,.T.);
#1800=ORIENTED_EDGE('',*,*,#4514,.T.);
#1801=ORIENTED_EDGE('',*,*,#4519,.F.);
#1802=ORIENTED_EDGE('',*,*,#4520,.F.);
#1803=ORIENTED_EDGE('',*,*,#4521,.T.);
#1804=ORIENTED_EDGE('',*,*,#4517,.T.);
#1805=ORIENTED_EDGE('',*,*,#3994,.F.);
#1806=ORIENTED_EDGE('',*,*,#4522,.F.);
#1807=ORIENTED_EDGE('',*,*,#4523,.T.);
#1808=ORIENTED_EDGE('',*,*,#4524,.T.);
#1809=ORIENTED_EDGE('',*,*,#4003,.F.);
#1810=ORIENTED_EDGE('',*,*,#4525,.F.);
#1811=ORIENTED_EDGE('',*,*,#4526,.T.);
#1812=ORIENTED_EDGE('',*,*,#4522,.T.);
#1813=ORIENTED_EDGE('',*,*,#4002,.F.);
#1814=ORIENTED_EDGE('',*,*,#4527,.F.);
#1815=ORIENTED_EDGE('',*,*,#4528,.T.);
#1816=ORIENTED_EDGE('',*,*,#4525,.T.);
#1817=ORIENTED_EDGE('',*,*,#4001,.F.);
#1818=ORIENTED_EDGE('',*,*,#4529,.F.);
#1819=ORIENTED_EDGE('',*,*,#4530,.T.);
#1820=ORIENTED_EDGE('',*,*,#4527,.T.);
#1821=ORIENTED_EDGE('',*,*,#4000,.F.);
#1822=ORIENTED_EDGE('',*,*,#4531,.F.);
#1823=ORIENTED_EDGE('',*,*,#4532,.T.);
#1824=ORIENTED_EDGE('',*,*,#4529,.T.);
#1825=ORIENTED_EDGE('',*,*,#3999,.F.);
#1826=ORIENTED_EDGE('',*,*,#4533,.F.);
#1827=ORIENTED_EDGE('',*,*,#4534,.T.);
#1828=ORIENTED_EDGE('',*,*,#4531,.T.);
#1829=ORIENTED_EDGE('',*,*,#3998,.F.);
#1830=ORIENTED_EDGE('',*,*,#4535,.F.);
#1831=ORIENTED_EDGE('',*,*,#4536,.T.);
#1832=ORIENTED_EDGE('',*,*,#4533,.T.);
#1833=ORIENTED_EDGE('',*,*,#3997,.F.);
#1834=ORIENTED_EDGE('',*,*,#4537,.F.);
#1835=ORIENTED_EDGE('',*,*,#4538,.T.);
#1836=ORIENTED_EDGE('',*,*,#4535,.T.);
#1837=ORIENTED_EDGE('',*,*,#3996,.F.);
#1838=ORIENTED_EDGE('',*,*,#4539,.F.);
#1839=ORIENTED_EDGE('',*,*,#4540,.T.);
#1840=ORIENTED_EDGE('',*,*,#4537,.T.);
#1841=ORIENTED_EDGE('',*,*,#3995,.F.);
#1842=ORIENTED_EDGE('',*,*,#4524,.F.);
#1843=ORIENTED_EDGE('',*,*,#4541,.T.);
#1844=ORIENTED_EDGE('',*,*,#4539,.T.);
#1845=ORIENTED_EDGE('',*,*,#4542,.F.);
#1846=ORIENTED_EDGE('',*,*,#4497,.F.);
#1847=ORIENTED_EDGE('',*,*,#4543,.T.);
#1848=ORIENTED_EDGE('',*,*,#4520,.T.);
#1849=ORIENTED_EDGE('',*,*,#4523,.F.);
#1850=ORIENTED_EDGE('',*,*,#4526,.F.);
#1851=ORIENTED_EDGE('',*,*,#4528,.F.);
#1852=ORIENTED_EDGE('',*,*,#4530,.F.);
#1853=ORIENTED_EDGE('',*,*,#4532,.F.);
#1854=ORIENTED_EDGE('',*,*,#4534,.F.);
#1855=ORIENTED_EDGE('',*,*,#4536,.F.);
#1856=ORIENTED_EDGE('',*,*,#4538,.F.);
#1857=ORIENTED_EDGE('',*,*,#4540,.F.);
#1858=ORIENTED_EDGE('',*,*,#4541,.F.);
#1859=ORIENTED_EDGE('',*,*,#4496,.F.);
#1860=ORIENTED_EDGE('',*,*,#4500,.F.);
#1861=ORIENTED_EDGE('',*,*,#4503,.F.);
#1862=ORIENTED_EDGE('',*,*,#4506,.F.);
#1863=ORIENTED_EDGE('',*,*,#4509,.F.);
#1864=ORIENTED_EDGE('',*,*,#4512,.F.);
#1865=ORIENTED_EDGE('',*,*,#4515,.F.);
#1866=ORIENTED_EDGE('',*,*,#4518,.F.);
#1867=ORIENTED_EDGE('',*,*,#4521,.F.);
#1868=ORIENTED_EDGE('',*,*,#4543,.F.);
#1869=ORIENTED_EDGE('',*,*,#4544,.F.);
#1870=ORIENTED_EDGE('',*,*,#4545,.F.);
#1871=ORIENTED_EDGE('',*,*,#4546,.T.);
#1872=ORIENTED_EDGE('',*,*,#4547,.T.);
#1873=ORIENTED_EDGE('',*,*,#4548,.F.);
#1874=ORIENTED_EDGE('',*,*,#4549,.F.);
#1875=ORIENTED_EDGE('',*,*,#4550,.T.);
#1876=ORIENTED_EDGE('',*,*,#4545,.T.);
#1877=ORIENTED_EDGE('',*,*,#4551,.F.);
#1878=ORIENTED_EDGE('',*,*,#4552,.F.);
#1879=ORIENTED_EDGE('',*,*,#4553,.T.);
#1880=ORIENTED_EDGE('',*,*,#4549,.T.);
#1881=ORIENTED_EDGE('',*,*,#4554,.F.);
#1882=ORIENTED_EDGE('',*,*,#4555,.F.);
#1883=ORIENTED_EDGE('',*,*,#4556,.T.);
#1884=ORIENTED_EDGE('',*,*,#4552,.T.);
#1885=ORIENTED_EDGE('',*,*,#4557,.F.);
#1886=ORIENTED_EDGE('',*,*,#4558,.F.);
#1887=ORIENTED_EDGE('',*,*,#4559,.T.);
#1888=ORIENTED_EDGE('',*,*,#4555,.T.);
#1889=ORIENTED_EDGE('',*,*,#4560,.F.);
#1890=ORIENTED_EDGE('',*,*,#4561,.F.);
#1891=ORIENTED_EDGE('',*,*,#4562,.T.);
#1892=ORIENTED_EDGE('',*,*,#4558,.T.);
#1893=ORIENTED_EDGE('',*,*,#4563,.F.);
#1894=ORIENTED_EDGE('',*,*,#4564,.F.);
#1895=ORIENTED_EDGE('',*,*,#4565,.T.);
#1896=ORIENTED_EDGE('',*,*,#4561,.T.);
#1897=ORIENTED_EDGE('',*,*,#4566,.F.);
#1898=ORIENTED_EDGE('',*,*,#4567,.F.);
#1899=ORIENTED_EDGE('',*,*,#4568,.T.);
#1900=ORIENTED_EDGE('',*,*,#4564,.T.);
#1901=ORIENTED_EDGE('',*,*,#4569,.F.);
#1902=ORIENTED_EDGE('',*,*,#4570,.F.);
#1903=ORIENTED_EDGE('',*,*,#4571,.T.);
#1904=ORIENTED_EDGE('',*,*,#4567,.T.);
#1905=ORIENTED_EDGE('',*,*,#4080,.F.);
#1906=ORIENTED_EDGE('',*,*,#4572,.F.);
#1907=ORIENTED_EDGE('',*,*,#4573,.T.);
#1908=ORIENTED_EDGE('',*,*,#4574,.T.);
#1909=ORIENTED_EDGE('',*,*,#4095,.F.);
#1910=ORIENTED_EDGE('',*,*,#4575,.F.);
#1911=ORIENTED_EDGE('',*,*,#4576,.T.);
#1912=ORIENTED_EDGE('',*,*,#4572,.T.);
#1913=ORIENTED_EDGE('',*,*,#4094,.F.);
#1914=ORIENTED_EDGE('',*,*,#4577,.F.);
#1915=ORIENTED_EDGE('',*,*,#4578,.T.);
#1916=ORIENTED_EDGE('',*,*,#4575,.T.);
#1917=ORIENTED_EDGE('',*,*,#4093,.F.);
#1918=ORIENTED_EDGE('',*,*,#4579,.F.);
#1919=ORIENTED_EDGE('',*,*,#4580,.T.);
#1920=ORIENTED_EDGE('',*,*,#4577,.T.);
#1921=ORIENTED_EDGE('',*,*,#4092,.F.);
#1922=ORIENTED_EDGE('',*,*,#4581,.F.);
#1923=ORIENTED_EDGE('',*,*,#4582,.T.);
#1924=ORIENTED_EDGE('',*,*,#4579,.T.);
#1925=ORIENTED_EDGE('',*,*,#4091,.F.);
#1926=ORIENTED_EDGE('',*,*,#4583,.F.);
#1927=ORIENTED_EDGE('',*,*,#4584,.T.);
#1928=ORIENTED_EDGE('',*,*,#4581,.T.);
#1929=ORIENTED_EDGE('',*,*,#4090,.F.);
#1930=ORIENTED_EDGE('',*,*,#4585,.F.);
#1931=ORIENTED_EDGE('',*,*,#4586,.T.);
#1932=ORIENTED_EDGE('',*,*,#4583,.T.);
#1933=ORIENTED_EDGE('',*,*,#4089,.F.);
#1934=ORIENTED_EDGE('',*,*,#4587,.F.);
#1935=ORIENTED_EDGE('',*,*,#4588,.T.);
#1936=ORIENTED_EDGE('',*,*,#4585,.T.);
#1937=ORIENTED_EDGE('',*,*,#4088,.F.);
#1938=ORIENTED_EDGE('',*,*,#4589,.F.);
#1939=ORIENTED_EDGE('',*,*,#4590,.T.);
#1940=ORIENTED_EDGE('',*,*,#4587,.T.);
#1941=ORIENTED_EDGE('',*,*,#4087,.F.);
#1942=ORIENTED_EDGE('',*,*,#4591,.F.);
#1943=ORIENTED_EDGE('',*,*,#4592,.T.);
#1944=ORIENTED_EDGE('',*,*,#4589,.T.);
#1945=ORIENTED_EDGE('',*,*,#4086,.F.);
#1946=ORIENTED_EDGE('',*,*,#4593,.F.);
#1947=ORIENTED_EDGE('',*,*,#4594,.T.);
#1948=ORIENTED_EDGE('',*,*,#4591,.T.);
#1949=ORIENTED_EDGE('',*,*,#4085,.F.);
#1950=ORIENTED_EDGE('',*,*,#4595,.F.);
#1951=ORIENTED_EDGE('',*,*,#4596,.T.);
#1952=ORIENTED_EDGE('',*,*,#4593,.T.);
#1953=ORIENTED_EDGE('',*,*,#4084,.F.);
#1954=ORIENTED_EDGE('',*,*,#4597,.F.);
#1955=ORIENTED_EDGE('',*,*,#4598,.T.);
#1956=ORIENTED_EDGE('',*,*,#4595,.T.);
#1957=ORIENTED_EDGE('',*,*,#4083,.F.);
#1958=ORIENTED_EDGE('',*,*,#4599,.F.);
#1959=ORIENTED_EDGE('',*,*,#4600,.T.);
#1960=ORIENTED_EDGE('',*,*,#4597,.T.);
#1961=ORIENTED_EDGE('',*,*,#4082,.F.);
#1962=ORIENTED_EDGE('',*,*,#4601,.F.);
#1963=ORIENTED_EDGE('',*,*,#4602,.T.);
#1964=ORIENTED_EDGE('',*,*,#4599,.T.);
#1965=ORIENTED_EDGE('',*,*,#4081,.F.);
#1966=ORIENTED_EDGE('',*,*,#4574,.F.);
#1967=ORIENTED_EDGE('',*,*,#4603,.T.);
#1968=ORIENTED_EDGE('',*,*,#4601,.T.);
#1969=ORIENTED_EDGE('',*,*,#4604,.F.);
#1970=ORIENTED_EDGE('',*,*,#4547,.F.);
#1971=ORIENTED_EDGE('',*,*,#4605,.T.);
#1972=ORIENTED_EDGE('',*,*,#4570,.T.);
#1973=ORIENTED_EDGE('',*,*,#4573,.F.);
#1974=ORIENTED_EDGE('',*,*,#4576,.F.);
#1975=ORIENTED_EDGE('',*,*,#4578,.F.);
#1976=ORIENTED_EDGE('',*,*,#4580,.F.);
#1977=ORIENTED_EDGE('',*,*,#4582,.F.);
#1978=ORIENTED_EDGE('',*,*,#4584,.F.);
#1979=ORIENTED_EDGE('',*,*,#4586,.F.);
#1980=ORIENTED_EDGE('',*,*,#4588,.F.);
#1981=ORIENTED_EDGE('',*,*,#4590,.F.);
#1982=ORIENTED_EDGE('',*,*,#4592,.F.);
#1983=ORIENTED_EDGE('',*,*,#4594,.F.);
#1984=ORIENTED_EDGE('',*,*,#4596,.F.);
#1985=ORIENTED_EDGE('',*,*,#4598,.F.);
#1986=ORIENTED_EDGE('',*,*,#4600,.F.);
#1987=ORIENTED_EDGE('',*,*,#4602,.F.);
#1988=ORIENTED_EDGE('',*,*,#4603,.F.);
#1989=ORIENTED_EDGE('',*,*,#4546,.F.);
#1990=ORIENTED_EDGE('',*,*,#4550,.F.);
#1991=ORIENTED_EDGE('',*,*,#4553,.F.);
#1992=ORIENTED_EDGE('',*,*,#4556,.F.);
#1993=ORIENTED_EDGE('',*,*,#4559,.F.);
#1994=ORIENTED_EDGE('',*,*,#4562,.F.);
#1995=ORIENTED_EDGE('',*,*,#4565,.F.);
#1996=ORIENTED_EDGE('',*,*,#4568,.F.);
#1997=ORIENTED_EDGE('',*,*,#4571,.F.);
#1998=ORIENTED_EDGE('',*,*,#4605,.F.);
#1999=ORIENTED_EDGE('',*,*,#3984,.F.);
#2000=ORIENTED_EDGE('',*,*,#4606,.F.);
#2001=ORIENTED_EDGE('',*,*,#4607,.T.);
#2002=ORIENTED_EDGE('',*,*,#4608,.T.);
#2003=ORIENTED_EDGE('',*,*,#3993,.F.);
#2004=ORIENTED_EDGE('',*,*,#4609,.F.);
#2005=ORIENTED_EDGE('',*,*,#4610,.T.);
#2006=ORIENTED_EDGE('',*,*,#4606,.T.);
#2007=ORIENTED_EDGE('',*,*,#3992,.F.);
#2008=ORIENTED_EDGE('',*,*,#4611,.F.);
#2009=ORIENTED_EDGE('',*,*,#4612,.T.);
#2010=ORIENTED_EDGE('',*,*,#4609,.T.);
#2011=ORIENTED_EDGE('',*,*,#3991,.F.);
#2012=ORIENTED_EDGE('',*,*,#4613,.F.);
#2013=ORIENTED_EDGE('',*,*,#4614,.T.);
#2014=ORIENTED_EDGE('',*,*,#4611,.T.);
#2015=ORIENTED_EDGE('',*,*,#3990,.F.);
#2016=ORIENTED_EDGE('',*,*,#4615,.F.);
#2017=ORIENTED_EDGE('',*,*,#4616,.T.);
#2018=ORIENTED_EDGE('',*,*,#4613,.T.);
#2019=ORIENTED_EDGE('',*,*,#3989,.F.);
#2020=ORIENTED_EDGE('',*,*,#4617,.F.);
#2021=ORIENTED_EDGE('',*,*,#4618,.T.);
#2022=ORIENTED_EDGE('',*,*,#4615,.T.);
#2023=ORIENTED_EDGE('',*,*,#3988,.F.);
#2024=ORIENTED_EDGE('',*,*,#4619,.F.);
#2025=ORIENTED_EDGE('',*,*,#4620,.T.);
#2026=ORIENTED_EDGE('',*,*,#4617,.T.);
#2027=ORIENTED_EDGE('',*,*,#3987,.F.);
#2028=ORIENTED_EDGE('',*,*,#4621,.F.);
#2029=ORIENTED_EDGE('',*,*,#4622,.T.);
#2030=ORIENTED_EDGE('',*,*,#4619,.T.);
#2031=ORIENTED_EDGE('',*,*,#3986,.F.);
#2032=ORIENTED_EDGE('',*,*,#4623,.F.);
#2033=ORIENTED_EDGE('',*,*,#4624,.T.);
#2034=ORIENTED_EDGE('',*,*,#4621,.T.);
#2035=ORIENTED_EDGE('',*,*,#3985,.F.);
#2036=ORIENTED_EDGE('',*,*,#4608,.F.);
#2037=ORIENTED_EDGE('',*,*,#4625,.T.);
#2038=ORIENTED_EDGE('',*,*,#4623,.T.);
#2039=ORIENTED_EDGE('',*,*,#4607,.F.);
#2040=ORIENTED_EDGE('',*,*,#4610,.F.);
#2041=ORIENTED_EDGE('',*,*,#4612,.F.);
#2042=ORIENTED_EDGE('',*,*,#4614,.F.);
#2043=ORIENTED_EDGE('',*,*,#4616,.F.);
#2044=ORIENTED_EDGE('',*,*,#4618,.F.);
#2045=ORIENTED_EDGE('',*,*,#4620,.F.);
#2046=ORIENTED_EDGE('',*,*,#4622,.F.);
#2047=ORIENTED_EDGE('',*,*,#4624,.F.);
#2048=ORIENTED_EDGE('',*,*,#4625,.F.);
#2049=ORIENTED_EDGE('',*,*,#4096,.F.);
#2050=ORIENTED_EDGE('',*,*,#4626,.F.);
#2051=ORIENTED_EDGE('',*,*,#4627,.T.);
#2052=ORIENTED_EDGE('',*,*,#4628,.T.);
#2053=ORIENTED_EDGE('',*,*,#4105,.F.);
#2054=ORIENTED_EDGE('',*,*,#4629,.F.);
#2055=ORIENTED_EDGE('',*,*,#4630,.T.);
#2056=ORIENTED_EDGE('',*,*,#4626,.T.);
#2057=ORIENTED_EDGE('',*,*,#4104,.F.);
#2058=ORIENTED_EDGE('',*,*,#4631,.F.);
#2059=ORIENTED_EDGE('',*,*,#4632,.T.);
#2060=ORIENTED_EDGE('',*,*,#4629,.T.);
#2061=ORIENTED_EDGE('',*,*,#4103,.F.);
#2062=ORIENTED_EDGE('',*,*,#4633,.F.);
#2063=ORIENTED_EDGE('',*,*,#4634,.T.);
#2064=ORIENTED_EDGE('',*,*,#4631,.T.);
#2065=ORIENTED_EDGE('',*,*,#4102,.F.);
#2066=ORIENTED_EDGE('',*,*,#4635,.F.);
#2067=ORIENTED_EDGE('',*,*,#4636,.T.);
#2068=ORIENTED_EDGE('',*,*,#4633,.T.);
#2069=ORIENTED_EDGE('',*,*,#4101,.F.);
#2070=ORIENTED_EDGE('',*,*,#4637,.F.);
#2071=ORIENTED_EDGE('',*,*,#4638,.T.);
#2072=ORIENTED_EDGE('',*,*,#4635,.T.);
#2073=ORIENTED_EDGE('',*,*,#4100,.F.);
#2074=ORIENTED_EDGE('',*,*,#4639,.F.);
#2075=ORIENTED_EDGE('',*,*,#4640,.T.);
#2076=ORIENTED_EDGE('',*,*,#4637,.T.);
#2077=ORIENTED_EDGE('',*,*,#4099,.F.);
#2078=ORIENTED_EDGE('',*,*,#4641,.F.);
#2079=ORIENTED_EDGE('',*,*,#4642,.T.);
#2080=ORIENTED_EDGE('',*,*,#4639,.T.);
#2081=ORIENTED_EDGE('',*,*,#4098,.F.);
#2082=ORIENTED_EDGE('',*,*,#4643,.F.);
#2083=ORIENTED_EDGE('',*,*,#4644,.T.);
#2084=ORIENTED_EDGE('',*,*,#4641,.T.);
#2085=ORIENTED_EDGE('',*,*,#4097,.F.);
#2086=ORIENTED_EDGE('',*,*,#4628,.F.);
#2087=ORIENTED_EDGE('',*,*,#4645,.T.);
#2088=ORIENTED_EDGE('',*,*,#4643,.T.);
#2089=ORIENTED_EDGE('',*,*,#4627,.F.);
#2090=ORIENTED_EDGE('',*,*,#4630,.F.);
#2091=ORIENTED_EDGE('',*,*,#4632,.F.);
#2092=ORIENTED_EDGE('',*,*,#4634,.F.);
#2093=ORIENTED_EDGE('',*,*,#4636,.F.);
#2094=ORIENTED_EDGE('',*,*,#4638,.F.);
#2095=ORIENTED_EDGE('',*,*,#4640,.F.);
#2096=ORIENTED_EDGE('',*,*,#4642,.F.);
#2097=ORIENTED_EDGE('',*,*,#4644,.F.);
#2098=ORIENTED_EDGE('',*,*,#4645,.F.);
#2099=ORIENTED_EDGE('',*,*,#3980,.F.);
#2100=ORIENTED_EDGE('',*,*,#4646,.F.);
#2101=ORIENTED_EDGE('',*,*,#4647,.T.);
#2102=ORIENTED_EDGE('',*,*,#4648,.T.);
#2103=ORIENTED_EDGE('',*,*,#3983,.F.);
#2104=ORIENTED_EDGE('',*,*,#4649,.F.);
#2105=ORIENTED_EDGE('',*,*,#4650,.T.);
#2106=ORIENTED_EDGE('',*,*,#4646,.T.);
#2107=ORIENTED_EDGE('',*,*,#3982,.F.);
#2108=ORIENTED_EDGE('',*,*,#4651,.F.);
#2109=ORIENTED_EDGE('',*,*,#4652,.T.);
#2110=ORIENTED_EDGE('',*,*,#4649,.T.);
#2111=ORIENTED_EDGE('',*,*,#3981,.F.);
#2112=ORIENTED_EDGE('',*,*,#4648,.F.);
#2113=ORIENTED_EDGE('',*,*,#4653,.T.);
#2114=ORIENTED_EDGE('',*,*,#4651,.T.);
#2115=ORIENTED_EDGE('',*,*,#4647,.F.);
#2116=ORIENTED_EDGE('',*,*,#4650,.F.);
#2117=ORIENTED_EDGE('',*,*,#4652,.F.);
#2118=ORIENTED_EDGE('',*,*,#4653,.F.);
#2119=ORIENTED_EDGE('',*,*,#4106,.F.);
#2120=ORIENTED_EDGE('',*,*,#4654,.F.);
#2121=ORIENTED_EDGE('',*,*,#4655,.T.);
#2122=ORIENTED_EDGE('',*,*,#4656,.T.);
#2123=ORIENTED_EDGE('',*,*,#4125,.F.);
#2124=ORIENTED_EDGE('',*,*,#4657,.F.);
#2125=ORIENTED_EDGE('',*,*,#4658,.T.);
#2126=ORIENTED_EDGE('',*,*,#4654,.T.);
#2127=ORIENTED_EDGE('',*,*,#4124,.F.);
#2128=ORIENTED_EDGE('',*,*,#4659,.F.);
#2129=ORIENTED_EDGE('',*,*,#4660,.T.);
#2130=ORIENTED_EDGE('',*,*,#4657,.T.);
#2131=ORIENTED_EDGE('',*,*,#4123,.F.);
#2132=ORIENTED_EDGE('',*,*,#4661,.F.);
#2133=ORIENTED_EDGE('',*,*,#4662,.T.);
#2134=ORIENTED_EDGE('',*,*,#4659,.T.);
#2135=ORIENTED_EDGE('',*,*,#4122,.F.);
#2136=ORIENTED_EDGE('',*,*,#4663,.F.);
#2137=ORIENTED_EDGE('',*,*,#4664,.T.);
#2138=ORIENTED_EDGE('',*,*,#4661,.T.);
#2139=ORIENTED_EDGE('',*,*,#4121,.F.);
#2140=ORIENTED_EDGE('',*,*,#4665,.F.);
#2141=ORIENTED_EDGE('',*,*,#4666,.T.);
#2142=ORIENTED_EDGE('',*,*,#4663,.T.);
#2143=ORIENTED_EDGE('',*,*,#4120,.F.);
#2144=ORIENTED_EDGE('',*,*,#4667,.F.);
#2145=ORIENTED_EDGE('',*,*,#4668,.T.);
#2146=ORIENTED_EDGE('',*,*,#4665,.T.);
#2147=ORIENTED_EDGE('',*,*,#4119,.F.);
#2148=ORIENTED_EDGE('',*,*,#4669,.F.);
#2149=ORIENTED_EDGE('',*,*,#4670,.T.);
#2150=ORIENTED_EDGE('',*,*,#4667,.T.);
#2151=ORIENTED_EDGE('',*,*,#4118,.F.);
#2152=ORIENTED_EDGE('',*,*,#4671,.F.);
#2153=ORIENTED_EDGE('',*,*,#4672,.T.);
#2154=ORIENTED_EDGE('',*,*,#4669,.T.);
#2155=ORIENTED_EDGE('',*,*,#4117,.F.);
#2156=ORIENTED_EDGE('',*,*,#4673,.F.);
#2157=ORIENTED_EDGE('',*,*,#4674,.T.);
#2158=ORIENTED_EDGE('',*,*,#4671,.T.);
#2159=ORIENTED_EDGE('',*,*,#4116,.F.);
#2160=ORIENTED_EDGE('',*,*,#4675,.F.);
#2161=ORIENTED_EDGE('',*,*,#4676,.T.);
#2162=ORIENTED_EDGE('',*,*,#4673,.T.);
#2163=ORIENTED_EDGE('',*,*,#4115,.F.);
#2164=ORIENTED_EDGE('',*,*,#4677,.F.);
#2165=ORIENTED_EDGE('',*,*,#4678,.T.);
#2166=ORIENTED_EDGE('',*,*,#4675,.T.);
#2167=ORIENTED_EDGE('',*,*,#4114,.F.);
#2168=ORIENTED_EDGE('',*,*,#4679,.F.);
#2169=ORIENTED_EDGE('',*,*,#4680,.T.);
#2170=ORIENTED_EDGE('',*,*,#4677,.T.);
#2171=ORIENTED_EDGE('',*,*,#4113,.F.);
#2172=ORIENTED_EDGE('',*,*,#4681,.F.);
#2173=ORIENTED_EDGE('',*,*,#4682,.T.);
#2174=ORIENTED_EDGE('',*,*,#4679,.T.);
#2175=ORIENTED_EDGE('',*,*,#4112,.F.);
#2176=ORIENTED_EDGE('',*,*,#4683,.F.);
#2177=ORIENTED_EDGE('',*,*,#4684,.T.);
#2178=ORIENTED_EDGE('',*,*,#4681,.T.);
#2179=ORIENTED_EDGE('',*,*,#4111,.F.);
#2180=ORIENTED_EDGE('',*,*,#4685,.F.);
#2181=ORIENTED_EDGE('',*,*,#4686,.T.);
#2182=ORIENTED_EDGE('',*,*,#4683,.T.);
#2183=ORIENTED_EDGE('',*,*,#4110,.F.);
#2184=ORIENTED_EDGE('',*,*,#4687,.F.);
#2185=ORIENTED_EDGE('',*,*,#4688,.T.);
#2186=ORIENTED_EDGE('',*,*,#4685,.T.);
#2187=ORIENTED_EDGE('',*,*,#4109,.F.);
#2188=ORIENTED_EDGE('',*,*,#4689,.F.);
#2189=ORIENTED_EDGE('',*,*,#4690,.T.);
#2190=ORIENTED_EDGE('',*,*,#4687,.T.);
#2191=ORIENTED_EDGE('',*,*,#4108,.F.);
#2192=ORIENTED_EDGE('',*,*,#4691,.F.);
#2193=ORIENTED_EDGE('',*,*,#4692,.T.);
#2194=ORIENTED_EDGE('',*,*,#4689,.T.);
#2195=ORIENTED_EDGE('',*,*,#4107,.F.);
#2196=ORIENTED_EDGE('',*,*,#4656,.F.);
#2197=ORIENTED_EDGE('',*,*,#4693,.T.);
#2198=ORIENTED_EDGE('',*,*,#4691,.T.);
#2199=ORIENTED_EDGE('',*,*,#4655,.F.);
#2200=ORIENTED_EDGE('',*,*,#4658,.F.);
#2201=ORIENTED_EDGE('',*,*,#4660,.F.);
#2202=ORIENTED_EDGE('',*,*,#4662,.F.);
#2203=ORIENTED_EDGE('',*,*,#4664,.F.);
#2204=ORIENTED_EDGE('',*,*,#4666,.F.);
#2205=ORIENTED_EDGE('',*,*,#4668,.F.);
#2206=ORIENTED_EDGE('',*,*,#4670,.F.);
#2207=ORIENTED_EDGE('',*,*,#4672,.F.);
#2208=ORIENTED_EDGE('',*,*,#4674,.F.);
#2209=ORIENTED_EDGE('',*,*,#4676,.F.);
#2210=ORIENTED_EDGE('',*,*,#4678,.F.);
#2211=ORIENTED_EDGE('',*,*,#4680,.F.);
#2212=ORIENTED_EDGE('',*,*,#4682,.F.);
#2213=ORIENTED_EDGE('',*,*,#4684,.F.);
#2214=ORIENTED_EDGE('',*,*,#4686,.F.);
#2215=ORIENTED_EDGE('',*,*,#4688,.F.);
#2216=ORIENTED_EDGE('',*,*,#4690,.F.);
#2217=ORIENTED_EDGE('',*,*,#4692,.F.);
#2218=ORIENTED_EDGE('',*,*,#4693,.F.);
#2219=ORIENTED_EDGE('',*,*,#3954,.F.);
#2220=ORIENTED_EDGE('',*,*,#4694,.F.);
#2221=ORIENTED_EDGE('',*,*,#4695,.T.);
#2222=ORIENTED_EDGE('',*,*,#4696,.T.);
#2223=ORIENTED_EDGE('',*,*,#3979,.F.);
#2224=ORIENTED_EDGE('',*,*,#4697,.F.);
#2225=ORIENTED_EDGE('',*,*,#4698,.T.);
#2226=ORIENTED_EDGE('',*,*,#4694,.T.);
#2227=ORIENTED_EDGE('',*,*,#3978,.F.);
#2228=ORIENTED_EDGE('',*,*,#4699,.F.);
#2229=ORIENTED_EDGE('',*,*,#4700,.T.);
#2230=ORIENTED_EDGE('',*,*,#4697,.T.);
#2231=ORIENTED_EDGE('',*,*,#3977,.F.);
#2232=ORIENTED_EDGE('',*,*,#4701,.F.);
#2233=ORIENTED_EDGE('',*,*,#4702,.T.);
#2234=ORIENTED_EDGE('',*,*,#4699,.T.);
#2235=ORIENTED_EDGE('',*,*,#3976,.F.);
#2236=ORIENTED_EDGE('',*,*,#4703,.F.);
#2237=ORIENTED_EDGE('',*,*,#4704,.T.);
#2238=ORIENTED_EDGE('',*,*,#4701,.T.);
#2239=ORIENTED_EDGE('',*,*,#3975,.F.);
#2240=ORIENTED_EDGE('',*,*,#4705,.F.);
#2241=ORIENTED_EDGE('',*,*,#4706,.T.);
#2242=ORIENTED_EDGE('',*,*,#4703,.T.);
#2243=ORIENTED_EDGE('',*,*,#3974,.F.);
#2244=ORIENTED_EDGE('',*,*,#4707,.F.);
#2245=ORIENTED_EDGE('',*,*,#4708,.T.);
#2246=ORIENTED_EDGE('',*,*,#4705,.T.);
#2247=ORIENTED_EDGE('',*,*,#3973,.F.);
#2248=ORIENTED_EDGE('',*,*,#4709,.F.);
#2249=ORIENTED_EDGE('',*,*,#4710,.T.);
#2250=ORIENTED_EDGE('',*,*,#4707,.T.);
#2251=ORIENTED_EDGE('',*,*,#3972,.F.);
#2252=ORIENTED_EDGE('',*,*,#4711,.F.);
#2253=ORIENTED_EDGE('',*,*,#4712,.T.);
#2254=ORIENTED_EDGE('',*,*,#4709,.T.);
#2255=ORIENTED_EDGE('',*,*,#3971,.F.);
#2256=ORIENTED_EDGE('',*,*,#4713,.F.);
#2257=ORIENTED_EDGE('',*,*,#4714,.T.);
#2258=ORIENTED_EDGE('',*,*,#4711,.T.);
#2259=ORIENTED_EDGE('',*,*,#3970,.F.);
#2260=ORIENTED_EDGE('',*,*,#4715,.F.);
#2261=ORIENTED_EDGE('',*,*,#4716,.T.);
#2262=ORIENTED_EDGE('',*,*,#4713,.T.);
#2263=ORIENTED_EDGE('',*,*,#3969,.F.);
#2264=ORIENTED_EDGE('',*,*,#4717,.F.);
#2265=ORIENTED_EDGE('',*,*,#4718,.T.);
#2266=ORIENTED_EDGE('',*,*,#4715,.T.);
#2267=ORIENTED_EDGE('',*,*,#3968,.F.);
#2268=ORIENTED_EDGE('',*,*,#4719,.F.);
#2269=ORIENTED_EDGE('',*,*,#4720,.T.);
#2270=ORIENTED_EDGE('',*,*,#4717,.T.);
#2271=ORIENTED_EDGE('',*,*,#3967,.F.);
#2272=ORIENTED_EDGE('',*,*,#4721,.F.);
#2273=ORIENTED_EDGE('',*,*,#4722,.T.);
#2274=ORIENTED_EDGE('',*,*,#4719,.T.);
#2275=ORIENTED_EDGE('',*,*,#3966,.F.);
#2276=ORIENTED_EDGE('',*,*,#4723,.F.);
#2277=ORIENTED_EDGE('',*,*,#4724,.T.);
#2278=ORIENTED_EDGE('',*,*,#4721,.T.);
#2279=ORIENTED_EDGE('',*,*,#3965,.F.);
#2280=ORIENTED_EDGE('',*,*,#4725,.F.);
#2281=ORIENTED_EDGE('',*,*,#4726,.T.);
#2282=ORIENTED_EDGE('',*,*,#4723,.T.);
#2283=ORIENTED_EDGE('',*,*,#3964,.F.);
#2284=ORIENTED_EDGE('',*,*,#4727,.F.);
#2285=ORIENTED_EDGE('',*,*,#4728,.T.);
#2286=ORIENTED_EDGE('',*,*,#4725,.T.);
#2287=ORIENTED_EDGE('',*,*,#3963,.F.);
#2288=ORIENTED_EDGE('',*,*,#4729,.F.);
#2289=ORIENTED_EDGE('',*,*,#4730,.T.);
#2290=ORIENTED_EDGE('',*,*,#4727,.T.);
#2291=ORIENTED_EDGE('',*,*,#3962,.F.);
#2292=ORIENTED_EDGE('',*,*,#4731,.F.);
#2293=ORIENTED_EDGE('',*,*,#4732,.T.);
#2294=ORIENTED_EDGE('',*,*,#4729,.T.);
#2295=ORIENTED_EDGE('',*,*,#3961,.F.);
#2296=ORIENTED_EDGE('',*,*,#4733,.F.);
#2297=ORIENTED_EDGE('',*,*,#4734,.T.);
#2298=ORIENTED_EDGE('',*,*,#4731,.T.);
#2299=ORIENTED_EDGE('',*,*,#3960,.F.);
#2300=ORIENTED_EDGE('',*,*,#4735,.F.);
#2301=ORIENTED_EDGE('',*,*,#4736,.T.);
#2302=ORIENTED_EDGE('',*,*,#4733,.T.);
#2303=ORIENTED_EDGE('',*,*,#3959,.F.);
#2304=ORIENTED_EDGE('',*,*,#4737,.F.);
#2305=ORIENTED_EDGE('',*,*,#4738,.T.);
#2306=ORIENTED_EDGE('',*,*,#4735,.T.);
#2307=ORIENTED_EDGE('',*,*,#3958,.F.);
#2308=ORIENTED_EDGE('',*,*,#4739,.F.);
#2309=ORIENTED_EDGE('',*,*,#4740,.T.);
#2310=ORIENTED_EDGE('',*,*,#4737,.T.);
#2311=ORIENTED_EDGE('',*,*,#3957,.F.);
#2312=ORIENTED_EDGE('',*,*,#4741,.F.);
#2313=ORIENTED_EDGE('',*,*,#4742,.T.);
#2314=ORIENTED_EDGE('',*,*,#4739,.T.);
#2315=ORIENTED_EDGE('',*,*,#3956,.F.);
#2316=ORIENTED_EDGE('',*,*,#4743,.F.);
#2317=ORIENTED_EDGE('',*,*,#4744,.T.);
#2318=ORIENTED_EDGE('',*,*,#4741,.T.);
#2319=ORIENTED_EDGE('',*,*,#3955,.F.);
#2320=ORIENTED_EDGE('',*,*,#4696,.F.);
#2321=ORIENTED_EDGE('',*,*,#4745,.T.);
#2322=ORIENTED_EDGE('',*,*,#4743,.T.);
#2323=ORIENTED_EDGE('',*,*,#4695,.F.);
#2324=ORIENTED_EDGE('',*,*,#4698,.F.);
#2325=ORIENTED_EDGE('',*,*,#4700,.F.);
#2326=ORIENTED_EDGE('',*,*,#4702,.F.);
#2327=ORIENTED_EDGE('',*,*,#4704,.F.);
#2328=ORIENTED_EDGE('',*,*,#4706,.F.);
#2329=ORIENTED_EDGE('',*,*,#4708,.F.);
#2330=ORIENTED_EDGE('',*,*,#4710,.F.);
#2331=ORIENTED_EDGE('',*,*,#4712,.F.);
#2332=ORIENTED_EDGE('',*,*,#4714,.F.);
#2333=ORIENTED_EDGE('',*,*,#4716,.F.);
#2334=ORIENTED_EDGE('',*,*,#4718,.F.);
#2335=ORIENTED_EDGE('',*,*,#4720,.F.);
#2336=ORIENTED_EDGE('',*,*,#4722,.F.);
#2337=ORIENTED_EDGE('',*,*,#4724,.F.);
#2338=ORIENTED_EDGE('',*,*,#4726,.F.);
#2339=ORIENTED_EDGE('',*,*,#4728,.F.);
#2340=ORIENTED_EDGE('',*,*,#4730,.F.);
#2341=ORIENTED_EDGE('',*,*,#4732,.F.);
#2342=ORIENTED_EDGE('',*,*,#4734,.F.);
#2343=ORIENTED_EDGE('',*,*,#4736,.F.);
#2344=ORIENTED_EDGE('',*,*,#4738,.F.);
#2345=ORIENTED_EDGE('',*,*,#4740,.F.);
#2346=ORIENTED_EDGE('',*,*,#4742,.F.);
#2347=ORIENTED_EDGE('',*,*,#4744,.F.);
#2348=ORIENTED_EDGE('',*,*,#4745,.F.);
#2349=ORIENTED_EDGE('',*,*,#4126,.F.);
#2350=ORIENTED_EDGE('',*,*,#4746,.F.);
#2351=ORIENTED_EDGE('',*,*,#4747,.T.);
#2352=ORIENTED_EDGE('',*,*,#4748,.T.);
#2353=ORIENTED_EDGE('',*,*,#4130,.F.);
#2354=ORIENTED_EDGE('',*,*,#4749,.F.);
#2355=ORIENTED_EDGE('',*,*,#4750,.T.);
#2356=ORIENTED_EDGE('',*,*,#4746,.T.);
#2357=ORIENTED_EDGE('',*,*,#4129,.F.);
#2358=ORIENTED_EDGE('',*,*,#4751,.F.);
#2359=ORIENTED_EDGE('',*,*,#4752,.T.);
#2360=ORIENTED_EDGE('',*,*,#4749,.T.);
#2361=ORIENTED_EDGE('',*,*,#4128,.F.);
#2362=ORIENTED_EDGE('',*,*,#4753,.F.);
#2363=ORIENTED_EDGE('',*,*,#4754,.T.);
#2364=ORIENTED_EDGE('',*,*,#4751,.T.);
#2365=ORIENTED_EDGE('',*,*,#4127,.F.);
#2366=ORIENTED_EDGE('',*,*,#4748,.F.);
#2367=ORIENTED_EDGE('',*,*,#4755,.T.);
#2368=ORIENTED_EDGE('',*,*,#4753,.T.);
#2369=ORIENTED_EDGE('',*,*,#4747,.F.);
#2370=ORIENTED_EDGE('',*,*,#4750,.F.);
#2371=ORIENTED_EDGE('',*,*,#4752,.F.);
#2372=ORIENTED_EDGE('',*,*,#4754,.F.);
#2373=ORIENTED_EDGE('',*,*,#4755,.F.);
#2374=ORIENTED_EDGE('',*,*,#3924,.F.);
#2375=ORIENTED_EDGE('',*,*,#4756,.F.);
#2376=ORIENTED_EDGE('',*,*,#4757,.T.);
#2377=ORIENTED_EDGE('',*,*,#4758,.T.);
#2378=ORIENTED_EDGE('',*,*,#3953,.F.);
#2379=ORIENTED_EDGE('',*,*,#4759,.F.);
#2380=ORIENTED_EDGE('',*,*,#4760,.T.);
#2381=ORIENTED_EDGE('',*,*,#4756,.T.);
#2382=ORIENTED_EDGE('',*,*,#3952,.F.);
#2383=ORIENTED_EDGE('',*,*,#4761,.F.);
#2384=ORIENTED_EDGE('',*,*,#4762,.T.);
#2385=ORIENTED_EDGE('',*,*,#4759,.T.);
#2386=ORIENTED_EDGE('',*,*,#3951,.F.);
#2387=ORIENTED_EDGE('',*,*,#4763,.F.);
#2388=ORIENTED_EDGE('',*,*,#4764,.T.);
#2389=ORIENTED_EDGE('',*,*,#4761,.T.);
#2390=ORIENTED_EDGE('',*,*,#3950,.F.);
#2391=ORIENTED_EDGE('',*,*,#4765,.F.);
#2392=ORIENTED_EDGE('',*,*,#4766,.T.);
#2393=ORIENTED_EDGE('',*,*,#4763,.T.);
#2394=ORIENTED_EDGE('',*,*,#3949,.F.);
#2395=ORIENTED_EDGE('',*,*,#4767,.F.);
#2396=ORIENTED_EDGE('',*,*,#4768,.T.);
#2397=ORIENTED_EDGE('',*,*,#4765,.T.);
#2398=ORIENTED_EDGE('',*,*,#3948,.F.);
#2399=ORIENTED_EDGE('',*,*,#4769,.F.);
#2400=ORIENTED_EDGE('',*,*,#4770,.T.);
#2401=ORIENTED_EDGE('',*,*,#4767,.T.);
#2402=ORIENTED_EDGE('',*,*,#3947,.F.);
#2403=ORIENTED_EDGE('',*,*,#4771,.F.);
#2404=ORIENTED_EDGE('',*,*,#4772,.T.);
#2405=ORIENTED_EDGE('',*,*,#4769,.T.);
#2406=ORIENTED_EDGE('',*,*,#3946,.F.);
#2407=ORIENTED_EDGE('',*,*,#4773,.F.);
#2408=ORIENTED_EDGE('',*,*,#4774,.T.);
#2409=ORIENTED_EDGE('',*,*,#4771,.T.);
#2410=ORIENTED_EDGE('',*,*,#3945,.F.);
#2411=ORIENTED_EDGE('',*,*,#4775,.F.);
#2412=ORIENTED_EDGE('',*,*,#4776,.T.);
#2413=ORIENTED_EDGE('',*,*,#4773,.T.);
#2414=ORIENTED_EDGE('',*,*,#3944,.F.);
#2415=ORIENTED_EDGE('',*,*,#4777,.F.);
#2416=ORIENTED_EDGE('',*,*,#4778,.T.);
#2417=ORIENTED_EDGE('',*,*,#4775,.T.);
#2418=ORIENTED_EDGE('',*,*,#3943,.F.);
#2419=ORIENTED_EDGE('',*,*,#4779,.F.);
#2420=ORIENTED_EDGE('',*,*,#4780,.T.);
#2421=ORIENTED_EDGE('',*,*,#4777,.T.);
#2422=ORIENTED_EDGE('',*,*,#3942,.F.);
#2423=ORIENTED_EDGE('',*,*,#4781,.F.);
#2424=ORIENTED_EDGE('',*,*,#4782,.T.);
#2425=ORIENTED_EDGE('',*,*,#4779,.T.);
#2426=ORIENTED_EDGE('',*,*,#3941,.F.);
#2427=ORIENTED_EDGE('',*,*,#4783,.F.);
#2428=ORIENTED_EDGE('',*,*,#4784,.T.);
#2429=ORIENTED_EDGE('',*,*,#4781,.T.);
#2430=ORIENTED_EDGE('',*,*,#3940,.F.);
#2431=ORIENTED_EDGE('',*,*,#4785,.F.);
#2432=ORIENTED_EDGE('',*,*,#4786,.T.);
#2433=ORIENTED_EDGE('',*,*,#4783,.T.);
#2434=ORIENTED_EDGE('',*,*,#3939,.F.);
#2435=ORIENTED_EDGE('',*,*,#4787,.F.);
#2436=ORIENTED_EDGE('',*,*,#4788,.T.);
#2437=ORIENTED_EDGE('',*,*,#4785,.T.);
#2438=ORIENTED_EDGE('',*,*,#3938,.F.);
#2439=ORIENTED_EDGE('',*,*,#4789,.F.);
#2440=ORIENTED_EDGE('',*,*,#4790,.T.);
#2441=ORIENTED_EDGE('',*,*,#4787,.T.);
#2442=ORIENTED_EDGE('',*,*,#3937,.F.);
#2443=ORIENTED_EDGE('',*,*,#4791,.F.);
#2444=ORIENTED_EDGE('',*,*,#4792,.T.);
#2445=ORIENTED_EDGE('',*,*,#4789,.T.);
#2446=ORIENTED_EDGE('',*,*,#3936,.F.);
#2447=ORIENTED_EDGE('',*,*,#4793,.F.);
#2448=ORIENTED_EDGE('',*,*,#4794,.T.);
#2449=ORIENTED_EDGE('',*,*,#4791,.T.);
#2450=ORIENTED_EDGE('',*,*,#3935,.F.);
#2451=ORIENTED_EDGE('',*,*,#4795,.F.);
#2452=ORIENTED_EDGE('',*,*,#4796,.T.);
#2453=ORIENTED_EDGE('',*,*,#4793,.T.);
#2454=ORIENTED_EDGE('',*,*,#3934,.F.);
#2455=ORIENTED_EDGE('',*,*,#4797,.F.);
#2456=ORIENTED_EDGE('',*,*,#4798,.T.);
#2457=ORIENTED_EDGE('',*,*,#4795,.T.);
#2458=ORIENTED_EDGE('',*,*,#3933,.F.);
#2459=ORIENTED_EDGE('',*,*,#4799,.F.);
#2460=ORIENTED_EDGE('',*,*,#4800,.T.);
#2461=ORIENTED_EDGE('',*,*,#4797,.T.);
#2462=ORIENTED_EDGE('',*,*,#3932,.F.);
#2463=ORIENTED_EDGE('',*,*,#4801,.F.);
#2464=ORIENTED_EDGE('',*,*,#4802,.T.);
#2465=ORIENTED_EDGE('',*,*,#4799,.T.);
#2466=ORIENTED_EDGE('',*,*,#3931,.F.);
#2467=ORIENTED_EDGE('',*,*,#4803,.F.);
#2468=ORIENTED_EDGE('',*,*,#4804,.T.);
#2469=ORIENTED_EDGE('',*,*,#4801,.T.);
#2470=ORIENTED_EDGE('',*,*,#3930,.F.);
#2471=ORIENTED_EDGE('',*,*,#4805,.F.);
#2472=ORIENTED_EDGE('',*,*,#4806,.T.);
#2473=ORIENTED_EDGE('',*,*,#4803,.T.);
#2474=ORIENTED_EDGE('',*,*,#3929,.F.);
#2475=ORIENTED_EDGE('',*,*,#4807,.F.);
#2476=ORIENTED_EDGE('',*,*,#4808,.T.);
#2477=ORIENTED_EDGE('',*,*,#4805,.T.);
#2478=ORIENTED_EDGE('',*,*,#3928,.F.);
#2479=ORIENTED_EDGE('',*,*,#4809,.F.);
#2480=ORIENTED_EDGE('',*,*,#4810,.T.);
#2481=ORIENTED_EDGE('',*,*,#4807,.T.);
#2482=ORIENTED_EDGE('',*,*,#3927,.F.);
#2483=ORIENTED_EDGE('',*,*,#4811,.F.);
#2484=ORIENTED_EDGE('',*,*,#4812,.T.);
#2485=ORIENTED_EDGE('',*,*,#4809,.T.);
#2486=ORIENTED_EDGE('',*,*,#3926,.F.);
#2487=ORIENTED_EDGE('',*,*,#4813,.F.);
#2488=ORIENTED_EDGE('',*,*,#4814,.T.);
#2489=ORIENTED_EDGE('',*,*,#4811,.T.);
#2490=ORIENTED_EDGE('',*,*,#3925,.F.);
#2491=ORIENTED_EDGE('',*,*,#4758,.F.);
#2492=ORIENTED_EDGE('',*,*,#4815,.T.);
#2493=ORIENTED_EDGE('',*,*,#4813,.T.);
#2494=ORIENTED_EDGE('',*,*,#4757,.F.);
#2495=ORIENTED_EDGE('',*,*,#4760,.F.);
#2496=ORIENTED_EDGE('',*,*,#4762,.F.);
#2497=ORIENTED_EDGE('',*,*,#4764,.F.);
#2498=ORIENTED_EDGE('',*,*,#4766,.F.);
#2499=ORIENTED_EDGE('',*,*,#4768,.F.);
#2500=ORIENTED_EDGE('',*,*,#4770,.F.);
#2501=ORIENTED_EDGE('',*,*,#4772,.F.);
#2502=ORIENTED_EDGE('',*,*,#4774,.F.);
#2503=ORIENTED_EDGE('',*,*,#4776,.F.);
#2504=ORIENTED_EDGE('',*,*,#4778,.F.);
#2505=ORIENTED_EDGE('',*,*,#4780,.F.);
#2506=ORIENTED_EDGE('',*,*,#4782,.F.);
#2507=ORIENTED_EDGE('',*,*,#4784,.F.);
#2508=ORIENTED_EDGE('',*,*,#4786,.F.);
#2509=ORIENTED_EDGE('',*,*,#4788,.F.);
#2510=ORIENTED_EDGE('',*,*,#4790,.F.);
#2511=ORIENTED_EDGE('',*,*,#4792,.F.);
#2512=ORIENTED_EDGE('',*,*,#4794,.F.);
#2513=ORIENTED_EDGE('',*,*,#4796,.F.);
#2514=ORIENTED_EDGE('',*,*,#4798,.F.);
#2515=ORIENTED_EDGE('',*,*,#4800,.F.);
#2516=ORIENTED_EDGE('',*,*,#4802,.F.);
#2517=ORIENTED_EDGE('',*,*,#4804,.F.);
#2518=ORIENTED_EDGE('',*,*,#4806,.F.);
#2519=ORIENTED_EDGE('',*,*,#4808,.F.);
#2520=ORIENTED_EDGE('',*,*,#4810,.F.);
#2521=ORIENTED_EDGE('',*,*,#4812,.F.);
#2522=ORIENTED_EDGE('',*,*,#4814,.F.);
#2523=ORIENTED_EDGE('',*,*,#4815,.F.);
#2524=ORIENTED_EDGE('',*,*,#4131,.F.);
#2525=ORIENTED_EDGE('',*,*,#4816,.F.);
#2526=ORIENTED_EDGE('',*,*,#4817,.T.);
#2527=ORIENTED_EDGE('',*,*,#4818,.T.);
#2528=ORIENTED_EDGE('',*,*,#4160,.F.);
#2529=ORIENTED_EDGE('',*,*,#4819,.F.);
#2530=ORIENTED_EDGE('',*,*,#4820,.T.);
#2531=ORIENTED_EDGE('',*,*,#4816,.T.);
#2532=ORIENTED_EDGE('',*,*,#4159,.F.);
#2533=ORIENTED_EDGE('',*,*,#4821,.F.);
#2534=ORIENTED_EDGE('',*,*,#4822,.T.);
#2535=ORIENTED_EDGE('',*,*,#4819,.T.);
#2536=ORIENTED_EDGE('',*,*,#4158,.F.);
#2537=ORIENTED_EDGE('',*,*,#4823,.F.);
#2538=ORIENTED_EDGE('',*,*,#4824,.T.);
#2539=ORIENTED_EDGE('',*,*,#4821,.T.);
#2540=ORIENTED_EDGE('',*,*,#4157,.F.);
#2541=ORIENTED_EDGE('',*,*,#4825,.F.);
#2542=ORIENTED_EDGE('',*,*,#4826,.T.);
#2543=ORIENTED_EDGE('',*,*,#4823,.T.);
#2544=ORIENTED_EDGE('',*,*,#4156,.F.);
#2545=ORIENTED_EDGE('',*,*,#4827,.F.);
#2546=ORIENTED_EDGE('',*,*,#4828,.T.);
#2547=ORIENTED_EDGE('',*,*,#4825,.T.);
#2548=ORIENTED_EDGE('',*,*,#4155,.F.);
#2549=ORIENTED_EDGE('',*,*,#4829,.F.);
#2550=ORIENTED_EDGE('',*,*,#4830,.T.);
#2551=ORIENTED_EDGE('',*,*,#4827,.T.);
#2552=ORIENTED_EDGE('',*,*,#4154,.F.);
#2553=ORIENTED_EDGE('',*,*,#4831,.F.);
#2554=ORIENTED_EDGE('',*,*,#4832,.T.);
#2555=ORIENTED_EDGE('',*,*,#4829,.T.);
#2556=ORIENTED_EDGE('',*,*,#4153,.F.);
#2557=ORIENTED_EDGE('',*,*,#4833,.F.);
#2558=ORIENTED_EDGE('',*,*,#4834,.T.);
#2559=ORIENTED_EDGE('',*,*,#4831,.T.);
#2560=ORIENTED_EDGE('',*,*,#4152,.F.);
#2561=ORIENTED_EDGE('',*,*,#4835,.F.);
#2562=ORIENTED_EDGE('',*,*,#4836,.T.);
#2563=ORIENTED_EDGE('',*,*,#4833,.T.);
#2564=ORIENTED_EDGE('',*,*,#4151,.F.);
#2565=ORIENTED_EDGE('',*,*,#4837,.F.);
#2566=ORIENTED_EDGE('',*,*,#4838,.T.);
#2567=ORIENTED_EDGE('',*,*,#4835,.T.);
#2568=ORIENTED_EDGE('',*,*,#4150,.F.);
#2569=ORIENTED_EDGE('',*,*,#4839,.F.);
#2570=ORIENTED_EDGE('',*,*,#4840,.T.);
#2571=ORIENTED_EDGE('',*,*,#4837,.T.);
#2572=ORIENTED_EDGE('',*,*,#4149,.F.);
#2573=ORIENTED_EDGE('',*,*,#4841,.F.);
#2574=ORIENTED_EDGE('',*,*,#4842,.T.);
#2575=ORIENTED_EDGE('',*,*,#4839,.T.);
#2576=ORIENTED_EDGE('',*,*,#4148,.F.);
#2577=ORIENTED_EDGE('',*,*,#4843,.F.);
#2578=ORIENTED_EDGE('',*,*,#4844,.T.);
#2579=ORIENTED_EDGE('',*,*,#4841,.T.);
#2580=ORIENTED_EDGE('',*,*,#4147,.F.);
#2581=ORIENTED_EDGE('',*,*,#4845,.F.);
#2582=ORIENTED_EDGE('',*,*,#4846,.T.);
#2583=ORIENTED_EDGE('',*,*,#4843,.T.);
#2584=ORIENTED_EDGE('',*,*,#4146,.F.);
#2585=ORIENTED_EDGE('',*,*,#4847,.F.);
#2586=ORIENTED_EDGE('',*,*,#4848,.T.);
#2587=ORIENTED_EDGE('',*,*,#4845,.T.);
#2588=ORIENTED_EDGE('',*,*,#4145,.F.);
#2589=ORIENTED_EDGE('',*,*,#4849,.F.);
#2590=ORIENTED_EDGE('',*,*,#4850,.T.);
#2591=ORIENTED_EDGE('',*,*,#4847,.T.);
#2592=ORIENTED_EDGE('',*,*,#4144,.F.);
#2593=ORIENTED_EDGE('',*,*,#4851,.F.);
#2594=ORIENTED_EDGE('',*,*,#4852,.T.);
#2595=ORIENTED_EDGE('',*,*,#4849,.T.);
#2596=ORIENTED_EDGE('',*,*,#4143,.F.);
#2597=ORIENTED_EDGE('',*,*,#4853,.F.);
#2598=ORIENTED_EDGE('',*,*,#4854,.T.);
#2599=ORIENTED_EDGE('',*,*,#4851,.T.);
#2600=ORIENTED_EDGE('',*,*,#4142,.F.);
#2601=ORIENTED_EDGE('',*,*,#4855,.F.);
#2602=ORIENTED_EDGE('',*,*,#4856,.T.);
#2603=ORIENTED_EDGE('',*,*,#4853,.T.);
#2604=ORIENTED_EDGE('',*,*,#4141,.F.);
#2605=ORIENTED_EDGE('',*,*,#4857,.F.);
#2606=ORIENTED_EDGE('',*,*,#4858,.T.);
#2607=ORIENTED_EDGE('',*,*,#4855,.T.);
#2608=ORIENTED_EDGE('',*,*,#4140,.F.);
#2609=ORIENTED_EDGE('',*,*,#4859,.F.);
#2610=ORIENTED_EDGE('',*,*,#4860,.T.);
#2611=ORIENTED_EDGE('',*,*,#4857,.T.);
#2612=ORIENTED_EDGE('',*,*,#4139,.F.);
#2613=ORIENTED_EDGE('',*,*,#4861,.F.);
#2614=ORIENTED_EDGE('',*,*,#4862,.T.);
#2615=ORIENTED_EDGE('',*,*,#4859,.T.);
#2616=ORIENTED_EDGE('',*,*,#4138,.F.);
#2617=ORIENTED_EDGE('',*,*,#4863,.F.);
#2618=ORIENTED_EDGE('',*,*,#4864,.T.);
#2619=ORIENTED_EDGE('',*,*,#4861,.T.);
#2620=ORIENTED_EDGE('',*,*,#4137,.F.);
#2621=ORIENTED_EDGE('',*,*,#4865,.F.);
#2622=ORIENTED_EDGE('',*,*,#4866,.T.);
#2623=ORIENTED_EDGE('',*,*,#4863,.T.);
#2624=ORIENTED_EDGE('',*,*,#4136,.F.);
#2625=ORIENTED_EDGE('',*,*,#4867,.F.);
#2626=ORIENTED_EDGE('',*,*,#4868,.T.);
#2627=ORIENTED_EDGE('',*,*,#4865,.T.);
#2628=ORIENTED_EDGE('',*,*,#4135,.F.);
#2629=ORIENTED_EDGE('',*,*,#4869,.F.);
#2630=ORIENTED_EDGE('',*,*,#4870,.T.);
#2631=ORIENTED_EDGE('',*,*,#4867,.T.);
#2632=ORIENTED_EDGE('',*,*,#4134,.F.);
#2633=ORIENTED_EDGE('',*,*,#4871,.F.);
#2634=ORIENTED_EDGE('',*,*,#4872,.T.);
#2635=ORIENTED_EDGE('',*,*,#4869,.T.);
#2636=ORIENTED_EDGE('',*,*,#4133,.F.);
#2637=ORIENTED_EDGE('',*,*,#4873,.F.);
#2638=ORIENTED_EDGE('',*,*,#4874,.T.);
#2639=ORIENTED_EDGE('',*,*,#4871,.T.);
#2640=ORIENTED_EDGE('',*,*,#4132,.F.);
#2641=ORIENTED_EDGE('',*,*,#4818,.F.);
#2642=ORIENTED_EDGE('',*,*,#4875,.T.);
#2643=ORIENTED_EDGE('',*,*,#4873,.T.);
#2644=ORIENTED_EDGE('',*,*,#4817,.F.);
#2645=ORIENTED_EDGE('',*,*,#4820,.F.);
#2646=ORIENTED_EDGE('',*,*,#4822,.F.);
#2647=ORIENTED_EDGE('',*,*,#4824,.F.);
#2648=ORIENTED_EDGE('',*,*,#4826,.F.);
#2649=ORIENTED_EDGE('',*,*,#4828,.F.);
#2650=ORIENTED_EDGE('',*,*,#4830,.F.);
#2651=ORIENTED_EDGE('',*,*,#4832,.F.);
#2652=ORIENTED_EDGE('',*,*,#4834,.F.);
#2653=ORIENTED_EDGE('',*,*,#4836,.F.);
#2654=ORIENTED_EDGE('',*,*,#4838,.F.);
#2655=ORIENTED_EDGE('',*,*,#4840,.F.);
#2656=ORIENTED_EDGE('',*,*,#4842,.F.);
#2657=ORIENTED_EDGE('',*,*,#4844,.F.);
#2658=ORIENTED_EDGE('',*,*,#4846,.F.);
#2659=ORIENTED_EDGE('',*,*,#4848,.F.);
#2660=ORIENTED_EDGE('',*,*,#4850,.F.);
#2661=ORIENTED_EDGE('',*,*,#4852,.F.);
#2662=ORIENTED_EDGE('',*,*,#4854,.F.);
#2663=ORIENTED_EDGE('',*,*,#4856,.F.);
#2664=ORIENTED_EDGE('',*,*,#4858,.F.);
#2665=ORIENTED_EDGE('',*,*,#4860,.F.);
#2666=ORIENTED_EDGE('',*,*,#4862,.F.);
#2667=ORIENTED_EDGE('',*,*,#4864,.F.);
#2668=ORIENTED_EDGE('',*,*,#4866,.F.);
#2669=ORIENTED_EDGE('',*,*,#4868,.F.);
#2670=ORIENTED_EDGE('',*,*,#4870,.F.);
#2671=ORIENTED_EDGE('',*,*,#4872,.F.);
#2672=ORIENTED_EDGE('',*,*,#4874,.F.);
#2673=ORIENTED_EDGE('',*,*,#4875,.F.);
#2674=ORIENTED_EDGE('',*,*,#4876,.F.);
#2675=ORIENTED_EDGE('',*,*,#4877,.F.);
#2676=ORIENTED_EDGE('',*,*,#4878,.T.);
#2677=ORIENTED_EDGE('',*,*,#4879,.T.);
#2678=ORIENTED_EDGE('',*,*,#4880,.F.);
#2679=ORIENTED_EDGE('',*,*,#4881,.F.);
#2680=ORIENTED_EDGE('',*,*,#4882,.T.);
#2681=ORIENTED_EDGE('',*,*,#4877,.T.);
#2682=ORIENTED_EDGE('',*,*,#4883,.F.);
#2683=ORIENTED_EDGE('',*,*,#4884,.F.);
#2684=ORIENTED_EDGE('',*,*,#4885,.T.);
#2685=ORIENTED_EDGE('',*,*,#4881,.T.);
#2686=ORIENTED_EDGE('',*,*,#4886,.F.);
#2687=ORIENTED_EDGE('',*,*,#4887,.F.);
#2688=ORIENTED_EDGE('',*,*,#4888,.T.);
#2689=ORIENTED_EDGE('',*,*,#4884,.T.);
#2690=ORIENTED_EDGE('',*,*,#4889,.F.);
#2691=ORIENTED_EDGE('',*,*,#4890,.F.);
#2692=ORIENTED_EDGE('',*,*,#4891,.T.);
#2693=ORIENTED_EDGE('',*,*,#4887,.T.);
#2694=ORIENTED_EDGE('',*,*,#4892,.F.);
#2695=ORIENTED_EDGE('',*,*,#4893,.F.);
#2696=ORIENTED_EDGE('',*,*,#4894,.T.);
#2697=ORIENTED_EDGE('',*,*,#4890,.T.);
#2698=ORIENTED_EDGE('',*,*,#3907,.F.);
#2699=ORIENTED_EDGE('',*,*,#4895,.F.);
#2700=ORIENTED_EDGE('',*,*,#4896,.T.);
#2701=ORIENTED_EDGE('',*,*,#4897,.T.);
#2702=ORIENTED_EDGE('',*,*,#3923,.F.);
#2703=ORIENTED_EDGE('',*,*,#4898,.F.);
#2704=ORIENTED_EDGE('',*,*,#4899,.T.);
#2705=ORIENTED_EDGE('',*,*,#4895,.T.);
#2706=ORIENTED_EDGE('',*,*,#3922,.F.);
#2707=ORIENTED_EDGE('',*,*,#4900,.F.);
#2708=ORIENTED_EDGE('',*,*,#4901,.T.);
#2709=ORIENTED_EDGE('',*,*,#4898,.T.);
#2710=ORIENTED_EDGE('',*,*,#3921,.F.);
#2711=ORIENTED_EDGE('',*,*,#4902,.F.);
#2712=ORIENTED_EDGE('',*,*,#4903,.T.);
#2713=ORIENTED_EDGE('',*,*,#4900,.T.);
#2714=ORIENTED_EDGE('',*,*,#3920,.F.);
#2715=ORIENTED_EDGE('',*,*,#4904,.F.);
#2716=ORIENTED_EDGE('',*,*,#4905,.T.);
#2717=ORIENTED_EDGE('',*,*,#4902,.T.);
#2718=ORIENTED_EDGE('',*,*,#3919,.F.);
#2719=ORIENTED_EDGE('',*,*,#4906,.F.);
#2720=ORIENTED_EDGE('',*,*,#4907,.T.);
#2721=ORIENTED_EDGE('',*,*,#4904,.T.);
#2722=ORIENTED_EDGE('',*,*,#3918,.F.);
#2723=ORIENTED_EDGE('',*,*,#4908,.F.);
#2724=ORIENTED_EDGE('',*,*,#4909,.T.);
#2725=ORIENTED_EDGE('',*,*,#4906,.T.);
#2726=ORIENTED_EDGE('',*,*,#3917,.F.);
#2727=ORIENTED_EDGE('',*,*,#4910,.F.);
#2728=ORIENTED_EDGE('',*,*,#4911,.T.);
#2729=ORIENTED_EDGE('',*,*,#4908,.T.);
#2730=ORIENTED_EDGE('',*,*,#3916,.F.);
#2731=ORIENTED_EDGE('',*,*,#4912,.F.);
#2732=ORIENTED_EDGE('',*,*,#4913,.T.);
#2733=ORIENTED_EDGE('',*,*,#4910,.T.);
#2734=ORIENTED_EDGE('',*,*,#3915,.F.);
#2735=ORIENTED_EDGE('',*,*,#4914,.F.);
#2736=ORIENTED_EDGE('',*,*,#4915,.T.);
#2737=ORIENTED_EDGE('',*,*,#4912,.T.);
#2738=ORIENTED_EDGE('',*,*,#3914,.F.);
#2739=ORIENTED_EDGE('',*,*,#4916,.F.);
#2740=ORIENTED_EDGE('',*,*,#4917,.T.);
#2741=ORIENTED_EDGE('',*,*,#4914,.T.);
#2742=ORIENTED_EDGE('',*,*,#3913,.F.);
#2743=ORIENTED_EDGE('',*,*,#4918,.F.);
#2744=ORIENTED_EDGE('',*,*,#4919,.T.);
#2745=ORIENTED_EDGE('',*,*,#4916,.T.);
#2746=ORIENTED_EDGE('',*,*,#3912,.F.);
#2747=ORIENTED_EDGE('',*,*,#4920,.F.);
#2748=ORIENTED_EDGE('',*,*,#4921,.T.);
#2749=ORIENTED_EDGE('',*,*,#4918,.T.);
#2750=ORIENTED_EDGE('',*,*,#3911,.F.);
#2751=ORIENTED_EDGE('',*,*,#4922,.F.);
#2752=ORIENTED_EDGE('',*,*,#4923,.T.);
#2753=ORIENTED_EDGE('',*,*,#4920,.T.);
#2754=ORIENTED_EDGE('',*,*,#3910,.F.);
#2755=ORIENTED_EDGE('',*,*,#4924,.F.);
#2756=ORIENTED_EDGE('',*,*,#4925,.T.);
#2757=ORIENTED_EDGE('',*,*,#4922,.T.);
#2758=ORIENTED_EDGE('',*,*,#3909,.F.);
#2759=ORIENTED_EDGE('',*,*,#4926,.F.);
#2760=ORIENTED_EDGE('',*,*,#4927,.T.);
#2761=ORIENTED_EDGE('',*,*,#4924,.T.);
#2762=ORIENTED_EDGE('',*,*,#3908,.F.);
#2763=ORIENTED_EDGE('',*,*,#4897,.F.);
#2764=ORIENTED_EDGE('',*,*,#4928,.T.);
#2765=ORIENTED_EDGE('',*,*,#4926,.T.);
#2766=ORIENTED_EDGE('',*,*,#4929,.F.);
#2767=ORIENTED_EDGE('',*,*,#4879,.F.);
#2768=ORIENTED_EDGE('',*,*,#4930,.T.);
#2769=ORIENTED_EDGE('',*,*,#4893,.T.);
#2770=ORIENTED_EDGE('',*,*,#4896,.F.);
#2771=ORIENTED_EDGE('',*,*,#4899,.F.);
#2772=ORIENTED_EDGE('',*,*,#4901,.F.);
#2773=ORIENTED_EDGE('',*,*,#4903,.F.);
#2774=ORIENTED_EDGE('',*,*,#4905,.F.);
#2775=ORIENTED_EDGE('',*,*,#4907,.F.);
#2776=ORIENTED_EDGE('',*,*,#4909,.F.);
#2777=ORIENTED_EDGE('',*,*,#4911,.F.);
#2778=ORIENTED_EDGE('',*,*,#4913,.F.);
#2779=ORIENTED_EDGE('',*,*,#4915,.F.);
#2780=ORIENTED_EDGE('',*,*,#4917,.F.);
#2781=ORIENTED_EDGE('',*,*,#4919,.F.);
#2782=ORIENTED_EDGE('',*,*,#4921,.F.);
#2783=ORIENTED_EDGE('',*,*,#4923,.F.);
#2784=ORIENTED_EDGE('',*,*,#4925,.F.);
#2785=ORIENTED_EDGE('',*,*,#4927,.F.);
#2786=ORIENTED_EDGE('',*,*,#4928,.F.);
#2787=ORIENTED_EDGE('',*,*,#4878,.F.);
#2788=ORIENTED_EDGE('',*,*,#4882,.F.);
#2789=ORIENTED_EDGE('',*,*,#4885,.F.);
#2790=ORIENTED_EDGE('',*,*,#4888,.F.);
#2791=ORIENTED_EDGE('',*,*,#4891,.F.);
#2792=ORIENTED_EDGE('',*,*,#4894,.F.);
#2793=ORIENTED_EDGE('',*,*,#4930,.F.);
#2794=ORIENTED_EDGE('',*,*,#4931,.F.);
#2795=ORIENTED_EDGE('',*,*,#4932,.F.);
#2796=ORIENTED_EDGE('',*,*,#4933,.T.);
#2797=ORIENTED_EDGE('',*,*,#4934,.T.);
#2798=ORIENTED_EDGE('',*,*,#4935,.F.);
#2799=ORIENTED_EDGE('',*,*,#4936,.F.);
#2800=ORIENTED_EDGE('',*,*,#4937,.T.);
#2801=ORIENTED_EDGE('',*,*,#4932,.T.);
#2802=ORIENTED_EDGE('',*,*,#4938,.F.);
#2803=ORIENTED_EDGE('',*,*,#4939,.F.);
#2804=ORIENTED_EDGE('',*,*,#4940,.T.);
#2805=ORIENTED_EDGE('',*,*,#4936,.T.);
#2806=ORIENTED_EDGE('',*,*,#4941,.F.);
#2807=ORIENTED_EDGE('',*,*,#4942,.F.);
#2808=ORIENTED_EDGE('',*,*,#4943,.T.);
#2809=ORIENTED_EDGE('',*,*,#4939,.T.);
#2810=ORIENTED_EDGE('',*,*,#4944,.F.);
#2811=ORIENTED_EDGE('',*,*,#4945,.F.);
#2812=ORIENTED_EDGE('',*,*,#4946,.T.);
#2813=ORIENTED_EDGE('',*,*,#4942,.T.);
#2814=ORIENTED_EDGE('',*,*,#4947,.F.);
#2815=ORIENTED_EDGE('',*,*,#4948,.F.);
#2816=ORIENTED_EDGE('',*,*,#4949,.T.);
#2817=ORIENTED_EDGE('',*,*,#4945,.T.);
#2818=ORIENTED_EDGE('',*,*,#4950,.F.);
#2819=ORIENTED_EDGE('',*,*,#4951,.F.);
#2820=ORIENTED_EDGE('',*,*,#4952,.T.);
#2821=ORIENTED_EDGE('',*,*,#4948,.T.);
#2822=ORIENTED_EDGE('',*,*,#4953,.F.);
#2823=ORIENTED_EDGE('',*,*,#4954,.F.);
#2824=ORIENTED_EDGE('',*,*,#4955,.T.);
#2825=ORIENTED_EDGE('',*,*,#4951,.T.);
#2826=ORIENTED_EDGE('',*,*,#4956,.F.);
#2827=ORIENTED_EDGE('',*,*,#4957,.F.);
#2828=ORIENTED_EDGE('',*,*,#4958,.T.);
#2829=ORIENTED_EDGE('',*,*,#4954,.T.);
#2830=ORIENTED_EDGE('',*,*,#4161,.F.);
#2831=ORIENTED_EDGE('',*,*,#4959,.F.);
#2832=ORIENTED_EDGE('',*,*,#4960,.T.);
#2833=ORIENTED_EDGE('',*,*,#4961,.T.);
#2834=ORIENTED_EDGE('',*,*,#4180,.F.);
#2835=ORIENTED_EDGE('',*,*,#4962,.F.);
#2836=ORIENTED_EDGE('',*,*,#4963,.T.);
#2837=ORIENTED_EDGE('',*,*,#4959,.T.);
#2838=ORIENTED_EDGE('',*,*,#4179,.F.);
#2839=ORIENTED_EDGE('',*,*,#4964,.F.);
#2840=ORIENTED_EDGE('',*,*,#4965,.T.);
#2841=ORIENTED_EDGE('',*,*,#4962,.T.);
#2842=ORIENTED_EDGE('',*,*,#4178,.F.);
#2843=ORIENTED_EDGE('',*,*,#4966,.F.);
#2844=ORIENTED_EDGE('',*,*,#4967,.T.);
#2845=ORIENTED_EDGE('',*,*,#4964,.T.);
#2846=ORIENTED_EDGE('',*,*,#4177,.F.);
#2847=ORIENTED_EDGE('',*,*,#4968,.F.);
#2848=ORIENTED_EDGE('',*,*,#4969,.T.);
#2849=ORIENTED_EDGE('',*,*,#4966,.T.);
#2850=ORIENTED_EDGE('',*,*,#4176,.F.);
#2851=ORIENTED_EDGE('',*,*,#4970,.F.);
#2852=ORIENTED_EDGE('',*,*,#4971,.T.);
#2853=ORIENTED_EDGE('',*,*,#4968,.T.);
#2854=ORIENTED_EDGE('',*,*,#4175,.F.);
#2855=ORIENTED_EDGE('',*,*,#4972,.F.);
#2856=ORIENTED_EDGE('',*,*,#4973,.T.);
#2857=ORIENTED_EDGE('',*,*,#4970,.T.);
#2858=ORIENTED_EDGE('',*,*,#4174,.F.);
#2859=ORIENTED_EDGE('',*,*,#4974,.F.);
#2860=ORIENTED_EDGE('',*,*,#4975,.T.);
#2861=ORIENTED_EDGE('',*,*,#4972,.T.);
#2862=ORIENTED_EDGE('',*,*,#4173,.F.);
#2863=ORIENTED_EDGE('',*,*,#4976,.F.);
#2864=ORIENTED_EDGE('',*,*,#4977,.T.);
#2865=ORIENTED_EDGE('',*,*,#4974,.T.);
#2866=ORIENTED_EDGE('',*,*,#4172,.F.);
#2867=ORIENTED_EDGE('',*,*,#4978,.F.);
#2868=ORIENTED_EDGE('',*,*,#4979,.T.);
#2869=ORIENTED_EDGE('',*,*,#4976,.T.);
#2870=ORIENTED_EDGE('',*,*,#4171,.F.);
#2871=ORIENTED_EDGE('',*,*,#4980,.F.);
#2872=ORIENTED_EDGE('',*,*,#4981,.T.);
#2873=ORIENTED_EDGE('',*,*,#4978,.T.);
#2874=ORIENTED_EDGE('',*,*,#4170,.F.);
#2875=ORIENTED_EDGE('',*,*,#4982,.F.);
#2876=ORIENTED_EDGE('',*,*,#4983,.T.);
#2877=ORIENTED_EDGE('',*,*,#4980,.T.);
#2878=ORIENTED_EDGE('',*,*,#4169,.F.);
#2879=ORIENTED_EDGE('',*,*,#4984,.F.);
#2880=ORIENTED_EDGE('',*,*,#4985,.T.);
#2881=ORIENTED_EDGE('',*,*,#4982,.T.);
#2882=ORIENTED_EDGE('',*,*,#4168,.F.);
#2883=ORIENTED_EDGE('',*,*,#4986,.F.);
#2884=ORIENTED_EDGE('',*,*,#4987,.T.);
#2885=ORIENTED_EDGE('',*,*,#4984,.T.);
#2886=ORIENTED_EDGE('',*,*,#4167,.F.);
#2887=ORIENTED_EDGE('',*,*,#4988,.F.);
#2888=ORIENTED_EDGE('',*,*,#4989,.T.);
#2889=ORIENTED_EDGE('',*,*,#4986,.T.);
#2890=ORIENTED_EDGE('',*,*,#4166,.F.);
#2891=ORIENTED_EDGE('',*,*,#4990,.F.);
#2892=ORIENTED_EDGE('',*,*,#4991,.T.);
#2893=ORIENTED_EDGE('',*,*,#4988,.T.);
#2894=ORIENTED_EDGE('',*,*,#4165,.F.);
#2895=ORIENTED_EDGE('',*,*,#4992,.F.);
#2896=ORIENTED_EDGE('',*,*,#4993,.T.);
#2897=ORIENTED_EDGE('',*,*,#4990,.T.);
#2898=ORIENTED_EDGE('',*,*,#4164,.F.);
#2899=ORIENTED_EDGE('',*,*,#4994,.F.);
#2900=ORIENTED_EDGE('',*,*,#4995,.T.);
#2901=ORIENTED_EDGE('',*,*,#4992,.T.);
#2902=ORIENTED_EDGE('',*,*,#4163,.F.);
#2903=ORIENTED_EDGE('',*,*,#4996,.F.);
#2904=ORIENTED_EDGE('',*,*,#4997,.T.);
#2905=ORIENTED_EDGE('',*,*,#4994,.T.);
#2906=ORIENTED_EDGE('',*,*,#4162,.F.);
#2907=ORIENTED_EDGE('',*,*,#4961,.F.);
#2908=ORIENTED_EDGE('',*,*,#4998,.T.);
#2909=ORIENTED_EDGE('',*,*,#4996,.T.);
#2910=ORIENTED_EDGE('',*,*,#4999,.F.);
#2911=ORIENTED_EDGE('',*,*,#4934,.F.);
#2912=ORIENTED_EDGE('',*,*,#5000,.T.);
#2913=ORIENTED_EDGE('',*,*,#4957,.T.);
#2914=ORIENTED_EDGE('',*,*,#4960,.F.);
#2915=ORIENTED_EDGE('',*,*,#4963,.F.);
#2916=ORIENTED_EDGE('',*,*,#4965,.F.);
#2917=ORIENTED_EDGE('',*,*,#4967,.F.);
#2918=ORIENTED_EDGE('',*,*,#4969,.F.);
#2919=ORIENTED_EDGE('',*,*,#4971,.F.);
#2920=ORIENTED_EDGE('',*,*,#4973,.F.);
#2921=ORIENTED_EDGE('',*,*,#4975,.F.);
#2922=ORIENTED_EDGE('',*,*,#4977,.F.);
#2923=ORIENTED_EDGE('',*,*,#4979,.F.);
#2924=ORIENTED_EDGE('',*,*,#4981,.F.);
#2925=ORIENTED_EDGE('',*,*,#4983,.F.);
#2926=ORIENTED_EDGE('',*,*,#4985,.F.);
#2927=ORIENTED_EDGE('',*,*,#4987,.F.);
#2928=ORIENTED_EDGE('',*,*,#4989,.F.);
#2929=ORIENTED_EDGE('',*,*,#4991,.F.);
#2930=ORIENTED_EDGE('',*,*,#4993,.F.);
#2931=ORIENTED_EDGE('',*,*,#4995,.F.);
#2932=ORIENTED_EDGE('',*,*,#4997,.F.);
#2933=ORIENTED_EDGE('',*,*,#4998,.F.);
#2934=ORIENTED_EDGE('',*,*,#4933,.F.);
#2935=ORIENTED_EDGE('',*,*,#4937,.F.);
#2936=ORIENTED_EDGE('',*,*,#4940,.F.);
#2937=ORIENTED_EDGE('',*,*,#4943,.F.);
#2938=ORIENTED_EDGE('',*,*,#4946,.F.);
#2939=ORIENTED_EDGE('',*,*,#4949,.F.);
#2940=ORIENTED_EDGE('',*,*,#4952,.F.);
#2941=ORIENTED_EDGE('',*,*,#4955,.F.);
#2942=ORIENTED_EDGE('',*,*,#4958,.F.);
#2943=ORIENTED_EDGE('',*,*,#5000,.F.);
#2944=ORIENTED_EDGE('',*,*,#5001,.F.);
#2945=ORIENTED_EDGE('',*,*,#5002,.F.);
#2946=ORIENTED_EDGE('',*,*,#5003,.T.);
#2947=ORIENTED_EDGE('',*,*,#5004,.T.);
#2948=ORIENTED_EDGE('',*,*,#5005,.F.);
#2949=ORIENTED_EDGE('',*,*,#5006,.F.);
#2950=ORIENTED_EDGE('',*,*,#5007,.T.);
#2951=ORIENTED_EDGE('',*,*,#5002,.T.);
#2952=ORIENTED_EDGE('',*,*,#5008,.F.);
#2953=ORIENTED_EDGE('',*,*,#5009,.F.);
#2954=ORIENTED_EDGE('',*,*,#5010,.T.);
#2955=ORIENTED_EDGE('',*,*,#5006,.T.);
#2956=ORIENTED_EDGE('',*,*,#5011,.F.);
#2957=ORIENTED_EDGE('',*,*,#5012,.F.);
#2958=ORIENTED_EDGE('',*,*,#5013,.T.);
#2959=ORIENTED_EDGE('',*,*,#5009,.T.);
#2960=ORIENTED_EDGE('',*,*,#5014,.F.);
#2961=ORIENTED_EDGE('',*,*,#5015,.F.);
#2962=ORIENTED_EDGE('',*,*,#5016,.T.);
#2963=ORIENTED_EDGE('',*,*,#5012,.T.);
#2964=ORIENTED_EDGE('',*,*,#5017,.F.);
#2965=ORIENTED_EDGE('',*,*,#5018,.F.);
#2966=ORIENTED_EDGE('',*,*,#5019,.T.);
#2967=ORIENTED_EDGE('',*,*,#5015,.T.);
#2968=ORIENTED_EDGE('',*,*,#5020,.F.);
#2969=ORIENTED_EDGE('',*,*,#5021,.F.);
#2970=ORIENTED_EDGE('',*,*,#5022,.T.);
#2971=ORIENTED_EDGE('',*,*,#5018,.T.);
#2972=ORIENTED_EDGE('',*,*,#3880,.F.);
#2973=ORIENTED_EDGE('',*,*,#5023,.F.);
#2974=ORIENTED_EDGE('',*,*,#5024,.T.);
#2975=ORIENTED_EDGE('',*,*,#5025,.T.);
#2976=ORIENTED_EDGE('',*,*,#3906,.F.);
#2977=ORIENTED_EDGE('',*,*,#5026,.F.);
#2978=ORIENTED_EDGE('',*,*,#5027,.T.);
#2979=ORIENTED_EDGE('',*,*,#5023,.T.);
#2980=ORIENTED_EDGE('',*,*,#3905,.F.);
#2981=ORIENTED_EDGE('',*,*,#5028,.F.);
#2982=ORIENTED_EDGE('',*,*,#5029,.T.);
#2983=ORIENTED_EDGE('',*,*,#5026,.T.);
#2984=ORIENTED_EDGE('',*,*,#3904,.F.);
#2985=ORIENTED_EDGE('',*,*,#5030,.F.);
#2986=ORIENTED_EDGE('',*,*,#5031,.T.);
#2987=ORIENTED_EDGE('',*,*,#5028,.T.);
#2988=ORIENTED_EDGE('',*,*,#3903,.F.);
#2989=ORIENTED_EDGE('',*,*,#5032,.F.);
#2990=ORIENTED_EDGE('',*,*,#5033,.T.);
#2991=ORIENTED_EDGE('',*,*,#5030,.T.);
#2992=ORIENTED_EDGE('',*,*,#3902,.F.);
#2993=ORIENTED_EDGE('',*,*,#5034,.F.);
#2994=ORIENTED_EDGE('',*,*,#5035,.T.);
#2995=ORIENTED_EDGE('',*,*,#5032,.T.);
#2996=ORIENTED_EDGE('',*,*,#3901,.F.);
#2997=ORIENTED_EDGE('',*,*,#5036,.F.);
#2998=ORIENTED_EDGE('',*,*,#5037,.T.);
#2999=ORIENTED_EDGE('',*,*,#5034,.T.);
#3000=ORIENTED_EDGE('',*,*,#3900,.F.);
#3001=ORIENTED_EDGE('',*,*,#5038,.F.);
#3002=ORIENTED_EDGE('',*,*,#5039,.T.);
#3003=ORIENTED_EDGE('',*,*,#5036,.T.);
#3004=ORIENTED_EDGE('',*,*,#3899,.F.);
#3005=ORIENTED_EDGE('',*,*,#5040,.F.);
#3006=ORIENTED_EDGE('',*,*,#5041,.T.);
#3007=ORIENTED_EDGE('',*,*,#5038,.T.);
#3008=ORIENTED_EDGE('',*,*,#3898,.F.);
#3009=ORIENTED_EDGE('',*,*,#5042,.F.);
#3010=ORIENTED_EDGE('',*,*,#5043,.T.);
#3011=ORIENTED_EDGE('',*,*,#5040,.T.);
#3012=ORIENTED_EDGE('',*,*,#3897,.F.);
#3013=ORIENTED_EDGE('',*,*,#5044,.F.);
#3014=ORIENTED_EDGE('',*,*,#5045,.T.);
#3015=ORIENTED_EDGE('',*,*,#5042,.T.);
#3016=ORIENTED_EDGE('',*,*,#3896,.F.);
#3017=ORIENTED_EDGE('',*,*,#5046,.F.);
#3018=ORIENTED_EDGE('',*,*,#5047,.T.);
#3019=ORIENTED_EDGE('',*,*,#5044,.T.);
#3020=ORIENTED_EDGE('',*,*,#3895,.F.);
#3021=ORIENTED_EDGE('',*,*,#5048,.F.);
#3022=ORIENTED_EDGE('',*,*,#5049,.T.);
#3023=ORIENTED_EDGE('',*,*,#5046,.T.);
#3024=ORIENTED_EDGE('',*,*,#3894,.F.);
#3025=ORIENTED_EDGE('',*,*,#5050,.F.);
#3026=ORIENTED_EDGE('',*,*,#5051,.T.);
#3027=ORIENTED_EDGE('',*,*,#5048,.T.);
#3028=ORIENTED_EDGE('',*,*,#3893,.F.);
#3029=ORIENTED_EDGE('',*,*,#5052,.F.);
#3030=ORIENTED_EDGE('',*,*,#5053,.T.);
#3031=ORIENTED_EDGE('',*,*,#5050,.T.);
#3032=ORIENTED_EDGE('',*,*,#3892,.F.);
#3033=ORIENTED_EDGE('',*,*,#5054,.F.);
#3034=ORIENTED_EDGE('',*,*,#5055,.T.);
#3035=ORIENTED_EDGE('',*,*,#5052,.T.);
#3036=ORIENTED_EDGE('',*,*,#3891,.F.);
#3037=ORIENTED_EDGE('',*,*,#5056,.F.);
#3038=ORIENTED_EDGE('',*,*,#5057,.T.);
#3039=ORIENTED_EDGE('',*,*,#5054,.T.);
#3040=ORIENTED_EDGE('',*,*,#3890,.F.);
#3041=ORIENTED_EDGE('',*,*,#5058,.F.);
#3042=ORIENTED_EDGE('',*,*,#5059,.T.);
#3043=ORIENTED_EDGE('',*,*,#5056,.T.);
#3044=ORIENTED_EDGE('',*,*,#3889,.F.);
#3045=ORIENTED_EDGE('',*,*,#5060,.F.);
#3046=ORIENTED_EDGE('',*,*,#5061,.T.);
#3047=ORIENTED_EDGE('',*,*,#5058,.T.);
#3048=ORIENTED_EDGE('',*,*,#3888,.F.);
#3049=ORIENTED_EDGE('',*,*,#5062,.F.);
#3050=ORIENTED_EDGE('',*,*,#5063,.T.);
#3051=ORIENTED_EDGE('',*,*,#5060,.T.);
#3052=ORIENTED_EDGE('',*,*,#3887,.F.);
#3053=ORIENTED_EDGE('',*,*,#5064,.F.);
#3054=ORIENTED_EDGE('',*,*,#5065,.T.);
#3055=ORIENTED_EDGE('',*,*,#5062,.T.);
#3056=ORIENTED_EDGE('',*,*,#3886,.F.);
#3057=ORIENTED_EDGE('',*,*,#5066,.F.);
#3058=ORIENTED_EDGE('',*,*,#5067,.T.);
#3059=ORIENTED_EDGE('',*,*,#5064,.T.);
#3060=ORIENTED_EDGE('',*,*,#3885,.F.);
#3061=ORIENTED_EDGE('',*,*,#5068,.F.);
#3062=ORIENTED_EDGE('',*,*,#5069,.T.);
#3063=ORIENTED_EDGE('',*,*,#5066,.T.);
#3064=ORIENTED_EDGE('',*,*,#3884,.F.);
#3065=ORIENTED_EDGE('',*,*,#5070,.F.);
#3066=ORIENTED_EDGE('',*,*,#5071,.T.);
#3067=ORIENTED_EDGE('',*,*,#5068,.T.);
#3068=ORIENTED_EDGE('',*,*,#3883,.F.);
#3069=ORIENTED_EDGE('',*,*,#5072,.F.);
#3070=ORIENTED_EDGE('',*,*,#5073,.T.);
#3071=ORIENTED_EDGE('',*,*,#5070,.T.);
#3072=ORIENTED_EDGE('',*,*,#3882,.F.);
#3073=ORIENTED_EDGE('',*,*,#5074,.F.);
#3074=ORIENTED_EDGE('',*,*,#5075,.T.);
#3075=ORIENTED_EDGE('',*,*,#5072,.T.);
#3076=ORIENTED_EDGE('',*,*,#3881,.F.);
#3077=ORIENTED_EDGE('',*,*,#5025,.F.);
#3078=ORIENTED_EDGE('',*,*,#5076,.T.);
#3079=ORIENTED_EDGE('',*,*,#5074,.T.);
#3080=ORIENTED_EDGE('',*,*,#5077,.F.);
#3081=ORIENTED_EDGE('',*,*,#5004,.F.);
#3082=ORIENTED_EDGE('',*,*,#5078,.T.);
#3083=ORIENTED_EDGE('',*,*,#5021,.T.);
#3084=ORIENTED_EDGE('',*,*,#5024,.F.);
#3085=ORIENTED_EDGE('',*,*,#5027,.F.);
#3086=ORIENTED_EDGE('',*,*,#5029,.F.);
#3087=ORIENTED_EDGE('',*,*,#5031,.F.);
#3088=ORIENTED_EDGE('',*,*,#5033,.F.);
#3089=ORIENTED_EDGE('',*,*,#5035,.F.);
#3090=ORIENTED_EDGE('',*,*,#5037,.F.);
#3091=ORIENTED_EDGE('',*,*,#5039,.F.);
#3092=ORIENTED_EDGE('',*,*,#5041,.F.);
#3093=ORIENTED_EDGE('',*,*,#5043,.F.);
#3094=ORIENTED_EDGE('',*,*,#5045,.F.);
#3095=ORIENTED_EDGE('',*,*,#5047,.F.);
#3096=ORIENTED_EDGE('',*,*,#5049,.F.);
#3097=ORIENTED_EDGE('',*,*,#5051,.F.);
#3098=ORIENTED_EDGE('',*,*,#5053,.F.);
#3099=ORIENTED_EDGE('',*,*,#5055,.F.);
#3100=ORIENTED_EDGE('',*,*,#5057,.F.);
#3101=ORIENTED_EDGE('',*,*,#5059,.F.);
#3102=ORIENTED_EDGE('',*,*,#5061,.F.);
#3103=ORIENTED_EDGE('',*,*,#5063,.F.);
#3104=ORIENTED_EDGE('',*,*,#5065,.F.);
#3105=ORIENTED_EDGE('',*,*,#5067,.F.);
#3106=ORIENTED_EDGE('',*,*,#5069,.F.);
#3107=ORIENTED_EDGE('',*,*,#5071,.F.);
#3108=ORIENTED_EDGE('',*,*,#5073,.F.);
#3109=ORIENTED_EDGE('',*,*,#5075,.F.);
#3110=ORIENTED_EDGE('',*,*,#5076,.F.);
#3111=ORIENTED_EDGE('',*,*,#5003,.F.);
#3112=ORIENTED_EDGE('',*,*,#5007,.F.);
#3113=ORIENTED_EDGE('',*,*,#5010,.F.);
#3114=ORIENTED_EDGE('',*,*,#5013,.F.);
#3115=ORIENTED_EDGE('',*,*,#5016,.F.);
#3116=ORIENTED_EDGE('',*,*,#5019,.F.);
#3117=ORIENTED_EDGE('',*,*,#5022,.F.);
#3118=ORIENTED_EDGE('',*,*,#5078,.F.);
#3119=ORIENTED_EDGE('',*,*,#5079,.F.);
#3120=ORIENTED_EDGE('',*,*,#5080,.F.);
#3121=ORIENTED_EDGE('',*,*,#5081,.T.);
#3122=ORIENTED_EDGE('',*,*,#5082,.T.);
#3123=ORIENTED_EDGE('',*,*,#5083,.F.);
#3124=ORIENTED_EDGE('',*,*,#5084,.F.);
#3125=ORIENTED_EDGE('',*,*,#5085,.T.);
#3126=ORIENTED_EDGE('',*,*,#5080,.T.);
#3127=ORIENTED_EDGE('',*,*,#5086,.F.);
#3128=ORIENTED_EDGE('',*,*,#5087,.F.);
#3129=ORIENTED_EDGE('',*,*,#5088,.T.);
#3130=ORIENTED_EDGE('',*,*,#5084,.T.);
#3131=ORIENTED_EDGE('',*,*,#5089,.F.);
#3132=ORIENTED_EDGE('',*,*,#5090,.F.);
#3133=ORIENTED_EDGE('',*,*,#5091,.T.);
#3134=ORIENTED_EDGE('',*,*,#5087,.T.);
#3135=ORIENTED_EDGE('',*,*,#5092,.F.);
#3136=ORIENTED_EDGE('',*,*,#5093,.F.);
#3137=ORIENTED_EDGE('',*,*,#5094,.T.);
#3138=ORIENTED_EDGE('',*,*,#5090,.T.);
#3139=ORIENTED_EDGE('',*,*,#5095,.F.);
#3140=ORIENTED_EDGE('',*,*,#5096,.F.);
#3141=ORIENTED_EDGE('',*,*,#5097,.T.);
#3142=ORIENTED_EDGE('',*,*,#5093,.T.);
#3143=ORIENTED_EDGE('',*,*,#5098,.F.);
#3144=ORIENTED_EDGE('',*,*,#5099,.F.);
#3145=ORIENTED_EDGE('',*,*,#5100,.T.);
#3146=ORIENTED_EDGE('',*,*,#5096,.T.);
#3147=ORIENTED_EDGE('',*,*,#5101,.F.);
#3148=ORIENTED_EDGE('',*,*,#5102,.F.);
#3149=ORIENTED_EDGE('',*,*,#5103,.T.);
#3150=ORIENTED_EDGE('',*,*,#5099,.T.);
#3151=ORIENTED_EDGE('',*,*,#5104,.F.);
#3152=ORIENTED_EDGE('',*,*,#5105,.F.);
#3153=ORIENTED_EDGE('',*,*,#5106,.T.);
#3154=ORIENTED_EDGE('',*,*,#5102,.T.);
#3155=ORIENTED_EDGE('',*,*,#4181,.F.);
#3156=ORIENTED_EDGE('',*,*,#5107,.F.);
#3157=ORIENTED_EDGE('',*,*,#5108,.T.);
#3158=ORIENTED_EDGE('',*,*,#5109,.T.);
#3159=ORIENTED_EDGE('',*,*,#4202,.F.);
#3160=ORIENTED_EDGE('',*,*,#5110,.F.);
#3161=ORIENTED_EDGE('',*,*,#5111,.T.);
#3162=ORIENTED_EDGE('',*,*,#5107,.T.);
#3163=ORIENTED_EDGE('',*,*,#4201,.F.);
#3164=ORIENTED_EDGE('',*,*,#5112,.F.);
#3165=ORIENTED_EDGE('',*,*,#5113,.T.);
#3166=ORIENTED_EDGE('',*,*,#5110,.T.);
#3167=ORIENTED_EDGE('',*,*,#4200,.F.);
#3168=ORIENTED_EDGE('',*,*,#5114,.F.);
#3169=ORIENTED_EDGE('',*,*,#5115,.T.);
#3170=ORIENTED_EDGE('',*,*,#5112,.T.);
#3171=ORIENTED_EDGE('',*,*,#4199,.F.);
#3172=ORIENTED_EDGE('',*,*,#5116,.F.);
#3173=ORIENTED_EDGE('',*,*,#5117,.T.);
#3174=ORIENTED_EDGE('',*,*,#5114,.T.);
#3175=ORIENTED_EDGE('',*,*,#4198,.F.);
#3176=ORIENTED_EDGE('',*,*,#5118,.F.);
#3177=ORIENTED_EDGE('',*,*,#5119,.T.);
#3178=ORIENTED_EDGE('',*,*,#5116,.T.);
#3179=ORIENTED_EDGE('',*,*,#4197,.F.);
#3180=ORIENTED_EDGE('',*,*,#5120,.F.);
#3181=ORIENTED_EDGE('',*,*,#5121,.T.);
#3182=ORIENTED_EDGE('',*,*,#5118,.T.);
#3183=ORIENTED_EDGE('',*,*,#4196,.F.);
#3184=ORIENTED_EDGE('',*,*,#5122,.F.);
#3185=ORIENTED_EDGE('',*,*,#5123,.T.);
#3186=ORIENTED_EDGE('',*,*,#5120,.T.);
#3187=ORIENTED_EDGE('',*,*,#4195,.F.);
#3188=ORIENTED_EDGE('',*,*,#5124,.F.);
#3189=ORIENTED_EDGE('',*,*,#5125,.T.);
#3190=ORIENTED_EDGE('',*,*,#5122,.T.);
#3191=ORIENTED_EDGE('',*,*,#4194,.F.);
#3192=ORIENTED_EDGE('',*,*,#5126,.F.);
#3193=ORIENTED_EDGE('',*,*,#5127,.T.);
#3194=ORIENTED_EDGE('',*,*,#5124,.T.);
#3195=ORIENTED_EDGE('',*,*,#4193,.F.);
#3196=ORIENTED_EDGE('',*,*,#5128,.F.);
#3197=ORIENTED_EDGE('',*,*,#5129,.T.);
#3198=ORIENTED_EDGE('',*,*,#5126,.T.);
#3199=ORIENTED_EDGE('',*,*,#4192,.F.);
#3200=ORIENTED_EDGE('',*,*,#5130,.F.);
#3201=ORIENTED_EDGE('',*,*,#5131,.T.);
#3202=ORIENTED_EDGE('',*,*,#5128,.T.);
#3203=ORIENTED_EDGE('',*,*,#4191,.F.);
#3204=ORIENTED_EDGE('',*,*,#5132,.F.);
#3205=ORIENTED_EDGE('',*,*,#5133,.T.);
#3206=ORIENTED_EDGE('',*,*,#5130,.T.);
#3207=ORIENTED_EDGE('',*,*,#4190,.F.);
#3208=ORIENTED_EDGE('',*,*,#5134,.F.);
#3209=ORIENTED_EDGE('',*,*,#5135,.T.);
#3210=ORIENTED_EDGE('',*,*,#5132,.T.);
#3211=ORIENTED_EDGE('',*,*,#4189,.F.);
#3212=ORIENTED_EDGE('',*,*,#5136,.F.);
#3213=ORIENTED_EDGE('',*,*,#5137,.T.);
#3214=ORIENTED_EDGE('',*,*,#5134,.T.);
#3215=ORIENTED_EDGE('',*,*,#4188,.F.);
#3216=ORIENTED_EDGE('',*,*,#5138,.F.);
#3217=ORIENTED_EDGE('',*,*,#5139,.T.);
#3218=ORIENTED_EDGE('',*,*,#5136,.T.);
#3219=ORIENTED_EDGE('',*,*,#4187,.F.);
#3220=ORIENTED_EDGE('',*,*,#5140,.F.);
#3221=ORIENTED_EDGE('',*,*,#5141,.T.);
#3222=ORIENTED_EDGE('',*,*,#5138,.T.);
#3223=ORIENTED_EDGE('',*,*,#4186,.F.);
#3224=ORIENTED_EDGE('',*,*,#5142,.F.);
#3225=ORIENTED_EDGE('',*,*,#5143,.T.);
#3226=ORIENTED_EDGE('',*,*,#5140,.T.);
#3227=ORIENTED_EDGE('',*,*,#4185,.F.);
#3228=ORIENTED_EDGE('',*,*,#5144,.F.);
#3229=ORIENTED_EDGE('',*,*,#5145,.T.);
#3230=ORIENTED_EDGE('',*,*,#5142,.T.);
#3231=ORIENTED_EDGE('',*,*,#4184,.F.);
#3232=ORIENTED_EDGE('',*,*,#5146,.F.);
#3233=ORIENTED_EDGE('',*,*,#5147,.T.);
#3234=ORIENTED_EDGE('',*,*,#5144,.T.);
#3235=ORIENTED_EDGE('',*,*,#4183,.F.);
#3236=ORIENTED_EDGE('',*,*,#5148,.F.);
#3237=ORIENTED_EDGE('',*,*,#5149,.T.);
#3238=ORIENTED_EDGE('',*,*,#5146,.T.);
#3239=ORIENTED_EDGE('',*,*,#4182,.F.);
#3240=ORIENTED_EDGE('',*,*,#5109,.F.);
#3241=ORIENTED_EDGE('',*,*,#5150,.T.);
#3242=ORIENTED_EDGE('',*,*,#5148,.T.);
#3243=ORIENTED_EDGE('',*,*,#5151,.F.);
#3244=ORIENTED_EDGE('',*,*,#5082,.F.);
#3245=ORIENTED_EDGE('',*,*,#5152,.T.);
#3246=ORIENTED_EDGE('',*,*,#5105,.T.);
#3247=ORIENTED_EDGE('',*,*,#5108,.F.);
#3248=ORIENTED_EDGE('',*,*,#5111,.F.);
#3249=ORIENTED_EDGE('',*,*,#5113,.F.);
#3250=ORIENTED_EDGE('',*,*,#5115,.F.);
#3251=ORIENTED_EDGE('',*,*,#5117,.F.);
#3252=ORIENTED_EDGE('',*,*,#5119,.F.);
#3253=ORIENTED_EDGE('',*,*,#5121,.F.);
#3254=ORIENTED_EDGE('',*,*,#5123,.F.);
#3255=ORIENTED_EDGE('',*,*,#5125,.F.);
#3256=ORIENTED_EDGE('',*,*,#5127,.F.);
#3257=ORIENTED_EDGE('',*,*,#5129,.F.);
#3258=ORIENTED_EDGE('',*,*,#5131,.F.);
#3259=ORIENTED_EDGE('',*,*,#5133,.F.);
#3260=ORIENTED_EDGE('',*,*,#5135,.F.);
#3261=ORIENTED_EDGE('',*,*,#5137,.F.);
#3262=ORIENTED_EDGE('',*,*,#5139,.F.);
#3263=ORIENTED_EDGE('',*,*,#5141,.F.);
#3264=ORIENTED_EDGE('',*,*,#5143,.F.);
#3265=ORIENTED_EDGE('',*,*,#5145,.F.);
#3266=ORIENTED_EDGE('',*,*,#5147,.F.);
#3267=ORIENTED_EDGE('',*,*,#5149,.F.);
#3268=ORIENTED_EDGE('',*,*,#5150,.F.);
#3269=ORIENTED_EDGE('',*,*,#5081,.F.);
#3270=ORIENTED_EDGE('',*,*,#5085,.F.);
#3271=ORIENTED_EDGE('',*,*,#5088,.F.);
#3272=ORIENTED_EDGE('',*,*,#5091,.F.);
#3273=ORIENTED_EDGE('',*,*,#5094,.F.);
#3274=ORIENTED_EDGE('',*,*,#5097,.F.);
#3275=ORIENTED_EDGE('',*,*,#5100,.F.);
#3276=ORIENTED_EDGE('',*,*,#5103,.F.);
#3277=ORIENTED_EDGE('',*,*,#5106,.F.);
#3278=ORIENTED_EDGE('',*,*,#5152,.F.);
#3279=ORIENTED_EDGE('',*,*,#3851,.F.);
#3280=ORIENTED_EDGE('',*,*,#5153,.F.);
#3281=ORIENTED_EDGE('',*,*,#5154,.T.);
#3282=ORIENTED_EDGE('',*,*,#5155,.T.);
#3283=ORIENTED_EDGE('',*,*,#3879,.F.);
#3284=ORIENTED_EDGE('',*,*,#5156,.F.);
#3285=ORIENTED_EDGE('',*,*,#5157,.T.);
#3286=ORIENTED_EDGE('',*,*,#5153,.T.);
#3287=ORIENTED_EDGE('',*,*,#3878,.F.);
#3288=ORIENTED_EDGE('',*,*,#5158,.F.);
#3289=ORIENTED_EDGE('',*,*,#5159,.T.);
#3290=ORIENTED_EDGE('',*,*,#5156,.T.);
#3291=ORIENTED_EDGE('',*,*,#3877,.F.);
#3292=ORIENTED_EDGE('',*,*,#5160,.F.);
#3293=ORIENTED_EDGE('',*,*,#5161,.T.);
#3294=ORIENTED_EDGE('',*,*,#5158,.T.);
#3295=ORIENTED_EDGE('',*,*,#3876,.F.);
#3296=ORIENTED_EDGE('',*,*,#5162,.F.);
#3297=ORIENTED_EDGE('',*,*,#5163,.T.);
#3298=ORIENTED_EDGE('',*,*,#5160,.T.);
#3299=ORIENTED_EDGE('',*,*,#3875,.F.);
#3300=ORIENTED_EDGE('',*,*,#5164,.F.);
#3301=ORIENTED_EDGE('',*,*,#5165,.T.);
#3302=ORIENTED_EDGE('',*,*,#5162,.T.);
#3303=ORIENTED_EDGE('',*,*,#3874,.F.);
#3304=ORIENTED_EDGE('',*,*,#5166,.F.);
#3305=ORIENTED_EDGE('',*,*,#5167,.T.);
#3306=ORIENTED_EDGE('',*,*,#5164,.T.);
#3307=ORIENTED_EDGE('',*,*,#3873,.F.);
#3308=ORIENTED_EDGE('',*,*,#5168,.F.);
#3309=ORIENTED_EDGE('',*,*,#5169,.T.);
#3310=ORIENTED_EDGE('',*,*,#5166,.T.);
#3311=ORIENTED_EDGE('',*,*,#3872,.F.);
#3312=ORIENTED_EDGE('',*,*,#5170,.F.);
#3313=ORIENTED_EDGE('',*,*,#5171,.T.);
#3314=ORIENTED_EDGE('',*,*,#5168,.T.);
#3315=ORIENTED_EDGE('',*,*,#3871,.F.);
#3316=ORIENTED_EDGE('',*,*,#5172,.F.);
#3317=ORIENTED_EDGE('',*,*,#5173,.T.);
#3318=ORIENTED_EDGE('',*,*,#5170,.T.);
#3319=ORIENTED_EDGE('',*,*,#3870,.F.);
#3320=ORIENTED_EDGE('',*,*,#5174,.F.);
#3321=ORIENTED_EDGE('',*,*,#5175,.T.);
#3322=ORIENTED_EDGE('',*,*,#5172,.T.);
#3323=ORIENTED_EDGE('',*,*,#3869,.F.);
#3324=ORIENTED_EDGE('',*,*,#5176,.F.);
#3325=ORIENTED_EDGE('',*,*,#5177,.T.);
#3326=ORIENTED_EDGE('',*,*,#5174,.T.);
#3327=ORIENTED_EDGE('',*,*,#3868,.F.);
#3328=ORIENTED_EDGE('',*,*,#5178,.F.);
#3329=ORIENTED_EDGE('',*,*,#5179,.T.);
#3330=ORIENTED_EDGE('',*,*,#5176,.T.);
#3331=ORIENTED_EDGE('',*,*,#3867,.F.);
#3332=ORIENTED_EDGE('',*,*,#5180,.F.);
#3333=ORIENTED_EDGE('',*,*,#5181,.T.);
#3334=ORIENTED_EDGE('',*,*,#5178,.T.);
#3335=ORIENTED_EDGE('',*,*,#3866,.F.);
#3336=ORIENTED_EDGE('',*,*,#5182,.F.);
#3337=ORIENTED_EDGE('',*,*,#5183,.T.);
#3338=ORIENTED_EDGE('',*,*,#5180,.T.);
#3339=ORIENTED_EDGE('',*,*,#3865,.F.);
#3340=ORIENTED_EDGE('',*,*,#5184,.F.);
#3341=ORIENTED_EDGE('',*,*,#5185,.T.);
#3342=ORIENTED_EDGE('',*,*,#5182,.T.);
#3343=ORIENTED_EDGE('',*,*,#3864,.F.);
#3344=ORIENTED_EDGE('',*,*,#5186,.F.);
#3345=ORIENTED_EDGE('',*,*,#5187,.T.);
#3346=ORIENTED_EDGE('',*,*,#5184,.T.);
#3347=ORIENTED_EDGE('',*,*,#3863,.F.);
#3348=ORIENTED_EDGE('',*,*,#5188,.F.);
#3349=ORIENTED_EDGE('',*,*,#5189,.T.);
#3350=ORIENTED_EDGE('',*,*,#5186,.T.);
#3351=ORIENTED_EDGE('',*,*,#3862,.F.);
#3352=ORIENTED_EDGE('',*,*,#5190,.F.);
#3353=ORIENTED_EDGE('',*,*,#5191,.T.);
#3354=ORIENTED_EDGE('',*,*,#5188,.T.);
#3355=ORIENTED_EDGE('',*,*,#3861,.F.);
#3356=ORIENTED_EDGE('',*,*,#5192,.F.);
#3357=ORIENTED_EDGE('',*,*,#5193,.T.);
#3358=ORIENTED_EDGE('',*,*,#5190,.T.);
#3359=ORIENTED_EDGE('',*,*,#3860,.F.);
#3360=ORIENTED_EDGE('',*,*,#5194,.F.);
#3361=ORIENTED_EDGE('',*,*,#5195,.T.);
#3362=ORIENTED_EDGE('',*,*,#5192,.T.);
#3363=ORIENTED_EDGE('',*,*,#3859,.F.);
#3364=ORIENTED_EDGE('',*,*,#5196,.F.);
#3365=ORIENTED_EDGE('',*,*,#5197,.T.);
#3366=ORIENTED_EDGE('',*,*,#5194,.T.);
#3367=ORIENTED_EDGE('',*,*,#3858,.F.);
#3368=ORIENTED_EDGE('',*,*,#5198,.F.);
#3369=ORIENTED_EDGE('',*,*,#5199,.T.);
#3370=ORIENTED_EDGE('',*,*,#5196,.T.);
#3371=ORIENTED_EDGE('',*,*,#3857,.F.);
#3372=ORIENTED_EDGE('',*,*,#5200,.F.);
#3373=ORIENTED_EDGE('',*,*,#5201,.T.);
#3374=ORIENTED_EDGE('',*,*,#5198,.T.);
#3375=ORIENTED_EDGE('',*,*,#3856,.F.);
#3376=ORIENTED_EDGE('',*,*,#5202,.F.);
#3377=ORIENTED_EDGE('',*,*,#5203,.T.);
#3378=ORIENTED_EDGE('',*,*,#5200,.T.);
#3379=ORIENTED_EDGE('',*,*,#3855,.F.);
#3380=ORIENTED_EDGE('',*,*,#5204,.F.);
#3381=ORIENTED_EDGE('',*,*,#5205,.T.);
#3382=ORIENTED_EDGE('',*,*,#5202,.T.);
#3383=ORIENTED_EDGE('',*,*,#3854,.F.);
#3384=ORIENTED_EDGE('',*,*,#5206,.F.);
#3385=ORIENTED_EDGE('',*,*,#5207,.T.);
#3386=ORIENTED_EDGE('',*,*,#5204,.T.);
#3387=ORIENTED_EDGE('',*,*,#3853,.F.);
#3388=ORIENTED_EDGE('',*,*,#5208,.F.);
#3389=ORIENTED_EDGE('',*,*,#5209,.T.);
#3390=ORIENTED_EDGE('',*,*,#5206,.T.);
#3391=ORIENTED_EDGE('',*,*,#3852,.F.);
#3392=ORIENTED_EDGE('',*,*,#5155,.F.);
#3393=ORIENTED_EDGE('',*,*,#5210,.T.);
#3394=ORIENTED_EDGE('',*,*,#5208,.T.);
#3395=ORIENTED_EDGE('',*,*,#5154,.F.);
#3396=ORIENTED_EDGE('',*,*,#5157,.F.);
#3397=ORIENTED_EDGE('',*,*,#5159,.F.);
#3398=ORIENTED_EDGE('',*,*,#5161,.F.);
#3399=ORIENTED_EDGE('',*,*,#5163,.F.);
#3400=ORIENTED_EDGE('',*,*,#5165,.F.);
#3401=ORIENTED_EDGE('',*,*,#5167,.F.);
#3402=ORIENTED_EDGE('',*,*,#5169,.F.);
#3403=ORIENTED_EDGE('',*,*,#5171,.F.);
#3404=ORIENTED_EDGE('',*,*,#5173,.F.);
#3405=ORIENTED_EDGE('',*,*,#5175,.F.);
#3406=ORIENTED_EDGE('',*,*,#5177,.F.);
#3407=ORIENTED_EDGE('',*,*,#5179,.F.);
#3408=ORIENTED_EDGE('',*,*,#5181,.F.);
#3409=ORIENTED_EDGE('',*,*,#5183,.F.);
#3410=ORIENTED_EDGE('',*,*,#5185,.F.);
#3411=ORIENTED_EDGE('',*,*,#5187,.F.);
#3412=ORIENTED_EDGE('',*,*,#5189,.F.);
#3413=ORIENTED_EDGE('',*,*,#5191,.F.);
#3414=ORIENTED_EDGE('',*,*,#5193,.F.);
#3415=ORIENTED_EDGE('',*,*,#5195,.F.);
#3416=ORIENTED_EDGE('',*,*,#5197,.F.);
#3417=ORIENTED_EDGE('',*,*,#5199,.F.);
#3418=ORIENTED_EDGE('',*,*,#5201,.F.);
#3419=ORIENTED_EDGE('',*,*,#5203,.F.);
#3420=ORIENTED_EDGE('',*,*,#5205,.F.);
#3421=ORIENTED_EDGE('',*,*,#5207,.F.);
#3422=ORIENTED_EDGE('',*,*,#5209,.F.);
#3423=ORIENTED_EDGE('',*,*,#5210,.F.);
#3424=ORIENTED_EDGE('',*,*,#4203,.F.);
#3425=ORIENTED_EDGE('',*,*,#5211,.F.);
#3426=ORIENTED_EDGE('',*,*,#5212,.T.);
#3427=ORIENTED_EDGE('',*,*,#5213,.T.);
#3428=ORIENTED_EDGE('',*,*,#4228,.F.);
#3429=ORIENTED_EDGE('',*,*,#5214,.F.);
#3430=ORIENTED_EDGE('',*,*,#5215,.T.);
#3431=ORIENTED_EDGE('',*,*,#5211,.T.);
#3432=ORIENTED_EDGE('',*,*,#4227,.F.);
#3433=ORIENTED_EDGE('',*,*,#5216,.F.);
#3434=ORIENTED_EDGE('',*,*,#5217,.T.);
#3435=ORIENTED_EDGE('',*,*,#5214,.T.);
#3436=ORIENTED_EDGE('',*,*,#4226,.F.);
#3437=ORIENTED_EDGE('',*,*,#5218,.F.);
#3438=ORIENTED_EDGE('',*,*,#5219,.T.);
#3439=ORIENTED_EDGE('',*,*,#5216,.T.);
#3440=ORIENTED_EDGE('',*,*,#4225,.F.);
#3441=ORIENTED_EDGE('',*,*,#5220,.F.);
#3442=ORIENTED_EDGE('',*,*,#5221,.T.);
#3443=ORIENTED_EDGE('',*,*,#5218,.T.);
#3444=ORIENTED_EDGE('',*,*,#4224,.F.);
#3445=ORIENTED_EDGE('',*,*,#5222,.F.);
#3446=ORIENTED_EDGE('',*,*,#5223,.T.);
#3447=ORIENTED_EDGE('',*,*,#5220,.T.);
#3448=ORIENTED_EDGE('',*,*,#4223,.F.);
#3449=ORIENTED_EDGE('',*,*,#5224,.F.);
#3450=ORIENTED_EDGE('',*,*,#5225,.T.);
#3451=ORIENTED_EDGE('',*,*,#5222,.T.);
#3452=ORIENTED_EDGE('',*,*,#4222,.F.);
#3453=ORIENTED_EDGE('',*,*,#5226,.F.);
#3454=ORIENTED_EDGE('',*,*,#5227,.T.);
#3455=ORIENTED_EDGE('',*,*,#5224,.T.);
#3456=ORIENTED_EDGE('',*,*,#4221,.F.);
#3457=ORIENTED_EDGE('',*,*,#5228,.F.);
#3458=ORIENTED_EDGE('',*,*,#5229,.T.);
#3459=ORIENTED_EDGE('',*,*,#5226,.T.);
#3460=ORIENTED_EDGE('',*,*,#4220,.F.);
#3461=ORIENTED_EDGE('',*,*,#5230,.F.);
#3462=ORIENTED_EDGE('',*,*,#5231,.T.);
#3463=ORIENTED_EDGE('',*,*,#5228,.T.);
#3464=ORIENTED_EDGE('',*,*,#4219,.F.);
#3465=ORIENTED_EDGE('',*,*,#5232,.F.);
#3466=ORIENTED_EDGE('',*,*,#5233,.T.);
#3467=ORIENTED_EDGE('',*,*,#5230,.T.);
#3468=ORIENTED_EDGE('',*,*,#4218,.F.);
#3469=ORIENTED_EDGE('',*,*,#5234,.F.);
#3470=ORIENTED_EDGE('',*,*,#5235,.T.);
#3471=ORIENTED_EDGE('',*,*,#5232,.T.);
#3472=ORIENTED_EDGE('',*,*,#4217,.F.);
#3473=ORIENTED_EDGE('',*,*,#5236,.F.);
#3474=ORIENTED_EDGE('',*,*,#5237,.T.);
#3475=ORIENTED_EDGE('',*,*,#5234,.T.);
#3476=ORIENTED_EDGE('',*,*,#4216,.F.);
#3477=ORIENTED_EDGE('',*,*,#5238,.F.);
#3478=ORIENTED_EDGE('',*,*,#5239,.T.);
#3479=ORIENTED_EDGE('',*,*,#5236,.T.);
#3480=ORIENTED_EDGE('',*,*,#4215,.F.);
#3481=ORIENTED_EDGE('',*,*,#5240,.F.);
#3482=ORIENTED_EDGE('',*,*,#5241,.T.);
#3483=ORIENTED_EDGE('',*,*,#5238,.T.);
#3484=ORIENTED_EDGE('',*,*,#4214,.F.);
#3485=ORIENTED_EDGE('',*,*,#5242,.F.);
#3486=ORIENTED_EDGE('',*,*,#5243,.T.);
#3487=ORIENTED_EDGE('',*,*,#5240,.T.);
#3488=ORIENTED_EDGE('',*,*,#4213,.F.);
#3489=ORIENTED_EDGE('',*,*,#5244,.F.);
#3490=ORIENTED_EDGE('',*,*,#5245,.T.);
#3491=ORIENTED_EDGE('',*,*,#5242,.T.);
#3492=ORIENTED_EDGE('',*,*,#4212,.F.);
#3493=ORIENTED_EDGE('',*,*,#5246,.F.);
#3494=ORIENTED_EDGE('',*,*,#5247,.T.);
#3495=ORIENTED_EDGE('',*,*,#5244,.T.);
#3496=ORIENTED_EDGE('',*,*,#4211,.F.);
#3497=ORIENTED_EDGE('',*,*,#5248,.F.);
#3498=ORIENTED_EDGE('',*,*,#5249,.T.);
#3499=ORIENTED_EDGE('',*,*,#5246,.T.);
#3500=ORIENTED_EDGE('',*,*,#4210,.F.);
#3501=ORIENTED_EDGE('',*,*,#5250,.F.);
#3502=ORIENTED_EDGE('',*,*,#5251,.T.);
#3503=ORIENTED_EDGE('',*,*,#5248,.T.);
#3504=ORIENTED_EDGE('',*,*,#4209,.F.);
#3505=ORIENTED_EDGE('',*,*,#5252,.F.);
#3506=ORIENTED_EDGE('',*,*,#5253,.T.);
#3507=ORIENTED_EDGE('',*,*,#5250,.T.);
#3508=ORIENTED_EDGE('',*,*,#4208,.F.);
#3509=ORIENTED_EDGE('',*,*,#5254,.F.);
#3510=ORIENTED_EDGE('',*,*,#5255,.T.);
#3511=ORIENTED_EDGE('',*,*,#5252,.T.);
#3512=ORIENTED_EDGE('',*,*,#4207,.F.);
#3513=ORIENTED_EDGE('',*,*,#5256,.F.);
#3514=ORIENTED_EDGE('',*,*,#5257,.T.);
#3515=ORIENTED_EDGE('',*,*,#5254,.T.);
#3516=ORIENTED_EDGE('',*,*,#4206,.F.);
#3517=ORIENTED_EDGE('',*,*,#5258,.F.);
#3518=ORIENTED_EDGE('',*,*,#5259,.T.);
#3519=ORIENTED_EDGE('',*,*,#5256,.T.);
#3520=ORIENTED_EDGE('',*,*,#4205,.F.);
#3521=ORIENTED_EDGE('',*,*,#5260,.F.);
#3522=ORIENTED_EDGE('',*,*,#5261,.T.);
#3523=ORIENTED_EDGE('',*,*,#5258,.T.);
#3524=ORIENTED_EDGE('',*,*,#4204,.F.);
#3525=ORIENTED_EDGE('',*,*,#5213,.F.);
#3526=ORIENTED_EDGE('',*,*,#5262,.T.);
#3527=ORIENTED_EDGE('',*,*,#5260,.T.);
#3528=ORIENTED_EDGE('',*,*,#5212,.F.);
#3529=ORIENTED_EDGE('',*,*,#5215,.F.);
#3530=ORIENTED_EDGE('',*,*,#5217,.F.);
#3531=ORIENTED_EDGE('',*,*,#5219,.F.);
#3532=ORIENTED_EDGE('',*,*,#5221,.F.);
#3533=ORIENTED_EDGE('',*,*,#5223,.F.);
#3534=ORIENTED_EDGE('',*,*,#5225,.F.);
#3535=ORIENTED_EDGE('',*,*,#5227,.F.);
#3536=ORIENTED_EDGE('',*,*,#5229,.F.);
#3537=ORIENTED_EDGE('',*,*,#5231,.F.);
#3538=ORIENTED_EDGE('',*,*,#5233,.F.);
#3539=ORIENTED_EDGE('',*,*,#5235,.F.);
#3540=ORIENTED_EDGE('',*,*,#5237,.F.);
#3541=ORIENTED_EDGE('',*,*,#5239,.F.);
#3542=ORIENTED_EDGE('',*,*,#5241,.F.);
#3543=ORIENTED_EDGE('',*,*,#5243,.F.);
#3544=ORIENTED_EDGE('',*,*,#5245,.F.);
#3545=ORIENTED_EDGE('',*,*,#5247,.F.);
#3546=ORIENTED_EDGE('',*,*,#5249,.F.);
#3547=ORIENTED_EDGE('',*,*,#5251,.F.);
#3548=ORIENTED_EDGE('',*,*,#5253,.F.);
#3549=ORIENTED_EDGE('',*,*,#5255,.F.);
#3550=ORIENTED_EDGE('',*,*,#5257,.F.);
#3551=ORIENTED_EDGE('',*,*,#5259,.F.);
#3552=ORIENTED_EDGE('',*,*,#5261,.F.);
#3553=ORIENTED_EDGE('',*,*,#5262,.F.);
#3554=ORIENTED_EDGE('',*,*,#3832,.F.);
#3555=ORIENTED_EDGE('',*,*,#5263,.F.);
#3556=ORIENTED_EDGE('',*,*,#5264,.T.);
#3557=ORIENTED_EDGE('',*,*,#5265,.T.);
#3558=ORIENTED_EDGE('',*,*,#3850,.F.);
#3559=ORIENTED_EDGE('',*,*,#5266,.F.);
#3560=ORIENTED_EDGE('',*,*,#5267,.T.);
#3561=ORIENTED_EDGE('',*,*,#5263,.T.);
#3562=ORIENTED_EDGE('',*,*,#3849,.F.);
#3563=ORIENTED_EDGE('',*,*,#5268,.F.);
#3564=ORIENTED_EDGE('',*,*,#5269,.T.);
#3565=ORIENTED_EDGE('',*,*,#5266,.T.);
#3566=ORIENTED_EDGE('',*,*,#3848,.F.);
#3567=ORIENTED_EDGE('',*,*,#5270,.F.);
#3568=ORIENTED_EDGE('',*,*,#5271,.T.);
#3569=ORIENTED_EDGE('',*,*,#5268,.T.);
#3570=ORIENTED_EDGE('',*,*,#3847,.F.);
#3571=ORIENTED_EDGE('',*,*,#5272,.F.);
#3572=ORIENTED_EDGE('',*,*,#5273,.T.);
#3573=ORIENTED_EDGE('',*,*,#5270,.T.);
#3574=ORIENTED_EDGE('',*,*,#3846,.F.);
#3575=ORIENTED_EDGE('',*,*,#5274,.F.);
#3576=ORIENTED_EDGE('',*,*,#5275,.T.);
#3577=ORIENTED_EDGE('',*,*,#5272,.T.);
#3578=ORIENTED_EDGE('',*,*,#3845,.F.);
#3579=ORIENTED_EDGE('',*,*,#5276,.F.);
#3580=ORIENTED_EDGE('',*,*,#5277,.T.);
#3581=ORIENTED_EDGE('',*,*,#5274,.T.);
#3582=ORIENTED_EDGE('',*,*,#3844,.F.);
#3583=ORIENTED_EDGE('',*,*,#5278,.F.);
#3584=ORIENTED_EDGE('',*,*,#5279,.T.);
#3585=ORIENTED_EDGE('',*,*,#5276,.T.);
#3586=ORIENTED_EDGE('',*,*,#3843,.F.);
#3587=ORIENTED_EDGE('',*,*,#5280,.F.);
#3588=ORIENTED_EDGE('',*,*,#5281,.T.);
#3589=ORIENTED_EDGE('',*,*,#5278,.T.);
#3590=ORIENTED_EDGE('',*,*,#3842,.F.);
#3591=ORIENTED_EDGE('',*,*,#5282,.F.);
#3592=ORIENTED_EDGE('',*,*,#5283,.T.);
#3593=ORIENTED_EDGE('',*,*,#5280,.T.);
#3594=ORIENTED_EDGE('',*,*,#3841,.F.);
#3595=ORIENTED_EDGE('',*,*,#5284,.F.);
#3596=ORIENTED_EDGE('',*,*,#5285,.T.);
#3597=ORIENTED_EDGE('',*,*,#5282,.T.);
#3598=ORIENTED_EDGE('',*,*,#3840,.F.);
#3599=ORIENTED_EDGE('',*,*,#5286,.F.);
#3600=ORIENTED_EDGE('',*,*,#5287,.T.);
#3601=ORIENTED_EDGE('',*,*,#5284,.T.);
#3602=ORIENTED_EDGE('',*,*,#3839,.F.);
#3603=ORIENTED_EDGE('',*,*,#5288,.F.);
#3604=ORIENTED_EDGE('',*,*,#5289,.T.);
#3605=ORIENTED_EDGE('',*,*,#5286,.T.);
#3606=ORIENTED_EDGE('',*,*,#3838,.F.);
#3607=ORIENTED_EDGE('',*,*,#5290,.F.);
#3608=ORIENTED_EDGE('',*,*,#5291,.T.);
#3609=ORIENTED_EDGE('',*,*,#5288,.T.);
#3610=ORIENTED_EDGE('',*,*,#3837,.F.);
#3611=ORIENTED_EDGE('',*,*,#5292,.F.);
#3612=ORIENTED_EDGE('',*,*,#5293,.T.);
#3613=ORIENTED_EDGE('',*,*,#5290,.T.);
#3614=ORIENTED_EDGE('',*,*,#3836,.F.);
#3615=ORIENTED_EDGE('',*,*,#5294,.F.);
#3616=ORIENTED_EDGE('',*,*,#5295,.T.);
#3617=ORIENTED_EDGE('',*,*,#5292,.T.);
#3618=ORIENTED_EDGE('',*,*,#3835,.F.);
#3619=ORIENTED_EDGE('',*,*,#5296,.F.);
#3620=ORIENTED_EDGE('',*,*,#5297,.T.);
#3621=ORIENTED_EDGE('',*,*,#5294,.T.);
#3622=ORIENTED_EDGE('',*,*,#3834,.F.);
#3623=ORIENTED_EDGE('',*,*,#5298,.F.);
#3624=ORIENTED_EDGE('',*,*,#5299,.T.);
#3625=ORIENTED_EDGE('',*,*,#5296,.T.);
#3626=ORIENTED_EDGE('',*,*,#3833,.F.);
#3627=ORIENTED_EDGE('',*,*,#5265,.F.);
#3628=ORIENTED_EDGE('',*,*,#5300,.T.);
#3629=ORIENTED_EDGE('',*,*,#5298,.T.);
#3630=ORIENTED_EDGE('',*,*,#5264,.F.);
#3631=ORIENTED_EDGE('',*,*,#5267,.F.);
#3632=ORIENTED_EDGE('',*,*,#5269,.F.);
#3633=ORIENTED_EDGE('',*,*,#5271,.F.);
#3634=ORIENTED_EDGE('',*,*,#5273,.F.);
#3635=ORIENTED_EDGE('',*,*,#5275,.F.);
#3636=ORIENTED_EDGE('',*,*,#5277,.F.);
#3637=ORIENTED_EDGE('',*,*,#5279,.F.);
#3638=ORIENTED_EDGE('',*,*,#5281,.F.);
#3639=ORIENTED_EDGE('',*,*,#5283,.F.);
#3640=ORIENTED_EDGE('',*,*,#5285,.F.);
#3641=ORIENTED_EDGE('',*,*,#5287,.F.);
#3642=ORIENTED_EDGE('',*,*,#5289,.F.);
#3643=ORIENTED_EDGE('',*,*,#5291,.F.);
#3644=ORIENTED_EDGE('',*,*,#5293,.F.);
#3645=ORIENTED_EDGE('',*,*,#5295,.F.);
#3646=ORIENTED_EDGE('',*,*,#5297,.F.);
#3647=ORIENTED_EDGE('',*,*,#5299,.F.);
#3648=ORIENTED_EDGE('',*,*,#5300,.F.);
#3649=ORIENTED_EDGE('',*,*,#5301,.F.);
#3650=ORIENTED_EDGE('',*,*,#5302,.F.);
#3651=ORIENTED_EDGE('',*,*,#5303,.T.);
#3652=ORIENTED_EDGE('',*,*,#5304,.T.);
#3653=ORIENTED_EDGE('',*,*,#5305,.F.);
#3654=ORIENTED_EDGE('',*,*,#5306,.F.);
#3655=ORIENTED_EDGE('',*,*,#5307,.T.);
#3656=ORIENTED_EDGE('',*,*,#5302,.T.);
#3657=ORIENTED_EDGE('',*,*,#5308,.F.);
#3658=ORIENTED_EDGE('',*,*,#5309,.F.);
#3659=ORIENTED_EDGE('',*,*,#5310,.T.);
#3660=ORIENTED_EDGE('',*,*,#5306,.T.);
#3661=ORIENTED_EDGE('',*,*,#5311,.F.);
#3662=ORIENTED_EDGE('',*,*,#5312,.F.);
#3663=ORIENTED_EDGE('',*,*,#5313,.T.);
#3664=ORIENTED_EDGE('',*,*,#5309,.T.);
#3665=ORIENTED_EDGE('',*,*,#5314,.F.);
#3666=ORIENTED_EDGE('',*,*,#5315,.F.);
#3667=ORIENTED_EDGE('',*,*,#5316,.T.);
#3668=ORIENTED_EDGE('',*,*,#5312,.T.);
#3669=ORIENTED_EDGE('',*,*,#5317,.F.);
#3670=ORIENTED_EDGE('',*,*,#5318,.F.);
#3671=ORIENTED_EDGE('',*,*,#5319,.T.);
#3672=ORIENTED_EDGE('',*,*,#5315,.T.);
#3673=ORIENTED_EDGE('',*,*,#5320,.F.);
#3674=ORIENTED_EDGE('',*,*,#5321,.F.);
#3675=ORIENTED_EDGE('',*,*,#5322,.T.);
#3676=ORIENTED_EDGE('',*,*,#5318,.T.);
#3677=ORIENTED_EDGE('',*,*,#5323,.F.);
#3678=ORIENTED_EDGE('',*,*,#5324,.F.);
#3679=ORIENTED_EDGE('',*,*,#5325,.T.);
#3680=ORIENTED_EDGE('',*,*,#5321,.T.);
#3681=ORIENTED_EDGE('',*,*,#5326,.F.);
#3682=ORIENTED_EDGE('',*,*,#5327,.F.);
#3683=ORIENTED_EDGE('',*,*,#5328,.T.);
#3684=ORIENTED_EDGE('',*,*,#5324,.T.);
#3685=ORIENTED_EDGE('',*,*,#4229,.F.);
#3686=ORIENTED_EDGE('',*,*,#5329,.F.);
#3687=ORIENTED_EDGE('',*,*,#5330,.T.);
#3688=ORIENTED_EDGE('',*,*,#5331,.T.);
#3689=ORIENTED_EDGE('',*,*,#4238,.F.);
#3690=ORIENTED_EDGE('',*,*,#5332,.F.);
#3691=ORIENTED_EDGE('',*,*,#5333,.T.);
#3692=ORIENTED_EDGE('',*,*,#5329,.T.);
#3693=ORIENTED_EDGE('',*,*,#4237,.F.);
#3694=ORIENTED_EDGE('',*,*,#5334,.F.);
#3695=ORIENTED_EDGE('',*,*,#5335,.T.);
#3696=ORIENTED_EDGE('',*,*,#5332,.T.);
#3697=ORIENTED_EDGE('',*,*,#4236,.F.);
#3698=ORIENTED_EDGE('',*,*,#5336,.F.);
#3699=ORIENTED_EDGE('',*,*,#5337,.T.);
#3700=ORIENTED_EDGE('',*,*,#5334,.T.);
#3701=ORIENTED_EDGE('',*,*,#4235,.F.);
#3702=ORIENTED_EDGE('',*,*,#5338,.F.);
#3703=ORIENTED_EDGE('',*,*,#5339,.T.);
#3704=ORIENTED_EDGE('',*,*,#5336,.T.);
#3705=ORIENTED_EDGE('',*,*,#4234,.F.);
#3706=ORIENTED_EDGE('',*,*,#5340,.F.);
#3707=ORIENTED_EDGE('',*,*,#5341,.T.);
#3708=ORIENTED_EDGE('',*,*,#5338,.T.);
#3709=ORIENTED_EDGE('',*,*,#4233,.F.);
#3710=ORIENTED_EDGE('',*,*,#5342,.F.);
#3711=ORIENTED_EDGE('',*,*,#5343,.T.);
#3712=ORIENTED_EDGE('',*,*,#5340,.T.);
#3713=ORIENTED_EDGE('',*,*,#4232,.F.);
#3714=ORIENTED_EDGE('',*,*,#5344,.F.);
#3715=ORIENTED_EDGE('',*,*,#5345,.T.);
#3716=ORIENTED_EDGE('',*,*,#5342,.T.);
#3717=ORIENTED_EDGE('',*,*,#4231,.F.);
#3718=ORIENTED_EDGE('',*,*,#5346,.F.);
#3719=ORIENTED_EDGE('',*,*,#5347,.T.);
#3720=ORIENTED_EDGE('',*,*,#5344,.T.);
#3721=ORIENTED_EDGE('',*,*,#4230,.F.);
#3722=ORIENTED_EDGE('',*,*,#5331,.F.);
#3723=ORIENTED_EDGE('',*,*,#5348,.T.);
#3724=ORIENTED_EDGE('',*,*,#5346,.T.);
#3725=ORIENTED_EDGE('',*,*,#5349,.F.);
#3726=ORIENTED_EDGE('',*,*,#5304,.F.);
#3727=ORIENTED_EDGE('',*,*,#5350,.T.);
#3728=ORIENTED_EDGE('',*,*,#5327,.T.);
#3729=ORIENTED_EDGE('',*,*,#5330,.F.);
#3730=ORIENTED_EDGE('',*,*,#5333,.F.);
#3731=ORIENTED_EDGE('',*,*,#5335,.F.);
#3732=ORIENTED_EDGE('',*,*,#5337,.F.);
#3733=ORIENTED_EDGE('',*,*,#5339,.F.);
#3734=ORIENTED_EDGE('',*,*,#5341,.F.);
#3735=ORIENTED_EDGE('',*,*,#5343,.F.);
#3736=ORIENTED_EDGE('',*,*,#5345,.F.);
#3737=ORIENTED_EDGE('',*,*,#5347,.F.);
#3738=ORIENTED_EDGE('',*,*,#5348,.F.);
#3739=ORIENTED_EDGE('',*,*,#5303,.F.);
#3740=ORIENTED_EDGE('',*,*,#5307,.F.);
#3741=ORIENTED_EDGE('',*,*,#5310,.F.);
#3742=ORIENTED_EDGE('',*,*,#5313,.F.);
#3743=ORIENTED_EDGE('',*,*,#5316,.F.);
#3744=ORIENTED_EDGE('',*,*,#5319,.F.);
#3745=ORIENTED_EDGE('',*,*,#5322,.F.);
#3746=ORIENTED_EDGE('',*,*,#5325,.F.);
#3747=ORIENTED_EDGE('',*,*,#5328,.F.);
#3748=ORIENTED_EDGE('',*,*,#5350,.F.);
#3749=ORIENTED_EDGE('',*,*,#4350,.T.);
#3750=ORIENTED_EDGE('',*,*,#4414,.T.);
#3751=ORIENTED_EDGE('',*,*,#4375,.T.);
#3752=ORIENTED_EDGE('',*,*,#4372,.T.);
#3753=ORIENTED_EDGE('',*,*,#4369,.T.);
#3754=ORIENTED_EDGE('',*,*,#4366,.T.);
#3755=ORIENTED_EDGE('',*,*,#4363,.T.);
#3756=ORIENTED_EDGE('',*,*,#4360,.T.);
#3757=ORIENTED_EDGE('',*,*,#4357,.T.);
#3758=ORIENTED_EDGE('',*,*,#4354,.T.);
#3759=ORIENTED_EDGE('',*,*,#4416,.T.);
#3760=ORIENTED_EDGE('',*,*,#4492,.T.);
#3761=ORIENTED_EDGE('',*,*,#4435,.T.);
#3762=ORIENTED_EDGE('',*,*,#4432,.T.);
#3763=ORIENTED_EDGE('',*,*,#4429,.T.);
#3764=ORIENTED_EDGE('',*,*,#4426,.T.);
#3765=ORIENTED_EDGE('',*,*,#4423,.T.);
#3766=ORIENTED_EDGE('',*,*,#4420,.T.);
#3767=ORIENTED_EDGE('',*,*,#4494,.T.);
#3768=ORIENTED_EDGE('',*,*,#4542,.T.);
#3769=ORIENTED_EDGE('',*,*,#4519,.T.);
#3770=ORIENTED_EDGE('',*,*,#4516,.T.);
#3771=ORIENTED_EDGE('',*,*,#4513,.T.);
#3772=ORIENTED_EDGE('',*,*,#4510,.T.);
#3773=ORIENTED_EDGE('',*,*,#4507,.T.);
#3774=ORIENTED_EDGE('',*,*,#4504,.T.);
#3775=ORIENTED_EDGE('',*,*,#4501,.T.);
#3776=ORIENTED_EDGE('',*,*,#4498,.T.);
#3777=ORIENTED_EDGE('',*,*,#4544,.T.);
#3778=ORIENTED_EDGE('',*,*,#4604,.T.);
#3779=ORIENTED_EDGE('',*,*,#4569,.T.);
#3780=ORIENTED_EDGE('',*,*,#4566,.T.);
#3781=ORIENTED_EDGE('',*,*,#4563,.T.);
#3782=ORIENTED_EDGE('',*,*,#4560,.T.);
#3783=ORIENTED_EDGE('',*,*,#4557,.T.);
#3784=ORIENTED_EDGE('',*,*,#4554,.T.);
#3785=ORIENTED_EDGE('',*,*,#4551,.T.);
#3786=ORIENTED_EDGE('',*,*,#4548,.T.);
#3787=ORIENTED_EDGE('',*,*,#4876,.T.);
#3788=ORIENTED_EDGE('',*,*,#4929,.T.);
#3789=ORIENTED_EDGE('',*,*,#4892,.T.);
#3790=ORIENTED_EDGE('',*,*,#4889,.T.);
#3791=ORIENTED_EDGE('',*,*,#4886,.T.);
#3792=ORIENTED_EDGE('',*,*,#4883,.T.);
#3793=ORIENTED_EDGE('',*,*,#4880,.T.);
#3794=ORIENTED_EDGE('',*,*,#4931,.T.);
#3795=ORIENTED_EDGE('',*,*,#4999,.T.);
#3796=ORIENTED_EDGE('',*,*,#4956,.T.);
#3797=ORIENTED_EDGE('',*,*,#4953,.T.);
#3798=ORIENTED_EDGE('',*,*,#4950,.T.);
#3799=ORIENTED_EDGE('',*,*,#4947,.T.);
#3800=ORIENTED_EDGE('',*,*,#4944,.T.);
#3801=ORIENTED_EDGE('',*,*,#4941,.T.);
#3802=ORIENTED_EDGE('',*,*,#4938,.T.);
#3803=ORIENTED_EDGE('',*,*,#4935,.T.);
#3804=ORIENTED_EDGE('',*,*,#5001,.T.);
#3805=ORIENTED_EDGE('',*,*,#5077,.T.);
#3806=ORIENTED_EDGE('',*,*,#5020,.T.);
#3807=ORIENTED_EDGE('',*,*,#5017,.T.);
#3808=ORIENTED_EDGE('',*,*,#5014,.T.);
#3809=ORIENTED_EDGE('',*,*,#5011,.T.);
#3810=ORIENTED_EDGE('',*,*,#5008,.T.);
#3811=ORIENTED_EDGE('',*,*,#5005,.T.);
#3812=ORIENTED_EDGE('',*,*,#5079,.T.);
#3813=ORIENTED_EDGE('',*,*,#5151,.T.);
#3814=ORIENTED_EDGE('',*,*,#5104,.T.);
#3815=ORIENTED_EDGE('',*,*,#5101,.T.);
#3816=ORIENTED_EDGE('',*,*,#5098,.T.);
#3817=ORIENTED_EDGE('',*,*,#5095,.T.);
#3818=ORIENTED_EDGE('',*,*,#5092,.T.);
#3819=ORIENTED_EDGE('',*,*,#5089,.T.);
#3820=ORIENTED_EDGE('',*,*,#5086,.T.);
#3821=ORIENTED_EDGE('',*,*,#5083,.T.);
#3822=ORIENTED_EDGE('',*,*,#5301,.T.);
#3823=ORIENTED_EDGE('',*,*,#5349,.T.);
#3824=ORIENTED_EDGE('',*,*,#5326,.T.);
#3825=ORIENTED_EDGE('',*,*,#5323,.T.);
#3826=ORIENTED_EDGE('',*,*,#5320,.T.);
#3827=ORIENTED_EDGE('',*,*,#5317,.T.);
#3828=ORIENTED_EDGE('',*,*,#5314,.T.);
#3829=ORIENTED_EDGE('',*,*,#5311,.T.);
#3830=ORIENTED_EDGE('',*,*,#5308,.T.);
#3831=ORIENTED_EDGE('',*,*,#5305,.T.);
#3832=EDGE_CURVE('',#5351,#5352,#6365,.T.);
#3833=EDGE_CURVE('',#5352,#5353,#6366,.T.);
#3834=EDGE_CURVE('',#5353,#5354,#6367,.T.);
#3835=EDGE_CURVE('',#5354,#5355,#385,.T.);
#3836=EDGE_CURVE('',#5355,#5356,#386,.T.);
#3837=EDGE_CURVE('',#5356,#5357,#273,.F.);
#3838=EDGE_CURVE('',#5357,#5358,#274,.F.);
#3839=EDGE_CURVE('',#5358,#5359,#6368,.T.);
#3840=EDGE_CURVE('',#5359,#5360,#6369,.T.);
#3841=EDGE_CURVE('',#5360,#5361,#387,.T.);
#3842=EDGE_CURVE('',#5361,#5362,#388,.T.);
#3843=EDGE_CURVE('',#5362,#5363,#6370,.T.);
#3844=EDGE_CURVE('',#5363,#5364,#6371,.T.);
#3845=EDGE_CURVE('',#5364,#5365,#6372,.T.);
#3846=EDGE_CURVE('',#5365,#5366,#6373,.T.);
#3847=EDGE_CURVE('',#5366,#5367,#6374,.T.);
#3848=EDGE_CURVE('',#5367,#5368,#6375,.T.);
#3849=EDGE_CURVE('',#5368,#5369,#6376,.T.);
#3850=EDGE_CURVE('',#5369,#5351,#6377,.T.);
#3851=EDGE_CURVE('',#5370,#5371,#6378,.T.);
#3852=EDGE_CURVE('',#5371,#5372,#6379,.T.);
#3853=EDGE_CURVE('',#5372,#5373,#6380,.T.);
#3854=EDGE_CURVE('',#5373,#5374,#6381,.T.);
#3855=EDGE_CURVE('',#5374,#5375,#6382,.T.);
#3856=EDGE_CURVE('',#5375,#5376,#6383,.T.);
#3857=EDGE_CURVE('',#5376,#5377,#6384,.T.);
#3858=EDGE_CURVE('',#5377,#5378,#6385,.T.);
#3859=EDGE_CURVE('',#5378,#5379,#6386,.T.);
#3860=EDGE_CURVE('',#5379,#5380,#6387,.T.);
#3861=EDGE_CURVE('',#5380,#5381,#6388,.T.);
#3862=EDGE_CURVE('',#5381,#5382,#6389,.T.);
#3863=EDGE_CURVE('',#5382,#5383,#6390,.T.);
#3864=EDGE_CURVE('',#5383,#5384,#6391,.T.);
#3865=EDGE_CURVE('',#5384,#5385,#6392,.T.);
#3866=EDGE_CURVE('',#5385,#5386,#6393,.T.);
#3867=EDGE_CURVE('',#5386,#5387,#6394,.T.);
#3868=EDGE_CURVE('',#5387,#5388,#6395,.T.);
#3869=EDGE_CURVE('',#5388,#5389,#6396,.T.);
#3870=EDGE_CURVE('',#5389,#5390,#6397,.T.);
#3871=EDGE_CURVE('',#5390,#5391,#6398,.T.);
#3872=EDGE_CURVE('',#5391,#5392,#6399,.T.);
#3873=EDGE_CURVE('',#5392,#5393,#6400,.T.);
#3874=EDGE_CURVE('',#5393,#5394,#6401,.T.);
#3875=EDGE_CURVE('',#5394,#5395,#6402,.T.);
#3876=EDGE_CURVE('',#5395,#5396,#6403,.T.);
#3877=EDGE_CURVE('',#5396,#5397,#6404,.T.);
#3878=EDGE_CURVE('',#5397,#5398,#6405,.T.);
#3879=EDGE_CURVE('',#5398,#5370,#6406,.T.);
#3880=EDGE_CURVE('',#5399,#5400,#275,.F.);
#3881=EDGE_CURVE('',#5400,#5401,#276,.T.);
#3882=EDGE_CURVE('',#5401,#5402,#277,.F.);
#3883=EDGE_CURVE('',#5402,#5403,#278,.F.);
#3884=EDGE_CURVE('',#5403,#5404,#389,.T.);
#3885=EDGE_CURVE('',#5404,#5405,#390,.T.);
#3886=EDGE_CURVE('',#5405,#5406,#391,.T.);
#3887=EDGE_CURVE('',#5406,#5407,#392,.T.);
#3888=EDGE_CURVE('',#5407,#5408,#6407,.T.);
#3889=EDGE_CURVE('',#5408,#5409,#6408,.T.);
#3890=EDGE_CURVE('',#5409,#5410,#393,.T.);
#3891=EDGE_CURVE('',#5410,#5411,#394,.T.);
#3892=EDGE_CURVE('',#5411,#5412,#395,.T.);
#3893=EDGE_CURVE('',#5412,#5413,#396,.T.);
#3894=EDGE_CURVE('',#5413,#5414,#6409,.T.);
#3895=EDGE_CURVE('',#5414,#5415,#6410,.T.);
#3896=EDGE_CURVE('',#5415,#5416,#6411,.T.);
#3897=EDGE_CURVE('',#5416,#5417,#397,.T.);
#3898=EDGE_CURVE('',#5417,#5418,#398,.T.);
#3899=EDGE_CURVE('',#5418,#5419,#399,.T.);
#3900=EDGE_CURVE('',#5419,#5420,#400,.T.);
#3901=EDGE_CURVE('',#5420,#5421,#6412,.T.);
#3902=EDGE_CURVE('',#5421,#5422,#279,.T.);
#3903=EDGE_CURVE('',#5422,#5423,#280,.T.);
#3904=EDGE_CURVE('',#5423,#5424,#6413,.T.);
#3905=EDGE_CURVE('',#5424,#5425,#6414,.T.);
#3906=EDGE_CURVE('',#5425,#5399,#6415,.T.);
#3907=EDGE_CURVE('',#5426,#5427,#401,.T.);
#3908=EDGE_CURVE('',#5427,#5428,#402,.T.);
#3909=EDGE_CURVE('',#5428,#5429,#6416,.T.);
#3910=EDGE_CURVE('',#5429,#5430,#403,.T.);
#3911=EDGE_CURVE('',#5430,#5431,#404,.T.);
#3912=EDGE_CURVE('',#5431,#5432,#405,.T.);
#3913=EDGE_CURVE('',#5432,#5433,#406,.T.);
#3914=EDGE_CURVE('',#5433,#5434,#6417,.T.);
#3915=EDGE_CURVE('',#5434,#5435,#6418,.T.);
#3916=EDGE_CURVE('',#5435,#5436,#6419,.T.);
#3917=EDGE_CURVE('',#5436,#5437,#407,.T.);
#3918=EDGE_CURVE('',#5437,#5438,#408,.T.);
#3919=EDGE_CURVE('',#5438,#5439,#409,.T.);
#3920=EDGE_CURVE('',#5439,#5440,#281,.T.);
#3921=EDGE_CURVE('',#5440,#5441,#6420,.T.);
#3922=EDGE_CURVE('',#5441,#5442,#410,.T.);
#3923=EDGE_CURVE('',#5442,#5426,#411,.T.);
#3924=EDGE_CURVE('',#5443,#5444,#6421,.T.);
#3925=EDGE_CURVE('',#5444,#5445,#6422,.T.);
#3926=EDGE_CURVE('',#5445,#5446,#412,.T.);
#3927=EDGE_CURVE('',#5446,#5447,#413,.T.);
#3928=EDGE_CURVE('',#5447,#5448,#414,.T.);
#3929=EDGE_CURVE('',#5448,#5449,#415,.T.);
#3930=EDGE_CURVE('',#5449,#5450,#416,.T.);
#3931=EDGE_CURVE('',#5450,#5451,#417,.T.);
#3932=EDGE_CURVE('',#5451,#5452,#418,.T.);
#3933=EDGE_CURVE('',#5452,#5453,#419,.T.);
#3934=EDGE_CURVE('',#5453,#5454,#420,.T.);
#3935=EDGE_CURVE('',#5454,#5455,#421,.T.);
#3936=EDGE_CURVE('',#5455,#5456,#422,.T.);
#3937=EDGE_CURVE('',#5456,#5457,#282,.F.);
#3938=EDGE_CURVE('',#5457,#5458,#6423,.T.);
#3939=EDGE_CURVE('',#5458,#5459,#6424,.T.);
#3940=EDGE_CURVE('',#5459,#5460,#6425,.T.);
#3941=EDGE_CURVE('',#5460,#5461,#423,.T.);
#3942=EDGE_CURVE('',#5461,#5462,#283,.T.);
#3943=EDGE_CURVE('',#5462,#5463,#424,.T.);
#3944=EDGE_CURVE('',#5463,#5464,#425,.T.);
#3945=EDGE_CURVE('',#5464,#5465,#284,.T.);
#3946=EDGE_CURVE('',#5465,#5466,#426,.T.);
#3947=EDGE_CURVE('',#5466,#5467,#427,.T.);
#3948=EDGE_CURVE('',#5467,#5468,#428,.T.);
#3949=EDGE_CURVE('',#5468,#5469,#429,.T.);
#3950=EDGE_CURVE('',#5469,#5470,#430,.T.);
#3951=EDGE_CURVE('',#5470,#5471,#431,.T.);
#3952=EDGE_CURVE('',#5471,#5472,#432,.T.);
#3953=EDGE_CURVE('',#5472,#5443,#6426,.T.);
#3954=EDGE_CURVE('',#5473,#5474,#6427,.T.);
#3955=EDGE_CURVE('',#5474,#5475,#6428,.T.);
#3956=EDGE_CURVE('',#5475,#5476,#6429,.T.);
#3957=EDGE_CURVE('',#5476,#5477,#6430,.T.);
#3958=EDGE_CURVE('',#5477,#5478,#6431,.T.);
#3959=EDGE_CURVE('',#5478,#5479,#6432,.T.);
#3960=EDGE_CURVE('',#5479,#5480,#433,.T.);
#3961=EDGE_CURVE('',#5480,#5481,#434,.T.);
#3962=EDGE_CURVE('',#5481,#5482,#435,.T.);
#3963=EDGE_CURVE('',#5482,#5483,#436,.T.);
#3964=EDGE_CURVE('',#5483,#5484,#6433,.T.);
#3965=EDGE_CURVE('',#5484,#5485,#6434,.T.);
#3966=EDGE_CURVE('',#5485,#5486,#6435,.T.);
#3967=EDGE_CURVE('',#5486,#5487,#6436,.T.);
#3968=EDGE_CURVE('',#5487,#5488,#6437,.T.);
#3969=EDGE_CURVE('',#5488,#5489,#6438,.T.);
#3970=EDGE_CURVE('',#5489,#5490,#6439,.T.);
#3971=EDGE_CURVE('',#5490,#5491,#437,.T.);
#3972=EDGE_CURVE('',#5491,#5492,#438,.T.);
#3973=EDGE_CURVE('',#5492,#5493,#439,.T.);
#3974=EDGE_CURVE('',#5493,#5494,#285,.T.);
#3975=EDGE_CURVE('',#5494,#5495,#6440,.T.);
#3976=EDGE_CURVE('',#5495,#5496,#6441,.T.);
#3977=EDGE_CURVE('',#5496,#5497,#6442,.T.);
#3978=EDGE_CURVE('',#5497,#5498,#6443,.T.);
#3979=EDGE_CURVE('',#5498,#5473,#6444,.T.);
#3980=EDGE_CURVE('',#5499,#5500,#6445,.T.);
#3981=EDGE_CURVE('',#5500,#5501,#6446,.T.);
#3982=EDGE_CURVE('',#5501,#5502,#6447,.T.);
#3983=EDGE_CURVE('',#5502,#5499,#6448,.T.);
#3984=EDGE_CURVE('',#5503,#5504,#6449,.T.);
#3985=EDGE_CURVE('',#5504,#5505,#6450,.T.);
#3986=EDGE_CURVE('',#5505,#5506,#6451,.T.);
#3987=EDGE_CURVE('',#5506,#5507,#6452,.T.);
#3988=EDGE_CURVE('',#5507,#5508,#6453,.T.);
#3989=EDGE_CURVE('',#5508,#5509,#6454,.T.);
#3990=EDGE_CURVE('',#5509,#5510,#6455,.T.);
#3991=EDGE_CURVE('',#5510,#5511,#6456,.T.);
#3992=EDGE_CURVE('',#5511,#5512,#6457,.T.);
#3993=EDGE_CURVE('',#5512,#5503,#6458,.T.);
#3994=EDGE_CURVE('',#5513,#5514,#440,.T.);
#3995=EDGE_CURVE('',#5514,#5515,#441,.T.);
#3996=EDGE_CURVE('',#5515,#5516,#442,.T.);
#3997=EDGE_CURVE('',#5516,#5517,#443,.T.);
#3998=EDGE_CURVE('',#5517,#5518,#6459,.T.);
#3999=EDGE_CURVE('',#5518,#5519,#444,.T.);
#4000=EDGE_CURVE('',#5519,#5520,#445,.T.);
#4001=EDGE_CURVE('',#5520,#5521,#446,.T.);
#4002=EDGE_CURVE('',#5521,#5522,#447,.T.);
#4003=EDGE_CURVE('',#5522,#5513,#6460,.T.);
#4004=EDGE_CURVE('',#5523,#5524,#286,.F.);
#4005=EDGE_CURVE('',#5524,#5525,#448,.T.);
#4006=EDGE_CURVE('',#5525,#5526,#449,.T.);
#4007=EDGE_CURVE('',#5526,#5527,#450,.T.);
#4008=EDGE_CURVE('',#5527,#5528,#6461,.T.);
#4009=EDGE_CURVE('',#5528,#5529,#451,.T.);
#4010=EDGE_CURVE('',#5529,#5530,#452,.T.);
#4011=EDGE_CURVE('',#5530,#5531,#453,.T.);
#4012=EDGE_CURVE('',#5531,#5532,#287,.F.);
#4013=EDGE_CURVE('',#5532,#5533,#6462,.T.);
#4014=EDGE_CURVE('',#5533,#5534,#6463,.T.);
#4015=EDGE_CURVE('',#5534,#5535,#6464,.T.);
#4016=EDGE_CURVE('',#5535,#5536,#6465,.T.);
#4017=EDGE_CURVE('',#5536,#5537,#6466,.T.);
#4018=EDGE_CURVE('',#5537,#5538,#6467,.T.);
#4019=EDGE_CURVE('',#5538,#5539,#6468,.T.);
#4020=EDGE_CURVE('',#5539,#5540,#6469,.T.);
#4021=EDGE_CURVE('',#5540,#5523,#6470,.T.);
#4022=EDGE_CURVE('',#5541,#5542,#6471,.T.);
#4023=EDGE_CURVE('',#5542,#5543,#288,.F.);
#4024=EDGE_CURVE('',#5543,#5544,#6472,.T.);
#4025=EDGE_CURVE('',#5544,#5545,#289,.F.);
#4026=EDGE_CURVE('',#5546,#5545,#6473,.T.);
#4027=EDGE_CURVE('',#5546,#5547,#290,.F.);
#4028=EDGE_CURVE('',#5548,#5547,#6474,.T.);
#4029=EDGE_CURVE('',#5548,#5549,#291,.T.);
#4030=EDGE_CURVE('',#5550,#5549,#6475,.T.);
#4031=EDGE_CURVE('',#5550,#5551,#292,.T.);
#4032=EDGE_CURVE('',#5552,#5551,#6476,.T.);
#4033=EDGE_CURVE('',#5552,#5553,#293,.F.);
#4034=EDGE_CURVE('',#5554,#5553,#6477,.T.);
#4035=EDGE_CURVE('',#5554,#5555,#294,.F.);
#4036=EDGE_CURVE('',#5556,#5555,#6478,.T.);
#4037=EDGE_CURVE('',#5556,#5557,#295,.F.);
#4038=EDGE_CURVE('',#5557,#5541,#6479,.T.);
#4039=EDGE_CURVE('',#5558,#5559,#6480,.T.);
#4040=EDGE_CURVE('',#5559,#5560,#6481,.T.);
#4041=EDGE_CURVE('',#5560,#5561,#6482,.T.);
#4042=EDGE_CURVE('',#5561,#5562,#6483,.T.);
#4043=EDGE_CURVE('',#5562,#5563,#6484,.T.);
#4044=EDGE_CURVE('',#5563,#5564,#6485,.T.);
#4045=EDGE_CURVE('',#5564,#5565,#6486,.T.);
#4046=EDGE_CURVE('',#5565,#5566,#6487,.T.);
#4047=EDGE_CURVE('',#5566,#5567,#6488,.T.);
#4048=EDGE_CURVE('',#5567,#5568,#6489,.T.);
#4049=EDGE_CURVE('',#5568,#5569,#6490,.T.);
#4050=EDGE_CURVE('',#5569,#5570,#6491,.T.);
#4051=EDGE_CURVE('',#5570,#5571,#6492,.T.);
#4052=EDGE_CURVE('',#5571,#5558,#6493,.T.);
#4053=EDGE_CURVE('',#5572,#5573,#296,.F.);
#4054=EDGE_CURVE('',#5573,#5574,#297,.T.);
#4055=EDGE_CURVE('',#5574,#5575,#298,.F.);
#4056=EDGE_CURVE('',#5575,#5576,#299,.F.);
#4057=EDGE_CURVE('',#5576,#5577,#454,.T.);
#4058=EDGE_CURVE('',#5577,#5578,#455,.T.);
#4059=EDGE_CURVE('',#5578,#5579,#456,.T.);
#4060=EDGE_CURVE('',#5579,#5580,#457,.T.);
#4061=EDGE_CURVE('',#5580,#5581,#6494,.T.);
#4062=EDGE_CURVE('',#5581,#5582,#6495,.T.);
#4063=EDGE_CURVE('',#5582,#5583,#458,.T.);
#4064=EDGE_CURVE('',#5583,#5584,#459,.T.);
#4065=EDGE_CURVE('',#5584,#5585,#460,.T.);
#4066=EDGE_CURVE('',#5585,#5586,#461,.T.);
#4067=EDGE_CURVE('',#5586,#5587,#6496,.T.);
#4068=EDGE_CURVE('',#5587,#5588,#6497,.T.);
#4069=EDGE_CURVE('',#5588,#5589,#6498,.T.);
#4070=EDGE_CURVE('',#5589,#5590,#462,.T.);
#4071=EDGE_CURVE('',#5590,#5591,#463,.T.);
#4072=EDGE_CURVE('',#5591,#5592,#464,.T.);
#4073=EDGE_CURVE('',#5592,#5593,#465,.T.);
#4074=EDGE_CURVE('',#5593,#5594,#6499,.T.);
#4075=EDGE_CURVE('',#5594,#5595,#300,.T.);
#4076=EDGE_CURVE('',#5595,#5596,#301,.T.);
#4077=EDGE_CURVE('',#5596,#5597,#6500,.T.);
#4078=EDGE_CURVE('',#5597,#5598,#6501,.T.);
#4079=EDGE_CURVE('',#5598,#5572,#6502,.T.);
#4080=EDGE_CURVE('',#5599,#5600,#466,.T.);
#4081=EDGE_CURVE('',#5600,#5601,#467,.T.);
#4082=EDGE_CURVE('',#5601,#5602,#468,.T.);
#4083=EDGE_CURVE('',#5602,#5603,#469,.T.);
#4084=EDGE_CURVE('',#5603,#5604,#6503,.T.);
#4085=EDGE_CURVE('',#5604,#5605,#6504,.T.);
#4086=EDGE_CURVE('',#5605,#5606,#6505,.T.);
#4087=EDGE_CURVE('',#5606,#5607,#6506,.T.);
#4088=EDGE_CURVE('',#5607,#5608,#6507,.T.);
#4089=EDGE_CURVE('',#5608,#5609,#6508,.T.);
#4090=EDGE_CURVE('',#5609,#5610,#6509,.T.);
#4091=EDGE_CURVE('',#5610,#5611,#302,.F.);
#4092=EDGE_CURVE('',#5611,#5612,#470,.T.);
#4093=EDGE_CURVE('',#5612,#5613,#471,.T.);
#4094=EDGE_CURVE('',#5613,#5614,#472,.T.);
#4095=EDGE_CURVE('',#5614,#5599,#6510,.T.);
#4096=EDGE_CURVE('',#5615,#5616,#6511,.T.);
#4097=EDGE_CURVE('',#5616,#5617,#6512,.T.);
#4098=EDGE_CURVE('',#5617,#5618,#6513,.T.);
#4099=EDGE_CURVE('',#5618,#5619,#6514,.T.);
#4100=EDGE_CURVE('',#5619,#5620,#6515,.T.);
#4101=EDGE_CURVE('',#5620,#5621,#6516,.T.);
#4102=EDGE_CURVE('',#5621,#5622,#6517,.T.);
#4103=EDGE_CURVE('',#5622,#5623,#6518,.T.);
#4104=EDGE_CURVE('',#5623,#5624,#6519,.T.);
#4105=EDGE_CURVE('',#5624,#5615,#6520,.T.);
#4106=EDGE_CURVE('',#5625,#5626,#6521,.T.);
#4107=EDGE_CURVE('',#5626,#5627,#6522,.T.);
#4108=EDGE_CURVE('',#5627,#5628,#6523,.T.);
#4109=EDGE_CURVE('',#5628,#5629,#6524,.T.);
#4110=EDGE_CURVE('',#5629,#5630,#6525,.T.);
#4111=EDGE_CURVE('',#5630,#5631,#473,.T.);
#4112=EDGE_CURVE('',#5631,#5632,#474,.T.);
#4113=EDGE_CURVE('',#5632,#5633,#303,.T.);
#4114=EDGE_CURVE('',#5633,#5634,#304,.T.);
#4115=EDGE_CURVE('',#5634,#5635,#6526,.T.);
#4116=EDGE_CURVE('',#5635,#5636,#475,.T.);
#4117=EDGE_CURVE('',#5636,#5637,#305,.F.);
#4118=EDGE_CURVE('',#5637,#5638,#476,.T.);
#4119=EDGE_CURVE('',#5638,#5639,#477,.T.);
#4120=EDGE_CURVE('',#5639,#5640,#6527,.T.);
#4121=EDGE_CURVE('',#5640,#5641,#6528,.T.);
#4122=EDGE_CURVE('',#5641,#5642,#6529,.T.);
#4123=EDGE_CURVE('',#5642,#5643,#6530,.T.);
#4124=EDGE_CURVE('',#5643,#5644,#6531,.T.);
#4125=EDGE_CURVE('',#5644,#5625,#6532,.T.);
#4126=EDGE_CURVE('',#5645,#5646,#6533,.T.);
#4127=EDGE_CURVE('',#5646,#5647,#6534,.T.);
#4128=EDGE_CURVE('',#5647,#5648,#6535,.T.);
#4129=EDGE_CURVE('',#5648,#5649,#6536,.T.);
#4130=EDGE_CURVE('',#5649,#5645,#6537,.T.);
#4131=EDGE_CURVE('',#5650,#5651,#6538,.T.);
#4132=EDGE_CURVE('',#5651,#5652,#6539,.T.);
#4133=EDGE_CURVE('',#5652,#5653,#478,.T.);
#4134=EDGE_CURVE('',#5653,#5654,#479,.T.);
#4135=EDGE_CURVE('',#5654,#5655,#480,.T.);
#4136=EDGE_CURVE('',#5655,#5656,#481,.T.);
#4137=EDGE_CURVE('',#5656,#5657,#482,.T.);
#4138=EDGE_CURVE('',#5657,#5658,#483,.T.);
#4139=EDGE_CURVE('',#5658,#5659,#484,.T.);
#4140=EDGE_CURVE('',#5659,#5660,#485,.T.);
#4141=EDGE_CURVE('',#5660,#5661,#486,.T.);
#4142=EDGE_CURVE('',#5661,#5662,#487,.T.);
#4143=EDGE_CURVE('',#5662,#5663,#488,.T.);
#4144=EDGE_CURVE('',#5663,#5664,#489,.T.);
#4145=EDGE_CURVE('',#5664,#5665,#6540,.T.);
#4146=EDGE_CURVE('',#5665,#5666,#6541,.T.);
#4147=EDGE_CURVE('',#5666,#5667,#6542,.T.);
#4148=EDGE_CURVE('',#5667,#5668,#306,.T.);
#4149=EDGE_CURVE('',#5668,#5669,#490,.T.);
#4150=EDGE_CURVE('',#5669,#5670,#491,.T.);
#4151=EDGE_CURVE('',#5670,#5671,#492,.T.);
#4152=EDGE_CURVE('',#5671,#5672,#493,.T.);
#4153=EDGE_CURVE('',#5672,#5673,#494,.T.);
#4154=EDGE_CURVE('',#5673,#5674,#495,.T.);
#4155=EDGE_CURVE('',#5674,#5675,#496,.T.);
#4156=EDGE_CURVE('',#5675,#5676,#497,.T.);
#4157=EDGE_CURVE('',#5676,#5677,#498,.T.);
#4158=EDGE_CURVE('',#5677,#5678,#499,.T.);
#4159=EDGE_CURVE('',#5678,#5679,#500,.T.);
#4160=EDGE_CURVE('',#5679,#5650,#6543,.T.);
#4161=EDGE_CURVE('',#5680,#5681,#6544,.T.);
#4162=EDGE_CURVE('',#5681,#5682,#6545,.T.);
#4163=EDGE_CURVE('',#5682,#5683,#6546,.T.);
#4164=EDGE_CURVE('',#5683,#5684,#6547,.T.);
#4165=EDGE_CURVE('',#5684,#5685,#6548,.T.);
#4166=EDGE_CURVE('',#5685,#5686,#6549,.T.);
#4167=EDGE_CURVE('',#5686,#5687,#307,.F.);
#4168=EDGE_CURVE('',#5687,#5688,#501,.T.);
#4169=EDGE_CURVE('',#5688,#5689,#502,.T.);
#4170=EDGE_CURVE('',#5689,#5690,#503,.T.);
#4171=EDGE_CURVE('',#5690,#5691,#6550,.T.);
#4172=EDGE_CURVE('',#5691,#5692,#504,.T.);
#4173=EDGE_CURVE('',#5692,#5693,#505,.T.);
#4174=EDGE_CURVE('',#5693,#5694,#506,.T.);
#4175=EDGE_CURVE('',#5694,#5695,#308,.F.);
#4176=EDGE_CURVE('',#5695,#5696,#6551,.T.);
#4177=EDGE_CURVE('',#5696,#5697,#6552,.T.);
#4178=EDGE_CURVE('',#5697,#5698,#6553,.T.);
#4179=EDGE_CURVE('',#5698,#5699,#6554,.T.);
#4180=EDGE_CURVE('',#5699,#5680,#6555,.T.);
#4181=EDGE_CURVE('',#5700,#5701,#507,.T.);
#4182=EDGE_CURVE('',#5701,#5702,#508,.T.);
#4183=EDGE_CURVE('',#5702,#5703,#509,.T.);
#4184=EDGE_CURVE('',#5703,#5704,#309,.F.);
#4185=EDGE_CURVE('',#5704,#5705,#6556,.T.);
#4186=EDGE_CURVE('',#5705,#5706,#6557,.T.);
#4187=EDGE_CURVE('',#5706,#5707,#6558,.T.);
#4188=EDGE_CURVE('',#5707,#5708,#510,.T.);
#4189=EDGE_CURVE('',#5708,#5709,#511,.T.);
#4190=EDGE_CURVE('',#5709,#5710,#310,.F.);
#4191=EDGE_CURVE('',#5710,#5711,#512,.T.);
#4192=EDGE_CURVE('',#5711,#5712,#6559,.T.);
#4193=EDGE_CURVE('',#5712,#5713,#513,.T.);
#4194=EDGE_CURVE('',#5713,#5714,#311,.T.);
#4195=EDGE_CURVE('',#5714,#5715,#514,.T.);
#4196=EDGE_CURVE('',#5715,#5716,#515,.T.);
#4197=EDGE_CURVE('',#5716,#5717,#6560,.T.);
#4198=EDGE_CURVE('',#5717,#5718,#312,.F.);
#4199=EDGE_CURVE('',#5718,#5719,#516,.T.);
#4200=EDGE_CURVE('',#5719,#5720,#517,.T.);
#4201=EDGE_CURVE('',#5720,#5721,#518,.T.);
#4202=EDGE_CURVE('',#5721,#5700,#6561,.T.);
#4203=EDGE_CURVE('',#5722,#5723,#6562,.T.);
#4204=EDGE_CURVE('',#5723,#5724,#6563,.T.);
#4205=EDGE_CURVE('',#5724,#5725,#313,.F.);
#4206=EDGE_CURVE('',#5725,#5726,#519,.T.);
#4207=EDGE_CURVE('',#5726,#5727,#314,.F.);
#4208=EDGE_CURVE('',#5727,#5728,#315,.F.);
#4209=EDGE_CURVE('',#5728,#5729,#6564,.T.);
#4210=EDGE_CURVE('',#5729,#5730,#520,.T.);
#4211=EDGE_CURVE('',#5730,#5731,#316,.T.);
#4212=EDGE_CURVE('',#5731,#5732,#521,.T.);
#4213=EDGE_CURVE('',#5732,#5733,#317,.T.);
#4214=EDGE_CURVE('',#5733,#5734,#6565,.T.);
#4215=EDGE_CURVE('',#5734,#5735,#6566,.T.);
#4216=EDGE_CURVE('',#5735,#5736,#6567,.T.);
#4217=EDGE_CURVE('',#5736,#5737,#6568,.T.);
#4218=EDGE_CURVE('',#5737,#5738,#6569,.T.);
#4219=EDGE_CURVE('',#5738,#5739,#6570,.T.);
#4220=EDGE_CURVE('',#5739,#5740,#6571,.T.);
#4221=EDGE_CURVE('',#5740,#5741,#6572,.T.);
#4222=EDGE_CURVE('',#5741,#5742,#6573,.T.);
#4223=EDGE_CURVE('',#5742,#5743,#6574,.T.);
#4224=EDGE_CURVE('',#5743,#5744,#6575,.T.);
#4225=EDGE_CURVE('',#5744,#5745,#6576,.T.);
#4226=EDGE_CURVE('',#5745,#5746,#6577,.T.);
#4227=EDGE_CURVE('',#5746,#5747,#6578,.T.);
#4228=EDGE_CURVE('',#5747,#5722,#6579,.T.);
#4229=EDGE_CURVE('',#5748,#5749,#522,.T.);
#4230=EDGE_CURVE('',#5749,#5750,#523,.T.);
#4231=EDGE_CURVE('',#5750,#5751,#524,.T.);
#4232=EDGE_CURVE('',#5751,#5752,#525,.T.);
#4233=EDGE_CURVE('',#5752,#5753,#6580,.T.);
#4234=EDGE_CURVE('',#5753,#5754,#526,.T.);
#4235=EDGE_CURVE('',#5754,#5755,#527,.T.);
#4236=EDGE_CURVE('',#5755,#5756,#528,.T.);
#4237=EDGE_CURVE('',#5756,#5757,#529,.T.);
#4238=EDGE_CURVE('',#5757,#5748,#6581,.T.);
#4239=EDGE_CURVE('',#5758,#5759,#6582,.T.);
#4240=EDGE_CURVE('',#5760,#5758,#6583,.T.);
#4241=EDGE_CURVE('',#5760,#5761,#6584,.T.);
#4242=EDGE_CURVE('',#5761,#5759,#6585,.T.);
#4243=EDGE_CURVE('',#5762,#5763,#6586,.T.);
#4244=EDGE_CURVE('',#5762,#5764,#6587,.F.);
#4245=EDGE_CURVE('',#5764,#5765,#6588,.T.);
#4246=EDGE_CURVE('',#5763,#5765,#6589,.T.);
#4247=EDGE_CURVE('',#5766,#5767,#6590,.T.);
#4248=EDGE_CURVE('',#5767,#5768,#318,.T.);
#4249=EDGE_CURVE('',#5768,#5762,#319,.T.);
#4250=EDGE_CURVE('',#5769,#5763,#6591,.T.);
#4251=EDGE_CURVE('',#5770,#5769,#6592,.T.);
#4252=EDGE_CURVE('',#5771,#5770,#6593,.T.);
#4253=EDGE_CURVE('',#5772,#5771,#6594,.T.);
#4254=EDGE_CURVE('',#5773,#5772,#6595,.T.);
#4255=EDGE_CURVE('',#5760,#5773,#6596,.T.);
#4256=EDGE_CURVE('',#5758,#5774,#6597,.T.);
#4257=EDGE_CURVE('',#5774,#5775,#320,.T.);
#4258=EDGE_CURVE('',#5775,#5776,#6598,.T.);
#4259=EDGE_CURVE('',#5776,#5777,#321,.T.);
#4260=EDGE_CURVE('',#5777,#5778,#6599,.T.);
#4261=EDGE_CURVE('',#5778,#5779,#322,.T.);
#4262=EDGE_CURVE('',#5779,#5780,#6600,.T.);
#4263=EDGE_CURVE('',#5780,#5781,#323,.T.);
#4264=EDGE_CURVE('',#5781,#5782,#6601,.T.);
#4265=EDGE_CURVE('',#5782,#5783,#324,.F.);
#4266=EDGE_CURVE('',#5783,#5784,#6602,.T.);
#4267=EDGE_CURVE('',#5784,#5785,#325,.F.);
#4268=EDGE_CURVE('',#5785,#5786,#6603,.T.);
#4269=EDGE_CURVE('',#5786,#5787,#326,.T.);
#4270=EDGE_CURVE('',#5787,#5788,#6604,.T.);
#4271=EDGE_CURVE('',#5788,#5766,#327,.T.);
#4272=EDGE_CURVE('',#5557,#5789,#6605,.T.);
#4273=EDGE_CURVE('',#5789,#5790,#6606,.T.);
#4274=EDGE_CURVE('',#5541,#5790,#6607,.T.);
#4275=EDGE_CURVE('',#5777,#5791,#6608,.T.);
#4276=EDGE_CURVE('',#5791,#5556,#6609,.F.);
#4277=EDGE_CURVE('',#5555,#5778,#6610,.T.);
#4278=EDGE_CURVE('',#5553,#5780,#6611,.T.);
#4279=EDGE_CURVE('',#5779,#5554,#6612,.F.);
#4280=EDGE_CURVE('',#5551,#5782,#6613,.T.);
#4281=EDGE_CURVE('',#5781,#5552,#6614,.F.);
#4282=EDGE_CURVE('',#5549,#5784,#6615,.T.);
#4283=EDGE_CURVE('',#5783,#5550,#6616,.F.);
#4284=EDGE_CURVE('',#5547,#5786,#6617,.T.);
#4285=EDGE_CURVE('',#5785,#5548,#6618,.F.);
#4286=EDGE_CURVE('',#5545,#5788,#6619,.T.);
#4287=EDGE_CURVE('',#5787,#5546,#6620,.F.);
#4288=EDGE_CURVE('',#5792,#5793,#6621,.T.);
#4289=EDGE_CURVE('',#5793,#5767,#6622,.F.);
#4290=EDGE_CURVE('',#5766,#5544,#6623,.F.);
#4291=EDGE_CURVE('',#5543,#5792,#6624,.T.);
#4292=EDGE_CURVE('',#5790,#5794,#6625,.T.);
#4293=EDGE_CURVE('',#5794,#5542,#6626,.F.);
#4294=EDGE_CURVE('',#5795,#5765,#6627,.T.);
#4295=EDGE_CURVE('',#5769,#5795,#6628,.T.);
#4296=EDGE_CURVE('',#5796,#5795,#6629,.T.);
#4297=EDGE_CURVE('',#5770,#5796,#6630,.T.);
#4298=EDGE_CURVE('',#5797,#5796,#6631,.T.);
#4299=EDGE_CURVE('',#5771,#5797,#6632,.T.);
#4300=EDGE_CURVE('',#5798,#5797,#6633,.T.);
#4301=EDGE_CURVE('',#5772,#5798,#6634,.T.);
#4302=EDGE_CURVE('',#5799,#5798,#6635,.T.);
#4303=EDGE_CURVE('',#5773,#5799,#6636,.T.);
#4304=EDGE_CURVE('',#5775,#5800,#6637,.T.);
#4305=EDGE_CURVE('',#5800,#5789,#6638,.T.);
#4306=EDGE_CURVE('',#5789,#5776,#6639,.F.);
#4307=EDGE_CURVE('',#5761,#5799,#6640,.T.);
#4308=EDGE_CURVE('',#5800,#5801,#328,.F.);
#4309=EDGE_CURVE('',#5759,#5801,#6641,.T.);
#4310=EDGE_CURVE('',#5764,#5802,#329,.F.);
#4311=EDGE_CURVE('',#5802,#5793,#330,.F.);
#4312=EDGE_CURVE('',#5792,#5794,#331,.T.);
#4313=EDGE_CURVE('',#5803,#5803,#332,.T.);
#4314=EDGE_CURVE('',#5804,#5804,#333,.T.);
#4315=EDGE_CURVE('',#5805,#5805,#334,.T.);
#4316=EDGE_CURVE('',#5806,#5806,#335,.T.);
#4317=EDGE_CURVE('',#5807,#5807,#336,.T.);
#4318=EDGE_CURVE('',#5808,#5808,#337,.T.);
#4319=EDGE_CURVE('',#5801,#5774,#6642,.F.);
#4320=EDGE_CURVE('',#5768,#5802,#6643,.F.);
#4321=EDGE_CURVE('',#5791,#5789,#530,.F.);
#4322=EDGE_CURVE('',#5809,#5558,#6644,.T.);
#4323=EDGE_CURVE('',#5809,#5810,#6645,.T.);
#4324=EDGE_CURVE('',#5810,#5559,#6646,.T.);
#4325=EDGE_CURVE('',#5811,#5571,#6647,.T.);
#4326=EDGE_CURVE('',#5811,#5809,#6648,.T.);
#4327=EDGE_CURVE('',#5812,#5570,#6649,.T.);
#4328=EDGE_CURVE('',#5812,#5811,#6650,.T.);
#4329=EDGE_CURVE('',#5813,#5569,#6651,.T.);
#4330=EDGE_CURVE('',#5813,#5812,#6652,.T.);
#4331=EDGE_CURVE('',#5814,#5568,#6653,.T.);
#4332=EDGE_CURVE('',#5814,#5813,#6654,.T.);
#4333=EDGE_CURVE('',#5815,#5567,#6655,.T.);
#4334=EDGE_CURVE('',#5815,#5814,#6656,.T.);
#4335=EDGE_CURVE('',#5816,#5566,#6657,.T.);
#4336=EDGE_CURVE('',#5816,#5815,#6658,.T.);
#4337=EDGE_CURVE('',#5817,#5565,#6659,.T.);
#4338=EDGE_CURVE('',#5817,#5816,#6660,.T.);
#4339=EDGE_CURVE('',#5818,#5564,#6661,.T.);
#4340=EDGE_CURVE('',#5818,#5817,#6662,.T.);
#4341=EDGE_CURVE('',#5819,#5563,#6663,.T.);
#4342=EDGE_CURVE('',#5819,#5818,#6664,.T.);
#4343=EDGE_CURVE('',#5820,#5562,#6665,.T.);
#4344=EDGE_CURVE('',#5820,#5819,#6666,.T.);
#4345=EDGE_CURVE('',#5821,#5561,#6667,.T.);
#4346=EDGE_CURVE('',#5821,#5820,#6668,.T.);
#4347=EDGE_CURVE('',#5822,#5560,#6669,.T.);
#4348=EDGE_CURVE('',#5822,#5821,#6670,.T.);
#4349=EDGE_CURVE('',#5810,#5822,#6671,.T.);
#4350=EDGE_CURVE('',#5823,#5824,#531,.T.);
#4351=EDGE_CURVE('',#5825,#5823,#6672,.T.);
#4352=EDGE_CURVE('',#5825,#5826,#532,.T.);
#4353=EDGE_CURVE('',#5826,#5824,#6673,.T.);
#4354=EDGE_CURVE('',#5827,#5823,#6674,.T.);
#4355=EDGE_CURVE('',#5828,#5827,#6675,.T.);
#4356=EDGE_CURVE('',#5828,#5825,#6676,.T.);
#4357=EDGE_CURVE('',#5829,#5827,#533,.T.);
#4358=EDGE_CURVE('',#5830,#5829,#6677,.T.);
#4359=EDGE_CURVE('',#5830,#5828,#534,.T.);
#4360=EDGE_CURVE('',#5831,#5829,#535,.T.);
#4361=EDGE_CURVE('',#5832,#5831,#6678,.T.);
#4362=EDGE_CURVE('',#5832,#5830,#536,.T.);
#4363=EDGE_CURVE('',#5833,#5831,#537,.T.);
#4364=EDGE_CURVE('',#5834,#5833,#6679,.T.);
#4365=EDGE_CURVE('',#5834,#5832,#538,.T.);
#4366=EDGE_CURVE('',#5835,#5833,#338,.T.);
#4367=EDGE_CURVE('',#5836,#5835,#6680,.T.);
#4368=EDGE_CURVE('',#5836,#5834,#339,.T.);
#4369=EDGE_CURVE('',#5837,#5835,#6681,.T.);
#4370=EDGE_CURVE('',#5838,#5837,#6682,.T.);
#4371=EDGE_CURVE('',#5838,#5836,#6683,.T.);
#4372=EDGE_CURVE('',#5839,#5837,#539,.T.);
#4373=EDGE_CURVE('',#5840,#5839,#6684,.T.);
#4374=EDGE_CURVE('',#5840,#5838,#540,.T.);
#4375=EDGE_CURVE('',#5841,#5839,#541,.T.);
#4376=EDGE_CURVE('',#5842,#5841,#6685,.T.);
#4377=EDGE_CURVE('',#5842,#5840,#542,.T.);
#4378=EDGE_CURVE('',#5843,#5523,#6686,.T.);
#4379=EDGE_CURVE('',#5843,#5844,#340,.F.);
#4380=EDGE_CURVE('',#5844,#5524,#6687,.T.);
#4381=EDGE_CURVE('',#5845,#5540,#6688,.T.);
#4382=EDGE_CURVE('',#5845,#5843,#6689,.T.);
#4383=EDGE_CURVE('',#5846,#5539,#6690,.T.);
#4384=EDGE_CURVE('',#5846,#5845,#6691,.T.);
#4385=EDGE_CURVE('',#5847,#5538,#6692,.T.);
#4386=EDGE_CURVE('',#5847,#5846,#6693,.T.);
#4387=EDGE_CURVE('',#5848,#5537,#6694,.T.);
#4388=EDGE_CURVE('',#5848,#5847,#6695,.T.);
#4389=EDGE_CURVE('',#5849,#5536,#6696,.T.);
#4390=EDGE_CURVE('',#5849,#5848,#6697,.T.);
#4391=EDGE_CURVE('',#5850,#5535,#6698,.T.);
#4392=EDGE_CURVE('',#5850,#5849,#6699,.T.);
#4393=EDGE_CURVE('',#5851,#5534,#6700,.T.);
#4394=EDGE_CURVE('',#5851,#5850,#6701,.T.);
#4395=EDGE_CURVE('',#5852,#5533,#6702,.T.);
#4396=EDGE_CURVE('',#5852,#5851,#6703,.T.);
#4397=EDGE_CURVE('',#5853,#5532,#6704,.T.);
#4398=EDGE_CURVE('',#5853,#5852,#6705,.T.);
#4399=EDGE_CURVE('',#5854,#5531,#6706,.T.);
#4400=EDGE_CURVE('',#5854,#5853,#341,.F.);
#4401=EDGE_CURVE('',#5855,#5530,#6707,.T.);
#4402=EDGE_CURVE('',#5855,#5854,#543,.T.);
#4403=EDGE_CURVE('',#5856,#5529,#6708,.T.);
#4404=EDGE_CURVE('',#5856,#5855,#544,.T.);
#4405=EDGE_CURVE('',#5857,#5528,#6709,.T.);
#4406=EDGE_CURVE('',#5857,#5856,#545,.T.);
#4407=EDGE_CURVE('',#5858,#5527,#6710,.T.);
#4408=EDGE_CURVE('',#5858,#5857,#6711,.T.);
#4409=EDGE_CURVE('',#5859,#5526,#6712,.T.);
#4410=EDGE_CURVE('',#5859,#5858,#546,.T.);
#4411=EDGE_CURVE('',#5860,#5525,#6713,.T.);
#4412=EDGE_CURVE('',#5860,#5859,#547,.T.);
#4413=EDGE_CURVE('',#5844,#5860,#548,.T.);
#4414=EDGE_CURVE('',#5824,#5841,#549,.T.);
#4415=EDGE_CURVE('',#5826,#5842,#550,.T.);
#4416=EDGE_CURVE('',#5861,#5862,#342,.T.);
#4417=EDGE_CURVE('',#5863,#5861,#6714,.T.);
#4418=EDGE_CURVE('',#5863,#5864,#343,.T.);
#4419=EDGE_CURVE('',#5864,#5862,#6715,.T.);
#4420=EDGE_CURVE('',#5865,#5861,#551,.T.);
#4421=EDGE_CURVE('',#5866,#5865,#6716,.T.);
#4422=EDGE_CURVE('',#5866,#5863,#552,.T.);
#4423=EDGE_CURVE('',#5867,#5865,#553,.T.);
#4424=EDGE_CURVE('',#5868,#5867,#6717,.T.);
#4425=EDGE_CURVE('',#5868,#5866,#554,.T.);
#4426=EDGE_CURVE('',#5869,#5867,#555,.T.);
#4427=EDGE_CURVE('',#5870,#5869,#6718,.T.);
#4428=EDGE_CURVE('',#5870,#5868,#556,.T.);
#4429=EDGE_CURVE('',#5871,#5869,#557,.T.);
#4430=EDGE_CURVE('',#5872,#5871,#6719,.T.);
#4431=EDGE_CURVE('',#5872,#5870,#558,.T.);
#4432=EDGE_CURVE('',#5873,#5871,#6720,.T.);
#4433=EDGE_CURVE('',#5874,#5873,#6721,.T.);
#4434=EDGE_CURVE('',#5874,#5872,#6722,.T.);
#4435=EDGE_CURVE('',#5875,#5873,#6723,.T.);
#4436=EDGE_CURVE('',#5876,#5875,#6724,.T.);
#4437=EDGE_CURVE('',#5876,#5874,#6725,.T.);
#4438=EDGE_CURVE('',#5877,#5572,#6726,.T.);
#4439=EDGE_CURVE('',#5877,#5878,#344,.F.);
#4440=EDGE_CURVE('',#5878,#5573,#6727,.T.);
#4441=EDGE_CURVE('',#5879,#5598,#6728,.T.);
#4442=EDGE_CURVE('',#5879,#5877,#6729,.T.);
#4443=EDGE_CURVE('',#5880,#5597,#6730,.T.);
#4444=EDGE_CURVE('',#5880,#5879,#6731,.T.);
#4445=EDGE_CURVE('',#5881,#5596,#6732,.T.);
#4446=EDGE_CURVE('',#5881,#5880,#6733,.T.);
#4447=EDGE_CURVE('',#5882,#5595,#6734,.T.);
#4448=EDGE_CURVE('',#5882,#5881,#345,.T.);
#4449=EDGE_CURVE('',#5883,#5594,#6735,.T.);
#4450=EDGE_CURVE('',#5883,#5882,#346,.T.);
#4451=EDGE_CURVE('',#5884,#5593,#6736,.T.);
#4452=EDGE_CURVE('',#5884,#5883,#6737,.T.);
#4453=EDGE_CURVE('',#5885,#5592,#6738,.T.);
#4454=EDGE_CURVE('',#5885,#5884,#559,.T.);
#4455=EDGE_CURVE('',#5886,#5591,#6739,.T.);
#4456=EDGE_CURVE('',#5886,#5885,#560,.T.);
#4457=EDGE_CURVE('',#5887,#5590,#6740,.T.);
#4458=EDGE_CURVE('',#5887,#5886,#561,.T.);
#4459=EDGE_CURVE('',#5888,#5589,#6741,.T.);
#4460=EDGE_CURVE('',#5888,#5887,#562,.T.);
#4461=EDGE_CURVE('',#5889,#5588,#6742,.T.);
#4462=EDGE_CURVE('',#5889,#5888,#6743,.T.);
#4463=EDGE_CURVE('',#5890,#5587,#6744,.T.);
#4464=EDGE_CURVE('',#5890,#5889,#6745,.T.);
#4465=EDGE_CURVE('',#5891,#5586,#6746,.T.);
#4466=EDGE_CURVE('',#5891,#5890,#6747,.T.);
#4467=EDGE_CURVE('',#5892,#5585,#6748,.T.);
#4468=EDGE_CURVE('',#5892,#5891,#563,.T.);
#4469=EDGE_CURVE('',#5893,#5584,#6749,.T.);
#4470=EDGE_CURVE('',#5893,#5892,#564,.T.);
#4471=EDGE_CURVE('',#5894,#5583,#6750,.T.);
#4472=EDGE_CURVE('',#5894,#5893,#565,.T.);
#4473=EDGE_CURVE('',#5895,#5582,#6751,.T.);
#4474=EDGE_CURVE('',#5895,#5894,#566,.T.);
#4475=EDGE_CURVE('',#5896,#5581,#6752,.T.);
#4476=EDGE_CURVE('',#5896,#5895,#6753,.T.);
#4477=EDGE_CURVE('',#5897,#5580,#6754,.T.);
#4478=EDGE_CURVE('',#5897,#5896,#6755,.T.);
#4479=EDGE_CURVE('',#5898,#5579,#6756,.T.);
#4480=EDGE_CURVE('',#5898,#5897,#567,.T.);
#4481=EDGE_CURVE('',#5899,#5578,#6757,.T.);
#4482=EDGE_CURVE('',#5899,#5898,#568,.T.);
#4483=EDGE_CURVE('',#5900,#5577,#6758,.T.);
#4484=EDGE_CURVE('',#5900,#5899,#569,.T.);
#4485=EDGE_CURVE('',#5901,#5576,#6759,.T.);
#4486=EDGE_CURVE('',#5901,#5900,#570,.T.);
#4487=EDGE_CURVE('',#5902,#5575,#6760,.T.);
#4488=EDGE_CURVE('',#5902,#5901,#347,.F.);
#4489=EDGE_CURVE('',#5903,#5574,#6761,.T.);
#4490=EDGE_CURVE('',#5903,#5902,#348,.F.);
#4491=EDGE_CURVE('',#5878,#5903,#349,.T.);
#4492=EDGE_CURVE('',#5862,#5875,#571,.T.);
#4493=EDGE_CURVE('',#5864,#5876,#572,.T.);
#4494=EDGE_CURVE('',#5904,#5905,#573,.T.);
#4495=EDGE_CURVE('',#5906,#5904,#6762,.T.);
#4496=EDGE_CURVE('',#5906,#5907,#574,.T.);
#4497=EDGE_CURVE('',#5907,#5905,#6763,.T.);
#4498=EDGE_CURVE('',#5908,#5904,#6764,.T.);
#4499=EDGE_CURVE('',#5909,#5908,#6765,.T.);
#4500=EDGE_CURVE('',#5909,#5906,#6766,.T.);
#4501=EDGE_CURVE('',#5910,#5908,#575,.T.);
#4502=EDGE_CURVE('',#5911,#5910,#6767,.T.);
#4503=EDGE_CURVE('',#5911,#5909,#576,.T.);
#4504=EDGE_CURVE('',#5912,#5910,#577,.T.);
#4505=EDGE_CURVE('',#5913,#5912,#6768,.T.);
#4506=EDGE_CURVE('',#5913,#5911,#578,.T.);
#4507=EDGE_CURVE('',#5914,#5912,#579,.T.);
#4508=EDGE_CURVE('',#5915,#5914,#6769,.T.);
#4509=EDGE_CURVE('',#5915,#5913,#580,.T.);
#4510=EDGE_CURVE('',#5916,#5914,#581,.T.);
#4511=EDGE_CURVE('',#5917,#5916,#6770,.T.);
#4512=EDGE_CURVE('',#5917,#5915,#582,.T.);
#4513=EDGE_CURVE('',#5918,#5916,#6771,.T.);
#4514=EDGE_CURVE('',#5919,#5918,#6772,.T.);
#4515=EDGE_CURVE('',#5919,#5917,#6773,.T.);
#4516=EDGE_CURVE('',#5920,#5918,#583,.T.);
#4517=EDGE_CURVE('',#5921,#5920,#6774,.T.);
#4518=EDGE_CURVE('',#5921,#5919,#584,.T.);
#4519=EDGE_CURVE('',#5922,#5920,#585,.T.);
#4520=EDGE_CURVE('',#5923,#5922,#6775,.T.);
#4521=EDGE_CURVE('',#5923,#5921,#586,.T.);
#4522=EDGE_CURVE('',#5924,#5513,#6776,.T.);
#4523=EDGE_CURVE('',#5924,#5925,#587,.T.);
#4524=EDGE_CURVE('',#5925,#5514,#6777,.T.);
#4525=EDGE_CURVE('',#5926,#5522,#6778,.T.);
#4526=EDGE_CURVE('',#5926,#5924,#6779,.T.);
#4527=EDGE_CURVE('',#5927,#5521,#6780,.T.);
#4528=EDGE_CURVE('',#5927,#5926,#588,.T.);
#4529=EDGE_CURVE('',#5928,#5520,#6781,.T.);
#4530=EDGE_CURVE('',#5928,#5927,#589,.T.);
#4531=EDGE_CURVE('',#5929,#5519,#6782,.T.);
#4532=EDGE_CURVE('',#5929,#5928,#590,.T.);
#4533=EDGE_CURVE('',#5930,#5518,#6783,.T.);
#4534=EDGE_CURVE('',#5930,#5929,#591,.T.);
#4535=EDGE_CURVE('',#5931,#5517,#6784,.T.);
#4536=EDGE_CURVE('',#5931,#5930,#6785,.T.);
#4537=EDGE_CURVE('',#5932,#5516,#6786,.T.);
#4538=EDGE_CURVE('',#5932,#5931,#592,.T.);
#4539=EDGE_CURVE('',#5933,#5515,#6787,.T.);
#4540=EDGE_CURVE('',#5933,#5932,#593,.T.);
#4541=EDGE_CURVE('',#5925,#5933,#594,.T.);
#4542=EDGE_CURVE('',#5905,#5922,#595,.T.);
#4543=EDGE_CURVE('',#5907,#5923,#596,.T.);
#4544=EDGE_CURVE('',#5934,#5935,#597,.T.);
#4545=EDGE_CURVE('',#5936,#5934,#6788,.T.);
#4546=EDGE_CURVE('',#5936,#5937,#598,.T.);
#4547=EDGE_CURVE('',#5937,#5935,#6789,.T.);
#4548=EDGE_CURVE('',#5938,#5934,#6790,.T.);
#4549=EDGE_CURVE('',#5939,#5938,#6791,.T.);
#4550=EDGE_CURVE('',#5939,#5936,#6792,.T.);
#4551=EDGE_CURVE('',#5940,#5938,#599,.T.);
#4552=EDGE_CURVE('',#5941,#5940,#6793,.T.);
#4553=EDGE_CURVE('',#5941,#5939,#600,.T.);
#4554=EDGE_CURVE('',#5942,#5940,#601,.T.);
#4555=EDGE_CURVE('',#5943,#5942,#6794,.T.);
#4556=EDGE_CURVE('',#5943,#5941,#602,.T.);
#4557=EDGE_CURVE('',#5944,#5942,#603,.T.);
#4558=EDGE_CURVE('',#5945,#5944,#6795,.T.);
#4559=EDGE_CURVE('',#5945,#5943,#604,.T.);
#4560=EDGE_CURVE('',#5946,#5944,#605,.T.);
#4561=EDGE_CURVE('',#5947,#5946,#6796,.T.);
#4562=EDGE_CURVE('',#5947,#5945,#606,.T.);
#4563=EDGE_CURVE('',#5948,#5946,#6797,.T.);
#4564=EDGE_CURVE('',#5949,#5948,#6798,.T.);
#4565=EDGE_CURVE('',#5949,#5947,#6799,.T.);
#4566=EDGE_CURVE('',#5950,#5948,#607,.T.);
#4567=EDGE_CURVE('',#5951,#5950,#6800,.T.);
#4568=EDGE_CURVE('',#5951,#5949,#608,.T.);
#4569=EDGE_CURVE('',#5952,#5950,#609,.T.);
#4570=EDGE_CURVE('',#5953,#5952,#6801,.T.);
#4571=EDGE_CURVE('',#5953,#5951,#610,.T.);
#4572=EDGE_CURVE('',#5954,#5599,#6802,.T.);
#4573=EDGE_CURVE('',#5954,#5955,#611,.T.);
#4574=EDGE_CURVE('',#5955,#5600,#6803,.T.);
#4575=EDGE_CURVE('',#5956,#5614,#6804,.T.);
#4576=EDGE_CURVE('',#5956,#5954,#6805,.T.);
#4577=EDGE_CURVE('',#5957,#5613,#6806,.T.);
#4578=EDGE_CURVE('',#5957,#5956,#612,.T.);
#4579=EDGE_CURVE('',#5958,#5612,#6807,.T.);
#4580=EDGE_CURVE('',#5958,#5957,#613,.T.);
#4581=EDGE_CURVE('',#5959,#5611,#6808,.T.);
#4582=EDGE_CURVE('',#5959,#5958,#614,.T.);
#4583=EDGE_CURVE('',#5960,#5610,#6809,.T.);
#4584=EDGE_CURVE('',#5960,#5959,#350,.F.);
#4585=EDGE_CURVE('',#5961,#5609,#6810,.T.);
#4586=EDGE_CURVE('',#5961,#5960,#6811,.T.);
#4587=EDGE_CURVE('',#5962,#5608,#6812,.T.);
#4588=EDGE_CURVE('',#5962,#5961,#6813,.T.);
#4589=EDGE_CURVE('',#5963,#5607,#6814,.T.);
#4590=EDGE_CURVE('',#5963,#5962,#6815,.T.);
#4591=EDGE_CURVE('',#5964,#5606,#6816,.T.);
#4592=EDGE_CURVE('',#5964,#5963,#6817,.T.);
#4593=EDGE_CURVE('',#5965,#5605,#6818,.T.);
#4594=EDGE_CURVE('',#5965,#5964,#6819,.T.);
#4595=EDGE_CURVE('',#5966,#5604,#6820,.T.);
#4596=EDGE_CURVE('',#5966,#5965,#6821,.T.);
#4597=EDGE_CURVE('',#5967,#5603,#6822,.T.);
#4598=EDGE_CURVE('',#5967,#5966,#6823,.T.);
#4599=EDGE_CURVE('',#5968,#5602,#6824,.T.);
#4600=EDGE_CURVE('',#5968,#5967,#615,.T.);
#4601=EDGE_CURVE('',#5969,#5601,#6825,.T.);
#4602=EDGE_CURVE('',#5969,#5968,#616,.T.);
#4603=EDGE_CURVE('',#5955,#5969,#617,.T.);
#4604=EDGE_CURVE('',#5935,#5952,#618,.T.);
#4605=EDGE_CURVE('',#5937,#5953,#619,.T.);
#4606=EDGE_CURVE('',#5970,#5503,#6826,.T.);
#4607=EDGE_CURVE('',#5970,#5971,#6827,.T.);
#4608=EDGE_CURVE('',#5971,#5504,#6828,.T.);
#4609=EDGE_CURVE('',#5972,#5512,#6829,.T.);
#4610=EDGE_CURVE('',#5972,#5970,#6830,.T.);
#4611=EDGE_CURVE('',#5973,#5511,#6831,.T.);
#4612=EDGE_CURVE('',#5973,#5972,#6832,.T.);
#4613=EDGE_CURVE('',#5974,#5510,#6833,.T.);
#4614=EDGE_CURVE('',#5974,#5973,#6834,.T.);
#4615=EDGE_CURVE('',#5975,#5509,#6835,.T.);
#4616=EDGE_CURVE('',#5975,#5974,#6836,.T.);
#4617=EDGE_CURVE('',#5976,#5508,#6837,.T.);
#4618=EDGE_CURVE('',#5976,#5975,#6838,.T.);
#4619=EDGE_CURVE('',#5977,#5507,#6839,.T.);
#4620=EDGE_CURVE('',#5977,#5976,#6840,.T.);
#4621=EDGE_CURVE('',#5978,#5506,#6841,.T.);
#4622=EDGE_CURVE('',#5978,#5977,#6842,.T.);
#4623=EDGE_CURVE('',#5979,#5505,#6843,.T.);
#4624=EDGE_CURVE('',#5979,#5978,#6844,.T.);
#4625=EDGE_CURVE('',#5971,#5979,#6845,.T.);
#4626=EDGE_CURVE('',#5980,#5615,#6846,.T.);
#4627=EDGE_CURVE('',#5980,#5981,#6847,.T.);
#4628=EDGE_CURVE('',#5981,#5616,#6848,.T.);
#4629=EDGE_CURVE('',#5982,#5624,#6849,.T.);
#4630=EDGE_CURVE('',#5982,#5980,#6850,.T.);
#4631=EDGE_CURVE('',#5983,#5623,#6851,.T.);
#4632=EDGE_CURVE('',#5983,#5982,#6852,.T.);
#4633=EDGE_CURVE('',#5984,#5622,#6853,.T.);
#4634=EDGE_CURVE('',#5984,#5983,#6854,.T.);
#4635=EDGE_CURVE('',#5985,#5621,#6855,.T.);
#4636=EDGE_CURVE('',#5985,#5984,#6856,.T.);
#4637=EDGE_CURVE('',#5986,#5620,#6857,.T.);
#4638=EDGE_CURVE('',#5986,#5985,#6858,.T.);
#4639=EDGE_CURVE('',#5987,#5619,#6859,.T.);
#4640=EDGE_CURVE('',#5987,#5986,#6860,.T.);
#4641=EDGE_CURVE('',#5988,#5618,#6861,.T.);
#4642=EDGE_CURVE('',#5988,#5987,#6862,.T.);
#4643=EDGE_CURVE('',#5989,#5617,#6863,.T.);
#4644=EDGE_CURVE('',#5989,#5988,#6864,.T.);
#4645=EDGE_CURVE('',#5981,#5989,#6865,.T.);
#4646=EDGE_CURVE('',#5990,#5499,#6866,.T.);
#4647=EDGE_CURVE('',#5990,#5991,#6867,.T.);
#4648=EDGE_CURVE('',#5991,#5500,#6868,.T.);
#4649=EDGE_CURVE('',#5992,#5502,#6869,.T.);
#4650=EDGE_CURVE('',#5992,#5990,#6870,.T.);
#4651=EDGE_CURVE('',#5993,#5501,#6871,.T.);
#4652=EDGE_CURVE('',#5993,#5992,#6872,.T.);
#4653=EDGE_CURVE('',#5991,#5993,#6873,.T.);
#4654=EDGE_CURVE('',#5994,#5625,#6874,.T.);
#4655=EDGE_CURVE('',#5994,#5995,#6875,.T.);
#4656=EDGE_CURVE('',#5995,#5626,#6876,.T.);
#4657=EDGE_CURVE('',#5996,#5644,#6877,.T.);
#4658=EDGE_CURVE('',#5996,#5994,#6878,.T.);
#4659=EDGE_CURVE('',#5997,#5643,#6879,.T.);
#4660=EDGE_CURVE('',#5997,#5996,#6880,.T.);
#4661=EDGE_CURVE('',#5998,#5642,#6881,.T.);
#4662=EDGE_CURVE('',#5998,#5997,#6882,.T.);
#4663=EDGE_CURVE('',#5999,#5641,#6883,.T.);
#4664=EDGE_CURVE('',#5999,#5998,#6884,.T.);
#4665=EDGE_CURVE('',#6000,#5640,#6885,.T.);
#4666=EDGE_CURVE('',#6000,#5999,#6886,.T.);
#4667=EDGE_CURVE('',#6001,#5639,#6887,.T.);
#4668=EDGE_CURVE('',#6001,#6000,#6888,.T.);
#4669=EDGE_CURVE('',#6002,#5638,#6889,.T.);
#4670=EDGE_CURVE('',#6002,#6001,#620,.T.);
#4671=EDGE_CURVE('',#6003,#5637,#6890,.T.);
#4672=EDGE_CURVE('',#6003,#6002,#621,.T.);
#4673=EDGE_CURVE('',#6004,#5636,#6891,.T.);
#4674=EDGE_CURVE('',#6004,#6003,#351,.F.);
#4675=EDGE_CURVE('',#6005,#5635,#6892,.T.);
#4676=EDGE_CURVE('',#6005,#6004,#622,.T.);
#4677=EDGE_CURVE('',#6006,#5634,#6893,.T.);
#4678=EDGE_CURVE('',#6006,#6005,#6894,.T.);
#4679=EDGE_CURVE('',#6007,#5633,#6895,.T.);
#4680=EDGE_CURVE('',#6007,#6006,#352,.T.);
#4681=EDGE_CURVE('',#6008,#5632,#6896,.T.);
#4682=EDGE_CURVE('',#6008,#6007,#353,.T.);
#4683=EDGE_CURVE('',#6009,#5631,#6897,.T.);
#4684=EDGE_CURVE('',#6009,#6008,#623,.T.);
#4685=EDGE_CURVE('',#6010,#5630,#6898,.T.);
#4686=EDGE_CURVE('',#6010,#6009,#624,.T.);
#4687=EDGE_CURVE('',#6011,#5629,#6899,.T.);
#4688=EDGE_CURVE('',#6011,#6010,#6900,.T.);
#4689=EDGE_CURVE('',#6012,#5628,#6901,.T.);
#4690=EDGE_CURVE('',#6012,#6011,#6902,.T.);
#4691=EDGE_CURVE('',#6013,#5627,#6903,.T.);
#4692=EDGE_CURVE('',#6013,#6012,#6904,.T.);
#4693=EDGE_CURVE('',#5995,#6013,#6905,.T.);
#4694=EDGE_CURVE('',#6014,#5473,#6906,.T.);
#4695=EDGE_CURVE('',#6014,#6015,#6907,.T.);
#4696=EDGE_CURVE('',#6015,#5474,#6908,.T.);
#4697=EDGE_CURVE('',#6016,#5498,#6909,.T.);
#4698=EDGE_CURVE('',#6016,#6014,#6910,.T.);
#4699=EDGE_CURVE('',#6017,#5497,#6911,.T.);
#4700=EDGE_CURVE('',#6017,#6016,#6912,.T.);
#4701=EDGE_CURVE('',#6018,#5496,#6913,.T.);
#4702=EDGE_CURVE('',#6018,#6017,#6914,.T.);
#4703=EDGE_CURVE('',#6019,#5495,#6915,.T.);
#4704=EDGE_CURVE('',#6019,#6018,#6916,.T.);
#4705=EDGE_CURVE('',#6020,#5494,#6917,.T.);
#4706=EDGE_CURVE('',#6020,#6019,#6918,.T.);
#4707=EDGE_CURVE('',#6021,#5493,#6919,.T.);
#4708=EDGE_CURVE('',#6021,#6020,#354,.T.);
#4709=EDGE_CURVE('',#6022,#5492,#6920,.T.);
#4710=EDGE_CURVE('',#6022,#6021,#625,.T.);
#4711=EDGE_CURVE('',#6023,#5491,#6921,.T.);
#4712=EDGE_CURVE('',#6023,#6022,#626,.T.);
#4713=EDGE_CURVE('',#6024,#5490,#6922,.T.);
#4714=EDGE_CURVE('',#6024,#6023,#627,.T.);
#4715=EDGE_CURVE('',#6025,#5489,#6923,.T.);
#4716=EDGE_CURVE('',#6025,#6024,#6924,.T.);
#4717=EDGE_CURVE('',#6026,#5488,#6925,.T.);
#4718=EDGE_CURVE('',#6026,#6025,#6926,.T.);
#4719=EDGE_CURVE('',#6027,#5487,#6927,.T.);
#4720=EDGE_CURVE('',#6027,#6026,#6928,.T.);
#4721=EDGE_CURVE('',#6028,#5486,#6929,.T.);
#4722=EDGE_CURVE('',#6028,#6027,#6930,.T.);
#4723=EDGE_CURVE('',#6029,#5485,#6931,.T.);
#4724=EDGE_CURVE('',#6029,#6028,#6932,.T.);
#4725=EDGE_CURVE('',#6030,#5484,#6933,.T.);
#4726=EDGE_CURVE('',#6030,#6029,#6934,.T.);
#4727=EDGE_CURVE('',#6031,#5483,#6935,.T.);
#4728=EDGE_CURVE('',#6031,#6030,#6936,.T.);
#4729=EDGE_CURVE('',#6032,#5482,#6937,.T.);
#4730=EDGE_CURVE('',#6032,#6031,#628,.T.);
#4731=EDGE_CURVE('',#6033,#5481,#6938,.T.);
#4732=EDGE_CURVE('',#6033,#6032,#629,.T.);
#4733=EDGE_CURVE('',#6034,#5480,#6939,.T.);
#4734=EDGE_CURVE('',#6034,#6033,#630,.T.);
#4735=EDGE_CURVE('',#6035,#5479,#6940,.T.);
#4736=EDGE_CURVE('',#6035,#6034,#631,.T.);
#4737=EDGE_CURVE('',#6036,#5478,#6941,.T.);
#4738=EDGE_CURVE('',#6036,#6035,#6942,.T.);
#4739=EDGE_CURVE('',#6037,#5477,#6943,.T.);
#4740=EDGE_CURVE('',#6037,#6036,#6944,.T.);
#4741=EDGE_CURVE('',#6038,#5476,#6945,.T.);
#4742=EDGE_CURVE('',#6038,#6037,#6946,.T.);
#4743=EDGE_CURVE('',#6039,#5475,#6947,.T.);
#4744=EDGE_CURVE('',#6039,#6038,#6948,.T.);
#4745=EDGE_CURVE('',#6015,#6039,#6949,.T.);
#4746=EDGE_CURVE('',#6040,#5645,#6950,.T.);
#4747=EDGE_CURVE('',#6040,#6041,#6951,.T.);
#4748=EDGE_CURVE('',#6041,#5646,#6952,.T.);
#4749=EDGE_CURVE('',#6042,#5649,#6953,.T.);
#4750=EDGE_CURVE('',#6042,#6040,#6954,.T.);
#4751=EDGE_CURVE('',#6043,#5648,#6955,.T.);
#4752=EDGE_CURVE('',#6043,#6042,#6956,.T.);
#4753=EDGE_CURVE('',#6044,#5647,#6957,.T.);
#4754=EDGE_CURVE('',#6044,#6043,#6958,.T.);
#4755=EDGE_CURVE('',#6041,#6044,#6959,.T.);
#4756=EDGE_CURVE('',#6045,#5443,#6960,.T.);
#4757=EDGE_CURVE('',#6045,#6046,#6961,.T.);
#4758=EDGE_CURVE('',#6046,#5444,#6962,.T.);
#4759=EDGE_CURVE('',#6047,#5472,#6963,.T.);
#4760=EDGE_CURVE('',#6047,#6045,#6964,.T.);
#4761=EDGE_CURVE('',#6048,#5471,#6965,.T.);
#4762=EDGE_CURVE('',#6048,#6047,#632,.T.);
#4763=EDGE_CURVE('',#6049,#5470,#6966,.T.);
#4764=EDGE_CURVE('',#6049,#6048,#633,.T.);
#4765=EDGE_CURVE('',#6050,#5469,#6967,.T.);
#4766=EDGE_CURVE('',#6050,#6049,#634,.T.);
#4767=EDGE_CURVE('',#6051,#5468,#6968,.T.);
#4768=EDGE_CURVE('',#6051,#6050,#635,.T.);
#4769=EDGE_CURVE('',#6052,#5467,#6969,.T.);
#4770=EDGE_CURVE('',#6052,#6051,#636,.T.);
#4771=EDGE_CURVE('',#6053,#5466,#6970,.T.);
#4772=EDGE_CURVE('',#6053,#6052,#637,.T.);
#4773=EDGE_CURVE('',#6054,#5465,#6971,.T.);
#4774=EDGE_CURVE('',#6054,#6053,#638,.T.);
#4775=EDGE_CURVE('',#6055,#5464,#6972,.T.);
#4776=EDGE_CURVE('',#6055,#6054,#355,.T.);
#4777=EDGE_CURVE('',#6056,#5463,#6973,.T.);
#4778=EDGE_CURVE('',#6056,#6055,#639,.T.);
#4779=EDGE_CURVE('',#6057,#5462,#6974,.T.);
#4780=EDGE_CURVE('',#6057,#6056,#640,.T.);
#4781=EDGE_CURVE('',#6058,#5461,#6975,.T.);
#4782=EDGE_CURVE('',#6058,#6057,#356,.T.);
#4783=EDGE_CURVE('',#6059,#5460,#6976,.T.);
#4784=EDGE_CURVE('',#6059,#6058,#641,.T.);
#4785=EDGE_CURVE('',#6060,#5459,#6977,.T.);
#4786=EDGE_CURVE('',#6060,#6059,#6978,.T.);
#4787=EDGE_CURVE('',#6061,#5458,#6979,.T.);
#4788=EDGE_CURVE('',#6061,#6060,#6980,.T.);
#4789=EDGE_CURVE('',#6062,#5457,#6981,.T.);
#4790=EDGE_CURVE('',#6062,#6061,#6982,.T.);
#4791=EDGE_CURVE('',#6063,#5456,#6983,.T.);
#4792=EDGE_CURVE('',#6063,#6062,#357,.F.);
#4793=EDGE_CURVE('',#6064,#5455,#6984,.T.);
#4794=EDGE_CURVE('',#6064,#6063,#642,.T.);
#4795=EDGE_CURVE('',#6065,#5454,#6985,.T.);
#4796=EDGE_CURVE('',#6065,#6064,#643,.T.);
#4797=EDGE_CURVE('',#6066,#5453,#6986,.T.);
#4798=EDGE_CURVE('',#6066,#6065,#644,.T.);
#4799=EDGE_CURVE('',#6067,#5452,#6987,.T.);
#4800=EDGE_CURVE('',#6067,#6066,#645,.T.);
#4801=EDGE_CURVE('',#6068,#5451,#6988,.T.);
#4802=EDGE_CURVE('',#6068,#6067,#646,.T.);
#4803=EDGE_CURVE('',#6069,#5450,#6989,.T.);
#4804=EDGE_CURVE('',#6069,#6068,#647,.T.);
#4805=EDGE_CURVE('',#6070,#5449,#6990,.T.);
#4806=EDGE_CURVE('',#6070,#6069,#648,.T.);
#4807=EDGE_CURVE('',#6071,#5448,#6991,.T.);
#4808=EDGE_CURVE('',#6071,#6070,#649,.T.);
#4809=EDGE_CURVE('',#6072,#5447,#6992,.T.);
#4810=EDGE_CURVE('',#6072,#6071,#650,.T.);
#4811=EDGE_CURVE('',#6073,#5446,#6993,.T.);
#4812=EDGE_CURVE('',#6073,#6072,#651,.T.);
#4813=EDGE_CURVE('',#6074,#5445,#6994,.T.);
#4814=EDGE_CURVE('',#6074,#6073,#652,.T.);
#4815=EDGE_CURVE('',#6046,#6074,#6995,.T.);
#4816=EDGE_CURVE('',#6075,#5650,#6996,.T.);
#4817=EDGE_CURVE('',#6075,#6076,#6997,.T.);
#4818=EDGE_CURVE('',#6076,#5651,#6998,.T.);
#4819=EDGE_CURVE('',#6077,#5679,#6999,.T.);
#4820=EDGE_CURVE('',#6077,#6075,#7000,.T.);
#4821=EDGE_CURVE('',#6078,#5678,#7001,.T.);
#4822=EDGE_CURVE('',#6078,#6077,#653,.T.);
#4823=EDGE_CURVE('',#6079,#5677,#7002,.T.);
#4824=EDGE_CURVE('',#6079,#6078,#654,.T.);
#4825=EDGE_CURVE('',#6080,#5676,#7003,.T.);
#4826=EDGE_CURVE('',#6080,#6079,#655,.T.);
#4827=EDGE_CURVE('',#6081,#5675,#7004,.T.);
#4828=EDGE_CURVE('',#6081,#6080,#656,.T.);
#4829=EDGE_CURVE('',#6082,#5674,#7005,.T.);
#4830=EDGE_CURVE('',#6082,#6081,#657,.T.);
#4831=EDGE_CURVE('',#6083,#5673,#7006,.T.);
#4832=EDGE_CURVE('',#6083,#6082,#658,.T.);
#4833=EDGE_CURVE('',#6084,#5672,#7007,.T.);
#4834=EDGE_CURVE('',#6084,#6083,#659,.T.);
#4835=EDGE_CURVE('',#6085,#5671,#7008,.T.);
#4836=EDGE_CURVE('',#6085,#6084,#660,.T.);
#4837=EDGE_CURVE('',#6086,#5670,#7009,.T.);
#4838=EDGE_CURVE('',#6086,#6085,#661,.T.);
#4839=EDGE_CURVE('',#6087,#5669,#7010,.T.);
#4840=EDGE_CURVE('',#6087,#6086,#662,.T.);
#4841=EDGE_CURVE('',#6088,#5668,#7011,.T.);
#4842=EDGE_CURVE('',#6088,#6087,#663,.T.);
#4843=EDGE_CURVE('',#6089,#5667,#7012,.T.);
#4844=EDGE_CURVE('',#6089,#6088,#358,.T.);
#4845=EDGE_CURVE('',#6090,#5666,#7013,.T.);
#4846=EDGE_CURVE('',#6090,#6089,#7014,.T.);
#4847=EDGE_CURVE('',#6091,#5665,#7015,.T.);
#4848=EDGE_CURVE('',#6091,#6090,#7016,.T.);
#4849=EDGE_CURVE('',#6092,#5664,#7017,.T.);
#4850=EDGE_CURVE('',#6092,#6091,#7018,.T.);
#4851=EDGE_CURVE('',#6093,#5663,#7019,.T.);
#4852=EDGE_CURVE('',#6093,#6092,#664,.T.);
#4853=EDGE_CURVE('',#6094,#5662,#7020,.T.);
#4854=EDGE_CURVE('',#6094,#6093,#665,.T.);
#4855=EDGE_CURVE('',#6095,#5661,#7021,.T.);
#4856=EDGE_CURVE('',#6095,#6094,#666,.T.);
#4857=EDGE_CURVE('',#6096,#5660,#7022,.T.);
#4858=EDGE_CURVE('',#6096,#6095,#667,.T.);
#4859=EDGE_CURVE('',#6097,#5659,#7023,.T.);
#4860=EDGE_CURVE('',#6097,#6096,#668,.T.);
#4861=EDGE_CURVE('',#6098,#5658,#7024,.T.);
#4862=EDGE_CURVE('',#6098,#6097,#669,.T.);
#4863=EDGE_CURVE('',#6099,#5657,#7025,.T.);
#4864=EDGE_CURVE('',#6099,#6098,#670,.T.);
#4865=EDGE_CURVE('',#6100,#5656,#7026,.T.);
#4866=EDGE_CURVE('',#6100,#6099,#671,.T.);
#4867=EDGE_CURVE('',#6101,#5655,#7027,.T.);
#4868=EDGE_CURVE('',#6101,#6100,#672,.T.);
#4869=EDGE_CURVE('',#6102,#5654,#7028,.T.);
#4870=EDGE_CURVE('',#6102,#6101,#673,.T.);
#4871=EDGE_CURVE('',#6103,#5653,#7029,.T.);
#4872=EDGE_CURVE('',#6103,#6102,#674,.T.);
#4873=EDGE_CURVE('',#6104,#5652,#7030,.T.);
#4874=EDGE_CURVE('',#6104,#6103,#675,.T.);
#4875=EDGE_CURVE('',#6076,#6104,#7031,.T.);
#4876=EDGE_CURVE('',#6105,#6106,#676,.T.);
#4877=EDGE_CURVE('',#6107,#6105,#7032,.T.);
#4878=EDGE_CURVE('',#6107,#6108,#677,.T.);
#4879=EDGE_CURVE('',#6108,#6106,#7033,.T.);
#4880=EDGE_CURVE('',#6109,#6105,#678,.T.);
#4881=EDGE_CURVE('',#6110,#6109,#7034,.T.);
#4882=EDGE_CURVE('',#6110,#6107,#679,.T.);
#4883=EDGE_CURVE('',#6111,#6109,#680,.T.);
#4884=EDGE_CURVE('',#6112,#6111,#7035,.T.);
#4885=EDGE_CURVE('',#6112,#6110,#681,.T.);
#4886=EDGE_CURVE('',#6113,#6111,#7036,.T.);
#4887=EDGE_CURVE('',#6114,#6113,#7037,.T.);
#4888=EDGE_CURVE('',#6114,#6112,#7038,.T.);
#4889=EDGE_CURVE('',#6115,#6113,#7039,.T.);
#4890=EDGE_CURVE('',#6116,#6115,#7040,.T.);
#4891=EDGE_CURVE('',#6116,#6114,#7041,.T.);
#4892=EDGE_CURVE('',#6117,#6115,#7042,.T.);
#4893=EDGE_CURVE('',#6118,#6117,#7043,.T.);
#4894=EDGE_CURVE('',#6118,#6116,#7044,.T.);
#4895=EDGE_CURVE('',#6119,#5426,#7045,.T.);
#4896=EDGE_CURVE('',#6119,#6120,#682,.T.);
#4897=EDGE_CURVE('',#6120,#5427,#7046,.T.);
#4898=EDGE_CURVE('',#6121,#5442,#7047,.T.);
#4899=EDGE_CURVE('',#6121,#6119,#683,.T.);
#4900=EDGE_CURVE('',#6122,#5441,#7048,.T.);
#4901=EDGE_CURVE('',#6122,#6121,#684,.T.);
#4902=EDGE_CURVE('',#6123,#5440,#7049,.T.);
#4903=EDGE_CURVE('',#6123,#6122,#7050,.T.);
#4904=EDGE_CURVE('',#6124,#5439,#7051,.T.);
#4905=EDGE_CURVE('',#6124,#6123,#359,.T.);
#4906=EDGE_CURVE('',#6125,#5438,#7052,.T.);
#4907=EDGE_CURVE('',#6125,#6124,#685,.T.);
#4908=EDGE_CURVE('',#6126,#5437,#7053,.T.);
#4909=EDGE_CURVE('',#6126,#6125,#686,.T.);
#4910=EDGE_CURVE('',#6127,#5436,#7054,.T.);
#4911=EDGE_CURVE('',#6127,#6126,#687,.T.);
#4912=EDGE_CURVE('',#6128,#5435,#7055,.T.);
#4913=EDGE_CURVE('',#6128,#6127,#7056,.T.);
#4914=EDGE_CURVE('',#6129,#5434,#7057,.T.);
#4915=EDGE_CURVE('',#6129,#6128,#7058,.T.);
#4916=EDGE_CURVE('',#6130,#5433,#7059,.T.);
#4917=EDGE_CURVE('',#6130,#6129,#7060,.T.);
#4918=EDGE_CURVE('',#6131,#5432,#7061,.T.);
#4919=EDGE_CURVE('',#6131,#6130,#688,.T.);
#4920=EDGE_CURVE('',#6132,#5431,#7062,.T.);
#4921=EDGE_CURVE('',#6132,#6131,#689,.T.);
#4922=EDGE_CURVE('',#6133,#5430,#7063,.T.);
#4923=EDGE_CURVE('',#6133,#6132,#690,.T.);
#4924=EDGE_CURVE('',#6134,#5429,#7064,.T.);
#4925=EDGE_CURVE('',#6134,#6133,#691,.T.);
#4926=EDGE_CURVE('',#6135,#5428,#7065,.T.);
#4927=EDGE_CURVE('',#6135,#6134,#7066,.T.);
#4928=EDGE_CURVE('',#6120,#6135,#692,.T.);
#4929=EDGE_CURVE('',#6106,#6117,#693,.T.);
#4930=EDGE_CURVE('',#6108,#6118,#694,.T.);
#4931=EDGE_CURVE('',#6136,#6137,#695,.T.);
#4932=EDGE_CURVE('',#6138,#6136,#7067,.T.);
#4933=EDGE_CURVE('',#6138,#6139,#696,.T.);
#4934=EDGE_CURVE('',#6139,#6137,#7068,.T.);
#4935=EDGE_CURVE('',#6140,#6136,#7069,.T.);
#4936=EDGE_CURVE('',#6141,#6140,#7070,.T.);
#4937=EDGE_CURVE('',#6141,#6138,#7071,.T.);
#4938=EDGE_CURVE('',#6142,#6140,#697,.T.);
#4939=EDGE_CURVE('',#6143,#6142,#7072,.T.);
#4940=EDGE_CURVE('',#6143,#6141,#698,.T.);
#4941=EDGE_CURVE('',#6144,#6142,#699,.T.);
#4942=EDGE_CURVE('',#6145,#6144,#7073,.T.);
#4943=EDGE_CURVE('',#6145,#6143,#700,.T.);
#4944=EDGE_CURVE('',#6146,#6144,#701,.T.);
#4945=EDGE_CURVE('',#6147,#6146,#7074,.T.);
#4946=EDGE_CURVE('',#6147,#6145,#702,.T.);
#4947=EDGE_CURVE('',#6148,#6146,#703,.T.);
#4948=EDGE_CURVE('',#6149,#6148,#7075,.T.);
#4949=EDGE_CURVE('',#6149,#6147,#704,.T.);
#4950=EDGE_CURVE('',#6150,#6148,#7076,.T.);
#4951=EDGE_CURVE('',#6151,#6150,#7077,.T.);
#4952=EDGE_CURVE('',#6151,#6149,#7078,.T.);
#4953=EDGE_CURVE('',#6152,#6150,#360,.T.);
#4954=EDGE_CURVE('',#6153,#6152,#7079,.T.);
#4955=EDGE_CURVE('',#6153,#6151,#361,.T.);
#4956=EDGE_CURVE('',#6154,#6152,#705,.T.);
#4957=EDGE_CURVE('',#6155,#6154,#7080,.T.);
#4958=EDGE_CURVE('',#6155,#6153,#706,.T.);
#4959=EDGE_CURVE('',#6156,#5680,#7081,.T.);
#4960=EDGE_CURVE('',#6156,#6157,#7082,.T.);
#4961=EDGE_CURVE('',#6157,#5681,#7083,.T.);
#4962=EDGE_CURVE('',#6158,#5699,#7084,.T.);
#4963=EDGE_CURVE('',#6158,#6156,#7085,.T.);
#4964=EDGE_CURVE('',#6159,#5698,#7086,.T.);
#4965=EDGE_CURVE('',#6159,#6158,#7087,.T.);
#4966=EDGE_CURVE('',#6160,#5697,#7088,.T.);
#4967=EDGE_CURVE('',#6160,#6159,#7089,.T.);
#4968=EDGE_CURVE('',#6161,#5696,#7090,.T.);
#4969=EDGE_CURVE('',#6161,#6160,#7091,.T.);
#4970=EDGE_CURVE('',#6162,#5695,#7092,.T.);
#4971=EDGE_CURVE('',#6162,#6161,#7093,.T.);
#4972=EDGE_CURVE('',#6163,#5694,#7094,.T.);
#4973=EDGE_CURVE('',#6163,#6162,#362,.F.);
#4974=EDGE_CURVE('',#6164,#5693,#7095,.T.);
#4975=EDGE_CURVE('',#6164,#6163,#707,.T.);
#4976=EDGE_CURVE('',#6165,#5692,#7096,.T.);
#4977=EDGE_CURVE('',#6165,#6164,#708,.T.);
#4978=EDGE_CURVE('',#6166,#5691,#7097,.T.);
#4979=EDGE_CURVE('',#6166,#6165,#709,.T.);
#4980=EDGE_CURVE('',#6167,#5690,#7098,.T.);
#4981=EDGE_CURVE('',#6167,#6166,#7099,.T.);
#4982=EDGE_CURVE('',#6168,#5689,#7100,.T.);
#4983=EDGE_CURVE('',#6168,#6167,#710,.T.);
#4984=EDGE_CURVE('',#6169,#5688,#7101,.T.);
#4985=EDGE_CURVE('',#6169,#6168,#711,.T.);
#4986=EDGE_CURVE('',#6170,#5687,#7102,.T.);
#4987=EDGE_CURVE('',#6170,#6169,#712,.T.);
#4988=EDGE_CURVE('',#6171,#5686,#7103,.T.);
#4989=EDGE_CURVE('',#6171,#6170,#363,.F.);
#4990=EDGE_CURVE('',#6172,#5685,#7104,.T.);
#4991=EDGE_CURVE('',#6172,#6171,#7105,.T.);
#4992=EDGE_CURVE('',#6173,#5684,#7106,.T.);
#4993=EDGE_CURVE('',#6173,#6172,#7107,.T.);
#4994=EDGE_CURVE('',#6174,#5683,#7108,.T.);
#4995=EDGE_CURVE('',#6174,#6173,#7109,.T.);
#4996=EDGE_CURVE('',#6175,#5682,#7110,.T.);
#4997=EDGE_CURVE('',#6175,#6174,#7111,.T.);
#4998=EDGE_CURVE('',#6157,#6175,#7112,.T.);
#4999=EDGE_CURVE('',#6137,#6154,#713,.T.);
#5000=EDGE_CURVE('',#6139,#6155,#714,.T.);
#5001=EDGE_CURVE('',#6176,#6177,#364,.T.);
#5002=EDGE_CURVE('',#6178,#6176,#7113,.T.);
#5003=EDGE_CURVE('',#6178,#6179,#365,.T.);
#5004=EDGE_CURVE('',#6179,#6177,#7114,.T.);
#5005=EDGE_CURVE('',#6180,#6176,#715,.T.);
#5006=EDGE_CURVE('',#6181,#6180,#7115,.T.);
#5007=EDGE_CURVE('',#6181,#6178,#716,.T.);
#5008=EDGE_CURVE('',#6182,#6180,#717,.T.);
#5009=EDGE_CURVE('',#6183,#6182,#7116,.T.);
#5010=EDGE_CURVE('',#6183,#6181,#718,.T.);
#5011=EDGE_CURVE('',#6184,#6182,#719,.T.);
#5012=EDGE_CURVE('',#6185,#6184,#7117,.T.);
#5013=EDGE_CURVE('',#6185,#6183,#720,.T.);
#5014=EDGE_CURVE('',#6186,#6184,#721,.T.);
#5015=EDGE_CURVE('',#6187,#6186,#7118,.T.);
#5016=EDGE_CURVE('',#6187,#6185,#722,.T.);
#5017=EDGE_CURVE('',#6188,#6186,#7119,.T.);
#5018=EDGE_CURVE('',#6189,#6188,#7120,.T.);
#5019=EDGE_CURVE('',#6189,#6187,#7121,.T.);
#5020=EDGE_CURVE('',#6190,#6188,#7122,.T.);
#5021=EDGE_CURVE('',#6191,#6190,#7123,.T.);
#5022=EDGE_CURVE('',#6191,#6189,#7124,.T.);
#5023=EDGE_CURVE('',#6192,#5399,#7125,.T.);
#5024=EDGE_CURVE('',#6192,#6193,#366,.F.);
#5025=EDGE_CURVE('',#6193,#5400,#7126,.T.);
#5026=EDGE_CURVE('',#6194,#5425,#7127,.T.);
#5027=EDGE_CURVE('',#6194,#6192,#7128,.T.);
#5028=EDGE_CURVE('',#6195,#5424,#7129,.T.);
#5029=EDGE_CURVE('',#6195,#6194,#7130,.T.);
#5030=EDGE_CURVE('',#6196,#5423,#7131,.T.);
#5031=EDGE_CURVE('',#6196,#6195,#7132,.T.);
#5032=EDGE_CURVE('',#6197,#5422,#7133,.T.);
#5033=EDGE_CURVE('',#6197,#6196,#367,.T.);
#5034=EDGE_CURVE('',#6198,#5421,#7134,.T.);
#5035=EDGE_CURVE('',#6198,#6197,#368,.T.);
#5036=EDGE_CURVE('',#6199,#5420,#7135,.T.);
#5037=EDGE_CURVE('',#6199,#6198,#7136,.T.);
#5038=EDGE_CURVE('',#6200,#5419,#7137,.T.);
#5039=EDGE_CURVE('',#6200,#6199,#723,.T.);
#5040=EDGE_CURVE('',#6201,#5418,#7138,.T.);
#5041=EDGE_CURVE('',#6201,#6200,#724,.T.);
#5042=EDGE_CURVE('',#6202,#5417,#7139,.T.);
#5043=EDGE_CURVE('',#6202,#6201,#725,.T.);
#5044=EDGE_CURVE('',#6203,#5416,#7140,.T.);
#5045=EDGE_CURVE('',#6203,#6202,#726,.T.);
#5046=EDGE_CURVE('',#6204,#5415,#7141,.T.);
#5047=EDGE_CURVE('',#6204,#6203,#7142,.T.);
#5048=EDGE_CURVE('',#6205,#5414,#7143,.T.);
#5049=EDGE_CURVE('',#6205,#6204,#7144,.T.);
#5050=EDGE_CURVE('',#6206,#5413,#7145,.T.);
#5051=EDGE_CURVE('',#6206,#6205,#7146,.T.);
#5052=EDGE_CURVE('',#6207,#5412,#7147,.T.);
#5053=EDGE_CURVE('',#6207,#6206,#727,.T.);
#5054=EDGE_CURVE('',#6208,#5411,#7148,.T.);
#5055=EDGE_CURVE('',#6208,#6207,#728,.T.);
#5056=EDGE_CURVE('',#6209,#5410,#7149,.T.);
#5057=EDGE_CURVE('',#6209,#6208,#729,.T.);
#5058=EDGE_CURVE('',#6210,#5409,#7150,.T.);
#5059=EDGE_CURVE('',#6210,#6209,#730,.T.);
#5060=EDGE_CURVE('',#6211,#5408,#7151,.T.);
#5061=EDGE_CURVE('',#6211,#6210,#7152,.T.);
#5062=EDGE_CURVE('',#6212,#5407,#7153,.T.);
#5063=EDGE_CURVE('',#6212,#6211,#7154,.T.);
#5064=EDGE_CURVE('',#6213,#5406,#7155,.T.);
#5065=EDGE_CURVE('',#6213,#6212,#731,.T.);
#5066=EDGE_CURVE('',#6214,#5405,#7156,.T.);
#5067=EDGE_CURVE('',#6214,#6213,#732,.T.);
#5068=EDGE_CURVE('',#6215,#5404,#7157,.T.);
#5069=EDGE_CURVE('',#6215,#6214,#733,.T.);
#5070=EDGE_CURVE('',#6216,#5403,#7158,.T.);
#5071=EDGE_CURVE('',#6216,#6215,#734,.T.);
#5072=EDGE_CURVE('',#6217,#5402,#7159,.T.);
#5073=EDGE_CURVE('',#6217,#6216,#369,.F.);
#5074=EDGE_CURVE('',#6218,#5401,#7160,.T.);
#5075=EDGE_CURVE('',#6218,#6217,#370,.F.);
#5076=EDGE_CURVE('',#6193,#6218,#371,.T.);
#5077=EDGE_CURVE('',#6177,#6190,#735,.T.);
#5078=EDGE_CURVE('',#6179,#6191,#736,.T.);
#5079=EDGE_CURVE('',#6219,#6220,#737,.T.);
#5080=EDGE_CURVE('',#6221,#6219,#7161,.T.);
#5081=EDGE_CURVE('',#6221,#6222,#738,.T.);
#5082=EDGE_CURVE('',#6222,#6220,#7162,.T.);
#5083=EDGE_CURVE('',#6223,#6219,#7163,.T.);
#5084=EDGE_CURVE('',#6224,#6223,#7164,.T.);
#5085=EDGE_CURVE('',#6224,#6221,#7165,.T.);
#5086=EDGE_CURVE('',#6225,#6223,#739,.T.);
#5087=EDGE_CURVE('',#6226,#6225,#7166,.T.);
#5088=EDGE_CURVE('',#6226,#6224,#740,.T.);
#5089=EDGE_CURVE('',#6227,#6225,#741,.T.);
#5090=EDGE_CURVE('',#6228,#6227,#7167,.T.);
#5091=EDGE_CURVE('',#6228,#6226,#742,.T.);
#5092=EDGE_CURVE('',#6229,#6227,#743,.T.);
#5093=EDGE_CURVE('',#6230,#6229,#7168,.T.);
#5094=EDGE_CURVE('',#6230,#6228,#744,.T.);
#5095=EDGE_CURVE('',#6231,#6229,#372,.T.);
#5096=EDGE_CURVE('',#6232,#6231,#7169,.T.);
#5097=EDGE_CURVE('',#6232,#6230,#373,.T.);
#5098=EDGE_CURVE('',#6233,#6231,#7170,.T.);
#5099=EDGE_CURVE('',#6234,#6233,#7171,.T.);
#5100=EDGE_CURVE('',#6234,#6232,#7172,.T.);
#5101=EDGE_CURVE('',#6235,#6233,#745,.T.);
#5102=EDGE_CURVE('',#6236,#6235,#7173,.T.);
#5103=EDGE_CURVE('',#6236,#6234,#746,.T.);
#5104=EDGE_CURVE('',#6237,#6235,#747,.T.);
#5105=EDGE_CURVE('',#6238,#6237,#7174,.T.);
#5106=EDGE_CURVE('',#6238,#6236,#748,.T.);
#5107=EDGE_CURVE('',#6239,#5700,#7175,.T.);
#5108=EDGE_CURVE('',#6239,#6240,#749,.T.);
#5109=EDGE_CURVE('',#6240,#5701,#7176,.T.);
#5110=EDGE_CURVE('',#6241,#5721,#7177,.T.);
#5111=EDGE_CURVE('',#6241,#6239,#7178,.T.);
#5112=EDGE_CURVE('',#6242,#5720,#7179,.T.);
#5113=EDGE_CURVE('',#6242,#6241,#750,.T.);
#5114=EDGE_CURVE('',#6243,#5719,#7180,.T.);
#5115=EDGE_CURVE('',#6243,#6242,#751,.T.);
#5116=EDGE_CURVE('',#6244,#5718,#7181,.T.);
#5117=EDGE_CURVE('',#6244,#6243,#752,.T.);
#5118=EDGE_CURVE('',#6245,#5717,#7182,.T.);
#5119=EDGE_CURVE('',#6245,#6244,#374,.F.);
#5120=EDGE_CURVE('',#6246,#5716,#7183,.T.);
#5121=EDGE_CURVE('',#6246,#6245,#7184,.T.);
#5122=EDGE_CURVE('',#6247,#5715,#7185,.T.);
#5123=EDGE_CURVE('',#6247,#6246,#753,.T.);
#5124=EDGE_CURVE('',#6248,#5714,#7186,.T.);
#5125=EDGE_CURVE('',#6248,#6247,#754,.T.);
#5126=EDGE_CURVE('',#6249,#5713,#7187,.T.);
#5127=EDGE_CURVE('',#6249,#6248,#375,.T.);
#5128=EDGE_CURVE('',#6250,#5712,#7188,.T.);
#5129=EDGE_CURVE('',#6250,#6249,#755,.T.);
#5130=EDGE_CURVE('',#6251,#5711,#7189,.T.);
#5131=EDGE_CURVE('',#6251,#6250,#7190,.T.);
#5132=EDGE_CURVE('',#6252,#5710,#7191,.T.);
#5133=EDGE_CURVE('',#6252,#6251,#756,.T.);
#5134=EDGE_CURVE('',#6253,#5709,#7192,.T.);
#5135=EDGE_CURVE('',#6253,#6252,#376,.F.);
#5136=EDGE_CURVE('',#6254,#5708,#7193,.T.);
#5137=EDGE_CURVE('',#6254,#6253,#757,.T.);
#5138=EDGE_CURVE('',#6255,#5707,#7194,.T.);
#5139=EDGE_CURVE('',#6255,#6254,#758,.T.);
#5140=EDGE_CURVE('',#6256,#5706,#7195,.T.);
#5141=EDGE_CURVE('',#6256,#6255,#7196,.T.);
#5142=EDGE_CURVE('',#6257,#5705,#7197,.T.);
#5143=EDGE_CURVE('',#6257,#6256,#7198,.T.);
#5144=EDGE_CURVE('',#6258,#5704,#7199,.T.);
#5145=EDGE_CURVE('',#6258,#6257,#7200,.T.);
#5146=EDGE_CURVE('',#6259,#5703,#7201,.T.);
#5147=EDGE_CURVE('',#6259,#6258,#377,.F.);
#5148=EDGE_CURVE('',#6260,#5702,#7202,.T.);
#5149=EDGE_CURVE('',#6260,#6259,#759,.T.);
#5150=EDGE_CURVE('',#6240,#6260,#760,.T.);
#5151=EDGE_CURVE('',#6220,#6237,#761,.T.);
#5152=EDGE_CURVE('',#6222,#6238,#762,.T.);
#5153=EDGE_CURVE('',#6261,#5370,#7203,.T.);
#5154=EDGE_CURVE('',#6261,#6262,#7204,.T.);
#5155=EDGE_CURVE('',#6262,#5371,#7205,.T.);
#5156=EDGE_CURVE('',#6263,#5398,#7206,.T.);
#5157=EDGE_CURVE('',#6263,#6261,#7207,.T.);
#5158=EDGE_CURVE('',#6264,#5397,#7208,.T.);
#5159=EDGE_CURVE('',#6264,#6263,#7209,.T.);
#5160=EDGE_CURVE('',#6265,#5396,#7210,.T.);
#5161=EDGE_CURVE('',#6265,#6264,#7211,.T.);
#5162=EDGE_CURVE('',#6266,#5395,#7212,.T.);
#5163=EDGE_CURVE('',#6266,#6265,#7213,.T.);
#5164=EDGE_CURVE('',#6267,#5394,#7214,.T.);
#5165=EDGE_CURVE('',#6267,#6266,#7215,.T.);
#5166=EDGE_CURVE('',#6268,#5393,#7216,.T.);
#5167=EDGE_CURVE('',#6268,#6267,#7217,.T.);
#5168=EDGE_CURVE('',#6269,#5392,#7218,.T.);
#5169=EDGE_CURVE('',#6269,#6268,#7219,.T.);
#5170=EDGE_CURVE('',#6270,#5391,#7220,.T.);
#5171=EDGE_CURVE('',#6270,#6269,#7221,.T.);
#5172=EDGE_CURVE('',#6271,#5390,#7222,.T.);
#5173=EDGE_CURVE('',#6271,#6270,#7223,.T.);
#5174=EDGE_CURVE('',#6272,#5389,#7224,.T.);
#5175=EDGE_CURVE('',#6272,#6271,#7225,.T.);
#5176=EDGE_CURVE('',#6273,#5388,#7226,.T.);
#5177=EDGE_CURVE('',#6273,#6272,#7227,.T.);
#5178=EDGE_CURVE('',#6274,#5387,#7228,.T.);
#5179=EDGE_CURVE('',#6274,#6273,#7229,.T.);
#5180=EDGE_CURVE('',#6275,#5386,#7230,.T.);
#5181=EDGE_CURVE('',#6275,#6274,#7231,.T.);
#5182=EDGE_CURVE('',#6276,#5385,#7232,.T.);
#5183=EDGE_CURVE('',#6276,#6275,#7233,.T.);
#5184=EDGE_CURVE('',#6277,#5384,#7234,.T.);
#5185=EDGE_CURVE('',#6277,#6276,#7235,.T.);
#5186=EDGE_CURVE('',#6278,#5383,#7236,.T.);
#5187=EDGE_CURVE('',#6278,#6277,#7237,.T.);
#5188=EDGE_CURVE('',#6279,#5382,#7238,.T.);
#5189=EDGE_CURVE('',#6279,#6278,#7239,.T.);
#5190=EDGE_CURVE('',#6280,#5381,#7240,.T.);
#5191=EDGE_CURVE('',#6280,#6279,#7241,.T.);
#5192=EDGE_CURVE('',#6281,#5380,#7242,.T.);
#5193=EDGE_CURVE('',#6281,#6280,#7243,.T.);
#5194=EDGE_CURVE('',#6282,#5379,#7244,.T.);
#5195=EDGE_CURVE('',#6282,#6281,#7245,.T.);
#5196=EDGE_CURVE('',#6283,#5378,#7246,.T.);
#5197=EDGE_CURVE('',#6283,#6282,#7247,.T.);
#5198=EDGE_CURVE('',#6284,#5377,#7248,.T.);
#5199=EDGE_CURVE('',#6284,#6283,#7249,.T.);
#5200=EDGE_CURVE('',#6285,#5376,#7250,.T.);
#5201=EDGE_CURVE('',#6285,#6284,#7251,.T.);
#5202=EDGE_CURVE('',#6286,#5375,#7252,.T.);
#5203=EDGE_CURVE('',#6286,#6285,#7253,.T.);
#5204=EDGE_CURVE('',#6287,#5374,#7254,.T.);
#5205=EDGE_CURVE('',#6287,#6286,#7255,.T.);
#5206=EDGE_CURVE('',#6288,#5373,#7256,.T.);
#5207=EDGE_CURVE('',#6288,#6287,#7257,.T.);
#5208=EDGE_CURVE('',#6289,#5372,#7258,.T.);
#5209=EDGE_CURVE('',#6289,#6288,#7259,.T.);
#5210=EDGE_CURVE('',#6262,#6289,#7260,.T.);
#5211=EDGE_CURVE('',#6290,#5722,#7261,.T.);
#5212=EDGE_CURVE('',#6290,#6291,#7262,.T.);
#5213=EDGE_CURVE('',#6291,#5723,#7263,.T.);
#5214=EDGE_CURVE('',#6292,#5747,#7264,.T.);
#5215=EDGE_CURVE('',#6292,#6290,#7265,.T.);
#5216=EDGE_CURVE('',#6293,#5746,#7266,.T.);
#5217=EDGE_CURVE('',#6293,#6292,#7267,.T.);
#5218=EDGE_CURVE('',#6294,#5745,#7268,.T.);
#5219=EDGE_CURVE('',#6294,#6293,#7269,.T.);
#5220=EDGE_CURVE('',#6295,#5744,#7270,.T.);
#5221=EDGE_CURVE('',#6295,#6294,#7271,.T.);
#5222=EDGE_CURVE('',#6296,#5743,#7272,.T.);
#5223=EDGE_CURVE('',#6296,#6295,#7273,.T.);
#5224=EDGE_CURVE('',#6297,#5742,#7274,.T.);
#5225=EDGE_CURVE('',#6297,#6296,#7275,.T.);
#5226=EDGE_CURVE('',#6298,#5741,#7276,.T.);
#5227=EDGE_CURVE('',#6298,#6297,#7277,.T.);
#5228=EDGE_CURVE('',#6299,#5740,#7278,.T.);
#5229=EDGE_CURVE('',#6299,#6298,#7279,.T.);
#5230=EDGE_CURVE('',#6300,#5739,#7280,.T.);
#5231=EDGE_CURVE('',#6300,#6299,#7281,.T.);
#5232=EDGE_CURVE('',#6301,#5738,#7282,.T.);
#5233=EDGE_CURVE('',#6301,#6300,#7283,.T.);
#5234=EDGE_CURVE('',#6302,#5737,#7284,.T.);
#5235=EDGE_CURVE('',#6302,#6301,#7285,.T.);
#5236=EDGE_CURVE('',#6303,#5736,#7286,.T.);
#5237=EDGE_CURVE('',#6303,#6302,#7287,.T.);
#5238=EDGE_CURVE('',#6304,#5735,#7288,.T.);
#5239=EDGE_CURVE('',#6304,#6303,#7289,.T.);
#5240=EDGE_CURVE('',#6305,#5734,#7290,.T.);
#5241=EDGE_CURVE('',#6305,#6304,#7291,.T.);
#5242=EDGE_CURVE('',#6306,#5733,#7292,.T.);
#5243=EDGE_CURVE('',#6306,#6305,#7293,.T.);
#5244=EDGE_CURVE('',#6307,#5732,#7294,.T.);
#5245=EDGE_CURVE('',#6307,#6306,#378,.T.);
#5246=EDGE_CURVE('',#6308,#5731,#7295,.T.);
#5247=EDGE_CURVE('',#6308,#6307,#763,.T.);
#5248=EDGE_CURVE('',#6309,#5730,#7296,.T.);
#5249=EDGE_CURVE('',#6309,#6308,#379,.T.);
#5250=EDGE_CURVE('',#6310,#5729,#7297,.T.);
#5251=EDGE_CURVE('',#6310,#6309,#764,.T.);
#5252=EDGE_CURVE('',#6311,#5728,#7298,.T.);
#5253=EDGE_CURVE('',#6311,#6310,#7299,.T.);
#5254=EDGE_CURVE('',#6312,#5727,#7300,.T.);
#5255=EDGE_CURVE('',#6312,#6311,#380,.F.);
#5256=EDGE_CURVE('',#6313,#5726,#7301,.T.);
#5257=EDGE_CURVE('',#6313,#6312,#381,.F.);
#5258=EDGE_CURVE('',#6314,#5725,#7302,.T.);
#5259=EDGE_CURVE('',#6314,#6313,#765,.T.);
#5260=EDGE_CURVE('',#6315,#5724,#7303,.T.);
#5261=EDGE_CURVE('',#6315,#6314,#382,.F.);
#5262=EDGE_CURVE('',#6291,#6315,#7304,.T.);
#5263=EDGE_CURVE('',#6316,#5351,#7305,.T.);
#5264=EDGE_CURVE('',#6316,#6317,#7306,.T.);
#5265=EDGE_CURVE('',#6317,#5352,#7307,.T.);
#5266=EDGE_CURVE('',#6318,#5369,#7308,.T.);
#5267=EDGE_CURVE('',#6318,#6316,#7309,.T.);
#5268=EDGE_CURVE('',#6319,#5368,#7310,.T.);
#5269=EDGE_CURVE('',#6319,#6318,#7311,.T.);
#5270=EDGE_CURVE('',#6320,#5367,#7312,.T.);
#5271=EDGE_CURVE('',#6320,#6319,#7313,.T.);
#5272=EDGE_CURVE('',#6321,#5366,#7314,.T.);
#5273=EDGE_CURVE('',#6321,#6320,#7315,.T.);
#5274=EDGE_CURVE('',#6322,#5365,#7316,.T.);
#5275=EDGE_CURVE('',#6322,#6321,#7317,.T.);
#5276=EDGE_CURVE('',#6323,#5364,#7318,.T.);
#5277=EDGE_CURVE('',#6323,#6322,#7319,.T.);
#5278=EDGE_CURVE('',#6324,#5363,#7320,.T.);
#5279=EDGE_CURVE('',#6324,#6323,#7321,.T.);
#5280=EDGE_CURVE('',#6325,#5362,#7322,.T.);
#5281=EDGE_CURVE('',#6325,#6324,#7323,.T.);
#5282=EDGE_CURVE('',#6326,#5361,#7324,.T.);
#5283=EDGE_CURVE('',#6326,#6325,#766,.T.);
#5284=EDGE_CURVE('',#6327,#5360,#7325,.T.);
#5285=EDGE_CURVE('',#6327,#6326,#767,.T.);
#5286=EDGE_CURVE('',#6328,#5359,#7326,.T.);
#5287=EDGE_CURVE('',#6328,#6327,#7327,.T.);
#5288=EDGE_CURVE('',#6329,#5358,#7328,.T.);
#5289=EDGE_CURVE('',#6329,#6328,#7329,.T.);
#5290=EDGE_CURVE('',#6330,#5357,#7330,.T.);
#5291=EDGE_CURVE('',#6330,#6329,#383,.F.);
#5292=EDGE_CURVE('',#6331,#5356,#7331,.T.);
#5293=EDGE_CURVE('',#6331,#6330,#384,.F.);
#5294=EDGE_CURVE('',#6332,#5355,#7332,.T.);
#5295=EDGE_CURVE('',#6332,#6331,#768,.T.);
#5296=EDGE_CURVE('',#6333,#5354,#7333,.T.);
#5297=EDGE_CURVE('',#6333,#6332,#769,.T.);
#5298=EDGE_CURVE('',#6334,#5353,#7334,.T.);
#5299=EDGE_CURVE('',#6334,#6333,#7335,.T.);
#5300=EDGE_CURVE('',#6317,#6334,#7336,.T.);
#5301=EDGE_CURVE('',#6335,#6336,#770,.T.);
#5302=EDGE_CURVE('',#6337,#6335,#7337,.T.);
#5303=EDGE_CURVE('',#6337,#6338,#771,.T.);
#5304=EDGE_CURVE('',#6338,#6336,#7338,.T.);
#5305=EDGE_CURVE('',#6339,#6335,#7339,.T.);
#5306=EDGE_CURVE('',#6340,#6339,#7340,.T.);
#5307=EDGE_CURVE('',#6340,#6337,#7341,.T.);
#5308=EDGE_CURVE('',#6341,#6339,#772,.T.);
#5309=EDGE_CURVE('',#6342,#6341,#7342,.T.);
#5310=EDGE_CURVE('',#6342,#6340,#773,.T.);
#5311=EDGE_CURVE('',#6343,#6341,#774,.T.);
#5312=EDGE_CURVE('',#6344,#6343,#7343,.T.);
#5313=EDGE_CURVE('',#6344,#6342,#775,.T.);
#5314=EDGE_CURVE('',#6345,#6343,#776,.T.);
#5315=EDGE_CURVE('',#6346,#6345,#7344,.T.);
#5316=EDGE_CURVE('',#6346,#6344,#777,.T.);
#5317=EDGE_CURVE('',#6347,#6345,#778,.T.);
#5318=EDGE_CURVE('',#6348,#6347,#7345,.T.);
#5319=EDGE_CURVE('',#6348,#6346,#779,.T.);
#5320=EDGE_CURVE('',#6349,#6347,#7346,.T.);
#5321=EDGE_CURVE('',#6350,#6349,#7347,.T.);
#5322=EDGE_CURVE('',#6350,#6348,#7348,.T.);
#5323=EDGE_CURVE('',#6351,#6349,#780,.T.);
#5324=EDGE_CURVE('',#6352,#6351,#7349,.T.);
#5325=EDGE_CURVE('',#6352,#6350,#781,.T.);
#5326=EDGE_CURVE('',#6353,#6351,#782,.T.);
#5327=EDGE_CURVE('',#6354,#6353,#7350,.T.);
#5328=EDGE_CURVE('',#6354,#6352,#783,.T.);
#5329=EDGE_CURVE('',#6355,#5748,#7351,.T.);
#5330=EDGE_CURVE('',#6355,#6356,#784,.T.);
#5331=EDGE_CURVE('',#6356,#5749,#7352,.T.);
#5332=EDGE_CURVE('',#6357,#5757,#7353,.T.);
#5333=EDGE_CURVE('',#6357,#6355,#7354,.T.);
#5334=EDGE_CURVE('',#6358,#5756,#7355,.T.);
#5335=EDGE_CURVE('',#6358,#6357,#785,.T.);
#5336=EDGE_CURVE('',#6359,#5755,#7356,.T.);
#5337=EDGE_CURVE('',#6359,#6358,#786,.T.);
#5338=EDGE_CURVE('',#6360,#5754,#7357,.T.);
#5339=EDGE_CURVE('',#6360,#6359,#787,.T.);
#5340=EDGE_CURVE('',#6361,#5753,#7358,.T.);
#5341=EDGE_CURVE('',#6361,#6360,#788,.T.);
#5342=EDGE_CURVE('',#6362,#5752,#7359,.T.);
#5343=EDGE_CURVE('',#6362,#6361,#7360,.T.);
#5344=EDGE_CURVE('',#6363,#5751,#7361,.T.);
#5345=EDGE_CURVE('',#6363,#6362,#789,.T.);
#5346=EDGE_CURVE('',#6364,#5750,#7362,.T.);
#5347=EDGE_CURVE('',#6364,#6363,#790,.T.);
#5348=EDGE_CURVE('',#6356,#6364,#791,.T.);
#5349=EDGE_CURVE('',#6336,#6353,#792,.T.);
#5350=EDGE_CURVE('',#6338,#6354,#793,.T.);
#5351=VERTEX_POINT('',#12713);
#5352=VERTEX_POINT('',#12714);
#5353=VERTEX_POINT('',#12716);
#5354=VERTEX_POINT('',#12718);
#5355=VERTEX_POINT('',#12722);
#5356=VERTEX_POINT('',#12726);
#5357=VERTEX_POINT('',#12728);
#5358=VERTEX_POINT('',#12730);
#5359=VERTEX_POINT('',#12732);
#5360=VERTEX_POINT('',#12734);
#5361=VERTEX_POINT('',#12738);
#5362=VERTEX_POINT('',#12742);
#5363=VERTEX_POINT('',#12744);
#5364=VERTEX_POINT('',#12746);
#5365=VERTEX_POINT('',#12748);
#5366=VERTEX_POINT('',#12750);
#5367=VERTEX_POINT('',#12752);
#5368=VERTEX_POINT('',#12754);
#5369=VERTEX_POINT('',#12756);
#5370=VERTEX_POINT('',#12759);
#5371=VERTEX_POINT('',#12760);
#5372=VERTEX_POINT('',#12762);
#5373=VERTEX_POINT('',#12764);
#5374=VERTEX_POINT('',#12766);
#5375=VERTEX_POINT('',#12768);
#5376=VERTEX_POINT('',#12770);
#5377=VERTEX_POINT('',#12772);
#5378=VERTEX_POINT('',#12774);
#5379=VERTEX_POINT('',#12776);
#5380=VERTEX_POINT('',#12778);
#5381=VERTEX_POINT('',#12780);
#5382=VERTEX_POINT('',#12782);
#5383=VERTEX_POINT('',#12784);
#5384=VERTEX_POINT('',#12786);
#5385=VERTEX_POINT('',#12788);
#5386=VERTEX_POINT('',#12790);
#5387=VERTEX_POINT('',#12792);
#5388=VERTEX_POINT('',#12794);
#5389=VERTEX_POINT('',#12796);
#5390=VERTEX_POINT('',#12798);
#5391=VERTEX_POINT('',#12800);
#5392=VERTEX_POINT('',#12802);
#5393=VERTEX_POINT('',#12804);
#5394=VERTEX_POINT('',#12806);
#5395=VERTEX_POINT('',#12808);
#5396=VERTEX_POINT('',#12810);
#5397=VERTEX_POINT('',#12812);
#5398=VERTEX_POINT('',#12814);
#5399=VERTEX_POINT('',#12817);
#5400=VERTEX_POINT('',#12818);
#5401=VERTEX_POINT('',#12820);
#5402=VERTEX_POINT('',#12822);
#5403=VERTEX_POINT('',#12824);
#5404=VERTEX_POINT('',#12828);
#5405=VERTEX_POINT('',#12832);
#5406=VERTEX_POINT('',#12836);
#5407=VERTEX_POINT('',#12840);
#5408=VERTEX_POINT('',#12842);
#5409=VERTEX_POINT('',#12844);
#5410=VERTEX_POINT('',#12848);
#5411=VERTEX_POINT('',#12852);
#5412=VERTEX_POINT('',#12856);
#5413=VERTEX_POINT('',#12860);
#5414=VERTEX_POINT('',#12862);
#5415=VERTEX_POINT('',#12864);
#5416=VERTEX_POINT('',#12866);
#5417=VERTEX_POINT('',#12870);
#5418=VERTEX_POINT('',#12874);
#5419=VERTEX_POINT('',#12878);
#5420=VERTEX_POINT('',#12882);
#5421=VERTEX_POINT('',#12884);
#5422=VERTEX_POINT('',#12886);
#5423=VERTEX_POINT('',#12888);
#5424=VERTEX_POINT('',#12890);
#5425=VERTEX_POINT('',#12892);
#5426=VERTEX_POINT('',#12897);
#5427=VERTEX_POINT('',#12898);
#5428=VERTEX_POINT('',#12902);
#5429=VERTEX_POINT('',#12904);
#5430=VERTEX_POINT('',#12908);
#5431=VERTEX_POINT('',#12912);
#5432=VERTEX_POINT('',#12916);
#5433=VERTEX_POINT('',#12920);
#5434=VERTEX_POINT('',#12922);
#5435=VERTEX_POINT('',#12924);
#5436=VERTEX_POINT('',#12926);
#5437=VERTEX_POINT('',#12930);
#5438=VERTEX_POINT('',#12934);
#5439=VERTEX_POINT('',#12938);
#5440=VERTEX_POINT('',#12940);
#5441=VERTEX_POINT('',#12942);
#5442=VERTEX_POINT('',#12946);
#5443=VERTEX_POINT('',#12951);
#5444=VERTEX_POINT('',#12952);
#5445=VERTEX_POINT('',#12954);
#5446=VERTEX_POINT('',#12958);
#5447=VERTEX_POINT('',#12962);
#5448=VERTEX_POINT('',#12966);
#5449=VERTEX_POINT('',#12970);
#5450=VERTEX_POINT('',#12974);
#5451=VERTEX_POINT('',#12978);
#5452=VERTEX_POINT('',#12982);
#5453=VERTEX_POINT('',#12986);
#5454=VERTEX_POINT('',#12990);
#5455=VERTEX_POINT('',#12994);
#5456=VERTEX_POINT('',#12998);
#5457=VERTEX_POINT('',#13000);
#5458=VERTEX_POINT('',#13002);
#5459=VERTEX_POINT('',#13004);
#5460=VERTEX_POINT('',#13006);
#5461=VERTEX_POINT('',#13010);
#5462=VERTEX_POINT('',#13012);
#5463=VERTEX_POINT('',#13016);
#5464=VERTEX_POINT('',#13020);
#5465=VERTEX_POINT('',#13022);
#5466=VERTEX_POINT('',#13026);
#5467=VERTEX_POINT('',#13030);
#5468=VERTEX_POINT('',#13034);
#5469=VERTEX_POINT('',#13038);
#5470=VERTEX_POINT('',#13042);
#5471=VERTEX_POINT('',#13046);
#5472=VERTEX_POINT('',#13050);
#5473=VERTEX_POINT('',#13053);
#5474=VERTEX_POINT('',#13054);
#5475=VERTEX_POINT('',#13056);
#5476=VERTEX_POINT('',#13058);
#5477=VERTEX_POINT('',#13060);
#5478=VERTEX_POINT('',#13062);
#5479=VERTEX_POINT('',#13064);
#5480=VERTEX_POINT('',#13068);
#5481=VERTEX_POINT('',#13072);
#5482=VERTEX_POINT('',#13076);
#5483=VERTEX_POINT('',#13080);
#5484=VERTEX_POINT('',#13082);
#5485=VERTEX_POINT('',#13084);
#5486=VERTEX_POINT('',#13086);
#5487=VERTEX_POINT('',#13088);
#5488=VERTEX_POINT('',#13090);
#5489=VERTEX_POINT('',#13092);
#5490=VERTEX_POINT('',#13094);
#5491=VERTEX_POINT('',#13098);
#5492=VERTEX_POINT('',#13102);
#5493=VERTEX_POINT('',#13106);
#5494=VERTEX_POINT('',#13108);
#5495=VERTEX_POINT('',#13110);
#5496=VERTEX_POINT('',#13112);
#5497=VERTEX_POINT('',#13114);
#5498=VERTEX_POINT('',#13116);
#5499=VERTEX_POINT('',#13119);
#5500=VERTEX_POINT('',#13120);
#5501=VERTEX_POINT('',#13122);
#5502=VERTEX_POINT('',#13124);
#5503=VERTEX_POINT('',#13127);
#5504=VERTEX_POINT('',#13128);
#5505=VERTEX_POINT('',#13130);
#5506=VERTEX_POINT('',#13132);
#5507=VERTEX_POINT('',#13134);
#5508=VERTEX_POINT('',#13136);
#5509=VERTEX_POINT('',#13138);
#5510=VERTEX_POINT('',#13140);
#5511=VERTEX_POINT('',#13142);
#5512=VERTEX_POINT('',#13144);
#5513=VERTEX_POINT('',#13149);
#5514=VERTEX_POINT('',#13150);
#5515=VERTEX_POINT('',#13154);
#5516=VERTEX_POINT('',#13158);
#5517=VERTEX_POINT('',#13162);
#5518=VERTEX_POINT('',#13164);
#5519=VERTEX_POINT('',#13168);
#5520=VERTEX_POINT('',#13172);
#5521=VERTEX_POINT('',#13176);
#5522=VERTEX_POINT('',#13180);
#5523=VERTEX_POINT('',#13183);
#5524=VERTEX_POINT('',#13184);
#5525=VERTEX_POINT('',#13188);
#5526=VERTEX_POINT('',#13192);
#5527=VERTEX_POINT('',#13196);
#5528=VERTEX_POINT('',#13198);
#5529=VERTEX_POINT('',#13202);
#5530=VERTEX_POINT('',#13206);
#5531=VERTEX_POINT('',#13210);
#5532=VERTEX_POINT('',#13212);
#5533=VERTEX_POINT('',#13214);
#5534=VERTEX_POINT('',#13216);
#5535=VERTEX_POINT('',#13218);
#5536=VERTEX_POINT('',#13220);
#5537=VERTEX_POINT('',#13222);
#5538=VERTEX_POINT('',#13224);
#5539=VERTEX_POINT('',#13226);
#5540=VERTEX_POINT('',#13228);
#5541=VERTEX_POINT('',#13231);
#5542=VERTEX_POINT('',#13232);
#5543=VERTEX_POINT('',#13234);
#5544=VERTEX_POINT('',#13236);
#5545=VERTEX_POINT('',#13238);
#5546=VERTEX_POINT('',#13240);
#5547=VERTEX_POINT('',#13242);
#5548=VERTEX_POINT('',#13244);
#5549=VERTEX_POINT('',#13246);
#5550=VERTEX_POINT('',#13248);
#5551=VERTEX_POINT('',#13250);
#5552=VERTEX_POINT('',#13252);
#5553=VERTEX_POINT('',#13254);
#5554=VERTEX_POINT('',#13256);
#5555=VERTEX_POINT('',#13258);
#5556=VERTEX_POINT('',#13260);
#5557=VERTEX_POINT('',#13262);
#5558=VERTEX_POINT('',#13265);
#5559=VERTEX_POINT('',#13266);
#5560=VERTEX_POINT('',#13268);
#5561=VERTEX_POINT('',#13270);
#5562=VERTEX_POINT('',#13272);
#5563=VERTEX_POINT('',#13274);
#5564=VERTEX_POINT('',#13276);
#5565=VERTEX_POINT('',#13278);
#5566=VERTEX_POINT('',#13280);
#5567=VERTEX_POINT('',#13282);
#5568=VERTEX_POINT('',#13284);
#5569=VERTEX_POINT('',#13286);
#5570=VERTEX_POINT('',#13288);
#5571=VERTEX_POINT('',#13290);
#5572=VERTEX_POINT('',#13293);
#5573=VERTEX_POINT('',#13294);
#5574=VERTEX_POINT('',#13296);
#5575=VERTEX_POINT('',#13298);
#5576=VERTEX_POINT('',#13300);
#5577=VERTEX_POINT('',#13304);
#5578=VERTEX_POINT('',#13308);
#5579=VERTEX_POINT('',#13312);
#5580=VERTEX_POINT('',#13316);
#5581=VERTEX_POINT('',#13318);
#5582=VERTEX_POINT('',#13320);
#5583=VERTEX_POINT('',#13324);
#5584=VERTEX_POINT('',#13328);
#5585=VERTEX_POINT('',#13332);
#5586=VERTEX_POINT('',#13336);
#5587=VERTEX_POINT('',#13338);
#5588=VERTEX_POINT('',#13340);
#5589=VERTEX_POINT('',#13342);
#5590=VERTEX_POINT('',#13346);
#5591=VERTEX_POINT('',#13350);
#5592=VERTEX_POINT('',#13354);
#5593=VERTEX_POINT('',#13358);
#5594=VERTEX_POINT('',#13360);
#5595=VERTEX_POINT('',#13362);
#5596=VERTEX_POINT('',#13364);
#5597=VERTEX_POINT('',#13366);
#5598=VERTEX_POINT('',#13368);
#5599=VERTEX_POINT('',#13373);
#5600=VERTEX_POINT('',#13374);
#5601=VERTEX_POINT('',#13378);
#5602=VERTEX_POINT('',#13382);
#5603=VERTEX_POINT('',#13386);
#5604=VERTEX_POINT('',#13388);
#5605=VERTEX_POINT('',#13390);
#5606=VERTEX_POINT('',#13392);
#5607=VERTEX_POINT('',#13394);
#5608=VERTEX_POINT('',#13396);
#5609=VERTEX_POINT('',#13398);
#5610=VERTEX_POINT('',#13400);
#5611=VERTEX_POINT('',#13402);
#5612=VERTEX_POINT('',#13406);
#5613=VERTEX_POINT('',#13410);
#5614=VERTEX_POINT('',#13414);
#5615=VERTEX_POINT('',#13417);
#5616=VERTEX_POINT('',#13418);
#5617=VERTEX_POINT('',#13420);
#5618=VERTEX_POINT('',#13422);
#5619=VERTEX_POINT('',#13424);
#5620=VERTEX_POINT('',#13426);
#5621=VERTEX_POINT('',#13428);
#5622=VERTEX_POINT('',#13430);
#5623=VERTEX_POINT('',#13432);
#5624=VERTEX_POINT('',#13434);
#5625=VERTEX_POINT('',#13437);
#5626=VERTEX_POINT('',#13438);
#5627=VERTEX_POINT('',#13440);
#5628=VERTEX_POINT('',#13442);
#5629=VERTEX_POINT('',#13444);
#5630=VERTEX_POINT('',#13446);
#5631=VERTEX_POINT('',#13450);
#5632=VERTEX_POINT('',#13454);
#5633=VERTEX_POINT('',#13456);
#5634=VERTEX_POINT('',#13458);
#5635=VERTEX_POINT('',#13460);
#5636=VERTEX_POINT('',#13464);
#5637=VERTEX_POINT('',#13466);
#5638=VERTEX_POINT('',#13470);
#5639=VERTEX_POINT('',#13474);
#5640=VERTEX_POINT('',#13476);
#5641=VERTEX_POINT('',#13478);
#5642=VERTEX_POINT('',#13480);
#5643=VERTEX_POINT('',#13482);
#5644=VERTEX_POINT('',#13484);
#5645=VERTEX_POINT('',#13487);
#5646=VERTEX_POINT('',#13488);
#5647=VERTEX_POINT('',#13490);
#5648=VERTEX_POINT('',#13492);
#5649=VERTEX_POINT('',#13494);
#5650=VERTEX_POINT('',#13497);
#5651=VERTEX_POINT('',#13498);
#5652=VERTEX_POINT('',#13500);
#5653=VERTEX_POINT('',#13504);
#5654=VERTEX_POINT('',#13508);
#5655=VERTEX_POINT('',#13512);
#5656=VERTEX_POINT('',#13516);
#5657=VERTEX_POINT('',#13520);
#5658=VERTEX_POINT('',#13524);
#5659=VERTEX_POINT('',#13528);
#5660=VERTEX_POINT('',#13532);
#5661=VERTEX_POINT('',#13536);
#5662=VERTEX_POINT('',#13540);
#5663=VERTEX_POINT('',#13544);
#5664=VERTEX_POINT('',#13548);
#5665=VERTEX_POINT('',#13550);
#5666=VERTEX_POINT('',#13552);
#5667=VERTEX_POINT('',#13554);
#5668=VERTEX_POINT('',#13556);
#5669=VERTEX_POINT('',#13560);
#5670=VERTEX_POINT('',#13564);
#5671=VERTEX_POINT('',#13568);
#5672=VERTEX_POINT('',#13572);
#5673=VERTEX_POINT('',#13576);
#5674=VERTEX_POINT('',#13580);
#5675=VERTEX_POINT('',#13584);
#5676=VERTEX_POINT('',#13588);
#5677=VERTEX_POINT('',#13592);
#5678=VERTEX_POINT('',#13596);
#5679=VERTEX_POINT('',#13600);
#5680=VERTEX_POINT('',#13603);
#5681=VERTEX_POINT('',#13604);
#5682=VERTEX_POINT('',#13606);
#5683=VERTEX_POINT('',#13608);
#5684=VERTEX_POINT('',#13610);
#5685=VERTEX_POINT('',#13612);
#5686=VERTEX_POINT('',#13614);
#5687=VERTEX_POINT('',#13616);
#5688=VERTEX_POINT('',#13620);
#5689=VERTEX_POINT('',#13624);
#5690=VERTEX_POINT('',#13628);
#5691=VERTEX_POINT('',#13630);
#5692=VERTEX_POINT('',#13634);
#5693=VERTEX_POINT('',#13638);
#5694=VERTEX_POINT('',#13642);
#5695=VERTEX_POINT('',#13644);
#5696=VERTEX_POINT('',#13646);
#5697=VERTEX_POINT('',#13648);
#5698=VERTEX_POINT('',#13650);
#5699=VERTEX_POINT('',#13652);
#5700=VERTEX_POINT('',#13657);
#5701=VERTEX_POINT('',#13658);
#5702=VERTEX_POINT('',#13662);
#5703=VERTEX_POINT('',#13666);
#5704=VERTEX_POINT('',#13668);
#5705=VERTEX_POINT('',#13670);
#5706=VERTEX_POINT('',#13672);
#5707=VERTEX_POINT('',#13674);
#5708=VERTEX_POINT('',#13678);
#5709=VERTEX_POINT('',#13682);
#5710=VERTEX_POINT('',#13684);
#5711=VERTEX_POINT('',#13688);
#5712=VERTEX_POINT('',#13690);
#5713=VERTEX_POINT('',#13694);
#5714=VERTEX_POINT('',#13696);
#5715=VERTEX_POINT('',#13700);
#5716=VERTEX_POINT('',#13704);
#5717=VERTEX_POINT('',#13706);
#5718=VERTEX_POINT('',#13708);
#5719=VERTEX_POINT('',#13712);
#5720=VERTEX_POINT('',#13716);
#5721=VERTEX_POINT('',#13720);
#5722=VERTEX_POINT('',#13723);
#5723=VERTEX_POINT('',#13724);
#5724=VERTEX_POINT('',#13726);
#5725=VERTEX_POINT('',#13728);
#5726=VERTEX_POINT('',#13732);
#5727=VERTEX_POINT('',#13734);
#5728=VERTEX_POINT('',#13736);
#5729=VERTEX_POINT('',#13738);
#5730=VERTEX_POINT('',#13742);
#5731=VERTEX_POINT('',#13744);
#5732=VERTEX_POINT('',#13748);
#5733=VERTEX_POINT('',#13750);
#5734=VERTEX_POINT('',#13752);
#5735=VERTEX_POINT('',#13754);
#5736=VERTEX_POINT('',#13756);
#5737=VERTEX_POINT('',#13758);
#5738=VERTEX_POINT('',#13760);
#5739=VERTEX_POINT('',#13762);
#5740=VERTEX_POINT('',#13764);
#5741=VERTEX_POINT('',#13766);
#5742=VERTEX_POINT('',#13768);
#5743=VERTEX_POINT('',#13770);
#5744=VERTEX_POINT('',#13772);
#5745=VERTEX_POINT('',#13774);
#5746=VERTEX_POINT('',#13776);
#5747=VERTEX_POINT('',#13778);
#5748=VERTEX_POINT('',#13783);
#5749=VERTEX_POINT('',#13784);
#5750=VERTEX_POINT('',#13788);
#5751=VERTEX_POINT('',#13792);
#5752=VERTEX_POINT('',#13796);
#5753=VERTEX_POINT('',#13798);
#5754=VERTEX_POINT('',#13802);
#5755=VERTEX_POINT('',#13806);
#5756=VERTEX_POINT('',#13810);
#5757=VERTEX_POINT('',#13814);
#5758=VERTEX_POINT('',#13818);
#5759=VERTEX_POINT('',#13819);
#5760=VERTEX_POINT('',#13821);
#5761=VERTEX_POINT('',#13823);
#5762=VERTEX_POINT('',#13827);
#5763=VERTEX_POINT('',#13828);
#5764=VERTEX_POINT('',#13830);
#5765=VERTEX_POINT('',#13832);
#5766=VERTEX_POINT('',#13836);
#5767=VERTEX_POINT('',#13837);
#5768=VERTEX_POINT('',#13839);
#5769=VERTEX_POINT('',#13842);
#5770=VERTEX_POINT('',#13844);
#5771=VERTEX_POINT('',#13846);
#5772=VERTEX_POINT('',#13848);
#5773=VERTEX_POINT('',#13850);
#5774=VERTEX_POINT('',#13853);
#5775=VERTEX_POINT('',#13855);
#5776=VERTEX_POINT('',#13857);
#5777=VERTEX_POINT('',#13859);
#5778=VERTEX_POINT('',#13861);
#5779=VERTEX_POINT('',#13863);
#5780=VERTEX_POINT('',#13865);
#5781=VERTEX_POINT('',#13867);
#5782=VERTEX_POINT('',#13869);
#5783=VERTEX_POINT('',#13871);
#5784=VERTEX_POINT('',#13873);
#5785=VERTEX_POINT('',#13875);
#5786=VERTEX_POINT('',#13877);
#5787=VERTEX_POINT('',#13879);
#5788=VERTEX_POINT('',#13881);
#5789=VERTEX_POINT('',#13885);
#5790=VERTEX_POINT('',#13887);
#5791=VERTEX_POINT('',#13891);
#5792=VERTEX_POINT('',#13911);
#5793=VERTEX_POINT('',#13912);
#5794=VERTEX_POINT('',#13918);
#5795=VERTEX_POINT('',#13922);
#5796=VERTEX_POINT('',#13926);
#5797=VERTEX_POINT('',#13930);
#5798=VERTEX_POINT('',#13934);
#5799=VERTEX_POINT('',#13938);
#5800=VERTEX_POINT('',#13942);
#5801=VERTEX_POINT('',#13949);
#5802=VERTEX_POINT('',#13952);
#5803=VERTEX_POINT('',#13956);
#5804=VERTEX_POINT('',#13958);
#5805=VERTEX_POINT('',#13960);
#5806=VERTEX_POINT('',#13963);
#5807=VERTEX_POINT('',#13967);
#5808=VERTEX_POINT('',#13971);
#5809=VERTEX_POINT('',#13995);
#5810=VERTEX_POINT('',#13997);
#5811=VERTEX_POINT('',#14001);
#5812=VERTEX_POINT('',#14005);
#5813=VERTEX_POINT('',#14009);
#5814=VERTEX_POINT('',#14013);
#5815=VERTEX_POINT('',#14017);
#5816=VERTEX_POINT('',#14021);
#5817=VERTEX_POINT('',#14025);
#5818=VERTEX_POINT('',#14029);
#5819=VERTEX_POINT('',#14033);
#5820=VERTEX_POINT('',#14037);
#5821=VERTEX_POINT('',#14041);
#5822=VERTEX_POINT('',#14045);
#5823=VERTEX_POINT('',#14061);
#5824=VERTEX_POINT('',#14062);
#5825=VERTEX_POINT('',#14064);
#5826=VERTEX_POINT('',#14068);
#5827=VERTEX_POINT('',#14072);
#5828=VERTEX_POINT('',#14074);
#5829=VERTEX_POINT('',#14087);
#5830=VERTEX_POINT('',#14089);
#5831=VERTEX_POINT('',#14104);
#5832=VERTEX_POINT('',#14106);
#5833=VERTEX_POINT('',#14121);
#5834=VERTEX_POINT('',#14123);
#5835=VERTEX_POINT('',#14129);
#5836=VERTEX_POINT('',#14131);
#5837=VERTEX_POINT('',#14135);
#5838=VERTEX_POINT('',#14137);
#5839=VERTEX_POINT('',#14150);
#5840=VERTEX_POINT('',#14152);
#5841=VERTEX_POINT('',#14167);
#5842=VERTEX_POINT('',#14169);
#5843=VERTEX_POINT('',#14175);
#5844=VERTEX_POINT('',#14177);
#5845=VERTEX_POINT('',#14181);
#5846=VERTEX_POINT('',#14185);
#5847=VERTEX_POINT('',#14189);
#5848=VERTEX_POINT('',#14193);
#5849=VERTEX_POINT('',#14197);
#5850=VERTEX_POINT('',#14201);
#5851=VERTEX_POINT('',#14205);
#5852=VERTEX_POINT('',#14209);
#5853=VERTEX_POINT('',#14213);
#5854=VERTEX_POINT('',#14217);
#5855=VERTEX_POINT('',#14228);
#5856=VERTEX_POINT('',#14241);
#5857=VERTEX_POINT('',#14254);
#5858=VERTEX_POINT('',#14260);
#5859=VERTEX_POINT('',#14271);
#5860=VERTEX_POINT('',#14284);
#5861=VERTEX_POINT('',#14316);
#5862=VERTEX_POINT('',#14317);
#5863=VERTEX_POINT('',#14319);
#5864=VERTEX_POINT('',#14321);
#5865=VERTEX_POINT('',#14334);
#5866=VERTEX_POINT('',#14336);
#5867=VERTEX_POINT('',#14351);
#5868=VERTEX_POINT('',#14353);
#5869=VERTEX_POINT('',#14368);
#5870=VERTEX_POINT('',#14370);
#5871=VERTEX_POINT('',#14385);
#5872=VERTEX_POINT('',#14387);
#5873=VERTEX_POINT('',#14393);
#5874=VERTEX_POINT('',#14395);
#5875=VERTEX_POINT('',#14399);
#5876=VERTEX_POINT('',#14401);
#5877=VERTEX_POINT('',#14405);
#5878=VERTEX_POINT('',#14407);
#5879=VERTEX_POINT('',#14411);
#5880=VERTEX_POINT('',#14415);
#5881=VERTEX_POINT('',#14419);
#5882=VERTEX_POINT('',#14423);
#5883=VERTEX_POINT('',#14427);
#5884=VERTEX_POINT('',#14431);
#5885=VERTEX_POINT('',#14442);
#5886=VERTEX_POINT('',#14455);
#5887=VERTEX_POINT('',#14468);
#5888=VERTEX_POINT('',#14481);
#5889=VERTEX_POINT('',#14487);
#5890=VERTEX_POINT('',#14491);
#5891=VERTEX_POINT('',#14495);
#5892=VERTEX_POINT('',#14506);
#5893=VERTEX_POINT('',#14519);
#5894=VERTEX_POINT('',#14532);
#5895=VERTEX_POINT('',#14545);
#5896=VERTEX_POINT('',#14551);
#5897=VERTEX_POINT('',#14555);
#5898=VERTEX_POINT('',#14566);
#5899=VERTEX_POINT('',#14579);
#5900=VERTEX_POINT('',#14592);
#5901=VERTEX_POINT('',#14605);
#5902=VERTEX_POINT('',#14611);
#5903=VERTEX_POINT('',#14615);
#5904=VERTEX_POINT('',#14645);
#5905=VERTEX_POINT('',#14646);
#5906=VERTEX_POINT('',#14648);
#5907=VERTEX_POINT('',#14652);
#5908=VERTEX_POINT('',#14656);
#5909=VERTEX_POINT('',#14658);
#5910=VERTEX_POINT('',#14671);
#5911=VERTEX_POINT('',#14673);
#5912=VERTEX_POINT('',#14688);
#5913=VERTEX_POINT('',#14690);
#5914=VERTEX_POINT('',#14705);
#5915=VERTEX_POINT('',#14707);
#5916=VERTEX_POINT('',#14722);
#5917=VERTEX_POINT('',#14724);
#5918=VERTEX_POINT('',#14730);
#5919=VERTEX_POINT('',#14732);
#5920=VERTEX_POINT('',#14745);
#5921=VERTEX_POINT('',#14747);
#5922=VERTEX_POINT('',#14762);
#5923=VERTEX_POINT('',#14764);
#5924=VERTEX_POINT('',#14777);
#5925=VERTEX_POINT('',#14781);
#5926=VERTEX_POINT('',#14785);
#5927=VERTEX_POINT('',#14796);
#5928=VERTEX_POINT('',#14809);
#5929=VERTEX_POINT('',#14822);
#5930=VERTEX_POINT('',#14835);
#5931=VERTEX_POINT('',#14841);
#5932=VERTEX_POINT('',#14852);
#5933=VERTEX_POINT('',#14865);
#5934=VERTEX_POINT('',#14906);
#5935=VERTEX_POINT('',#14907);
#5936=VERTEX_POINT('',#14909);
#5937=VERTEX_POINT('',#14913);
#5938=VERTEX_POINT('',#14917);
#5939=VERTEX_POINT('',#14919);
#5940=VERTEX_POINT('',#14932);
#5941=VERTEX_POINT('',#14934);
#5942=VERTEX_POINT('',#14949);
#5943=VERTEX_POINT('',#14951);
#5944=VERTEX_POINT('',#14966);
#5945=VERTEX_POINT('',#14968);
#5946=VERTEX_POINT('',#14983);
#5947=VERTEX_POINT('',#14985);
#5948=VERTEX_POINT('',#14991);
#5949=VERTEX_POINT('',#14993);
#5950=VERTEX_POINT('',#15006);
#5951=VERTEX_POINT('',#15008);
#5952=VERTEX_POINT('',#15023);
#5953=VERTEX_POINT('',#15025);
#5954=VERTEX_POINT('',#15038);
#5955=VERTEX_POINT('',#15042);
#5956=VERTEX_POINT('',#15046);
#5957=VERTEX_POINT('',#15057);
#5958=VERTEX_POINT('',#15070);
#5959=VERTEX_POINT('',#15083);
#5960=VERTEX_POINT('',#15089);
#5961=VERTEX_POINT('',#15093);
#5962=VERTEX_POINT('',#15097);
#5963=VERTEX_POINT('',#15101);
#5964=VERTEX_POINT('',#15105);
#5965=VERTEX_POINT('',#15109);
#5966=VERTEX_POINT('',#15113);
#5967=VERTEX_POINT('',#15117);
#5968=VERTEX_POINT('',#15128);
#5969=VERTEX_POINT('',#15141);
#5970=VERTEX_POINT('',#15173);
#5971=VERTEX_POINT('',#15175);
#5972=VERTEX_POINT('',#15179);
#5973=VERTEX_POINT('',#15183);
#5974=VERTEX_POINT('',#15187);
#5975=VERTEX_POINT('',#15191);
#5976=VERTEX_POINT('',#15195);
#5977=VERTEX_POINT('',#15199);
#5978=VERTEX_POINT('',#15203);
#5979=VERTEX_POINT('',#15207);
#5980=VERTEX_POINT('',#15214);
#5981=VERTEX_POINT('',#15216);
#5982=VERTEX_POINT('',#15220);
#5983=VERTEX_POINT('',#15224);
#5984=VERTEX_POINT('',#15228);
#5985=VERTEX_POINT('',#15232);
#5986=VERTEX_POINT('',#15236);
#5987=VERTEX_POINT('',#15240);
#5988=VERTEX_POINT('',#15244);
#5989=VERTEX_POINT('',#15248);
#5990=VERTEX_POINT('',#15255);
#5991=VERTEX_POINT('',#15257);
#5992=VERTEX_POINT('',#15261);
#5993=VERTEX_POINT('',#15265);
#5994=VERTEX_POINT('',#15272);
#5995=VERTEX_POINT('',#15274);
#5996=VERTEX_POINT('',#15278);
#5997=VERTEX_POINT('',#15282);
#5998=VERTEX_POINT('',#15286);
#5999=VERTEX_POINT('',#15290);
#6000=VERTEX_POINT('',#15294);
#6001=VERTEX_POINT('',#15298);
#6002=VERTEX_POINT('',#15309);
#6003=VERTEX_POINT('',#15322);
#6004=VERTEX_POINT('',#15328);
#6005=VERTEX_POINT('',#15339);
#6006=VERTEX_POINT('',#15345);
#6007=VERTEX_POINT('',#15349);
#6008=VERTEX_POINT('',#15353);
#6009=VERTEX_POINT('',#15364);
#6010=VERTEX_POINT('',#15377);
#6011=VERTEX_POINT('',#15383);
#6012=VERTEX_POINT('',#15387);
#6013=VERTEX_POINT('',#15391);
#6014=VERTEX_POINT('',#15398);
#6015=VERTEX_POINT('',#15400);
#6016=VERTEX_POINT('',#15404);
#6017=VERTEX_POINT('',#15408);
#6018=VERTEX_POINT('',#15412);
#6019=VERTEX_POINT('',#15416);
#6020=VERTEX_POINT('',#15420);
#6021=VERTEX_POINT('',#15424);
#6022=VERTEX_POINT('',#15435);
#6023=VERTEX_POINT('',#15448);
#6024=VERTEX_POINT('',#15461);
#6025=VERTEX_POINT('',#15467);
#6026=VERTEX_POINT('',#15471);
#6027=VERTEX_POINT('',#15475);
#6028=VERTEX_POINT('',#15479);
#6029=VERTEX_POINT('',#15483);
#6030=VERTEX_POINT('',#15487);
#6031=VERTEX_POINT('',#15491);
#6032=VERTEX_POINT('',#15502);
#6033=VERTEX_POINT('',#15515);
#6034=VERTEX_POINT('',#15528);
#6035=VERTEX_POINT('',#15541);
#6036=VERTEX_POINT('',#15547);
#6037=VERTEX_POINT('',#15551);
#6038=VERTEX_POINT('',#15555);
#6039=VERTEX_POINT('',#15559);
#6040=VERTEX_POINT('',#15566);
#6041=VERTEX_POINT('',#15568);
#6042=VERTEX_POINT('',#15572);
#6043=VERTEX_POINT('',#15576);
#6044=VERTEX_POINT('',#15580);
#6045=VERTEX_POINT('',#15587);
#6046=VERTEX_POINT('',#15589);
#6047=VERTEX_POINT('',#15593);
#6048=VERTEX_POINT('',#15604);
#6049=VERTEX_POINT('',#15617);
#6050=VERTEX_POINT('',#15630);
#6051=VERTEX_POINT('',#15643);
#6052=VERTEX_POINT('',#15656);
#6053=VERTEX_POINT('',#15669);
#6054=VERTEX_POINT('',#15682);
#6055=VERTEX_POINT('',#15688);
#6056=VERTEX_POINT('',#15699);
#6057=VERTEX_POINT('',#15712);
#6058=VERTEX_POINT('',#15718);
#6059=VERTEX_POINT('',#15729);
#6060=VERTEX_POINT('',#15735);
#6061=VERTEX_POINT('',#15739);
#6062=VERTEX_POINT('',#15743);
#6063=VERTEX_POINT('',#15747);
#6064=VERTEX_POINT('',#15758);
#6065=VERTEX_POINT('',#15771);
#6066=VERTEX_POINT('',#15784);
#6067=VERTEX_POINT('',#15797);
#6068=VERTEX_POINT('',#15810);
#6069=VERTEX_POINT('',#15823);
#6070=VERTEX_POINT('',#15836);
#6071=VERTEX_POINT('',#15849);
#6072=VERTEX_POINT('',#15862);
#6073=VERTEX_POINT('',#15875);
#6074=VERTEX_POINT('',#15888);
#6075=VERTEX_POINT('',#15897);
#6076=VERTEX_POINT('',#15899);
#6077=VERTEX_POINT('',#15903);
#6078=VERTEX_POINT('',#15914);
#6079=VERTEX_POINT('',#15927);
#6080=VERTEX_POINT('',#15940);
#6081=VERTEX_POINT('',#15953);
#6082=VERTEX_POINT('',#15966);
#6083=VERTEX_POINT('',#15979);
#6084=VERTEX_POINT('',#15992);
#6085=VERTEX_POINT('',#16005);
#6086=VERTEX_POINT('',#16018);
#6087=VERTEX_POINT('',#16031);
#6088=VERTEX_POINT('',#16044);
#6089=VERTEX_POINT('',#16050);
#6090=VERTEX_POINT('',#16054);
#6091=VERTEX_POINT('',#16058);
#6092=VERTEX_POINT('',#16062);
#6093=VERTEX_POINT('',#16073);
#6094=VERTEX_POINT('',#16086);
#6095=VERTEX_POINT('',#16099);
#6096=VERTEX_POINT('',#16112);
#6097=VERTEX_POINT('',#16125);
#6098=VERTEX_POINT('',#16138);
#6099=VERTEX_POINT('',#16151);
#6100=VERTEX_POINT('',#16164);
#6101=VERTEX_POINT('',#16177);
#6102=VERTEX_POINT('',#16190);
#6103=VERTEX_POINT('',#16203);
#6104=VERTEX_POINT('',#16216);
#6105=VERTEX_POINT('',#16234);
#6106=VERTEX_POINT('',#16235);
#6107=VERTEX_POINT('',#16237);
#6108=VERTEX_POINT('',#16241);
#6109=VERTEX_POINT('',#16254);
#6110=VERTEX_POINT('',#16256);
#6111=VERTEX_POINT('',#16271);
#6112=VERTEX_POINT('',#16273);
#6113=VERTEX_POINT('',#16279);
#6114=VERTEX_POINT('',#16281);
#6115=VERTEX_POINT('',#16285);
#6116=VERTEX_POINT('',#16287);
#6117=VERTEX_POINT('',#16291);
#6118=VERTEX_POINT('',#16293);
#6119=VERTEX_POINT('',#16304);
#6120=VERTEX_POINT('',#16308);
#6121=VERTEX_POINT('',#16319);
#6122=VERTEX_POINT('',#16332);
#6123=VERTEX_POINT('',#16338);
#6124=VERTEX_POINT('',#16342);
#6125=VERTEX_POINT('',#16353);
#6126=VERTEX_POINT('',#16366);
#6127=VERTEX_POINT('',#16379);
#6128=VERTEX_POINT('',#16385);
#6129=VERTEX_POINT('',#16389);
#6130=VERTEX_POINT('',#16393);
#6131=VERTEX_POINT('',#16404);
#6132=VERTEX_POINT('',#16417);
#6133=VERTEX_POINT('',#16430);
#6134=VERTEX_POINT('',#16443);
#6135=VERTEX_POINT('',#16449);
#6136=VERTEX_POINT('',#16488);
#6137=VERTEX_POINT('',#16489);
#6138=VERTEX_POINT('',#16491);
#6139=VERTEX_POINT('',#16495);
#6140=VERTEX_POINT('',#16499);
#6141=VERTEX_POINT('',#16501);
#6142=VERTEX_POINT('',#16514);
#6143=VERTEX_POINT('',#16516);
#6144=VERTEX_POINT('',#16531);
#6145=VERTEX_POINT('',#16533);
#6146=VERTEX_POINT('',#16548);
#6147=VERTEX_POINT('',#16550);
#6148=VERTEX_POINT('',#16565);
#6149=VERTEX_POINT('',#16567);
#6150=VERTEX_POINT('',#16573);
#6151=VERTEX_POINT('',#16575);
#6152=VERTEX_POINT('',#16579);
#6153=VERTEX_POINT('',#16581);
#6154=VERTEX_POINT('',#16594);
#6155=VERTEX_POINT('',#16596);
#6156=VERTEX_POINT('',#16602);
#6157=VERTEX_POINT('',#16604);
#6158=VERTEX_POINT('',#16608);
#6159=VERTEX_POINT('',#16612);
#6160=VERTEX_POINT('',#16616);
#6161=VERTEX_POINT('',#16620);
#6162=VERTEX_POINT('',#16624);
#6163=VERTEX_POINT('',#16628);
#6164=VERTEX_POINT('',#16639);
#6165=VERTEX_POINT('',#16652);
#6166=VERTEX_POINT('',#16665);
#6167=VERTEX_POINT('',#16671);
#6168=VERTEX_POINT('',#16682);
#6169=VERTEX_POINT('',#16695);
#6170=VERTEX_POINT('',#16708);
#6171=VERTEX_POINT('',#16714);
#6172=VERTEX_POINT('',#16718);
#6173=VERTEX_POINT('',#16722);
#6174=VERTEX_POINT('',#16726);
#6175=VERTEX_POINT('',#16730);
#6176=VERTEX_POINT('',#16751);
#6177=VERTEX_POINT('',#16752);
#6178=VERTEX_POINT('',#16754);
#6179=VERTEX_POINT('',#16756);
#6180=VERTEX_POINT('',#16769);
#6181=VERTEX_POINT('',#16771);
#6182=VERTEX_POINT('',#16786);
#6183=VERTEX_POINT('',#16788);
#6184=VERTEX_POINT('',#16803);
#6185=VERTEX_POINT('',#16805);
#6186=VERTEX_POINT('',#16820);
#6187=VERTEX_POINT('',#16822);
#6188=VERTEX_POINT('',#16828);
#6189=VERTEX_POINT('',#16830);
#6190=VERTEX_POINT('',#16834);
#6191=VERTEX_POINT('',#16836);
#6192=VERTEX_POINT('',#16840);
#6193=VERTEX_POINT('',#16842);
#6194=VERTEX_POINT('',#16846);
#6195=VERTEX_POINT('',#16850);
#6196=VERTEX_POINT('',#16854);
#6197=VERTEX_POINT('',#16858);
#6198=VERTEX_POINT('',#16862);
#6199=VERTEX_POINT('',#16866);
#6200=VERTEX_POINT('',#16877);
#6201=VERTEX_POINT('',#16890);
#6202=VERTEX_POINT('',#16903);
#6203=VERTEX_POINT('',#16916);
#6204=VERTEX_POINT('',#16922);
#6205=VERTEX_POINT('',#16926);
#6206=VERTEX_POINT('',#16930);
#6207=VERTEX_POINT('',#16941);
#6208=VERTEX_POINT('',#16954);
#6209=VERTEX_POINT('',#16967);
#6210=VERTEX_POINT('',#16980);
#6211=VERTEX_POINT('',#16986);
#6212=VERTEX_POINT('',#16990);
#6213=VERTEX_POINT('',#17001);
#6214=VERTEX_POINT('',#17014);
#6215=VERTEX_POINT('',#17027);
#6216=VERTEX_POINT('',#17040);
#6217=VERTEX_POINT('',#17046);
#6218=VERTEX_POINT('',#17050);
#6219=VERTEX_POINT('',#17080);
#6220=VERTEX_POINT('',#17081);
#6221=VERTEX_POINT('',#17083);
#6222=VERTEX_POINT('',#17087);
#6223=VERTEX_POINT('',#17091);
#6224=VERTEX_POINT('',#17093);
#6225=VERTEX_POINT('',#17106);
#6226=VERTEX_POINT('',#17108);
#6227=VERTEX_POINT('',#17123);
#6228=VERTEX_POINT('',#17125);
#6229=VERTEX_POINT('',#17140);
#6230=VERTEX_POINT('',#17142);
#6231=VERTEX_POINT('',#17148);
#6232=VERTEX_POINT('',#17150);
#6233=VERTEX_POINT('',#17154);
#6234=VERTEX_POINT('',#17156);
#6235=VERTEX_POINT('',#17169);
#6236=VERTEX_POINT('',#17171);
#6237=VERTEX_POINT('',#17186);
#6238=VERTEX_POINT('',#17188);
#6239=VERTEX_POINT('',#17201);
#6240=VERTEX_POINT('',#17205);
#6241=VERTEX_POINT('',#17209);
#6242=VERTEX_POINT('',#17220);
#6243=VERTEX_POINT('',#17233);
#6244=VERTEX_POINT('',#17246);
#6245=VERTEX_POINT('',#17252);
#6246=VERTEX_POINT('',#17256);
#6247=VERTEX_POINT('',#17267);
#6248=VERTEX_POINT('',#17280);
#6249=VERTEX_POINT('',#17286);
#6250=VERTEX_POINT('',#17297);
#6251=VERTEX_POINT('',#17303);
#6252=VERTEX_POINT('',#17314);
#6253=VERTEX_POINT('',#17320);
#6254=VERTEX_POINT('',#17331);
#6255=VERTEX_POINT('',#17344);
#6256=VERTEX_POINT('',#17350);
#6257=VERTEX_POINT('',#17354);
#6258=VERTEX_POINT('',#17358);
#6259=VERTEX_POINT('',#17362);
#6260=VERTEX_POINT('',#17373);
#6261=VERTEX_POINT('',#17405);
#6262=VERTEX_POINT('',#17407);
#6263=VERTEX_POINT('',#17411);
#6264=VERTEX_POINT('',#17415);
#6265=VERTEX_POINT('',#17419);
#6266=VERTEX_POINT('',#17423);
#6267=VERTEX_POINT('',#17427);
#6268=VERTEX_POINT('',#17431);
#6269=VERTEX_POINT('',#17435);
#6270=VERTEX_POINT('',#17439);
#6271=VERTEX_POINT('',#17443);
#6272=VERTEX_POINT('',#17447);
#6273=VERTEX_POINT('',#17451);
#6274=VERTEX_POINT('',#17455);
#6275=VERTEX_POINT('',#17459);
#6276=VERTEX_POINT('',#17463);
#6277=VERTEX_POINT('',#17467);
#6278=VERTEX_POINT('',#17471);
#6279=VERTEX_POINT('',#17475);
#6280=VERTEX_POINT('',#17479);
#6281=VERTEX_POINT('',#17483);
#6282=VERTEX_POINT('',#17487);
#6283=VERTEX_POINT('',#17491);
#6284=VERTEX_POINT('',#17495);
#6285=VERTEX_POINT('',#17499);
#6286=VERTEX_POINT('',#17503);
#6287=VERTEX_POINT('',#17507);
#6288=VERTEX_POINT('',#17511);
#6289=VERTEX_POINT('',#17515);
#6290=VERTEX_POINT('',#17522);
#6291=VERTEX_POINT('',#17524);
#6292=VERTEX_POINT('',#17528);
#6293=VERTEX_POINT('',#17532);
#6294=VERTEX_POINT('',#17536);
#6295=VERTEX_POINT('',#17540);
#6296=VERTEX_POINT('',#17544);
#6297=VERTEX_POINT('',#17548);
#6298=VERTEX_POINT('',#17552);
#6299=VERTEX_POINT('',#17556);
#6300=VERTEX_POINT('',#17560);
#6301=VERTEX_POINT('',#17564);
#6302=VERTEX_POINT('',#17568);
#6303=VERTEX_POINT('',#17572);
#6304=VERTEX_POINT('',#17576);
#6305=VERTEX_POINT('',#17580);
#6306=VERTEX_POINT('',#17584);
#6307=VERTEX_POINT('',#17588);
#6308=VERTEX_POINT('',#17599);
#6309=VERTEX_POINT('',#17605);
#6310=VERTEX_POINT('',#17616);
#6311=VERTEX_POINT('',#17622);
#6312=VERTEX_POINT('',#17626);
#6313=VERTEX_POINT('',#17630);
#6314=VERTEX_POINT('',#17641);
#6315=VERTEX_POINT('',#17647);
#6316=VERTEX_POINT('',#17654);
#6317=VERTEX_POINT('',#17656);
#6318=VERTEX_POINT('',#17660);
#6319=VERTEX_POINT('',#17664);
#6320=VERTEX_POINT('',#17668);
#6321=VERTEX_POINT('',#17672);
#6322=VERTEX_POINT('',#17676);
#6323=VERTEX_POINT('',#17680);
#6324=VERTEX_POINT('',#17684);
#6325=VERTEX_POINT('',#17688);
#6326=VERTEX_POINT('',#17699);
#6327=VERTEX_POINT('',#17712);
#6328=VERTEX_POINT('',#17718);
#6329=VERTEX_POINT('',#17722);
#6330=VERTEX_POINT('',#17726);
#6331=VERTEX_POINT('',#17730);
#6332=VERTEX_POINT('',#17741);
#6333=VERTEX_POINT('',#17754);
#6334=VERTEX_POINT('',#17760);
#6335=VERTEX_POINT('',#17776);
#6336=VERTEX_POINT('',#17777);
#6337=VERTEX_POINT('',#17779);
#6338=VERTEX_POINT('',#17783);
#6339=VERTEX_POINT('',#17787);
#6340=VERTEX_POINT('',#17789);
#6341=VERTEX_POINT('',#17802);
#6342=VERTEX_POINT('',#17804);
#6343=VERTEX_POINT('',#17819);
#6344=VERTEX_POINT('',#17821);
#6345=VERTEX_POINT('',#17836);
#6346=VERTEX_POINT('',#17838);
#6347=VERTEX_POINT('',#17853);
#6348=VERTEX_POINT('',#17855);
#6349=VERTEX_POINT('',#17861);
#6350=VERTEX_POINT('',#17863);
#6351=VERTEX_POINT('',#17876);
#6352=VERTEX_POINT('',#17878);
#6353=VERTEX_POINT('',#17893);
#6354=VERTEX_POINT('',#17895);
#6355=VERTEX_POINT('',#17908);
#6356=VERTEX_POINT('',#17912);
#6357=VERTEX_POINT('',#17916);
#6358=VERTEX_POINT('',#17927);
#6359=VERTEX_POINT('',#17940);
#6360=VERTEX_POINT('',#17953);
#6361=VERTEX_POINT('',#17966);
#6362=VERTEX_POINT('',#17972);
#6363=VERTEX_POINT('',#17983);
#6364=VERTEX_POINT('',#17996);
#6365=LINE('',#12712,#7363);
#6366=LINE('',#12715,#7364);
#6367=LINE('',#12717,#7365);
#6368=LINE('',#12731,#7366);
#6369=LINE('',#12733,#7367);
#6370=LINE('',#12743,#7368);
#6371=LINE('',#12745,#7369);
#6372=LINE('',#12747,#7370);
#6373=LINE('',#12749,#7371);
#6374=LINE('',#12751,#7372);
#6375=LINE('',#12753,#7373);
#6376=LINE('',#12755,#7374);
#6377=LINE('',#12757,#7375);
#6378=LINE('',#12758,#7376);
#6379=LINE('',#12761,#7377);
#6380=LINE('',#12763,#7378);
#6381=LINE('',#12765,#7379);
#6382=LINE('',#12767,#7380);
#6383=LINE('',#12769,#7381);
#6384=LINE('',#12771,#7382);
#6385=LINE('',#12773,#7383);
#6386=LINE('',#12775,#7384);
#6387=LINE('',#12777,#7385);
#6388=LINE('',#12779,#7386);
#6389=LINE('',#12781,#7387);
#6390=LINE('',#12783,#7388);
#6391=LINE('',#12785,#7389);
#6392=LINE('',#12787,#7390);
#6393=LINE('',#12789,#7391);
#6394=LINE('',#12791,#7392);
#6395=LINE('',#12793,#7393);
#6396=LINE('',#12795,#7394);
#6397=LINE('',#12797,#7395);
#6398=LINE('',#12799,#7396);
#6399=LINE('',#12801,#7397);
#6400=LINE('',#12803,#7398);
#6401=LINE('',#12805,#7399);
#6402=LINE('',#12807,#7400);
#6403=LINE('',#12809,#7401);
#6404=LINE('',#12811,#7402);
#6405=LINE('',#12813,#7403);
#6406=LINE('',#12815,#7404);
#6407=LINE('',#12841,#7405);
#6408=LINE('',#12843,#7406);
#6409=LINE('',#12861,#7407);
#6410=LINE('',#12863,#7408);
#6411=LINE('',#12865,#7409);
#6412=LINE('',#12883,#7410);
#6413=LINE('',#12889,#7411);
#6414=LINE('',#12891,#7412);
#6415=LINE('',#12893,#7413);
#6416=LINE('',#12903,#7414);
#6417=LINE('',#12921,#7415);
#6418=LINE('',#12923,#7416);
#6419=LINE('',#12925,#7417);
#6420=LINE('',#12941,#7418);
#6421=LINE('',#12950,#7419);
#6422=LINE('',#12953,#7420);
#6423=LINE('',#13001,#7421);
#6424=LINE('',#13003,#7422);
#6425=LINE('',#13005,#7423);
#6426=LINE('',#13051,#7424);
#6427=LINE('',#13052,#7425);
#6428=LINE('',#13055,#7426);
#6429=LINE('',#13057,#7427);
#6430=LINE('',#13059,#7428);
#6431=LINE('',#13061,#7429);
#6432=LINE('',#13063,#7430);
#6433=LINE('',#13081,#7431);
#6434=LINE('',#13083,#7432);
#6435=LINE('',#13085,#7433);
#6436=LINE('',#13087,#7434);
#6437=LINE('',#13089,#7435);
#6438=LINE('',#13091,#7436);
#6439=LINE('',#13093,#7437);
#6440=LINE('',#13109,#7438);
#6441=LINE('',#13111,#7439);
#6442=LINE('',#13113,#7440);
#6443=LINE('',#13115,#7441);
#6444=LINE('',#13117,#7442);
#6445=LINE('',#13118,#7443);
#6446=LINE('',#13121,#7444);
#6447=LINE('',#13123,#7445);
#6448=LINE('',#13125,#7446);
#6449=LINE('',#13126,#7447);
#6450=LINE('',#13129,#7448);
#6451=LINE('',#13131,#7449);
#6452=LINE('',#13133,#7450);
#6453=LINE('',#13135,#7451);
#6454=LINE('',#13137,#7452);
#6455=LINE('',#13139,#7453);
#6456=LINE('',#13141,#7454);
#6457=LINE('',#13143,#7455);
#6458=LINE('',#13145,#7456);
#6459=LINE('',#13163,#7457);
#6460=LINE('',#13181,#7458);
#6461=LINE('',#13197,#7459);
#6462=LINE('',#13213,#7460);
#6463=LINE('',#13215,#7461);
#6464=LINE('',#13217,#7462);
#6465=LINE('',#13219,#7463);
#6466=LINE('',#13221,#7464);
#6467=LINE('',#13223,#7465);
#6468=LINE('',#13225,#7466);
#6469=LINE('',#13227,#7467);
#6470=LINE('',#13229,#7468);
#6471=LINE('',#13230,#7469);
#6472=LINE('',#13235,#7470);
#6473=LINE('',#13239,#7471);
#6474=LINE('',#13243,#7472);
#6475=LINE('',#13247,#7473);
#6476=LINE('',#13251,#7474);
#6477=LINE('',#13255,#7475);
#6478=LINE('',#13259,#7476);
#6479=LINE('',#13263,#7477);
#6480=LINE('',#13264,#7478);
#6481=LINE('',#13267,#7479);
#6482=LINE('',#13269,#7480);
#6483=LINE('',#13271,#7481);
#6484=LINE('',#13273,#7482);
#6485=LINE('',#13275,#7483);
#6486=LINE('',#13277,#7484);
#6487=LINE('',#13279,#7485);
#6488=LINE('',#13281,#7486);
#6489=LINE('',#13283,#7487);
#6490=LINE('',#13285,#7488);
#6491=LINE('',#13287,#7489);
#6492=LINE('',#13289,#7490);
#6493=LINE('',#13291,#7491);
#6494=LINE('',#13317,#7492);
#6495=LINE('',#13319,#7493);
#6496=LINE('',#13337,#7494);
#6497=LINE('',#13339,#7495);
#6498=LINE('',#13341,#7496);
#6499=LINE('',#13359,#7497);
#6500=LINE('',#13365,#7498);
#6501=LINE('',#13367,#7499);
#6502=LINE('',#13369,#7500);
#6503=LINE('',#13387,#7501);
#6504=LINE('',#13389,#7502);
#6505=LINE('',#13391,#7503);
#6506=LINE('',#13393,#7504);
#6507=LINE('',#13395,#7505);
#6508=LINE('',#13397,#7506);
#6509=LINE('',#13399,#7507);
#6510=LINE('',#13415,#7508);
#6511=LINE('',#13416,#7509);
#6512=LINE('',#13419,#7510);
#6513=LINE('',#13421,#7511);
#6514=LINE('',#13423,#7512);
#6515=LINE('',#13425,#7513);
#6516=LINE('',#13427,#7514);
#6517=LINE('',#13429,#7515);
#6518=LINE('',#13431,#7516);
#6519=LINE('',#13433,#7517);
#6520=LINE('',#13435,#7518);
#6521=LINE('',#13436,#7519);
#6522=LINE('',#13439,#7520);
#6523=LINE('',#13441,#7521);
#6524=LINE('',#13443,#7522);
#6525=LINE('',#13445,#7523);
#6526=LINE('',#13459,#7524);
#6527=LINE('',#13475,#7525);
#6528=LINE('',#13477,#7526);
#6529=LINE('',#13479,#7527);
#6530=LINE('',#13481,#7528);
#6531=LINE('',#13483,#7529);
#6532=LINE('',#13485,#7530);
#6533=LINE('',#13486,#7531);
#6534=LINE('',#13489,#7532);
#6535=LINE('',#13491,#7533);
#6536=LINE('',#13493,#7534);
#6537=LINE('',#13495,#7535);
#6538=LINE('',#13496,#7536);
#6539=LINE('',#13499,#7537);
#6540=LINE('',#13549,#7538);
#6541=LINE('',#13551,#7539);
#6542=LINE('',#13553,#7540);
#6543=LINE('',#13601,#7541);
#6544=LINE('',#13602,#7542);
#6545=LINE('',#13605,#7543);
#6546=LINE('',#13607,#7544);
#6547=LINE('',#13609,#7545);
#6548=LINE('',#13611,#7546);
#6549=LINE('',#13613,#7547);
#6550=LINE('',#13629,#7548);
#6551=LINE('',#13645,#7549);
#6552=LINE('',#13647,#7550);
#6553=LINE('',#13649,#7551);
#6554=LINE('',#13651,#7552);
#6555=LINE('',#13653,#7553);
#6556=LINE('',#13669,#7554);
#6557=LINE('',#13671,#7555);
#6558=LINE('',#13673,#7556);
#6559=LINE('',#13689,#7557);
#6560=LINE('',#13705,#7558);
#6561=LINE('',#13721,#7559);
#6562=LINE('',#13722,#7560);
#6563=LINE('',#13725,#7561);
#6564=LINE('',#13737,#7562);
#6565=LINE('',#13751,#7563);
#6566=LINE('',#13753,#7564);
#6567=LINE('',#13755,#7565);
#6568=LINE('',#13757,#7566);
#6569=LINE('',#13759,#7567);
#6570=LINE('',#13761,#7568);
#6571=LINE('',#13763,#7569);
#6572=LINE('',#13765,#7570);
#6573=LINE('',#13767,#7571);
#6574=LINE('',#13769,#7572);
#6575=LINE('',#13771,#7573);
#6576=LINE('',#13773,#7574);
#6577=LINE('',#13775,#7575);
#6578=LINE('',#13777,#7576);
#6579=LINE('',#13779,#7577);
#6580=LINE('',#13797,#7578);
#6581=LINE('',#13815,#7579);
#6582=LINE('',#13817,#7580);
#6583=LINE('',#13820,#7581);
#6584=LINE('',#13822,#7582);
#6585=LINE('',#13824,#7583);
#6586=LINE('',#13826,#7584);
#6587=LINE('',#13829,#7585);
#6588=LINE('',#13831,#7586);
#6589=LINE('',#13833,#7587);
#6590=LINE('',#13835,#7588);
#6591=LINE('',#13841,#7589);
#6592=LINE('',#13843,#7590);
#6593=LINE('',#13845,#7591);
#6594=LINE('',#13847,#7592);
#6595=LINE('',#13849,#7593);
#6596=LINE('',#13851,#7594);
#6597=LINE('',#13852,#7595);
#6598=LINE('',#13856,#7596);
#6599=LINE('',#13860,#7597);
#6600=LINE('',#13864,#7598);
#6601=LINE('',#13868,#7599);
#6602=LINE('',#13872,#7600);
#6603=LINE('',#13876,#7601);
#6604=LINE('',#13880,#7602);
#6605=LINE('',#13884,#7603);
#6606=LINE('',#13886,#7604);
#6607=LINE('',#13888,#7605);
#6608=LINE('',#13890,#7606);
#6609=LINE('',#13892,#7607);
#6610=LINE('',#13893,#7608);
#6611=LINE('',#13895,#7609);
#6612=LINE('',#13896,#7610);
#6613=LINE('',#13898,#7611);
#6614=LINE('',#13899,#7612);
#6615=LINE('',#13901,#7613);
#6616=LINE('',#13902,#7614);
#6617=LINE('',#13904,#7615);
#6618=LINE('',#13905,#7616);
#6619=LINE('',#13907,#7617);
#6620=LINE('',#13908,#7618);
#6621=LINE('',#13910,#7619);
#6622=LINE('',#13913,#7620);
#6623=LINE('',#13914,#7621);
#6624=LINE('',#13915,#7622);
#6625=LINE('',#13917,#7623);
#6626=LINE('',#13919,#7624);
#6627=LINE('',#13921,#7625);
#6628=LINE('',#13923,#7626);
#6629=LINE('',#13925,#7627);
#6630=LINE('',#13927,#7628);
#6631=LINE('',#13929,#7629);
#6632=LINE('',#13931,#7630);
#6633=LINE('',#13933,#7631);
#6634=LINE('',#13935,#7632);
#6635=LINE('',#13937,#7633);
#6636=LINE('',#13939,#7634);
#6637=LINE('',#13941,#7635);
#6638=LINE('',#13943,#7636);
#6639=LINE('',#13944,#7637);
#6640=LINE('',#13946,#7638);
#6641=LINE('',#13950,#7639);
#6642=LINE('',#13974,#7640);
#6643=LINE('',#13977,#7641);
#6644=LINE('',#13994,#7642);
#6645=LINE('',#13996,#7643);
#6646=LINE('',#13998,#7644);
#6647=LINE('',#14000,#7645);
#6648=LINE('',#14002,#7646);
#6649=LINE('',#14004,#7647);
#6650=LINE('',#14006,#7648);
#6651=LINE('',#14008,#7649);
#6652=LINE('',#14010,#7650);
#6653=LINE('',#14012,#7651);
#6654=LINE('',#14014,#7652);
#6655=LINE('',#14016,#7653);
#6656=LINE('',#14018,#7654);
#6657=LINE('',#14020,#7655);
#6658=LINE('',#14022,#7656);
#6659=LINE('',#14024,#7657);
#6660=LINE('',#14026,#7658);
#6661=LINE('',#14028,#7659);
#6662=LINE('',#14030,#7660);
#6663=LINE('',#14032,#7661);
#6664=LINE('',#14034,#7662);
#6665=LINE('',#14036,#7663);
#6666=LINE('',#14038,#7664);
#6667=LINE('',#14040,#7665);
#6668=LINE('',#14042,#7666);
#6669=LINE('',#14044,#7667);
#6670=LINE('',#14046,#7668);
#6671=LINE('',#14048,#7669);
#6672=LINE('',#14063,#7670);
#6673=LINE('',#14069,#7671);
#6674=LINE('',#14071,#7672);
#6675=LINE('',#14073,#7673);
#6676=LINE('',#14075,#7674);
#6677=LINE('',#14088,#7675);
#6678=LINE('',#14105,#7676);
#6679=LINE('',#14122,#7677);
#6680=LINE('',#14130,#7678);
#6681=LINE('',#14134,#7679);
#6682=LINE('',#14136,#7680);
#6683=LINE('',#14138,#7681);
#6684=LINE('',#14151,#7682);
#6685=LINE('',#14168,#7683);
#6686=LINE('',#14174,#7684);
#6687=LINE('',#14178,#7685);
#6688=LINE('',#14180,#7686);
#6689=LINE('',#14182,#7687);
#6690=LINE('',#14184,#7688);
#6691=LINE('',#14186,#7689);
#6692=LINE('',#14188,#7690);
#6693=LINE('',#14190,#7691);
#6694=LINE('',#14192,#7692);
#6695=LINE('',#14194,#7693);
#6696=LINE('',#14196,#7694);
#6697=LINE('',#14198,#7695);
#6698=LINE('',#14200,#7696);
#6699=LINE('',#14202,#7697);
#6700=LINE('',#14204,#7698);
#6701=LINE('',#14206,#7699);
#6702=LINE('',#14208,#7700);
#6703=LINE('',#14210,#7701);
#6704=LINE('',#14212,#7702);
#6705=LINE('',#14214,#7703);
#6706=LINE('',#14216,#7704);
#6707=LINE('',#14227,#7705);
#6708=LINE('',#14240,#7706);
#6709=LINE('',#14253,#7707);
#6710=LINE('',#14259,#7708);
#6711=LINE('',#14261,#7709);
#6712=LINE('',#14270,#7710);
#6713=LINE('',#14283,#7711);
#6714=LINE('',#14318,#7712);
#6715=LINE('',#14322,#7713);
#6716=LINE('',#14335,#7714);
#6717=LINE('',#14352,#7715);
#6718=LINE('',#14369,#7716);
#6719=LINE('',#14386,#7717);
#6720=LINE('',#14392,#7718);
#6721=LINE('',#14394,#7719);
#6722=LINE('',#14396,#7720);
#6723=LINE('',#14398,#7721);
#6724=LINE('',#14400,#7722);
#6725=LINE('',#14402,#7723);
#6726=LINE('',#14404,#7724);
#6727=LINE('',#14408,#7725);
#6728=LINE('',#14410,#7726);
#6729=LINE('',#14412,#7727);
#6730=LINE('',#14414,#7728);
#6731=LINE('',#14416,#7729);
#6732=LINE('',#14418,#7730);
#6733=LINE('',#14420,#7731);
#6734=LINE('',#14422,#7732);
#6735=LINE('',#14426,#7733);
#6736=LINE('',#14430,#7734);
#6737=LINE('',#14432,#7735);
#6738=LINE('',#14441,#7736);
#6739=LINE('',#14454,#7737);
#6740=LINE('',#14467,#7738);
#6741=LINE('',#14480,#7739);
#6742=LINE('',#14486,#7740);
#6743=LINE('',#14488,#7741);
#6744=LINE('',#14490,#7742);
#6745=LINE('',#14492,#7743);
#6746=LINE('',#14494,#7744);
#6747=LINE('',#14496,#7745);
#6748=LINE('',#14505,#7746);
#6749=LINE('',#14518,#7747);
#6750=LINE('',#14531,#7748);
#6751=LINE('',#14544,#7749);
#6752=LINE('',#14550,#7750);
#6753=LINE('',#14552,#7751);
#6754=LINE('',#14554,#7752);
#6755=LINE('',#14556,#7753);
#6756=LINE('',#14565,#7754);
#6757=LINE('',#14578,#7755);
#6758=LINE('',#14591,#7756);
#6759=LINE('',#14604,#7757);
#6760=LINE('',#14610,#7758);
#6761=LINE('',#14614,#7759);
#6762=LINE('',#14647,#7760);
#6763=LINE('',#14653,#7761);
#6764=LINE('',#14655,#7762);
#6765=LINE('',#14657,#7763);
#6766=LINE('',#14659,#7764);
#6767=LINE('',#14672,#7765);
#6768=LINE('',#14689,#7766);
#6769=LINE('',#14706,#7767);
#6770=LINE('',#14723,#7768);
#6771=LINE('',#14729,#7769);
#6772=LINE('',#14731,#7770);
#6773=LINE('',#14733,#7771);
#6774=LINE('',#14746,#7772);
#6775=LINE('',#14763,#7773);
#6776=LINE('',#14776,#7774);
#6777=LINE('',#14782,#7775);
#6778=LINE('',#14784,#7776);
#6779=LINE('',#14786,#7777);
#6780=LINE('',#14795,#7778);
#6781=LINE('',#14808,#7779);
#6782=LINE('',#14821,#7780);
#6783=LINE('',#14834,#7781);
#6784=LINE('',#14840,#7782);
#6785=LINE('',#14842,#7783);
#6786=LINE('',#14851,#7784);
#6787=LINE('',#14864,#7785);
#6788=LINE('',#14908,#7786);
#6789=LINE('',#14914,#7787);
#6790=LINE('',#14916,#7788);
#6791=LINE('',#14918,#7789);
#6792=LINE('',#14920,#7790);
#6793=LINE('',#14933,#7791);
#6794=LINE('',#14950,#7792);
#6795=LINE('',#14967,#7793);
#6796=LINE('',#14984,#7794);
#6797=LINE('',#14990,#7795);
#6798=LINE('',#14992,#7796);
#6799=LINE('',#14994,#7797);
#6800=LINE('',#15007,#7798);
#6801=LINE('',#15024,#7799);
#6802=LINE('',#15037,#7800);
#6803=LINE('',#15043,#7801);
#6804=LINE('',#15045,#7802);
#6805=LINE('',#15047,#7803);
#6806=LINE('',#15056,#7804);
#6807=LINE('',#15069,#7805);
#6808=LINE('',#15082,#7806);
#6809=LINE('',#15088,#7807);
#6810=LINE('',#15092,#7808);
#6811=LINE('',#15094,#7809);
#6812=LINE('',#15096,#7810);
#6813=LINE('',#15098,#7811);
#6814=LINE('',#15100,#7812);
#6815=LINE('',#15102,#7813);
#6816=LINE('',#15104,#7814);
#6817=LINE('',#15106,#7815);
#6818=LINE('',#15108,#7816);
#6819=LINE('',#15110,#7817);
#6820=LINE('',#15112,#7818);
#6821=LINE('',#15114,#7819);
#6822=LINE('',#15116,#7820);
#6823=LINE('',#15118,#7821);
#6824=LINE('',#15127,#7822);
#6825=LINE('',#15140,#7823);
#6826=LINE('',#15172,#7824);
#6827=LINE('',#15174,#7825);
#6828=LINE('',#15176,#7826);
#6829=LINE('',#15178,#7827);
#6830=LINE('',#15180,#7828);
#6831=LINE('',#15182,#7829);
#6832=LINE('',#15184,#7830);
#6833=LINE('',#15186,#7831);
#6834=LINE('',#15188,#7832);
#6835=LINE('',#15190,#7833);
#6836=LINE('',#15192,#7834);
#6837=LINE('',#15194,#7835);
#6838=LINE('',#15196,#7836);
#6839=LINE('',#15198,#7837);
#6840=LINE('',#15200,#7838);
#6841=LINE('',#15202,#7839);
#6842=LINE('',#15204,#7840);
#6843=LINE('',#15206,#7841);
#6844=LINE('',#15208,#7842);
#6845=LINE('',#15210,#7843);
#6846=LINE('',#15213,#7844);
#6847=LINE('',#15215,#7845);
#6848=LINE('',#15217,#7846);
#6849=LINE('',#15219,#7847);
#6850=LINE('',#15221,#7848);
#6851=LINE('',#15223,#7849);
#6852=LINE('',#15225,#7850);
#6853=LINE('',#15227,#7851);
#6854=LINE('',#15229,#7852);
#6855=LINE('',#15231,#7853);
#6856=LINE('',#15233,#7854);
#6857=LINE('',#15235,#7855);
#6858=LINE('',#15237,#7856);
#6859=LINE('',#15239,#7857);
#6860=LINE('',#15241,#7858);
#6861=LINE('',#15243,#7859);
#6862=LINE('',#15245,#7860);
#6863=LINE('',#15247,#7861);
#6864=LINE('',#15249,#7862);
#6865=LINE('',#15251,#7863);
#6866=LINE('',#15254,#7864);
#6867=LINE('',#15256,#7865);
#6868=LINE('',#15258,#7866);
#6869=LINE('',#15260,#7867);
#6870=LINE('',#15262,#7868);
#6871=LINE('',#15264,#7869);
#6872=LINE('',#15266,#7870);
#6873=LINE('',#15268,#7871);
#6874=LINE('',#15271,#7872);
#6875=LINE('',#15273,#7873);
#6876=LINE('',#15275,#7874);
#6877=LINE('',#15277,#7875);
#6878=LINE('',#15279,#7876);
#6879=LINE('',#15281,#7877);
#6880=LINE('',#15283,#7878);
#6881=LINE('',#15285,#7879);
#6882=LINE('',#15287,#7880);
#6883=LINE('',#15289,#7881);
#6884=LINE('',#15291,#7882);
#6885=LINE('',#15293,#7883);
#6886=LINE('',#15295,#7884);
#6887=LINE('',#15297,#7885);
#6888=LINE('',#15299,#7886);
#6889=LINE('',#15308,#7887);
#6890=LINE('',#15321,#7888);
#6891=LINE('',#15327,#7889);
#6892=LINE('',#15338,#7890);
#6893=LINE('',#15344,#7891);
#6894=LINE('',#15346,#7892);
#6895=LINE('',#15348,#7893);
#6896=LINE('',#15352,#7894);
#6897=LINE('',#15363,#7895);
#6898=LINE('',#15376,#7896);
#6899=LINE('',#15382,#7897);
#6900=LINE('',#15384,#7898);
#6901=LINE('',#15386,#7899);
#6902=LINE('',#15388,#7900);
#6903=LINE('',#15390,#7901);
#6904=LINE('',#15392,#7902);
#6905=LINE('',#15394,#7903);
#6906=LINE('',#15397,#7904);
#6907=LINE('',#15399,#7905);
#6908=LINE('',#15401,#7906);
#6909=LINE('',#15403,#7907);
#6910=LINE('',#15405,#7908);
#6911=LINE('',#15407,#7909);
#6912=LINE('',#15409,#7910);
#6913=LINE('',#15411,#7911);
#6914=LINE('',#15413,#7912);
#6915=LINE('',#15415,#7913);
#6916=LINE('',#15417,#7914);
#6917=LINE('',#15419,#7915);
#6918=LINE('',#15421,#7916);
#6919=LINE('',#15423,#7917);
#6920=LINE('',#15434,#7918);
#6921=LINE('',#15447,#7919);
#6922=LINE('',#15460,#7920);
#6923=LINE('',#15466,#7921);
#6924=LINE('',#15468,#7922);
#6925=LINE('',#15470,#7923);
#6926=LINE('',#15472,#7924);
#6927=LINE('',#15474,#7925);
#6928=LINE('',#15476,#7926);
#6929=LINE('',#15478,#7927);
#6930=LINE('',#15480,#7928);
#6931=LINE('',#15482,#7929);
#6932=LINE('',#15484,#7930);
#6933=LINE('',#15486,#7931);
#6934=LINE('',#15488,#7932);
#6935=LINE('',#15490,#7933);
#6936=LINE('',#15492,#7934);
#6937=LINE('',#15501,#7935);
#6938=LINE('',#15514,#7936);
#6939=LINE('',#15527,#7937);
#6940=LINE('',#15540,#7938);
#6941=LINE('',#15546,#7939);
#6942=LINE('',#15548,#7940);
#6943=LINE('',#15550,#7941);
#6944=LINE('',#15552,#7942);
#6945=LINE('',#15554,#7943);
#6946=LINE('',#15556,#7944);
#6947=LINE('',#15558,#7945);
#6948=LINE('',#15560,#7946);
#6949=LINE('',#15562,#7947);
#6950=LINE('',#15565,#7948);
#6951=LINE('',#15567,#7949);
#6952=LINE('',#15569,#7950);
#6953=LINE('',#15571,#7951);
#6954=LINE('',#15573,#7952);
#6955=LINE('',#15575,#7953);
#6956=LINE('',#15577,#7954);
#6957=LINE('',#15579,#7955);
#6958=LINE('',#15581,#7956);
#6959=LINE('',#15583,#7957);
#6960=LINE('',#15586,#7958);
#6961=LINE('',#15588,#7959);
#6962=LINE('',#15590,#7960);
#6963=LINE('',#15592,#7961);
#6964=LINE('',#15594,#7962);
#6965=LINE('',#15603,#7963);
#6966=LINE('',#15616,#7964);
#6967=LINE('',#15629,#7965);
#6968=LINE('',#15642,#7966);
#6969=LINE('',#15655,#7967);
#6970=LINE('',#15668,#7968);
#6971=LINE('',#15681,#7969);
#6972=LINE('',#15687,#7970);
#6973=LINE('',#15698,#7971);
#6974=LINE('',#15711,#7972);
#6975=LINE('',#15717,#7973);
#6976=LINE('',#15728,#7974);
#6977=LINE('',#15734,#7975);
#6978=LINE('',#15736,#7976);
#6979=LINE('',#15738,#7977);
#6980=LINE('',#15740,#7978);
#6981=LINE('',#15742,#7979);
#6982=LINE('',#15744,#7980);
#6983=LINE('',#15746,#7981);
#6984=LINE('',#15757,#7982);
#6985=LINE('',#15770,#7983);
#6986=LINE('',#15783,#7984);
#6987=LINE('',#15796,#7985);
#6988=LINE('',#15809,#7986);
#6989=LINE('',#15822,#7987);
#6990=LINE('',#15835,#7988);
#6991=LINE('',#15848,#7989);
#6992=LINE('',#15861,#7990);
#6993=LINE('',#15874,#7991);
#6994=LINE('',#15887,#7992);
#6995=LINE('',#15893,#7993);
#6996=LINE('',#15896,#7994);
#6997=LINE('',#15898,#7995);
#6998=LINE('',#15900,#7996);
#6999=LINE('',#15902,#7997);
#7000=LINE('',#15904,#7998);
#7001=LINE('',#15913,#7999);
#7002=LINE('',#15926,#8000);
#7003=LINE('',#15939,#8001);
#7004=LINE('',#15952,#8002);
#7005=LINE('',#15965,#8003);
#7006=LINE('',#15978,#8004);
#7007=LINE('',#15991,#8005);
#7008=LINE('',#16004,#8006);
#7009=LINE('',#16017,#8007);
#7010=LINE('',#16030,#8008);
#7011=LINE('',#16043,#8009);
#7012=LINE('',#16049,#8010);
#7013=LINE('',#16053,#8011);
#7014=LINE('',#16055,#8012);
#7015=LINE('',#16057,#8013);
#7016=LINE('',#16059,#8014);
#7017=LINE('',#16061,#8015);
#7018=LINE('',#16063,#8016);
#7019=LINE('',#16072,#8017);
#7020=LINE('',#16085,#8018);
#7021=LINE('',#16098,#8019);
#7022=LINE('',#16111,#8020);
#7023=LINE('',#16124,#8021);
#7024=LINE('',#16137,#8022);
#7025=LINE('',#16150,#8023);
#7026=LINE('',#16163,#8024);
#7027=LINE('',#16176,#8025);
#7028=LINE('',#16189,#8026);
#7029=LINE('',#16202,#8027);
#7030=LINE('',#16215,#8028);
#7031=LINE('',#16221,#8029);
#7032=LINE('',#16236,#8030);
#7033=LINE('',#16242,#8031);
#7034=LINE('',#16255,#8032);
#7035=LINE('',#16272,#8033);
#7036=LINE('',#16278,#8034);
#7037=LINE('',#16280,#8035);
#7038=LINE('',#16282,#8036);
#7039=LINE('',#16284,#8037);
#7040=LINE('',#16286,#8038);
#7041=LINE('',#16288,#8039);
#7042=LINE('',#16290,#8040);
#7043=LINE('',#16292,#8041);
#7044=LINE('',#16294,#8042);
#7045=LINE('',#16303,#8043);
#7046=LINE('',#16309,#8044);
#7047=LINE('',#16318,#8045);
#7048=LINE('',#16331,#8046);
#7049=LINE('',#16337,#8047);
#7050=LINE('',#16339,#8048);
#7051=LINE('',#16341,#8049);
#7052=LINE('',#16352,#8050);
#7053=LINE('',#16365,#8051);
#7054=LINE('',#16378,#8052);
#7055=LINE('',#16384,#8053);
#7056=LINE('',#16386,#8054);
#7057=LINE('',#16388,#8055);
#7058=LINE('',#16390,#8056);
#7059=LINE('',#16392,#8057);
#7060=LINE('',#16394,#8058);
#7061=LINE('',#16403,#8059);
#7062=LINE('',#16416,#8060);
#7063=LINE('',#16429,#8061);
#7064=LINE('',#16442,#8062);
#7065=LINE('',#16448,#8063);
#7066=LINE('',#16450,#8064);
#7067=LINE('',#16490,#8065);
#7068=LINE('',#16496,#8066);
#7069=LINE('',#16498,#8067);
#7070=LINE('',#16500,#8068);
#7071=LINE('',#16502,#8069);
#7072=LINE('',#16515,#8070);
#7073=LINE('',#16532,#8071);
#7074=LINE('',#16549,#8072);
#7075=LINE('',#16566,#8073);
#7076=LINE('',#16572,#8074);
#7077=LINE('',#16574,#8075);
#7078=LINE('',#16576,#8076);
#7079=LINE('',#16580,#8077);
#7080=LINE('',#16595,#8078);
#7081=LINE('',#16601,#8079);
#7082=LINE('',#16603,#8080);
#7083=LINE('',#16605,#8081);
#7084=LINE('',#16607,#8082);
#7085=LINE('',#16609,#8083);
#7086=LINE('',#16611,#8084);
#7087=LINE('',#16613,#8085);
#7088=LINE('',#16615,#8086);
#7089=LINE('',#16617,#8087);
#7090=LINE('',#16619,#8088);
#7091=LINE('',#16621,#8089);
#7092=LINE('',#16623,#8090);
#7093=LINE('',#16625,#8091);
#7094=LINE('',#16627,#8092);
#7095=LINE('',#16638,#8093);
#7096=LINE('',#16651,#8094);
#7097=LINE('',#16664,#8095);
#7098=LINE('',#16670,#8096);
#7099=LINE('',#16672,#8097);
#7100=LINE('',#16681,#8098);
#7101=LINE('',#16694,#8099);
#7102=LINE('',#16707,#8100);
#7103=LINE('',#16713,#8101);
#7104=LINE('',#16717,#8102);
#7105=LINE('',#16719,#8103);
#7106=LINE('',#16721,#8104);
#7107=LINE('',#16723,#8105);
#7108=LINE('',#16725,#8106);
#7109=LINE('',#16727,#8107);
#7110=LINE('',#16729,#8108);
#7111=LINE('',#16731,#8109);
#7112=LINE('',#16733,#8110);
#7113=LINE('',#16753,#8111);
#7114=LINE('',#16757,#8112);
#7115=LINE('',#16770,#8113);
#7116=LINE('',#16787,#8114);
#7117=LINE('',#16804,#8115);
#7118=LINE('',#16821,#8116);
#7119=LINE('',#16827,#8117);
#7120=LINE('',#16829,#8118);
#7121=LINE('',#16831,#8119);
#7122=LINE('',#16833,#8120);
#7123=LINE('',#16835,#8121);
#7124=LINE('',#16837,#8122);
#7125=LINE('',#16839,#8123);
#7126=LINE('',#16843,#8124);
#7127=LINE('',#16845,#8125);
#7128=LINE('',#16847,#8126);
#7129=LINE('',#16849,#8127);
#7130=LINE('',#16851,#8128);
#7131=LINE('',#16853,#8129);
#7132=LINE('',#16855,#8130);
#7133=LINE('',#16857,#8131);
#7134=LINE('',#16861,#8132);
#7135=LINE('',#16865,#8133);
#7136=LINE('',#16867,#8134);
#7137=LINE('',#16876,#8135);
#7138=LINE('',#16889,#8136);
#7139=LINE('',#16902,#8137);
#7140=LINE('',#16915,#8138);
#7141=LINE('',#16921,#8139);
#7142=LINE('',#16923,#8140);
#7143=LINE('',#16925,#8141);
#7144=LINE('',#16927,#8142);
#7145=LINE('',#16929,#8143);
#7146=LINE('',#16931,#8144);
#7147=LINE('',#16940,#8145);
#7148=LINE('',#16953,#8146);
#7149=LINE('',#16966,#8147);
#7150=LINE('',#16979,#8148);
#7151=LINE('',#16985,#8149);
#7152=LINE('',#16987,#8150);
#7153=LINE('',#16989,#8151);
#7154=LINE('',#16991,#8152);
#7155=LINE('',#17000,#8153);
#7156=LINE('',#17013,#8154);
#7157=LINE('',#17026,#8155);
#7158=LINE('',#17039,#8156);
#7159=LINE('',#17045,#8157);
#7160=LINE('',#17049,#8158);
#7161=LINE('',#17082,#8159);
#7162=LINE('',#17088,#8160);
#7163=LINE('',#17090,#8161);
#7164=LINE('',#17092,#8162);
#7165=LINE('',#17094,#8163);
#7166=LINE('',#17107,#8164);
#7167=LINE('',#17124,#8165);
#7168=LINE('',#17141,#8166);
#7169=LINE('',#17149,#8167);
#7170=LINE('',#17153,#8168);
#7171=LINE('',#17155,#8169);
#7172=LINE('',#17157,#8170);
#7173=LINE('',#17170,#8171);
#7174=LINE('',#17187,#8172);
#7175=LINE('',#17200,#8173);
#7176=LINE('',#17206,#8174);
#7177=LINE('',#17208,#8175);
#7178=LINE('',#17210,#8176);
#7179=LINE('',#17219,#8177);
#7180=LINE('',#17232,#8178);
#7181=LINE('',#17245,#8179);
#7182=LINE('',#17251,#8180);
#7183=LINE('',#17255,#8181);
#7184=LINE('',#17257,#8182);
#7185=LINE('',#17266,#8183);
#7186=LINE('',#17279,#8184);
#7187=LINE('',#17285,#8185);
#7188=LINE('',#17296,#8186);
#7189=LINE('',#17302,#8187);
#7190=LINE('',#17304,#8188);
#7191=LINE('',#17313,#8189);
#7192=LINE('',#17319,#8190);
#7193=LINE('',#17330,#8191);
#7194=LINE('',#17343,#8192);
#7195=LINE('',#17349,#8193);
#7196=LINE('',#17351,#8194);
#7197=LINE('',#17353,#8195);
#7198=LINE('',#17355,#8196);
#7199=LINE('',#17357,#8197);
#7200=LINE('',#17359,#8198);
#7201=LINE('',#17361,#8199);
#7202=LINE('',#17372,#8200);
#7203=LINE('',#17404,#8201);
#7204=LINE('',#17406,#8202);
#7205=LINE('',#17408,#8203);
#7206=LINE('',#17410,#8204);
#7207=LINE('',#17412,#8205);
#7208=LINE('',#17414,#8206);
#7209=LINE('',#17416,#8207);
#7210=LINE('',#17418,#8208);
#7211=LINE('',#17420,#8209);
#7212=LINE('',#17422,#8210);
#7213=LINE('',#17424,#8211);
#7214=LINE('',#17426,#8212);
#7215=LINE('',#17428,#8213);
#7216=LINE('',#17430,#8214);
#7217=LINE('',#17432,#8215);
#7218=LINE('',#17434,#8216);
#7219=LINE('',#17436,#8217);
#7220=LINE('',#17438,#8218);
#7221=LINE('',#17440,#8219);
#7222=LINE('',#17442,#8220);
#7223=LINE('',#17444,#8221);
#7224=LINE('',#17446,#8222);
#7225=LINE('',#17448,#8223);
#7226=LINE('',#17450,#8224);
#7227=LINE('',#17452,#8225);
#7228=LINE('',#17454,#8226);
#7229=LINE('',#17456,#8227);
#7230=LINE('',#17458,#8228);
#7231=LINE('',#17460,#8229);
#7232=LINE('',#17462,#8230);
#7233=LINE('',#17464,#8231);
#7234=LINE('',#17466,#8232);
#7235=LINE('',#17468,#8233);
#7236=LINE('',#17470,#8234);
#7237=LINE('',#17472,#8235);
#7238=LINE('',#17474,#8236);
#7239=LINE('',#17476,#8237);
#7240=LINE('',#17478,#8238);
#7241=LINE('',#17480,#8239);
#7242=LINE('',#17482,#8240);
#7243=LINE('',#17484,#8241);
#7244=LINE('',#17486,#8242);
#7245=LINE('',#17488,#8243);
#7246=LINE('',#17490,#8244);
#7247=LINE('',#17492,#8245);
#7248=LINE('',#17494,#8246);
#7249=LINE('',#17496,#8247);
#7250=LINE('',#17498,#8248);
#7251=LINE('',#17500,#8249);
#7252=LINE('',#17502,#8250);
#7253=LINE('',#17504,#8251);
#7254=LINE('',#17506,#8252);
#7255=LINE('',#17508,#8253);
#7256=LINE('',#17510,#8254);
#7257=LINE('',#17512,#8255);
#7258=LINE('',#17514,#8256);
#7259=LINE('',#17516,#8257);
#7260=LINE('',#17518,#8258);
#7261=LINE('',#17521,#8259);
#7262=LINE('',#17523,#8260);
#7263=LINE('',#17525,#8261);
#7264=LINE('',#17527,#8262);
#7265=LINE('',#17529,#8263);
#7266=LINE('',#17531,#8264);
#7267=LINE('',#17533,#8265);
#7268=LINE('',#17535,#8266);
#7269=LINE('',#17537,#8267);
#7270=LINE('',#17539,#8268);
#7271=LINE('',#17541,#8269);
#7272=LINE('',#17543,#8270);
#7273=LINE('',#17545,#8271);
#7274=LINE('',#17547,#8272);
#7275=LINE('',#17549,#8273);
#7276=LINE('',#17551,#8274);
#7277=LINE('',#17553,#8275);
#7278=LINE('',#17555,#8276);
#7279=LINE('',#17557,#8277);
#7280=LINE('',#17559,#8278);
#7281=LINE('',#17561,#8279);
#7282=LINE('',#17563,#8280);
#7283=LINE('',#17565,#8281);
#7284=LINE('',#17567,#8282);
#7285=LINE('',#17569,#8283);
#7286=LINE('',#17571,#8284);
#7287=LINE('',#17573,#8285);
#7288=LINE('',#17575,#8286);
#7289=LINE('',#17577,#8287);
#7290=LINE('',#17579,#8288);
#7291=LINE('',#17581,#8289);
#7292=LINE('',#17583,#8290);
#7293=LINE('',#17585,#8291);
#7294=LINE('',#17587,#8292);
#7295=LINE('',#17598,#8293);
#7296=LINE('',#17604,#8294);
#7297=LINE('',#17615,#8295);
#7298=LINE('',#17621,#8296);
#7299=LINE('',#17623,#8297);
#7300=LINE('',#17625,#8298);
#7301=LINE('',#17629,#8299);
#7302=LINE('',#17640,#8300);
#7303=LINE('',#17646,#8301);
#7304=LINE('',#17650,#8302);
#7305=LINE('',#17653,#8303);
#7306=LINE('',#17655,#8304);
#7307=LINE('',#17657,#8305);
#7308=LINE('',#17659,#8306);
#7309=LINE('',#17661,#8307);
#7310=LINE('',#17663,#8308);
#7311=LINE('',#17665,#8309);
#7312=LINE('',#17667,#8310);
#7313=LINE('',#17669,#8311);
#7314=LINE('',#17671,#8312);
#7315=LINE('',#17673,#8313);
#7316=LINE('',#17675,#8314);
#7317=LINE('',#17677,#8315);
#7318=LINE('',#17679,#8316);
#7319=LINE('',#17681,#8317);
#7320=LINE('',#17683,#8318);
#7321=LINE('',#17685,#8319);
#7322=LINE('',#17687,#8320);
#7323=LINE('',#17689,#8321);
#7324=LINE('',#17698,#8322);
#7325=LINE('',#17711,#8323);
#7326=LINE('',#17717,#8324);
#7327=LINE('',#17719,#8325);
#7328=LINE('',#17721,#8326);
#7329=LINE('',#17723,#8327);
#7330=LINE('',#17725,#8328);
#7331=LINE('',#17729,#8329);
#7332=LINE('',#17740,#8330);
#7333=LINE('',#17753,#8331);
#7334=LINE('',#17759,#8332);
#7335=LINE('',#17761,#8333);
#7336=LINE('',#17763,#8334);
#7337=LINE('',#17778,#8335);
#7338=LINE('',#17784,#8336);
#7339=LINE('',#17786,#8337);
#7340=LINE('',#17788,#8338);
#7341=LINE('',#17790,#8339);
#7342=LINE('',#17803,#8340);
#7343=LINE('',#17820,#8341);
#7344=LINE('',#17837,#8342);
#7345=LINE('',#17854,#8343);
#7346=LINE('',#17860,#8344);
#7347=LINE('',#17862,#8345);
#7348=LINE('',#17864,#8346);
#7349=LINE('',#17877,#8347);
#7350=LINE('',#17894,#8348);
#7351=LINE('',#17907,#8349);
#7352=LINE('',#17913,#8350);
#7353=LINE('',#17915,#8351);
#7354=LINE('',#17917,#8352);
#7355=LINE('',#17926,#8353);
#7356=LINE('',#17939,#8354);
#7357=LINE('',#17952,#8355);
#7358=LINE('',#17965,#8356);
#7359=LINE('',#17971,#8357);
#7360=LINE('',#17973,#8358);
#7361=LINE('',#17982,#8359);
#7362=LINE('',#17995,#8360);
#7363=VECTOR('',#10812,1.);
#7364=VECTOR('',#10813,1.);
#7365=VECTOR('',#10814,1.);
#7366=VECTOR('',#10819,1.);
#7367=VECTOR('',#10820,1.);
#7368=VECTOR('',#10821,1.);
#7369=VECTOR('',#10822,1.);
#7370=VECTOR('',#10823,1.);
#7371=VECTOR('',#10824,1.);
#7372=VECTOR('',#10825,1.);
#7373=VECTOR('',#10826,1.);
#7374=VECTOR('',#10827,1.);
#7375=VECTOR('',#10828,1.);
#7376=VECTOR('',#10829,1.);
#7377=VECTOR('',#10830,1.);
#7378=VECTOR('',#10831,1.);
#7379=VECTOR('',#10832,1.);
#7380=VECTOR('',#10833,1.);
#7381=VECTOR('',#10834,1.);
#7382=VECTOR('',#10835,1.);
#7383=VECTOR('',#10836,1.);
#7384=VECTOR('',#10837,1.);
#7385=VECTOR('',#10838,1.);
#7386=VECTOR('',#10839,1.);
#7387=VECTOR('',#10840,1.);
#7388=VECTOR('',#10841,1.);
#7389=VECTOR('',#10842,1.);
#7390=VECTOR('',#10843,1.);
#7391=VECTOR('',#10844,1.);
#7392=VECTOR('',#10845,1.);
#7393=VECTOR('',#10846,1.);
#7394=VECTOR('',#10847,1.);
#7395=VECTOR('',#10848,1.);
#7396=VECTOR('',#10849,1.);
#7397=VECTOR('',#10850,1.);
#7398=VECTOR('',#10851,1.);
#7399=VECTOR('',#10852,1.);
#7400=VECTOR('',#10853,1.);
#7401=VECTOR('',#10854,1.);
#7402=VECTOR('',#10855,1.);
#7403=VECTOR('',#10856,1.);
#7404=VECTOR('',#10857,1.);
#7405=VECTOR('',#10866,1.);
#7406=VECTOR('',#10867,1.);
#7407=VECTOR('',#10868,1.);
#7408=VECTOR('',#10869,1.);
#7409=VECTOR('',#10870,1.);
#7410=VECTOR('',#10871,1.);
#7411=VECTOR('',#10876,1.);
#7412=VECTOR('',#10877,1.);
#7413=VECTOR('',#10878,1.);
#7414=VECTOR('',#10879,1.);
#7415=VECTOR('',#10880,1.);
#7416=VECTOR('',#10881,1.);
#7417=VECTOR('',#10882,1.);
#7418=VECTOR('',#10885,1.);
#7419=VECTOR('',#10886,1.);
#7420=VECTOR('',#10887,1.);
#7421=VECTOR('',#10890,1.);
#7422=VECTOR('',#10891,1.);
#7423=VECTOR('',#10892,1.);
#7424=VECTOR('',#10897,1.);
#7425=VECTOR('',#10898,1.);
#7426=VECTOR('',#10899,1.);
#7427=VECTOR('',#10900,1.);
#7428=VECTOR('',#10901,1.);
#7429=VECTOR('',#10902,1.);
#7430=VECTOR('',#10903,1.);
#7431=VECTOR('',#10904,1.);
#7432=VECTOR('',#10905,1.);
#7433=VECTOR('',#10906,1.);
#7434=VECTOR('',#10907,1.);
#7435=VECTOR('',#10908,1.);
#7436=VECTOR('',#10909,1.);
#7437=VECTOR('',#10910,1.);
#7438=VECTOR('',#10913,1.);
#7439=VECTOR('',#10914,1.);
#7440=VECTOR('',#10915,1.);
#7441=VECTOR('',#10916,1.);
#7442=VECTOR('',#10917,1.);
#7443=VECTOR('',#10918,1.);
#7444=VECTOR('',#10919,1.);
#7445=VECTOR('',#10920,1.);
#7446=VECTOR('',#10921,1.);
#7447=VECTOR('',#10922,1.);
#7448=VECTOR('',#10923,1.);
#7449=VECTOR('',#10924,1.);
#7450=VECTOR('',#10925,1.);
#7451=VECTOR('',#10926,1.);
#7452=VECTOR('',#10927,1.);
#7453=VECTOR('',#10928,1.);
#7454=VECTOR('',#10929,1.);
#7455=VECTOR('',#10930,1.);
#7456=VECTOR('',#10931,1.);
#7457=VECTOR('',#10932,1.);
#7458=VECTOR('',#10933,1.);
#7459=VECTOR('',#10936,1.);
#7460=VECTOR('',#10939,1.);
#7461=VECTOR('',#10940,1.);
#7462=VECTOR('',#10941,1.);
#7463=VECTOR('',#10942,1.);
#7464=VECTOR('',#10943,1.);
#7465=VECTOR('',#10944,1.);
#7466=VECTOR('',#10945,1.);
#7467=VECTOR('',#10946,1.);
#7468=VECTOR('',#10947,1.);
#7469=VECTOR('',#10948,1.);
#7470=VECTOR('',#10951,1.);
#7471=VECTOR('',#10954,1.);
#7472=VECTOR('',#10957,1.);
#7473=VECTOR('',#10960,1.);
#7474=VECTOR('',#10963,1.);
#7475=VECTOR('',#10966,1.);
#7476=VECTOR('',#10969,1.);
#7477=VECTOR('',#10972,1.);
#7478=VECTOR('',#10973,1.);
#7479=VECTOR('',#10974,1.);
#7480=VECTOR('',#10975,1.);
#7481=VECTOR('',#10976,1.);
#7482=VECTOR('',#10977,1.);
#7483=VECTOR('',#10978,1.);
#7484=VECTOR('',#10979,1.);
#7485=VECTOR('',#10980,1.);
#7486=VECTOR('',#10981,1.);
#7487=VECTOR('',#10982,1.);
#7488=VECTOR('',#10983,1.);
#7489=VECTOR('',#10984,1.);
#7490=VECTOR('',#10985,1.);
#7491=VECTOR('',#10986,1.);
#7492=VECTOR('',#10995,1.);
#7493=VECTOR('',#10996,1.);
#7494=VECTOR('',#10997,1.);
#7495=VECTOR('',#10998,1.);
#7496=VECTOR('',#10999,1.);
#7497=VECTOR('',#11000,1.);
#7498=VECTOR('',#11005,1.);
#7499=VECTOR('',#11006,1.);
#7500=VECTOR('',#11007,1.);
#7501=VECTOR('',#11008,1.);
#7502=VECTOR('',#11009,1.);
#7503=VECTOR('',#11010,1.);
#7504=VECTOR('',#11011,1.);
#7505=VECTOR('',#11012,1.);
#7506=VECTOR('',#11013,1.);
#7507=VECTOR('',#11014,1.);
#7508=VECTOR('',#11017,1.);
#7509=VECTOR('',#11018,1.);
#7510=VECTOR('',#11019,1.);
#7511=VECTOR('',#11020,1.);
#7512=VECTOR('',#11021,1.);
#7513=VECTOR('',#11022,1.);
#7514=VECTOR('',#11023,1.);
#7515=VECTOR('',#11024,1.);
#7516=VECTOR('',#11025,1.);
#7517=VECTOR('',#11026,1.);
#7518=VECTOR('',#11027,1.);
#7519=VECTOR('',#11028,1.);
#7520=VECTOR('',#11029,1.);
#7521=VECTOR('',#11030,1.);
#7522=VECTOR('',#11031,1.);
#7523=VECTOR('',#11032,1.);
#7524=VECTOR('',#11037,1.);
#7525=VECTOR('',#11040,1.);
#7526=VECTOR('',#11041,1.);
#7527=VECTOR('',#11042,1.);
#7528=VECTOR('',#11043,1.);
#7529=VECTOR('',#11044,1.);
#7530=VECTOR('',#11045,1.);
#7531=VECTOR('',#11046,1.);
#7532=VECTOR('',#11047,1.);
#7533=VECTOR('',#11048,1.);
#7534=VECTOR('',#11049,1.);
#7535=VECTOR('',#11050,1.);
#7536=VECTOR('',#11051,1.);
#7537=VECTOR('',#11052,1.);
#7538=VECTOR('',#11053,1.);
#7539=VECTOR('',#11054,1.);
#7540=VECTOR('',#11055,1.);
#7541=VECTOR('',#11058,1.);
#7542=VECTOR('',#11059,1.);
#7543=VECTOR('',#11060,1.);
#7544=VECTOR('',#11061,1.);
#7545=VECTOR('',#11062,1.);
#7546=VECTOR('',#11063,1.);
#7547=VECTOR('',#11064,1.);
#7548=VECTOR('',#11067,1.);
#7549=VECTOR('',#11070,1.);
#7550=VECTOR('',#11071,1.);
#7551=VECTOR('',#11072,1.);
#7552=VECTOR('',#11073,1.);
#7553=VECTOR('',#11074,1.);
#7554=VECTOR('',#11077,1.);
#7555=VECTOR('',#11078,1.);
#7556=VECTOR('',#11079,1.);
#7557=VECTOR('',#11082,1.);
#7558=VECTOR('',#11085,1.);
#7559=VECTOR('',#11088,1.);
#7560=VECTOR('',#11089,1.);
#7561=VECTOR('',#11090,1.);
#7562=VECTOR('',#11097,1.);
#7563=VECTOR('',#11102,1.);
#7564=VECTOR('',#11103,1.);
#7565=VECTOR('',#11104,1.);
#7566=VECTOR('',#11105,1.);
#7567=VECTOR('',#11106,1.);
#7568=VECTOR('',#11107,1.);
#7569=VECTOR('',#11108,1.);
#7570=VECTOR('',#11109,1.);
#7571=VECTOR('',#11110,1.);
#7572=VECTOR('',#11111,1.);
#7573=VECTOR('',#11112,1.);
#7574=VECTOR('',#11113,1.);
#7575=VECTOR('',#11114,1.);
#7576=VECTOR('',#11115,1.);
#7577=VECTOR('',#11116,1.);
#7578=VECTOR('',#11117,1.);
#7579=VECTOR('',#11118,1.);
#7580=VECTOR('',#11121,1.);
#7581=VECTOR('',#11122,1.);
#7582=VECTOR('',#11123,1.);
#7583=VECTOR('',#11124,1.);
#7584=VECTOR('',#11127,1.);
#7585=VECTOR('',#11128,1.);
#7586=VECTOR('',#11129,1.);
#7587=VECTOR('',#11130,1.);
#7588=VECTOR('',#11133,1.);
#7589=VECTOR('',#11138,1.);
#7590=VECTOR('',#11139,1.);
#7591=VECTOR('',#11140,1.);
#7592=VECTOR('',#11141,1.);
#7593=VECTOR('',#11142,1.);
#7594=VECTOR('',#11143,1.);
#7595=VECTOR('',#11144,1.);
#7596=VECTOR('',#11147,1.);
#7597=VECTOR('',#11150,1.);
#7598=VECTOR('',#11153,1.);
#7599=VECTOR('',#11156,1.);
#7600=VECTOR('',#11159,1.);
#7601=VECTOR('',#11162,1.);
#7602=VECTOR('',#11165,1.);
#7603=VECTOR('',#11170,1.);
#7604=VECTOR('',#11171,1.);
#7605=VECTOR('',#11172,1.);
#7606=VECTOR('',#11175,1.);
#7607=VECTOR('',#11176,1.);
#7608=VECTOR('',#11177,1.);
#7609=VECTOR('',#11180,1.);
#7610=VECTOR('',#11181,1.);
#7611=VECTOR('',#11184,1.);
#7612=VECTOR('',#11185,1.);
#7613=VECTOR('',#11188,1.);
#7614=VECTOR('',#11189,1.);
#7615=VECTOR('',#11192,1.);
#7616=VECTOR('',#11193,1.);
#7617=VECTOR('',#11196,1.);
#7618=VECTOR('',#11197,1.);
#7619=VECTOR('',#11200,1.);
#7620=VECTOR('',#11201,1.);
#7621=VECTOR('',#11202,1.);
#7622=VECTOR('',#11203,1.);
#7623=VECTOR('',#11206,1.);
#7624=VECTOR('',#11207,1.);
#7625=VECTOR('',#11210,1.);
#7626=VECTOR('',#11211,1.);
#7627=VECTOR('',#11214,1.);
#7628=VECTOR('',#11215,1.);
#7629=VECTOR('',#11218,1.);
#7630=VECTOR('',#11219,1.);
#7631=VECTOR('',#11222,1.);
#7632=VECTOR('',#11223,1.);
#7633=VECTOR('',#11226,1.);
#7634=VECTOR('',#11227,1.);
#7635=VECTOR('',#11230,1.);
#7636=VECTOR('',#11231,1.);
#7637=VECTOR('',#11232,1.);
#7638=VECTOR('',#11235,1.);
#7639=VECTOR('',#11240,1.);
#7640=VECTOR('',#11273,1.);
#7641=VECTOR('',#11278,1.);
#7642=VECTOR('',#11301,1.);
#7643=VECTOR('',#11302,1.);
#7644=VECTOR('',#11303,1.);
#7645=VECTOR('',#11306,1.);
#7646=VECTOR('',#11307,1.);
#7647=VECTOR('',#11310,1.);
#7648=VECTOR('',#11311,1.);
#7649=VECTOR('',#11314,1.);
#7650=VECTOR('',#11315,1.);
#7651=VECTOR('',#11318,1.);
#7652=VECTOR('',#11319,1.);
#7653=VECTOR('',#11322,1.);
#7654=VECTOR('',#11323,1.);
#7655=VECTOR('',#11326,1.);
#7656=VECTOR('',#11327,1.);
#7657=VECTOR('',#11330,1.);
#7658=VECTOR('',#11331,1.);
#7659=VECTOR('',#11334,1.);
#7660=VECTOR('',#11335,1.);
#7661=VECTOR('',#11338,1.);
#7662=VECTOR('',#11339,1.);
#7663=VECTOR('',#11342,1.);
#7664=VECTOR('',#11343,1.);
#7665=VECTOR('',#11346,1.);
#7666=VECTOR('',#11347,1.);
#7667=VECTOR('',#11350,1.);
#7668=VECTOR('',#11351,1.);
#7669=VECTOR('',#11354,1.);
#7670=VECTOR('',#11357,1.);
#7671=VECTOR('',#11358,1.);
#7672=VECTOR('',#11361,1.);
#7673=VECTOR('',#11362,1.);
#7674=VECTOR('',#11363,1.);
#7675=VECTOR('',#11364,1.);
#7676=VECTOR('',#11365,1.);
#7677=VECTOR('',#11366,1.);
#7678=VECTOR('',#11371,1.);
#7679=VECTOR('',#11376,1.);
#7680=VECTOR('',#11377,1.);
#7681=VECTOR('',#11378,1.);
#7682=VECTOR('',#11379,1.);
#7683=VECTOR('',#11380,1.);
#7684=VECTOR('',#11383,1.);
#7685=VECTOR('',#11386,1.);
#7686=VECTOR('',#11389,1.);
#7687=VECTOR('',#11390,1.);
#7688=VECTOR('',#11393,1.);
#7689=VECTOR('',#11394,1.);
#7690=VECTOR('',#11397,1.);
#7691=VECTOR('',#11398,1.);
#7692=VECTOR('',#11401,1.);
#7693=VECTOR('',#11402,1.);
#7694=VECTOR('',#11405,1.);
#7695=VECTOR('',#11406,1.);
#7696=VECTOR('',#11409,1.);
#7697=VECTOR('',#11410,1.);
#7698=VECTOR('',#11413,1.);
#7699=VECTOR('',#11414,1.);
#7700=VECTOR('',#11417,1.);
#7701=VECTOR('',#11418,1.);
#7702=VECTOR('',#11421,1.);
#7703=VECTOR('',#11422,1.);
#7704=VECTOR('',#11425,1.);
#7705=VECTOR('',#11428,1.);
#7706=VECTOR('',#11429,1.);
#7707=VECTOR('',#11430,1.);
#7708=VECTOR('',#11433,1.);
#7709=VECTOR('',#11434,1.);
#7710=VECTOR('',#11435,1.);
#7711=VECTOR('',#11436,1.);
#7712=VECTOR('',#11443,1.);
#7713=VECTOR('',#11446,1.);
#7714=VECTOR('',#11447,1.);
#7715=VECTOR('',#11448,1.);
#7716=VECTOR('',#11449,1.);
#7717=VECTOR('',#11450,1.);
#7718=VECTOR('',#11453,1.);
#7719=VECTOR('',#11454,1.);
#7720=VECTOR('',#11455,1.);
#7721=VECTOR('',#11458,1.);
#7722=VECTOR('',#11459,1.);
#7723=VECTOR('',#11460,1.);
#7724=VECTOR('',#11463,1.);
#7725=VECTOR('',#11466,1.);
#7726=VECTOR('',#11469,1.);
#7727=VECTOR('',#11470,1.);
#7728=VECTOR('',#11473,1.);
#7729=VECTOR('',#11474,1.);
#7730=VECTOR('',#11477,1.);
#7731=VECTOR('',#11478,1.);
#7732=VECTOR('',#11481,1.);
#7733=VECTOR('',#11486,1.);
#7734=VECTOR('',#11491,1.);
#7735=VECTOR('',#11492,1.);
#7736=VECTOR('',#11493,1.);
#7737=VECTOR('',#11494,1.);
#7738=VECTOR('',#11495,1.);
#7739=VECTOR('',#11496,1.);
#7740=VECTOR('',#11499,1.);
#7741=VECTOR('',#11500,1.);
#7742=VECTOR('',#11503,1.);
#7743=VECTOR('',#11504,1.);
#7744=VECTOR('',#11507,1.);
#7745=VECTOR('',#11508,1.);
#7746=VECTOR('',#11509,1.);
#7747=VECTOR('',#11510,1.);
#7748=VECTOR('',#11511,1.);
#7749=VECTOR('',#11512,1.);
#7750=VECTOR('',#11515,1.);
#7751=VECTOR('',#11516,1.);
#7752=VECTOR('',#11519,1.);
#7753=VECTOR('',#11520,1.);
#7754=VECTOR('',#11521,1.);
#7755=VECTOR('',#11522,1.);
#7756=VECTOR('',#11523,1.);
#7757=VECTOR('',#11524,1.);
#7758=VECTOR('',#11527,1.);
#7759=VECTOR('',#11532,1.);
#7760=VECTOR('',#11541,1.);
#7761=VECTOR('',#11542,1.);
#7762=VECTOR('',#11545,1.);
#7763=VECTOR('',#11546,1.);
#7764=VECTOR('',#11547,1.);
#7765=VECTOR('',#11548,1.);
#7766=VECTOR('',#11549,1.);
#7767=VECTOR('',#11550,1.);
#7768=VECTOR('',#11551,1.);
#7769=VECTOR('',#11554,1.);
#7770=VECTOR('',#11555,1.);
#7771=VECTOR('',#11556,1.);
#7772=VECTOR('',#11557,1.);
#7773=VECTOR('',#11558,1.);
#7774=VECTOR('',#11559,1.);
#7775=VECTOR('',#11560,1.);
#7776=VECTOR('',#11563,1.);
#7777=VECTOR('',#11564,1.);
#7778=VECTOR('',#11565,1.);
#7779=VECTOR('',#11566,1.);
#7780=VECTOR('',#11567,1.);
#7781=VECTOR('',#11568,1.);
#7782=VECTOR('',#11571,1.);
#7783=VECTOR('',#11572,1.);
#7784=VECTOR('',#11573,1.);
#7785=VECTOR('',#11574,1.);
#7786=VECTOR('',#11577,1.);
#7787=VECTOR('',#11578,1.);
#7788=VECTOR('',#11581,1.);
#7789=VECTOR('',#11582,1.);
#7790=VECTOR('',#11583,1.);
#7791=VECTOR('',#11584,1.);
#7792=VECTOR('',#11585,1.);
#7793=VECTOR('',#11586,1.);
#7794=VECTOR('',#11587,1.);
#7795=VECTOR('',#11590,1.);
#7796=VECTOR('',#11591,1.);
#7797=VECTOR('',#11592,1.);
#7798=VECTOR('',#11593,1.);
#7799=VECTOR('',#11594,1.);
#7800=VECTOR('',#11595,1.);
#7801=VECTOR('',#11596,1.);
#7802=VECTOR('',#11599,1.);
#7803=VECTOR('',#11600,1.);
#7804=VECTOR('',#11601,1.);
#7805=VECTOR('',#11602,1.);
#7806=VECTOR('',#11603,1.);
#7807=VECTOR('',#11606,1.);
#7808=VECTOR('',#11611,1.);
#7809=VECTOR('',#11612,1.);
#7810=VECTOR('',#11615,1.);
#7811=VECTOR('',#11616,1.);
#7812=VECTOR('',#11619,1.);
#7813=VECTOR('',#11620,1.);
#7814=VECTOR('',#11623,1.);
#7815=VECTOR('',#11624,1.);
#7816=VECTOR('',#11627,1.);
#7817=VECTOR('',#11628,1.);
#7818=VECTOR('',#11631,1.);
#7819=VECTOR('',#11632,1.);
#7820=VECTOR('',#11635,1.);
#7821=VECTOR('',#11636,1.);
#7822=VECTOR('',#11637,1.);
#7823=VECTOR('',#11638,1.);
#7824=VECTOR('',#11643,1.);
#7825=VECTOR('',#11644,1.);
#7826=VECTOR('',#11645,1.);
#7827=VECTOR('',#11648,1.);
#7828=VECTOR('',#11649,1.);
#7829=VECTOR('',#11652,1.);
#7830=VECTOR('',#11653,1.);
#7831=VECTOR('',#11656,1.);
#7832=VECTOR('',#11657,1.);
#7833=VECTOR('',#11660,1.);
#7834=VECTOR('',#11661,1.);
#7835=VECTOR('',#11664,1.);
#7836=VECTOR('',#11665,1.);
#7837=VECTOR('',#11668,1.);
#7838=VECTOR('',#11669,1.);
#7839=VECTOR('',#11672,1.);
#7840=VECTOR('',#11673,1.);
#7841=VECTOR('',#11676,1.);
#7842=VECTOR('',#11677,1.);
#7843=VECTOR('',#11680,1.);
#7844=VECTOR('',#11685,1.);
#7845=VECTOR('',#11686,1.);
#7846=VECTOR('',#11687,1.);
#7847=VECTOR('',#11690,1.);
#7848=VECTOR('',#11691,1.);
#7849=VECTOR('',#11694,1.);
#7850=VECTOR('',#11695,1.);
#7851=VECTOR('',#11698,1.);
#7852=VECTOR('',#11699,1.);
#7853=VECTOR('',#11702,1.);
#7854=VECTOR('',#11703,1.);
#7855=VECTOR('',#11706,1.);
#7856=VECTOR('',#11707,1.);
#7857=VECTOR('',#11710,1.);
#7858=VECTOR('',#11711,1.);
#7859=VECTOR('',#11714,1.);
#7860=VECTOR('',#11715,1.);
#7861=VECTOR('',#11718,1.);
#7862=VECTOR('',#11719,1.);
#7863=VECTOR('',#11722,1.);
#7864=VECTOR('',#11727,1.);
#7865=VECTOR('',#11728,1.);
#7866=VECTOR('',#11729,1.);
#7867=VECTOR('',#11732,1.);
#7868=VECTOR('',#11733,1.);
#7869=VECTOR('',#11736,1.);
#7870=VECTOR('',#11737,1.);
#7871=VECTOR('',#11740,1.);
#7872=VECTOR('',#11745,1.);
#7873=VECTOR('',#11746,1.);
#7874=VECTOR('',#11747,1.);
#7875=VECTOR('',#11750,1.);
#7876=VECTOR('',#11751,1.);
#7877=VECTOR('',#11754,1.);
#7878=VECTOR('',#11755,1.);
#7879=VECTOR('',#11758,1.);
#7880=VECTOR('',#11759,1.);
#7881=VECTOR('',#11762,1.);
#7882=VECTOR('',#11763,1.);
#7883=VECTOR('',#11766,1.);
#7884=VECTOR('',#11767,1.);
#7885=VECTOR('',#11770,1.);
#7886=VECTOR('',#11771,1.);
#7887=VECTOR('',#11772,1.);
#7888=VECTOR('',#11773,1.);
#7889=VECTOR('',#11776,1.);
#7890=VECTOR('',#11779,1.);
#7891=VECTOR('',#11782,1.);
#7892=VECTOR('',#11783,1.);
#7893=VECTOR('',#11786,1.);
#7894=VECTOR('',#11791,1.);
#7895=VECTOR('',#11794,1.);
#7896=VECTOR('',#11795,1.);
#7897=VECTOR('',#11798,1.);
#7898=VECTOR('',#11799,1.);
#7899=VECTOR('',#11802,1.);
#7900=VECTOR('',#11803,1.);
#7901=VECTOR('',#11806,1.);
#7902=VECTOR('',#11807,1.);
#7903=VECTOR('',#11810,1.);
#7904=VECTOR('',#11815,1.);
#7905=VECTOR('',#11816,1.);
#7906=VECTOR('',#11817,1.);
#7907=VECTOR('',#11820,1.);
#7908=VECTOR('',#11821,1.);
#7909=VECTOR('',#11824,1.);
#7910=VECTOR('',#11825,1.);
#7911=VECTOR('',#11828,1.);
#7912=VECTOR('',#11829,1.);
#7913=VECTOR('',#11832,1.);
#7914=VECTOR('',#11833,1.);
#7915=VECTOR('',#11836,1.);
#7916=VECTOR('',#11837,1.);
#7917=VECTOR('',#11840,1.);
#7918=VECTOR('',#11843,1.);
#7919=VECTOR('',#11844,1.);
#7920=VECTOR('',#11845,1.);
#7921=VECTOR('',#11848,1.);
#7922=VECTOR('',#11849,1.);
#7923=VECTOR('',#11852,1.);
#7924=VECTOR('',#11853,1.);
#7925=VECTOR('',#11856,1.);
#7926=VECTOR('',#11857,1.);
#7927=VECTOR('',#11860,1.);
#7928=VECTOR('',#11861,1.);
#7929=VECTOR('',#11864,1.);
#7930=VECTOR('',#11865,1.);
#7931=VECTOR('',#11868,1.);
#7932=VECTOR('',#11869,1.);
#7933=VECTOR('',#11872,1.);
#7934=VECTOR('',#11873,1.);
#7935=VECTOR('',#11874,1.);
#7936=VECTOR('',#11875,1.);
#7937=VECTOR('',#11876,1.);
#7938=VECTOR('',#11877,1.);
#7939=VECTOR('',#11880,1.);
#7940=VECTOR('',#11881,1.);
#7941=VECTOR('',#11884,1.);
#7942=VECTOR('',#11885,1.);
#7943=VECTOR('',#11888,1.);
#7944=VECTOR('',#11889,1.);
#7945=VECTOR('',#11892,1.);
#7946=VECTOR('',#11893,1.);
#7947=VECTOR('',#11896,1.);
#7948=VECTOR('',#11901,1.);
#7949=VECTOR('',#11902,1.);
#7950=VECTOR('',#11903,1.);
#7951=VECTOR('',#11906,1.);
#7952=VECTOR('',#11907,1.);
#7953=VECTOR('',#11910,1.);
#7954=VECTOR('',#11911,1.);
#7955=VECTOR('',#11914,1.);
#7956=VECTOR('',#11915,1.);
#7957=VECTOR('',#11918,1.);
#7958=VECTOR('',#11923,1.);
#7959=VECTOR('',#11924,1.);
#7960=VECTOR('',#11925,1.);
#7961=VECTOR('',#11928,1.);
#7962=VECTOR('',#11929,1.);
#7963=VECTOR('',#11930,1.);
#7964=VECTOR('',#11931,1.);
#7965=VECTOR('',#11932,1.);
#7966=VECTOR('',#11933,1.);
#7967=VECTOR('',#11934,1.);
#7968=VECTOR('',#11935,1.);
#7969=VECTOR('',#11936,1.);
#7970=VECTOR('',#11939,1.);
#7971=VECTOR('',#11942,1.);
#7972=VECTOR('',#11943,1.);
#7973=VECTOR('',#11946,1.);
#7974=VECTOR('',#11949,1.);
#7975=VECTOR('',#11952,1.);
#7976=VECTOR('',#11953,1.);
#7977=VECTOR('',#11956,1.);
#7978=VECTOR('',#11957,1.);
#7979=VECTOR('',#11960,1.);
#7980=VECTOR('',#11961,1.);
#7981=VECTOR('',#11964,1.);
#7982=VECTOR('',#11967,1.);
#7983=VECTOR('',#11968,1.);
#7984=VECTOR('',#11969,1.);
#7985=VECTOR('',#11970,1.);
#7986=VECTOR('',#11971,1.);
#7987=VECTOR('',#11972,1.);
#7988=VECTOR('',#11973,1.);
#7989=VECTOR('',#11974,1.);
#7990=VECTOR('',#11975,1.);
#7991=VECTOR('',#11976,1.);
#7992=VECTOR('',#11977,1.);
#7993=VECTOR('',#11980,1.);
#7994=VECTOR('',#11985,1.);
#7995=VECTOR('',#11986,1.);
#7996=VECTOR('',#11987,1.);
#7997=VECTOR('',#11990,1.);
#7998=VECTOR('',#11991,1.);
#7999=VECTOR('',#11992,1.);
#8000=VECTOR('',#11993,1.);
#8001=VECTOR('',#11994,1.);
#8002=VECTOR('',#11995,1.);
#8003=VECTOR('',#11996,1.);
#8004=VECTOR('',#11997,1.);
#8005=VECTOR('',#11998,1.);
#8006=VECTOR('',#11999,1.);
#8007=VECTOR('',#12000,1.);
#8008=VECTOR('',#12001,1.);
#8009=VECTOR('',#12002,1.);
#8010=VECTOR('',#12005,1.);
#8011=VECTOR('',#12010,1.);
#8012=VECTOR('',#12011,1.);
#8013=VECTOR('',#12014,1.);
#8014=VECTOR('',#12015,1.);
#8015=VECTOR('',#12018,1.);
#8016=VECTOR('',#12019,1.);
#8017=VECTOR('',#12020,1.);
#8018=VECTOR('',#12021,1.);
#8019=VECTOR('',#12022,1.);
#8020=VECTOR('',#12023,1.);
#8021=VECTOR('',#12024,1.);
#8022=VECTOR('',#12025,1.);
#8023=VECTOR('',#12026,1.);
#8024=VECTOR('',#12027,1.);
#8025=VECTOR('',#12028,1.);
#8026=VECTOR('',#12029,1.);
#8027=VECTOR('',#12030,1.);
#8028=VECTOR('',#12031,1.);
#8029=VECTOR('',#12034,1.);
#8030=VECTOR('',#12037,1.);
#8031=VECTOR('',#12038,1.);
#8032=VECTOR('',#12039,1.);
#8033=VECTOR('',#12040,1.);
#8034=VECTOR('',#12043,1.);
#8035=VECTOR('',#12044,1.);
#8036=VECTOR('',#12045,1.);
#8037=VECTOR('',#12048,1.);
#8038=VECTOR('',#12049,1.);
#8039=VECTOR('',#12050,1.);
#8040=VECTOR('',#12053,1.);
#8041=VECTOR('',#12054,1.);
#8042=VECTOR('',#12055,1.);
#8043=VECTOR('',#12056,1.);
#8044=VECTOR('',#12057,1.);
#8045=VECTOR('',#12058,1.);
#8046=VECTOR('',#12059,1.);
#8047=VECTOR('',#12062,1.);
#8048=VECTOR('',#12063,1.);
#8049=VECTOR('',#12066,1.);
#8050=VECTOR('',#12069,1.);
#8051=VECTOR('',#12070,1.);
#8052=VECTOR('',#12071,1.);
#8053=VECTOR('',#12074,1.);
#8054=VECTOR('',#12075,1.);
#8055=VECTOR('',#12078,1.);
#8056=VECTOR('',#12079,1.);
#8057=VECTOR('',#12082,1.);
#8058=VECTOR('',#12083,1.);
#8059=VECTOR('',#12084,1.);
#8060=VECTOR('',#12085,1.);
#8061=VECTOR('',#12086,1.);
#8062=VECTOR('',#12087,1.);
#8063=VECTOR('',#12090,1.);
#8064=VECTOR('',#12091,1.);
#8065=VECTOR('',#12094,1.);
#8066=VECTOR('',#12095,1.);
#8067=VECTOR('',#12098,1.);
#8068=VECTOR('',#12099,1.);
#8069=VECTOR('',#12100,1.);
#8070=VECTOR('',#12101,1.);
#8071=VECTOR('',#12102,1.);
#8072=VECTOR('',#12103,1.);
#8073=VECTOR('',#12104,1.);
#8074=VECTOR('',#12107,1.);
#8075=VECTOR('',#12108,1.);
#8076=VECTOR('',#12109,1.);
#8077=VECTOR('',#12114,1.);
#8078=VECTOR('',#12117,1.);
#8079=VECTOR('',#12120,1.);
#8080=VECTOR('',#12121,1.);
#8081=VECTOR('',#12122,1.);
#8082=VECTOR('',#12125,1.);
#8083=VECTOR('',#12126,1.);
#8084=VECTOR('',#12129,1.);
#8085=VECTOR('',#12130,1.);
#8086=VECTOR('',#12133,1.);
#8087=VECTOR('',#12134,1.);
#8088=VECTOR('',#12137,1.);
#8089=VECTOR('',#12138,1.);
#8090=VECTOR('',#12141,1.);
#8091=VECTOR('',#12142,1.);
#8092=VECTOR('',#12145,1.);
#8093=VECTOR('',#12148,1.);
#8094=VECTOR('',#12149,1.);
#8095=VECTOR('',#12150,1.);
#8096=VECTOR('',#12153,1.);
#8097=VECTOR('',#12154,1.);
#8098=VECTOR('',#12155,1.);
#8099=VECTOR('',#12156,1.);
#8100=VECTOR('',#12157,1.);
#8101=VECTOR('',#12160,1.);
#8102=VECTOR('',#12165,1.);
#8103=VECTOR('',#12166,1.);
#8104=VECTOR('',#12169,1.);
#8105=VECTOR('',#12170,1.);
#8106=VECTOR('',#12173,1.);
#8107=VECTOR('',#12174,1.);
#8108=VECTOR('',#12177,1.);
#8109=VECTOR('',#12178,1.);
#8110=VECTOR('',#12181,1.);
#8111=VECTOR('',#12188,1.);
#8112=VECTOR('',#12191,1.);
#8113=VECTOR('',#12192,1.);
#8114=VECTOR('',#12193,1.);
#8115=VECTOR('',#12194,1.);
#8116=VECTOR('',#12195,1.);
#8117=VECTOR('',#12198,1.);
#8118=VECTOR('',#12199,1.);
#8119=VECTOR('',#12200,1.);
#8120=VECTOR('',#12203,1.);
#8121=VECTOR('',#12204,1.);
#8122=VECTOR('',#12205,1.);
#8123=VECTOR('',#12208,1.);
#8124=VECTOR('',#12211,1.);
#8125=VECTOR('',#12214,1.);
#8126=VECTOR('',#12215,1.);
#8127=VECTOR('',#12218,1.);
#8128=VECTOR('',#12219,1.);
#8129=VECTOR('',#12222,1.);
#8130=VECTOR('',#12223,1.);
#8131=VECTOR('',#12226,1.);
#8132=VECTOR('',#12231,1.);
#8133=VECTOR('',#12236,1.);
#8134=VECTOR('',#12237,1.);
#8135=VECTOR('',#12238,1.);
#8136=VECTOR('',#12239,1.);
#8137=VECTOR('',#12240,1.);
#8138=VECTOR('',#12241,1.);
#8139=VECTOR('',#12244,1.);
#8140=VECTOR('',#12245,1.);
#8141=VECTOR('',#12248,1.);
#8142=VECTOR('',#12249,1.);
#8143=VECTOR('',#12252,1.);
#8144=VECTOR('',#12253,1.);
#8145=VECTOR('',#12254,1.);
#8146=VECTOR('',#12255,1.);
#8147=VECTOR('',#12256,1.);
#8148=VECTOR('',#12257,1.);
#8149=VECTOR('',#12260,1.);
#8150=VECTOR('',#12261,1.);
#8151=VECTOR('',#12264,1.);
#8152=VECTOR('',#12265,1.);
#8153=VECTOR('',#12266,1.);
#8154=VECTOR('',#12267,1.);
#8155=VECTOR('',#12268,1.);
#8156=VECTOR('',#12269,1.);
#8157=VECTOR('',#12272,1.);
#8158=VECTOR('',#12277,1.);
#8159=VECTOR('',#12286,1.);
#8160=VECTOR('',#12287,1.);
#8161=VECTOR('',#12290,1.);
#8162=VECTOR('',#12291,1.);
#8163=VECTOR('',#12292,1.);
#8164=VECTOR('',#12293,1.);
#8165=VECTOR('',#12294,1.);
#8166=VECTOR('',#12295,1.);
#8167=VECTOR('',#12300,1.);
#8168=VECTOR('',#12305,1.);
#8169=VECTOR('',#12306,1.);
#8170=VECTOR('',#12307,1.);
#8171=VECTOR('',#12308,1.);
#8172=VECTOR('',#12309,1.);
#8173=VECTOR('',#12310,1.);
#8174=VECTOR('',#12311,1.);
#8175=VECTOR('',#12314,1.);
#8176=VECTOR('',#12315,1.);
#8177=VECTOR('',#12316,1.);
#8178=VECTOR('',#12317,1.);
#8179=VECTOR('',#12318,1.);
#8180=VECTOR('',#12321,1.);
#8181=VECTOR('',#12326,1.);
#8182=VECTOR('',#12327,1.);
#8183=VECTOR('',#12328,1.);
#8184=VECTOR('',#12329,1.);
#8185=VECTOR('',#12332,1.);
#8186=VECTOR('',#12335,1.);
#8187=VECTOR('',#12338,1.);
#8188=VECTOR('',#12339,1.);
#8189=VECTOR('',#12340,1.);
#8190=VECTOR('',#12343,1.);
#8191=VECTOR('',#12346,1.);
#8192=VECTOR('',#12347,1.);
#8193=VECTOR('',#12350,1.);
#8194=VECTOR('',#12351,1.);
#8195=VECTOR('',#12354,1.);
#8196=VECTOR('',#12355,1.);
#8197=VECTOR('',#12358,1.);
#8198=VECTOR('',#12359,1.);
#8199=VECTOR('',#12362,1.);
#8200=VECTOR('',#12365,1.);
#8201=VECTOR('',#12370,1.);
#8202=VECTOR('',#12371,1.);
#8203=VECTOR('',#12372,1.);
#8204=VECTOR('',#12375,1.);
#8205=VECTOR('',#12376,1.);
#8206=VECTOR('',#12379,1.);
#8207=VECTOR('',#12380,1.);
#8208=VECTOR('',#12383,1.);
#8209=VECTOR('',#12384,1.);
#8210=VECTOR('',#12387,1.);
#8211=VECTOR('',#12388,1.);
#8212=VECTOR('',#12391,1.);
#8213=VECTOR('',#12392,1.);
#8214=VECTOR('',#12395,1.);
#8215=VECTOR('',#12396,1.);
#8216=VECTOR('',#12399,1.);
#8217=VECTOR('',#12400,1.);
#8218=VECTOR('',#12403,1.);
#8219=VECTOR('',#12404,1.);
#8220=VECTOR('',#12407,1.);
#8221=VECTOR('',#12408,1.);
#8222=VECTOR('',#12411,1.);
#8223=VECTOR('',#12412,1.);
#8224=VECTOR('',#12415,1.);
#8225=VECTOR('',#12416,1.);
#8226=VECTOR('',#12419,1.);
#8227=VECTOR('',#12420,1.);
#8228=VECTOR('',#12423,1.);
#8229=VECTOR('',#12424,1.);
#8230=VECTOR('',#12427,1.);
#8231=VECTOR('',#12428,1.);
#8232=VECTOR('',#12431,1.);
#8233=VECTOR('',#12432,1.);
#8234=VECTOR('',#12435,1.);
#8235=VECTOR('',#12436,1.);
#8236=VECTOR('',#12439,1.);
#8237=VECTOR('',#12440,1.);
#8238=VECTOR('',#12443,1.);
#8239=VECTOR('',#12444,1.);
#8240=VECTOR('',#12447,1.);
#8241=VECTOR('',#12448,1.);
#8242=VECTOR('',#12451,1.);
#8243=VECTOR('',#12452,1.);
#8244=VECTOR('',#12455,1.);
#8245=VECTOR('',#12456,1.);
#8246=VECTOR('',#12459,1.);
#8247=VECTOR('',#12460,1.);
#8248=VECTOR('',#12463,1.);
#8249=VECTOR('',#12464,1.);
#8250=VECTOR('',#12467,1.);
#8251=VECTOR('',#12468,1.);
#8252=VECTOR('',#12471,1.);
#8253=VECTOR('',#12472,1.);
#8254=VECTOR('',#12475,1.);
#8255=VECTOR('',#12476,1.);
#8256=VECTOR('',#12479,1.);
#8257=VECTOR('',#12480,1.);
#8258=VECTOR('',#12483,1.);
#8259=VECTOR('',#12488,1.);
#8260=VECTOR('',#12489,1.);
#8261=VECTOR('',#12490,1.);
#8262=VECTOR('',#12493,1.);
#8263=VECTOR('',#12494,1.);
#8264=VECTOR('',#12497,1.);
#8265=VECTOR('',#12498,1.);
#8266=VECTOR('',#12501,1.);
#8267=VECTOR('',#12502,1.);
#8268=VECTOR('',#12505,1.);
#8269=VECTOR('',#12506,1.);
#8270=VECTOR('',#12509,1.);
#8271=VECTOR('',#12510,1.);
#8272=VECTOR('',#12513,1.);
#8273=VECTOR('',#12514,1.);
#8274=VECTOR('',#12517,1.);
#8275=VECTOR('',#12518,1.);
#8276=VECTOR('',#12521,1.);
#8277=VECTOR('',#12522,1.);
#8278=VECTOR('',#12525,1.);
#8279=VECTOR('',#12526,1.);
#8280=VECTOR('',#12529,1.);
#8281=VECTOR('',#12530,1.);
#8282=VECTOR('',#12533,1.);
#8283=VECTOR('',#12534,1.);
#8284=VECTOR('',#12537,1.);
#8285=VECTOR('',#12538,1.);
#8286=VECTOR('',#12541,1.);
#8287=VECTOR('',#12542,1.);
#8288=VECTOR('',#12545,1.);
#8289=VECTOR('',#12546,1.);
#8290=VECTOR('',#12549,1.);
#8291=VECTOR('',#12550,1.);
#8292=VECTOR('',#12553,1.);
#8293=VECTOR('',#12556,1.);
#8294=VECTOR('',#12559,1.);
#8295=VECTOR('',#12562,1.);
#8296=VECTOR('',#12565,1.);
#8297=VECTOR('',#12566,1.);
#8298=VECTOR('',#12569,1.);
#8299=VECTOR('',#12574,1.);
#8300=VECTOR('',#12577,1.);
#8301=VECTOR('',#12580,1.);
#8302=VECTOR('',#12585,1.);
#8303=VECTOR('',#12590,1.);
#8304=VECTOR('',#12591,1.);
#8305=VECTOR('',#12592,1.);
#8306=VECTOR('',#12595,1.);
#8307=VECTOR('',#12596,1.);
#8308=VECTOR('',#12599,1.);
#8309=VECTOR('',#12600,1.);
#8310=VECTOR('',#12603,1.);
#8311=VECTOR('',#12604,1.);
#8312=VECTOR('',#12607,1.);
#8313=VECTOR('',#12608,1.);
#8314=VECTOR('',#12611,1.);
#8315=VECTOR('',#12612,1.);
#8316=VECTOR('',#12615,1.);
#8317=VECTOR('',#12616,1.);
#8318=VECTOR('',#12619,1.);
#8319=VECTOR('',#12620,1.);
#8320=VECTOR('',#12623,1.);
#8321=VECTOR('',#12624,1.);
#8322=VECTOR('',#12625,1.);
#8323=VECTOR('',#12626,1.);
#8324=VECTOR('',#12629,1.);
#8325=VECTOR('',#12630,1.);
#8326=VECTOR('',#12633,1.);
#8327=VECTOR('',#12634,1.);
#8328=VECTOR('',#12637,1.);
#8329=VECTOR('',#12642,1.);
#8330=VECTOR('',#12645,1.);
#8331=VECTOR('',#12646,1.);
#8332=VECTOR('',#12649,1.);
#8333=VECTOR('',#12650,1.);
#8334=VECTOR('',#12653,1.);
#8335=VECTOR('',#12656,1.);
#8336=VECTOR('',#12657,1.);
#8337=VECTOR('',#12660,1.);
#8338=VECTOR('',#12661,1.);
#8339=VECTOR('',#12662,1.);
#8340=VECTOR('',#12663,1.);
#8341=VECTOR('',#12664,1.);
#8342=VECTOR('',#12665,1.);
#8343=VECTOR('',#12666,1.);
#8344=VECTOR('',#12669,1.);
#8345=VECTOR('',#12670,1.);
#8346=VECTOR('',#12671,1.);
#8347=VECTOR('',#12672,1.);
#8348=VECTOR('',#12673,1.);
#8349=VECTOR('',#12674,1.);
#8350=VECTOR('',#12675,1.);
#8351=VECTOR('',#12678,1.);
#8352=VECTOR('',#12679,1.);
#8353=VECTOR('',#12680,1.);
#8354=VECTOR('',#12681,1.);
#8355=VECTOR('',#12682,1.);
#8356=VECTOR('',#12683,1.);
#8357=VECTOR('',#12686,1.);
#8358=VECTOR('',#12687,1.);
#8359=VECTOR('',#12688,1.);
#8360=VECTOR('',#12689,1.);
#8361=EDGE_LOOP('',(#794,#795,#796,#797,#798,#799,#800,#801,#802,#803,#804,
#805,#806,#807,#808,#809,#810,#811,#812));
#8362=EDGE_LOOP('',(#813,#814,#815,#816,#817,#818,#819,#820,#821,#822,#823,
#824,#825,#826,#827,#828,#829,#830,#831,#832,#833,#834,#835,#836,#837,#838,
#839,#840,#841));
#8363=EDGE_LOOP('',(#842,#843,#844,#845,#846,#847,#848,#849,#850,#851,#852,
#853,#854,#855,#856,#857,#858,#859,#860,#861,#862,#863,#864,#865,#866,#867,
#868));
#8364=EDGE_LOOP('',(#869,#870,#871,#872,#873,#874,#875,#876,#877,#878,#879,
#880,#881,#882,#883,#884,#885));
#8365=EDGE_LOOP('',(#886,#887,#888,#889,#890,#891,#892,#893,#894,#895,#896,
#897,#898,#899,#900,#901,#902,#903,#904,#905,#906,#907,#908,#909,#910,#911,
#912,#913,#914,#915));
#8366=EDGE_LOOP('',(#916,#917,#918,#919,#920,#921,#922,#923,#924,#925,#926,
#927,#928,#929,#930,#931,#932,#933,#934,#935,#936,#937,#938,#939,#940,#941));
#8367=EDGE_LOOP('',(#942,#943,#944,#945));
#8368=EDGE_LOOP('',(#946,#947,#948,#949,#950,#951,#952,#953,#954,#955));
#8369=EDGE_LOOP('',(#956,#957,#958,#959,#960,#961,#962,#963,#964,#965));
#8370=EDGE_LOOP('',(#966,#967,#968,#969,#970,#971,#972,#973,#974,#975,#976,
#977,#978,#979,#980,#981,#982,#983));
#8371=EDGE_LOOP('',(#984,#985,#986,#987,#988,#989,#990,#991,#992,#993,#994,
#995,#996,#997,#998,#999,#1000));
#8372=EDGE_LOOP('',(#1001,#1002,#1003,#1004,#1005,#1006,#1007,#1008,#1009,
#1010,#1011,#1012,#1013,#1014));
#8373=EDGE_LOOP('',(#1015,#1016,#1017,#1018,#1019,#1020,#1021,#1022,#1023,
#1024,#1025,#1026,#1027,#1028,#1029,#1030,#1031,#1032,#1033,#1034,#1035,
#1036,#1037,#1038,#1039,#1040,#1041));
#8374=EDGE_LOOP('',(#1042,#1043,#1044,#1045,#1046,#1047,#1048,#1049,#1050,
#1051,#1052,#1053,#1054,#1055,#1056,#1057));
#8375=EDGE_LOOP('',(#1058,#1059,#1060,#1061,#1062,#1063,#1064,#1065,#1066,
#1067));
#8376=EDGE_LOOP('',(#1068,#1069,#1070,#1071,#1072,#1073,#1074,#1075,#1076,
#1077,#1078,#1079,#1080,#1081,#1082,#1083,#1084,#1085,#1086,#1087));
#8377=EDGE_LOOP('',(#1088,#1089,#1090,#1091,#1092));
#8378=EDGE_LOOP('',(#1093,#1094,#1095,#1096,#1097,#1098,#1099,#1100,#1101,
#1102,#1103,#1104,#1105,#1106,#1107,#1108,#1109,#1110,#1111,#1112,#1113,
#1114,#1115,#1116,#1117,#1118,#1119,#1120,#1121,#1122));
#8379=EDGE_LOOP('',(#1123,#1124,#1125,#1126,#1127,#1128,#1129,#1130,#1131,
#1132,#1133,#1134,#1135,#1136,#1137,#1138,#1139,#1140,#1141,#1142));
#8380=EDGE_LOOP('',(#1143,#1144,#1145,#1146,#1147,#1148,#1149,#1150,#1151,
#1152,#1153,#1154,#1155,#1156,#1157,#1158,#1159,#1160,#1161,#1162,#1163,
#1164));
#8381=EDGE_LOOP('',(#1165,#1166,#1167,#1168,#1169,#1170,#1171,#1172,#1173,
#1174,#1175,#1176,#1177,#1178,#1179,#1180,#1181,#1182,#1183,#1184,#1185,
#1186,#1187,#1188,#1189,#1190));
#8382=EDGE_LOOP('',(#1191,#1192,#1193,#1194,#1195,#1196,#1197,#1198,#1199,
#1200));
#8383=EDGE_LOOP('',(#1201,#1202,#1203,#1204));
#8384=EDGE_LOOP('',(#1205,#1206,#1207,#1208));
#8385=EDGE_LOOP('',(#1209,#1210,#1211,#1212,#1213,#1214,#1215,#1216,#1217,
#1218,#1219,#1220,#1221,#1222,#1223,#1224,#1225,#1226,#1227,#1228,#1229,
#1230,#1231,#1232,#1233,#1234,#1235));
#8386=EDGE_LOOP('',(#1236,#1237,#1238,#1239));
#8387=EDGE_LOOP('',(#1240,#1241,#1242,#1243,#1244));
#8388=EDGE_LOOP('',(#1245,#1246,#1247,#1248));
#8389=EDGE_LOOP('',(#1249,#1250,#1251,#1252));
#8390=EDGE_LOOP('',(#1253,#1254,#1255,#1256));
#8391=EDGE_LOOP('',(#1257,#1258,#1259,#1260));
#8392=EDGE_LOOP('',(#1261,#1262,#1263,#1264));
#8393=EDGE_LOOP('',(#1265,#1266,#1267,#1268,#1269,#1270));
#8394=EDGE_LOOP('',(#1271,#1272,#1273,#1274));
#8395=EDGE_LOOP('',(#1275,#1276,#1277,#1278));
#8396=EDGE_LOOP('',(#1279,#1280,#1281,#1282));
#8397=EDGE_LOOP('',(#1283,#1284,#1285,#1286));
#8398=EDGE_LOOP('',(#1287,#1288,#1289,#1290));
#8399=EDGE_LOOP('',(#1291,#1292,#1293,#1294));
#8400=EDGE_LOOP('',(#1295,#1296,#1297,#1298));
#8401=EDGE_LOOP('',(#1299,#1300,#1301,#1302));
#8402=EDGE_LOOP('',(#1303,#1304,#1305,#1306,#1307,#1308,#1309,#1310,#1311,
#1312,#1313,#1314,#1315,#1316,#1317,#1318,#1319));
#8403=EDGE_LOOP('',(#1320));
#8404=EDGE_LOOP('',(#1321));
#8405=EDGE_LOOP('',(#1322));
#8406=EDGE_LOOP('',(#1323));
#8407=EDGE_LOOP('',(#1324));
#8408=EDGE_LOOP('',(#1325));
#8409=EDGE_LOOP('',(#1326));
#8410=EDGE_LOOP('',(#1327));
#8411=EDGE_LOOP('',(#1328));
#8412=EDGE_LOOP('',(#1329));
#8413=EDGE_LOOP('',(#1330));
#8414=EDGE_LOOP('',(#1331));
#8415=EDGE_LOOP('',(#1332,#1333,#1334,#1335));
#8416=EDGE_LOOP('',(#1336,#1337,#1338,#1339));
#8417=EDGE_LOOP('',(#1340,#1341,#1342,#1343));
#8418=EDGE_LOOP('',(#1344,#1345,#1346,#1347));
#8419=EDGE_LOOP('',(#1348,#1349,#1350,#1351));
#8420=EDGE_LOOP('',(#1352,#1353,#1354,#1355));
#8421=EDGE_LOOP('',(#1356,#1357,#1358,#1359));
#8422=EDGE_LOOP('',(#1360,#1361,#1362,#1363));
#8423=EDGE_LOOP('',(#1364,#1365,#1366,#1367));
#8424=EDGE_LOOP('',(#1368,#1369,#1370,#1371));
#8425=EDGE_LOOP('',(#1372,#1373,#1374,#1375));
#8426=EDGE_LOOP('',(#1376,#1377,#1378,#1379));
#8427=EDGE_LOOP('',(#1380,#1381,#1382,#1383));
#8428=EDGE_LOOP('',(#1384,#1385,#1386,#1387));
#8429=EDGE_LOOP('',(#1388,#1389,#1390,#1391));
#8430=EDGE_LOOP('',(#1392,#1393,#1394,#1395));
#8431=EDGE_LOOP('',(#1396,#1397,#1398,#1399));
#8432=EDGE_LOOP('',(#1400,#1401,#1402,#1403));
#8433=EDGE_LOOP('',(#1404,#1405,#1406,#1407));
#8434=EDGE_LOOP('',(#1408,#1409,#1410,#1411));
#8435=EDGE_LOOP('',(#1412,#1413,#1414,#1415));
#8436=EDGE_LOOP('',(#1416,#1417,#1418,#1419));
#8437=EDGE_LOOP('',(#1420,#1421,#1422,#1423));
#8438=EDGE_LOOP('',(#1424,#1425,#1426,#1427));
#8439=EDGE_LOOP('',(#1428,#1429,#1430,#1431));
#8440=EDGE_LOOP('',(#1432,#1433,#1434,#1435));
#8441=EDGE_LOOP('',(#1436,#1437,#1438,#1439));
#8442=EDGE_LOOP('',(#1440,#1441,#1442,#1443,#1444,#1445,#1446,#1447,#1448,
#1449,#1450,#1451,#1452,#1453));
#8443=EDGE_LOOP('',(#1454,#1455,#1456,#1457));
#8444=EDGE_LOOP('',(#1458,#1459,#1460,#1461));
#8445=EDGE_LOOP('',(#1462,#1463,#1464,#1465));
#8446=EDGE_LOOP('',(#1466,#1467,#1468,#1469));
#8447=EDGE_LOOP('',(#1470,#1471,#1472,#1473));
#8448=EDGE_LOOP('',(#1474,#1475,#1476,#1477));
#8449=EDGE_LOOP('',(#1478,#1479,#1480,#1481));
#8450=EDGE_LOOP('',(#1482,#1483,#1484,#1485));
#8451=EDGE_LOOP('',(#1486,#1487,#1488,#1489));
#8452=EDGE_LOOP('',(#1490,#1491,#1492,#1493));
#8453=EDGE_LOOP('',(#1494,#1495,#1496,#1497));
#8454=EDGE_LOOP('',(#1498,#1499,#1500,#1501));
#8455=EDGE_LOOP('',(#1502,#1503,#1504,#1505));
#8456=EDGE_LOOP('',(#1506,#1507,#1508,#1509));
#8457=EDGE_LOOP('',(#1510,#1511,#1512,#1513));
#8458=EDGE_LOOP('',(#1514,#1515,#1516,#1517));
#8459=EDGE_LOOP('',(#1518,#1519,#1520,#1521));
#8460=EDGE_LOOP('',(#1522,#1523,#1524,#1525));
#8461=EDGE_LOOP('',(#1526,#1527,#1528,#1529));
#8462=EDGE_LOOP('',(#1530,#1531,#1532,#1533));
#8463=EDGE_LOOP('',(#1534,#1535,#1536,#1537));
#8464=EDGE_LOOP('',(#1538,#1539,#1540,#1541));
#8465=EDGE_LOOP('',(#1542,#1543,#1544,#1545));
#8466=EDGE_LOOP('',(#1546,#1547,#1548,#1549));
#8467=EDGE_LOOP('',(#1550,#1551,#1552,#1553));
#8468=EDGE_LOOP('',(#1554,#1555,#1556,#1557));
#8469=EDGE_LOOP('',(#1558,#1559,#1560,#1561));
#8470=EDGE_LOOP('',(#1562,#1563,#1564,#1565));
#8471=EDGE_LOOP('',(#1566,#1567,#1568,#1569,#1570,#1571,#1572,#1573,#1574,
#1575,#1576,#1577,#1578,#1579,#1580,#1581,#1582,#1583));
#8472=EDGE_LOOP('',(#1584,#1585,#1586,#1587,#1588,#1589,#1590,#1591,#1592,
#1593));
#8473=EDGE_LOOP('',(#1594,#1595,#1596,#1597));
#8474=EDGE_LOOP('',(#1598,#1599,#1600,#1601));
#8475=EDGE_LOOP('',(#1602,#1603,#1604,#1605));
#8476=EDGE_LOOP('',(#1606,#1607,#1608,#1609));
#8477=EDGE_LOOP('',(#1610,#1611,#1612,#1613));
#8478=EDGE_LOOP('',(#1614,#1615,#1616,#1617));
#8479=EDGE_LOOP('',(#1618,#1619,#1620,#1621));
#8480=EDGE_LOOP('',(#1622,#1623,#1624,#1625));
#8481=EDGE_LOOP('',(#1626,#1627,#1628,#1629));
#8482=EDGE_LOOP('',(#1630,#1631,#1632,#1633));
#8483=EDGE_LOOP('',(#1634,#1635,#1636,#1637));
#8484=EDGE_LOOP('',(#1638,#1639,#1640,#1641));
#8485=EDGE_LOOP('',(#1642,#1643,#1644,#1645));
#8486=EDGE_LOOP('',(#1646,#1647,#1648,#1649));
#8487=EDGE_LOOP('',(#1650,#1651,#1652,#1653));
#8488=EDGE_LOOP('',(#1654,#1655,#1656,#1657));
#8489=EDGE_LOOP('',(#1658,#1659,#1660,#1661));
#8490=EDGE_LOOP('',(#1662,#1663,#1664,#1665));
#8491=EDGE_LOOP('',(#1666,#1667,#1668,#1669));
#8492=EDGE_LOOP('',(#1670,#1671,#1672,#1673));
#8493=EDGE_LOOP('',(#1674,#1675,#1676,#1677));
#8494=EDGE_LOOP('',(#1678,#1679,#1680,#1681));
#8495=EDGE_LOOP('',(#1682,#1683,#1684,#1685));
#8496=EDGE_LOOP('',(#1686,#1687,#1688,#1689));
#8497=EDGE_LOOP('',(#1690,#1691,#1692,#1693));
#8498=EDGE_LOOP('',(#1694,#1695,#1696,#1697));
#8499=EDGE_LOOP('',(#1698,#1699,#1700,#1701));
#8500=EDGE_LOOP('',(#1702,#1703,#1704,#1705));
#8501=EDGE_LOOP('',(#1706,#1707,#1708,#1709));
#8502=EDGE_LOOP('',(#1710,#1711,#1712,#1713));
#8503=EDGE_LOOP('',(#1714,#1715,#1716,#1717));
#8504=EDGE_LOOP('',(#1718,#1719,#1720,#1721));
#8505=EDGE_LOOP('',(#1722,#1723,#1724,#1725));
#8506=EDGE_LOOP('',(#1726,#1727,#1728,#1729));
#8507=EDGE_LOOP('',(#1730,#1731,#1732,#1733));
#8508=EDGE_LOOP('',(#1734,#1735,#1736,#1737,#1738,#1739,#1740,#1741,#1742,
#1743,#1744,#1745,#1746,#1747,#1748,#1749,#1750,#1751,#1752,#1753,#1754,
#1755,#1756,#1757,#1758,#1759,#1760));
#8509=EDGE_LOOP('',(#1761,#1762,#1763,#1764,#1765,#1766,#1767,#1768));
#8510=EDGE_LOOP('',(#1769,#1770,#1771,#1772));
#8511=EDGE_LOOP('',(#1773,#1774,#1775,#1776));
#8512=EDGE_LOOP('',(#1777,#1778,#1779,#1780));
#8513=EDGE_LOOP('',(#1781,#1782,#1783,#1784));
#8514=EDGE_LOOP('',(#1785,#1786,#1787,#1788));
#8515=EDGE_LOOP('',(#1789,#1790,#1791,#1792));
#8516=EDGE_LOOP('',(#1793,#1794,#1795,#1796));
#8517=EDGE_LOOP('',(#1797,#1798,#1799,#1800));
#8518=EDGE_LOOP('',(#1801,#1802,#1803,#1804));
#8519=EDGE_LOOP('',(#1805,#1806,#1807,#1808));
#8520=EDGE_LOOP('',(#1809,#1810,#1811,#1812));
#8521=EDGE_LOOP('',(#1813,#1814,#1815,#1816));
#8522=EDGE_LOOP('',(#1817,#1818,#1819,#1820));
#8523=EDGE_LOOP('',(#1821,#1822,#1823,#1824));
#8524=EDGE_LOOP('',(#1825,#1826,#1827,#1828));
#8525=EDGE_LOOP('',(#1829,#1830,#1831,#1832));
#8526=EDGE_LOOP('',(#1833,#1834,#1835,#1836));
#8527=EDGE_LOOP('',(#1837,#1838,#1839,#1840));
#8528=EDGE_LOOP('',(#1841,#1842,#1843,#1844));
#8529=EDGE_LOOP('',(#1845,#1846,#1847,#1848));
#8530=EDGE_LOOP('',(#1849,#1850,#1851,#1852,#1853,#1854,#1855,#1856,#1857,
#1858));
#8531=EDGE_LOOP('',(#1859,#1860,#1861,#1862,#1863,#1864,#1865,#1866,#1867,
#1868));
#8532=EDGE_LOOP('',(#1869,#1870,#1871,#1872));
#8533=EDGE_LOOP('',(#1873,#1874,#1875,#1876));
#8534=EDGE_LOOP('',(#1877,#1878,#1879,#1880));
#8535=EDGE_LOOP('',(#1881,#1882,#1883,#1884));
#8536=EDGE_LOOP('',(#1885,#1886,#1887,#1888));
#8537=EDGE_LOOP('',(#1889,#1890,#1891,#1892));
#8538=EDGE_LOOP('',(#1893,#1894,#1895,#1896));
#8539=EDGE_LOOP('',(#1897,#1898,#1899,#1900));
#8540=EDGE_LOOP('',(#1901,#1902,#1903,#1904));
#8541=EDGE_LOOP('',(#1905,#1906,#1907,#1908));
#8542=EDGE_LOOP('',(#1909,#1910,#1911,#1912));
#8543=EDGE_LOOP('',(#1913,#1914,#1915,#1916));
#8544=EDGE_LOOP('',(#1917,#1918,#1919,#1920));
#8545=EDGE_LOOP('',(#1921,#1922,#1923,#1924));
#8546=EDGE_LOOP('',(#1925,#1926,#1927,#1928));
#8547=EDGE_LOOP('',(#1929,#1930,#1931,#1932));
#8548=EDGE_LOOP('',(#1933,#1934,#1935,#1936));
#8549=EDGE_LOOP('',(#1937,#1938,#1939,#1940));
#8550=EDGE_LOOP('',(#1941,#1942,#1943,#1944));
#8551=EDGE_LOOP('',(#1945,#1946,#1947,#1948));
#8552=EDGE_LOOP('',(#1949,#1950,#1951,#1952));
#8553=EDGE_LOOP('',(#1953,#1954,#1955,#1956));
#8554=EDGE_LOOP('',(#1957,#1958,#1959,#1960));
#8555=EDGE_LOOP('',(#1961,#1962,#1963,#1964));
#8556=EDGE_LOOP('',(#1965,#1966,#1967,#1968));
#8557=EDGE_LOOP('',(#1969,#1970,#1971,#1972));
#8558=EDGE_LOOP('',(#1973,#1974,#1975,#1976,#1977,#1978,#1979,#1980,#1981,
#1982,#1983,#1984,#1985,#1986,#1987,#1988));
#8559=EDGE_LOOP('',(#1989,#1990,#1991,#1992,#1993,#1994,#1995,#1996,#1997,
#1998));
#8560=EDGE_LOOP('',(#1999,#2000,#2001,#2002));
#8561=EDGE_LOOP('',(#2003,#2004,#2005,#2006));
#8562=EDGE_LOOP('',(#2007,#2008,#2009,#2010));
#8563=EDGE_LOOP('',(#2011,#2012,#2013,#2014));
#8564=EDGE_LOOP('',(#2015,#2016,#2017,#2018));
#8565=EDGE_LOOP('',(#2019,#2020,#2021,#2022));
#8566=EDGE_LOOP('',(#2023,#2024,#2025,#2026));
#8567=EDGE_LOOP('',(#2027,#2028,#2029,#2030));
#8568=EDGE_LOOP('',(#2031,#2032,#2033,#2034));
#8569=EDGE_LOOP('',(#2035,#2036,#2037,#2038));
#8570=EDGE_LOOP('',(#2039,#2040,#2041,#2042,#2043,#2044,#2045,#2046,#2047,
#2048));
#8571=EDGE_LOOP('',(#2049,#2050,#2051,#2052));
#8572=EDGE_LOOP('',(#2053,#2054,#2055,#2056));
#8573=EDGE_LOOP('',(#2057,#2058,#2059,#2060));
#8574=EDGE_LOOP('',(#2061,#2062,#2063,#2064));
#8575=EDGE_LOOP('',(#2065,#2066,#2067,#2068));
#8576=EDGE_LOOP('',(#2069,#2070,#2071,#2072));
#8577=EDGE_LOOP('',(#2073,#2074,#2075,#2076));
#8578=EDGE_LOOP('',(#2077,#2078,#2079,#2080));
#8579=EDGE_LOOP('',(#2081,#2082,#2083,#2084));
#8580=EDGE_LOOP('',(#2085,#2086,#2087,#2088));
#8581=EDGE_LOOP('',(#2089,#2090,#2091,#2092,#2093,#2094,#2095,#2096,#2097,
#2098));
#8582=EDGE_LOOP('',(#2099,#2100,#2101,#2102));
#8583=EDGE_LOOP('',(#2103,#2104,#2105,#2106));
#8584=EDGE_LOOP('',(#2107,#2108,#2109,#2110));
#8585=EDGE_LOOP('',(#2111,#2112,#2113,#2114));
#8586=EDGE_LOOP('',(#2115,#2116,#2117,#2118));
#8587=EDGE_LOOP('',(#2119,#2120,#2121,#2122));
#8588=EDGE_LOOP('',(#2123,#2124,#2125,#2126));
#8589=EDGE_LOOP('',(#2127,#2128,#2129,#2130));
#8590=EDGE_LOOP('',(#2131,#2132,#2133,#2134));
#8591=EDGE_LOOP('',(#2135,#2136,#2137,#2138));
#8592=EDGE_LOOP('',(#2139,#2140,#2141,#2142));
#8593=EDGE_LOOP('',(#2143,#2144,#2145,#2146));
#8594=EDGE_LOOP('',(#2147,#2148,#2149,#2150));
#8595=EDGE_LOOP('',(#2151,#2152,#2153,#2154));
#8596=EDGE_LOOP('',(#2155,#2156,#2157,#2158));
#8597=EDGE_LOOP('',(#2159,#2160,#2161,#2162));
#8598=EDGE_LOOP('',(#2163,#2164,#2165,#2166));
#8599=EDGE_LOOP('',(#2167,#2168,#2169,#2170));
#8600=EDGE_LOOP('',(#2171,#2172,#2173,#2174));
#8601=EDGE_LOOP('',(#2175,#2176,#2177,#2178));
#8602=EDGE_LOOP('',(#2179,#2180,#2181,#2182));
#8603=EDGE_LOOP('',(#2183,#2184,#2185,#2186));
#8604=EDGE_LOOP('',(#2187,#2188,#2189,#2190));
#8605=EDGE_LOOP('',(#2191,#2192,#2193,#2194));
#8606=EDGE_LOOP('',(#2195,#2196,#2197,#2198));
#8607=EDGE_LOOP('',(#2199,#2200,#2201,#2202,#2203,#2204,#2205,#2206,#2207,
#2208,#2209,#2210,#2211,#2212,#2213,#2214,#2215,#2216,#2217,#2218));
#8608=EDGE_LOOP('',(#2219,#2220,#2221,#2222));
#8609=EDGE_LOOP('',(#2223,#2224,#2225,#2226));
#8610=EDGE_LOOP('',(#2227,#2228,#2229,#2230));
#8611=EDGE_LOOP('',(#2231,#2232,#2233,#2234));
#8612=EDGE_LOOP('',(#2235,#2236,#2237,#2238));
#8613=EDGE_LOOP('',(#2239,#2240,#2241,#2242));
#8614=EDGE_LOOP('',(#2243,#2244,#2245,#2246));
#8615=EDGE_LOOP('',(#2247,#2248,#2249,#2250));
#8616=EDGE_LOOP('',(#2251,#2252,#2253,#2254));
#8617=EDGE_LOOP('',(#2255,#2256,#2257,#2258));
#8618=EDGE_LOOP('',(#2259,#2260,#2261,#2262));
#8619=EDGE_LOOP('',(#2263,#2264,#2265,#2266));
#8620=EDGE_LOOP('',(#2267,#2268,#2269,#2270));
#8621=EDGE_LOOP('',(#2271,#2272,#2273,#2274));
#8622=EDGE_LOOP('',(#2275,#2276,#2277,#2278));
#8623=EDGE_LOOP('',(#2279,#2280,#2281,#2282));
#8624=EDGE_LOOP('',(#2283,#2284,#2285,#2286));
#8625=EDGE_LOOP('',(#2287,#2288,#2289,#2290));
#8626=EDGE_LOOP('',(#2291,#2292,#2293,#2294));
#8627=EDGE_LOOP('',(#2295,#2296,#2297,#2298));
#8628=EDGE_LOOP('',(#2299,#2300,#2301,#2302));
#8629=EDGE_LOOP('',(#2303,#2304,#2305,#2306));
#8630=EDGE_LOOP('',(#2307,#2308,#2309,#2310));
#8631=EDGE_LOOP('',(#2311,#2312,#2313,#2314));
#8632=EDGE_LOOP('',(#2315,#2316,#2317,#2318));
#8633=EDGE_LOOP('',(#2319,#2320,#2321,#2322));
#8634=EDGE_LOOP('',(#2323,#2324,#2325,#2326,#2327,#2328,#2329,#2330,#2331,
#2332,#2333,#2334,#2335,#2336,#2337,#2338,#2339,#2340,#2341,#2342,#2343,
#2344,#2345,#2346,#2347,#2348));
#8635=EDGE_LOOP('',(#2349,#2350,#2351,#2352));
#8636=EDGE_LOOP('',(#2353,#2354,#2355,#2356));
#8637=EDGE_LOOP('',(#2357,#2358,#2359,#2360));
#8638=EDGE_LOOP('',(#2361,#2362,#2363,#2364));
#8639=EDGE_LOOP('',(#2365,#2366,#2367,#2368));
#8640=EDGE_LOOP('',(#2369,#2370,#2371,#2372,#2373));
#8641=EDGE_LOOP('',(#2374,#2375,#2376,#2377));
#8642=EDGE_LOOP('',(#2378,#2379,#2380,#2381));
#8643=EDGE_LOOP('',(#2382,#2383,#2384,#2385));
#8644=EDGE_LOOP('',(#2386,#2387,#2388,#2389));
#8645=EDGE_LOOP('',(#2390,#2391,#2392,#2393));
#8646=EDGE_LOOP('',(#2394,#2395,#2396,#2397));
#8647=EDGE_LOOP('',(#2398,#2399,#2400,#2401));
#8648=EDGE_LOOP('',(#2402,#2403,#2404,#2405));
#8649=EDGE_LOOP('',(#2406,#2407,#2408,#2409));
#8650=EDGE_LOOP('',(#2410,#2411,#2412,#2413));
#8651=EDGE_LOOP('',(#2414,#2415,#2416,#2417));
#8652=EDGE_LOOP('',(#2418,#2419,#2420,#2421));
#8653=EDGE_LOOP('',(#2422,#2423,#2424,#2425));
#8654=EDGE_LOOP('',(#2426,#2427,#2428,#2429));
#8655=EDGE_LOOP('',(#2430,#2431,#2432,#2433));
#8656=EDGE_LOOP('',(#2434,#2435,#2436,#2437));
#8657=EDGE_LOOP('',(#2438,#2439,#2440,#2441));
#8658=EDGE_LOOP('',(#2442,#2443,#2444,#2445));
#8659=EDGE_LOOP('',(#2446,#2447,#2448,#2449));
#8660=EDGE_LOOP('',(#2450,#2451,#2452,#2453));
#8661=EDGE_LOOP('',(#2454,#2455,#2456,#2457));
#8662=EDGE_LOOP('',(#2458,#2459,#2460,#2461));
#8663=EDGE_LOOP('',(#2462,#2463,#2464,#2465));
#8664=EDGE_LOOP('',(#2466,#2467,#2468,#2469));
#8665=EDGE_LOOP('',(#2470,#2471,#2472,#2473));
#8666=EDGE_LOOP('',(#2474,#2475,#2476,#2477));
#8667=EDGE_LOOP('',(#2478,#2479,#2480,#2481));
#8668=EDGE_LOOP('',(#2482,#2483,#2484,#2485));
#8669=EDGE_LOOP('',(#2486,#2487,#2488,#2489));
#8670=EDGE_LOOP('',(#2490,#2491,#2492,#2493));
#8671=EDGE_LOOP('',(#2494,#2495,#2496,#2497,#2498,#2499,#2500,#2501,#2502,
#2503,#2504,#2505,#2506,#2507,#2508,#2509,#2510,#2511,#2512,#2513,#2514,
#2515,#2516,#2517,#2518,#2519,#2520,#2521,#2522,#2523));
#8672=EDGE_LOOP('',(#2524,#2525,#2526,#2527));
#8673=EDGE_LOOP('',(#2528,#2529,#2530,#2531));
#8674=EDGE_LOOP('',(#2532,#2533,#2534,#2535));
#8675=EDGE_LOOP('',(#2536,#2537,#2538,#2539));
#8676=EDGE_LOOP('',(#2540,#2541,#2542,#2543));
#8677=EDGE_LOOP('',(#2544,#2545,#2546,#2547));
#8678=EDGE_LOOP('',(#2548,#2549,#2550,#2551));
#8679=EDGE_LOOP('',(#2552,#2553,#2554,#2555));
#8680=EDGE_LOOP('',(#2556,#2557,#2558,#2559));
#8681=EDGE_LOOP('',(#2560,#2561,#2562,#2563));
#8682=EDGE_LOOP('',(#2564,#2565,#2566,#2567));
#8683=EDGE_LOOP('',(#2568,#2569,#2570,#2571));
#8684=EDGE_LOOP('',(#2572,#2573,#2574,#2575));
#8685=EDGE_LOOP('',(#2576,#2577,#2578,#2579));
#8686=EDGE_LOOP('',(#2580,#2581,#2582,#2583));
#8687=EDGE_LOOP('',(#2584,#2585,#2586,#2587));
#8688=EDGE_LOOP('',(#2588,#2589,#2590,#2591));
#8689=EDGE_LOOP('',(#2592,#2593,#2594,#2595));
#8690=EDGE_LOOP('',(#2596,#2597,#2598,#2599));
#8691=EDGE_LOOP('',(#2600,#2601,#2602,#2603));
#8692=EDGE_LOOP('',(#2604,#2605,#2606,#2607));
#8693=EDGE_LOOP('',(#2608,#2609,#2610,#2611));
#8694=EDGE_LOOP('',(#2612,#2613,#2614,#2615));
#8695=EDGE_LOOP('',(#2616,#2617,#2618,#2619));
#8696=EDGE_LOOP('',(#2620,#2621,#2622,#2623));
#8697=EDGE_LOOP('',(#2624,#2625,#2626,#2627));
#8698=EDGE_LOOP('',(#2628,#2629,#2630,#2631));
#8699=EDGE_LOOP('',(#2632,#2633,#2634,#2635));
#8700=EDGE_LOOP('',(#2636,#2637,#2638,#2639));
#8701=EDGE_LOOP('',(#2640,#2641,#2642,#2643));
#8702=EDGE_LOOP('',(#2644,#2645,#2646,#2647,#2648,#2649,#2650,#2651,#2652,
#2653,#2654,#2655,#2656,#2657,#2658,#2659,#2660,#2661,#2662,#2663,#2664,
#2665,#2666,#2667,#2668,#2669,#2670,#2671,#2672,#2673));
#8703=EDGE_LOOP('',(#2674,#2675,#2676,#2677));
#8704=EDGE_LOOP('',(#2678,#2679,#2680,#2681));
#8705=EDGE_LOOP('',(#2682,#2683,#2684,#2685));
#8706=EDGE_LOOP('',(#2686,#2687,#2688,#2689));
#8707=EDGE_LOOP('',(#2690,#2691,#2692,#2693));
#8708=EDGE_LOOP('',(#2694,#2695,#2696,#2697));
#8709=EDGE_LOOP('',(#2698,#2699,#2700,#2701));
#8710=EDGE_LOOP('',(#2702,#2703,#2704,#2705));
#8711=EDGE_LOOP('',(#2706,#2707,#2708,#2709));
#8712=EDGE_LOOP('',(#2710,#2711,#2712,#2713));
#8713=EDGE_LOOP('',(#2714,#2715,#2716,#2717));
#8714=EDGE_LOOP('',(#2718,#2719,#2720,#2721));
#8715=EDGE_LOOP('',(#2722,#2723,#2724,#2725));
#8716=EDGE_LOOP('',(#2726,#2727,#2728,#2729));
#8717=EDGE_LOOP('',(#2730,#2731,#2732,#2733));
#8718=EDGE_LOOP('',(#2734,#2735,#2736,#2737));
#8719=EDGE_LOOP('',(#2738,#2739,#2740,#2741));
#8720=EDGE_LOOP('',(#2742,#2743,#2744,#2745));
#8721=EDGE_LOOP('',(#2746,#2747,#2748,#2749));
#8722=EDGE_LOOP('',(#2750,#2751,#2752,#2753));
#8723=EDGE_LOOP('',(#2754,#2755,#2756,#2757));
#8724=EDGE_LOOP('',(#2758,#2759,#2760,#2761));
#8725=EDGE_LOOP('',(#2762,#2763,#2764,#2765));
#8726=EDGE_LOOP('',(#2766,#2767,#2768,#2769));
#8727=EDGE_LOOP('',(#2770,#2771,#2772,#2773,#2774,#2775,#2776,#2777,#2778,
#2779,#2780,#2781,#2782,#2783,#2784,#2785,#2786));
#8728=EDGE_LOOP('',(#2787,#2788,#2789,#2790,#2791,#2792,#2793));
#8729=EDGE_LOOP('',(#2794,#2795,#2796,#2797));
#8730=EDGE_LOOP('',(#2798,#2799,#2800,#2801));
#8731=EDGE_LOOP('',(#2802,#2803,#2804,#2805));
#8732=EDGE_LOOP('',(#2806,#2807,#2808,#2809));
#8733=EDGE_LOOP('',(#2810,#2811,#2812,#2813));
#8734=EDGE_LOOP('',(#2814,#2815,#2816,#2817));
#8735=EDGE_LOOP('',(#2818,#2819,#2820,#2821));
#8736=EDGE_LOOP('',(#2822,#2823,#2824,#2825));
#8737=EDGE_LOOP('',(#2826,#2827,#2828,#2829));
#8738=EDGE_LOOP('',(#2830,#2831,#2832,#2833));
#8739=EDGE_LOOP('',(#2834,#2835,#2836,#2837));
#8740=EDGE_LOOP('',(#2838,#2839,#2840,#2841));
#8741=EDGE_LOOP('',(#2842,#2843,#2844,#2845));
#8742=EDGE_LOOP('',(#2846,#2847,#2848,#2849));
#8743=EDGE_LOOP('',(#2850,#2851,#2852,#2853));
#8744=EDGE_LOOP('',(#2854,#2855,#2856,#2857));
#8745=EDGE_LOOP('',(#2858,#2859,#2860,#2861));
#8746=EDGE_LOOP('',(#2862,#2863,#2864,#2865));
#8747=EDGE_LOOP('',(#2866,#2867,#2868,#2869));
#8748=EDGE_LOOP('',(#2870,#2871,#2872,#2873));
#8749=EDGE_LOOP('',(#2874,#2875,#2876,#2877));
#8750=EDGE_LOOP('',(#2878,#2879,#2880,#2881));
#8751=EDGE_LOOP('',(#2882,#2883,#2884,#2885));
#8752=EDGE_LOOP('',(#2886,#2887,#2888,#2889));
#8753=EDGE_LOOP('',(#2890,#2891,#2892,#2893));
#8754=EDGE_LOOP('',(#2894,#2895,#2896,#2897));
#8755=EDGE_LOOP('',(#2898,#2899,#2900,#2901));
#8756=EDGE_LOOP('',(#2902,#2903,#2904,#2905));
#8757=EDGE_LOOP('',(#2906,#2907,#2908,#2909));
#8758=EDGE_LOOP('',(#2910,#2911,#2912,#2913));
#8759=EDGE_LOOP('',(#2914,#2915,#2916,#2917,#2918,#2919,#2920,#2921,#2922,
#2923,#2924,#2925,#2926,#2927,#2928,#2929,#2930,#2931,#2932,#2933));
#8760=EDGE_LOOP('',(#2934,#2935,#2936,#2937,#2938,#2939,#2940,#2941,#2942,
#2943));
#8761=EDGE_LOOP('',(#2944,#2945,#2946,#2947));
#8762=EDGE_LOOP('',(#2948,#2949,#2950,#2951));
#8763=EDGE_LOOP('',(#2952,#2953,#2954,#2955));
#8764=EDGE_LOOP('',(#2956,#2957,#2958,#2959));
#8765=EDGE_LOOP('',(#2960,#2961,#2962,#2963));
#8766=EDGE_LOOP('',(#2964,#2965,#2966,#2967));
#8767=EDGE_LOOP('',(#2968,#2969,#2970,#2971));
#8768=EDGE_LOOP('',(#2972,#2973,#2974,#2975));
#8769=EDGE_LOOP('',(#2976,#2977,#2978,#2979));
#8770=EDGE_LOOP('',(#2980,#2981,#2982,#2983));
#8771=EDGE_LOOP('',(#2984,#2985,#2986,#2987));
#8772=EDGE_LOOP('',(#2988,#2989,#2990,#2991));
#8773=EDGE_LOOP('',(#2992,#2993,#2994,#2995));
#8774=EDGE_LOOP('',(#2996,#2997,#2998,#2999));
#8775=EDGE_LOOP('',(#3000,#3001,#3002,#3003));
#8776=EDGE_LOOP('',(#3004,#3005,#3006,#3007));
#8777=EDGE_LOOP('',(#3008,#3009,#3010,#3011));
#8778=EDGE_LOOP('',(#3012,#3013,#3014,#3015));
#8779=EDGE_LOOP('',(#3016,#3017,#3018,#3019));
#8780=EDGE_LOOP('',(#3020,#3021,#3022,#3023));
#8781=EDGE_LOOP('',(#3024,#3025,#3026,#3027));
#8782=EDGE_LOOP('',(#3028,#3029,#3030,#3031));
#8783=EDGE_LOOP('',(#3032,#3033,#3034,#3035));
#8784=EDGE_LOOP('',(#3036,#3037,#3038,#3039));
#8785=EDGE_LOOP('',(#3040,#3041,#3042,#3043));
#8786=EDGE_LOOP('',(#3044,#3045,#3046,#3047));
#8787=EDGE_LOOP('',(#3048,#3049,#3050,#3051));
#8788=EDGE_LOOP('',(#3052,#3053,#3054,#3055));
#8789=EDGE_LOOP('',(#3056,#3057,#3058,#3059));
#8790=EDGE_LOOP('',(#3060,#3061,#3062,#3063));
#8791=EDGE_LOOP('',(#3064,#3065,#3066,#3067));
#8792=EDGE_LOOP('',(#3068,#3069,#3070,#3071));
#8793=EDGE_LOOP('',(#3072,#3073,#3074,#3075));
#8794=EDGE_LOOP('',(#3076,#3077,#3078,#3079));
#8795=EDGE_LOOP('',(#3080,#3081,#3082,#3083));
#8796=EDGE_LOOP('',(#3084,#3085,#3086,#3087,#3088,#3089,#3090,#3091,#3092,
#3093,#3094,#3095,#3096,#3097,#3098,#3099,#3100,#3101,#3102,#3103,#3104,
#3105,#3106,#3107,#3108,#3109,#3110));
#8797=EDGE_LOOP('',(#3111,#3112,#3113,#3114,#3115,#3116,#3117,#3118));
#8798=EDGE_LOOP('',(#3119,#3120,#3121,#3122));
#8799=EDGE_LOOP('',(#3123,#3124,#3125,#3126));
#8800=EDGE_LOOP('',(#3127,#3128,#3129,#3130));
#8801=EDGE_LOOP('',(#3131,#3132,#3133,#3134));
#8802=EDGE_LOOP('',(#3135,#3136,#3137,#3138));
#8803=EDGE_LOOP('',(#3139,#3140,#3141,#3142));
#8804=EDGE_LOOP('',(#3143,#3144,#3145,#3146));
#8805=EDGE_LOOP('',(#3147,#3148,#3149,#3150));
#8806=EDGE_LOOP('',(#3151,#3152,#3153,#3154));
#8807=EDGE_LOOP('',(#3155,#3156,#3157,#3158));
#8808=EDGE_LOOP('',(#3159,#3160,#3161,#3162));
#8809=EDGE_LOOP('',(#3163,#3164,#3165,#3166));
#8810=EDGE_LOOP('',(#3167,#3168,#3169,#3170));
#8811=EDGE_LOOP('',(#3171,#3172,#3173,#3174));
#8812=EDGE_LOOP('',(#3175,#3176,#3177,#3178));
#8813=EDGE_LOOP('',(#3179,#3180,#3181,#3182));
#8814=EDGE_LOOP('',(#3183,#3184,#3185,#3186));
#8815=EDGE_LOOP('',(#3187,#3188,#3189,#3190));
#8816=EDGE_LOOP('',(#3191,#3192,#3193,#3194));
#8817=EDGE_LOOP('',(#3195,#3196,#3197,#3198));
#8818=EDGE_LOOP('',(#3199,#3200,#3201,#3202));
#8819=EDGE_LOOP('',(#3203,#3204,#3205,#3206));
#8820=EDGE_LOOP('',(#3207,#3208,#3209,#3210));
#8821=EDGE_LOOP('',(#3211,#3212,#3213,#3214));
#8822=EDGE_LOOP('',(#3215,#3216,#3217,#3218));
#8823=EDGE_LOOP('',(#3219,#3220,#3221,#3222));
#8824=EDGE_LOOP('',(#3223,#3224,#3225,#3226));
#8825=EDGE_LOOP('',(#3227,#3228,#3229,#3230));
#8826=EDGE_LOOP('',(#3231,#3232,#3233,#3234));
#8827=EDGE_LOOP('',(#3235,#3236,#3237,#3238));
#8828=EDGE_LOOP('',(#3239,#3240,#3241,#3242));
#8829=EDGE_LOOP('',(#3243,#3244,#3245,#3246));
#8830=EDGE_LOOP('',(#3247,#3248,#3249,#3250,#3251,#3252,#3253,#3254,#3255,
#3256,#3257,#3258,#3259,#3260,#3261,#3262,#3263,#3264,#3265,#3266,#3267,
#3268));
#8831=EDGE_LOOP('',(#3269,#3270,#3271,#3272,#3273,#3274,#3275,#3276,#3277,
#3278));
#8832=EDGE_LOOP('',(#3279,#3280,#3281,#3282));
#8833=EDGE_LOOP('',(#3283,#3284,#3285,#3286));
#8834=EDGE_LOOP('',(#3287,#3288,#3289,#3290));
#8835=EDGE_LOOP('',(#3291,#3292,#3293,#3294));
#8836=EDGE_LOOP('',(#3295,#3296,#3297,#3298));
#8837=EDGE_LOOP('',(#3299,#3300,#3301,#3302));
#8838=EDGE_LOOP('',(#3303,#3304,#3305,#3306));
#8839=EDGE_LOOP('',(#3307,#3308,#3309,#3310));
#8840=EDGE_LOOP('',(#3311,#3312,#3313,#3314));
#8841=EDGE_LOOP('',(#3315,#3316,#3317,#3318));
#8842=EDGE_LOOP('',(#3319,#3320,#3321,#3322));
#8843=EDGE_LOOP('',(#3323,#3324,#3325,#3326));
#8844=EDGE_LOOP('',(#3327,#3328,#3329,#3330));
#8845=EDGE_LOOP('',(#3331,#3332,#3333,#3334));
#8846=EDGE_LOOP('',(#3335,#3336,#3337,#3338));
#8847=EDGE_LOOP('',(#3339,#3340,#3341,#3342));
#8848=EDGE_LOOP('',(#3343,#3344,#3345,#3346));
#8849=EDGE_LOOP('',(#3347,#3348,#3349,#3350));
#8850=EDGE_LOOP('',(#3351,#3352,#3353,#3354));
#8851=EDGE_LOOP('',(#3355,#3356,#3357,#3358));
#8852=EDGE_LOOP('',(#3359,#3360,#3361,#3362));
#8853=EDGE_LOOP('',(#3363,#3364,#3365,#3366));
#8854=EDGE_LOOP('',(#3367,#3368,#3369,#3370));
#8855=EDGE_LOOP('',(#3371,#3372,#3373,#3374));
#8856=EDGE_LOOP('',(#3375,#3376,#3377,#3378));
#8857=EDGE_LOOP('',(#3379,#3380,#3381,#3382));
#8858=EDGE_LOOP('',(#3383,#3384,#3385,#3386));
#8859=EDGE_LOOP('',(#3387,#3388,#3389,#3390));
#8860=EDGE_LOOP('',(#3391,#3392,#3393,#3394));
#8861=EDGE_LOOP('',(#3395,#3396,#3397,#3398,#3399,#3400,#3401,#3402,#3403,
#3404,#3405,#3406,#3407,#3408,#3409,#3410,#3411,#3412,#3413,#3414,#3415,
#3416,#3417,#3418,#3419,#3420,#3421,#3422,#3423));
#8862=EDGE_LOOP('',(#3424,#3425,#3426,#3427));
#8863=EDGE_LOOP('',(#3428,#3429,#3430,#3431));
#8864=EDGE_LOOP('',(#3432,#3433,#3434,#3435));
#8865=EDGE_LOOP('',(#3436,#3437,#3438,#3439));
#8866=EDGE_LOOP('',(#3440,#3441,#3442,#3443));
#8867=EDGE_LOOP('',(#3444,#3445,#3446,#3447));
#8868=EDGE_LOOP('',(#3448,#3449,#3450,#3451));
#8869=EDGE_LOOP('',(#3452,#3453,#3454,#3455));
#8870=EDGE_LOOP('',(#3456,#3457,#3458,#3459));
#8871=EDGE_LOOP('',(#3460,#3461,#3462,#3463));
#8872=EDGE_LOOP('',(#3464,#3465,#3466,#3467));
#8873=EDGE_LOOP('',(#3468,#3469,#3470,#3471));
#8874=EDGE_LOOP('',(#3472,#3473,#3474,#3475));
#8875=EDGE_LOOP('',(#3476,#3477,#3478,#3479));
#8876=EDGE_LOOP('',(#3480,#3481,#3482,#3483));
#8877=EDGE_LOOP('',(#3484,#3485,#3486,#3487));
#8878=EDGE_LOOP('',(#3488,#3489,#3490,#3491));
#8879=EDGE_LOOP('',(#3492,#3493,#3494,#3495));
#8880=EDGE_LOOP('',(#3496,#3497,#3498,#3499));
#8881=EDGE_LOOP('',(#3500,#3501,#3502,#3503));
#8882=EDGE_LOOP('',(#3504,#3505,#3506,#3507));
#8883=EDGE_LOOP('',(#3508,#3509,#3510,#3511));
#8884=EDGE_LOOP('',(#3512,#3513,#3514,#3515));
#8885=EDGE_LOOP('',(#3516,#3517,#3518,#3519));
#8886=EDGE_LOOP('',(#3520,#3521,#3522,#3523));
#8887=EDGE_LOOP('',(#3524,#3525,#3526,#3527));
#8888=EDGE_LOOP('',(#3528,#3529,#3530,#3531,#3532,#3533,#3534,#3535,#3536,
#3537,#3538,#3539,#3540,#3541,#3542,#3543,#3544,#3545,#3546,#3547,#3548,
#3549,#3550,#3551,#3552,#3553));
#8889=EDGE_LOOP('',(#3554,#3555,#3556,#3557));
#8890=EDGE_LOOP('',(#3558,#3559,#3560,#3561));
#8891=EDGE_LOOP('',(#3562,#3563,#3564,#3565));
#8892=EDGE_LOOP('',(#3566,#3567,#3568,#3569));
#8893=EDGE_LOOP('',(#3570,#3571,#3572,#3573));
#8894=EDGE_LOOP('',(#3574,#3575,#3576,#3577));
#8895=EDGE_LOOP('',(#3578,#3579,#3580,#3581));
#8896=EDGE_LOOP('',(#3582,#3583,#3584,#3585));
#8897=EDGE_LOOP('',(#3586,#3587,#3588,#3589));
#8898=EDGE_LOOP('',(#3590,#3591,#3592,#3593));
#8899=EDGE_LOOP('',(#3594,#3595,#3596,#3597));
#8900=EDGE_LOOP('',(#3598,#3599,#3600,#3601));
#8901=EDGE_LOOP('',(#3602,#3603,#3604,#3605));
#8902=EDGE_LOOP('',(#3606,#3607,#3608,#3609));
#8903=EDGE_LOOP('',(#3610,#3611,#3612,#3613));
#8904=EDGE_LOOP('',(#3614,#3615,#3616,#3617));
#8905=EDGE_LOOP('',(#3618,#3619,#3620,#3621));
#8906=EDGE_LOOP('',(#3622,#3623,#3624,#3625));
#8907=EDGE_LOOP('',(#3626,#3627,#3628,#3629));
#8908=EDGE_LOOP('',(#3630,#3631,#3632,#3633,#3634,#3635,#3636,#3637,#3638,
#3639,#3640,#3641,#3642,#3643,#3644,#3645,#3646,#3647,#3648));
#8909=EDGE_LOOP('',(#3649,#3650,#3651,#3652));
#8910=EDGE_LOOP('',(#3653,#3654,#3655,#3656));
#8911=EDGE_LOOP('',(#3657,#3658,#3659,#3660));
#8912=EDGE_LOOP('',(#3661,#3662,#3663,#3664));
#8913=EDGE_LOOP('',(#3665,#3666,#3667,#3668));
#8914=EDGE_LOOP('',(#3669,#3670,#3671,#3672));
#8915=EDGE_LOOP('',(#3673,#3674,#3675,#3676));
#8916=EDGE_LOOP('',(#3677,#3678,#3679,#3680));
#8917=EDGE_LOOP('',(#3681,#3682,#3683,#3684));
#8918=EDGE_LOOP('',(#3685,#3686,#3687,#3688));
#8919=EDGE_LOOP('',(#3689,#3690,#3691,#3692));
#8920=EDGE_LOOP('',(#3693,#3694,#3695,#3696));
#8921=EDGE_LOOP('',(#3697,#3698,#3699,#3700));
#8922=EDGE_LOOP('',(#3701,#3702,#3703,#3704));
#8923=EDGE_LOOP('',(#3705,#3706,#3707,#3708));
#8924=EDGE_LOOP('',(#3709,#3710,#3711,#3712));
#8925=EDGE_LOOP('',(#3713,#3714,#3715,#3716));
#8926=EDGE_LOOP('',(#3717,#3718,#3719,#3720));
#8927=EDGE_LOOP('',(#3721,#3722,#3723,#3724));
#8928=EDGE_LOOP('',(#3725,#3726,#3727,#3728));
#8929=EDGE_LOOP('',(#3729,#3730,#3731,#3732,#3733,#3734,#3735,#3736,#3737,
#3738));
#8930=EDGE_LOOP('',(#3739,#3740,#3741,#3742,#3743,#3744,#3745,#3746,#3747,
#3748));
#8931=EDGE_LOOP('',(#3749,#3750,#3751,#3752,#3753,#3754,#3755,#3756,#3757,
#3758));
#8932=EDGE_LOOP('',(#3759,#3760,#3761,#3762,#3763,#3764,#3765,#3766));
#8933=EDGE_LOOP('',(#3767,#3768,#3769,#3770,#3771,#3772,#3773,#3774,#3775,
#3776));
#8934=EDGE_LOOP('',(#3777,#3778,#3779,#3780,#3781,#3782,#3783,#3784,#3785,
#3786));
#8935=EDGE_LOOP('',(#3787,#3788,#3789,#3790,#3791,#3792,#3793));
#8936=EDGE_LOOP('',(#3794,#3795,#3796,#3797,#3798,#3799,#3800,#3801,#3802,
#3803));
#8937=EDGE_LOOP('',(#3804,#3805,#3806,#3807,#3808,#3809,#3810,#3811));
#8938=EDGE_LOOP('',(#3812,#3813,#3814,#3815,#3816,#3817,#3818,#3819,#3820,
#3821));
#8939=EDGE_LOOP('',(#3822,#3823,#3824,#3825,#3826,#3827,#3828,#3829,#3830,
#3831));
#8940=FACE_BOUND('',#8361,.T.);
#8941=FACE_BOUND('',#8362,.T.);
#8942=FACE_BOUND('',#8363,.T.);
#8943=FACE_BOUND('',#8364,.T.);
#8944=FACE_BOUND('',#8365,.T.);
#8945=FACE_BOUND('',#8366,.T.);
#8946=FACE_BOUND('',#8367,.T.);
#8947=FACE_BOUND('',#8368,.T.);
#8948=FACE_BOUND('',#8369,.T.);
#8949=FACE_BOUND('',#8370,.T.);
#8950=FACE_BOUND('',#8371,.T.);
#8951=FACE_BOUND('',#8372,.T.);
#8952=FACE_BOUND('',#8373,.T.);
#8953=FACE_BOUND('',#8374,.T.);
#8954=FACE_BOUND('',#8375,.T.);
#8955=FACE_BOUND('',#8376,.T.);
#8956=FACE_BOUND('',#8377,.T.);
#8957=FACE_BOUND('',#8378,.T.);
#8958=FACE_BOUND('',#8379,.T.);
#8959=FACE_BOUND('',#8380,.T.);
#8960=FACE_BOUND('',#8381,.T.);
#8961=FACE_BOUND('',#8382,.T.);
#8962=FACE_BOUND('',#8383,.T.);
#8963=FACE_BOUND('',#8384,.T.);
#8964=FACE_BOUND('',#8385,.T.);
#8965=FACE_BOUND('',#8386,.T.);
#8966=FACE_BOUND('',#8387,.T.);
#8967=FACE_BOUND('',#8388,.T.);
#8968=FACE_BOUND('',#8389,.T.);
#8969=FACE_BOUND('',#8390,.T.);
#8970=FACE_BOUND('',#8391,.T.);
#8971=FACE_BOUND('',#8392,.T.);
#8972=FACE_BOUND('',#8393,.T.);
#8973=FACE_BOUND('',#8394,.T.);
#8974=FACE_BOUND('',#8395,.T.);
#8975=FACE_BOUND('',#8396,.T.);
#8976=FACE_BOUND('',#8397,.T.);
#8977=FACE_BOUND('',#8398,.T.);
#8978=FACE_BOUND('',#8399,.T.);
#8979=FACE_BOUND('',#8400,.T.);
#8980=FACE_BOUND('',#8401,.T.);
#8981=FACE_BOUND('',#8402,.T.);
#8982=FACE_BOUND('',#8403,.T.);
#8983=FACE_BOUND('',#8404,.T.);
#8984=FACE_BOUND('',#8405,.T.);
#8985=FACE_BOUND('',#8406,.T.);
#8986=FACE_BOUND('',#8407,.T.);
#8987=FACE_BOUND('',#8408,.T.);
#8988=FACE_BOUND('',#8409,.T.);
#8989=FACE_BOUND('',#8410,.T.);
#8990=FACE_BOUND('',#8411,.T.);
#8991=FACE_BOUND('',#8412,.T.);
#8992=FACE_BOUND('',#8413,.T.);
#8993=FACE_BOUND('',#8414,.T.);
#8994=FACE_BOUND('',#8415,.T.);
#8995=FACE_BOUND('',#8416,.T.);
#8996=FACE_BOUND('',#8417,.T.);
#8997=FACE_BOUND('',#8418,.T.);
#8998=FACE_BOUND('',#8419,.T.);
#8999=FACE_BOUND('',#8420,.T.);
#9000=FACE_BOUND('',#8421,.T.);
#9001=FACE_BOUND('',#8422,.T.);
#9002=FACE_BOUND('',#8423,.T.);
#9003=FACE_BOUND('',#8424,.T.);
#9004=FACE_BOUND('',#8425,.T.);
#9005=FACE_BOUND('',#8426,.T.);
#9006=FACE_BOUND('',#8427,.T.);
#9007=FACE_BOUND('',#8428,.T.);
#9008=FACE_BOUND('',#8429,.T.);
#9009=FACE_BOUND('',#8430,.T.);
#9010=FACE_BOUND('',#8431,.T.);
#9011=FACE_BOUND('',#8432,.T.);
#9012=FACE_BOUND('',#8433,.T.);
#9013=FACE_BOUND('',#8434,.T.);
#9014=FACE_BOUND('',#8435,.T.);
#9015=FACE_BOUND('',#8436,.T.);
#9016=FACE_BOUND('',#8437,.T.);
#9017=FACE_BOUND('',#8438,.T.);
#9018=FACE_BOUND('',#8439,.T.);
#9019=FACE_BOUND('',#8440,.T.);
#9020=FACE_BOUND('',#8441,.T.);
#9021=FACE_BOUND('',#8442,.T.);
#9022=FACE_BOUND('',#8443,.T.);
#9023=FACE_BOUND('',#8444,.T.);
#9024=FACE_BOUND('',#8445,.T.);
#9025=FACE_BOUND('',#8446,.T.);
#9026=FACE_BOUND('',#8447,.T.);
#9027=FACE_BOUND('',#8448,.T.);
#9028=FACE_BOUND('',#8449,.T.);
#9029=FACE_BOUND('',#8450,.T.);
#9030=FACE_BOUND('',#8451,.T.);
#9031=FACE_BOUND('',#8452,.T.);
#9032=FACE_BOUND('',#8453,.T.);
#9033=FACE_BOUND('',#8454,.T.);
#9034=FACE_BOUND('',#8455,.T.);
#9035=FACE_BOUND('',#8456,.T.);
#9036=FACE_BOUND('',#8457,.T.);
#9037=FACE_BOUND('',#8458,.T.);
#9038=FACE_BOUND('',#8459,.T.);
#9039=FACE_BOUND('',#8460,.T.);
#9040=FACE_BOUND('',#8461,.T.);
#9041=FACE_BOUND('',#8462,.T.);
#9042=FACE_BOUND('',#8463,.T.);
#9043=FACE_BOUND('',#8464,.T.);
#9044=FACE_BOUND('',#8465,.T.);
#9045=FACE_BOUND('',#8466,.T.);
#9046=FACE_BOUND('',#8467,.T.);
#9047=FACE_BOUND('',#8468,.T.);
#9048=FACE_BOUND('',#8469,.T.);
#9049=FACE_BOUND('',#8470,.T.);
#9050=FACE_BOUND('',#8471,.T.);
#9051=FACE_BOUND('',#8472,.T.);
#9052=FACE_BOUND('',#8473,.T.);
#9053=FACE_BOUND('',#8474,.T.);
#9054=FACE_BOUND('',#8475,.T.);
#9055=FACE_BOUND('',#8476,.T.);
#9056=FACE_BOUND('',#8477,.T.);
#9057=FACE_BOUND('',#8478,.T.);
#9058=FACE_BOUND('',#8479,.T.);
#9059=FACE_BOUND('',#8480,.T.);
#9060=FACE_BOUND('',#8481,.T.);
#9061=FACE_BOUND('',#8482,.T.);
#9062=FACE_BOUND('',#8483,.T.);
#9063=FACE_BOUND('',#8484,.T.);
#9064=FACE_BOUND('',#8485,.T.);
#9065=FACE_BOUND('',#8486,.T.);
#9066=FACE_BOUND('',#8487,.T.);
#9067=FACE_BOUND('',#8488,.T.);
#9068=FACE_BOUND('',#8489,.T.);
#9069=FACE_BOUND('',#8490,.T.);
#9070=FACE_BOUND('',#8491,.T.);
#9071=FACE_BOUND('',#8492,.T.);
#9072=FACE_BOUND('',#8493,.T.);
#9073=FACE_BOUND('',#8494,.T.);
#9074=FACE_BOUND('',#8495,.T.);
#9075=FACE_BOUND('',#8496,.T.);
#9076=FACE_BOUND('',#8497,.T.);
#9077=FACE_BOUND('',#8498,.T.);
#9078=FACE_BOUND('',#8499,.T.);
#9079=FACE_BOUND('',#8500,.T.);
#9080=FACE_BOUND('',#8501,.T.);
#9081=FACE_BOUND('',#8502,.T.);
#9082=FACE_BOUND('',#8503,.T.);
#9083=FACE_BOUND('',#8504,.T.);
#9084=FACE_BOUND('',#8505,.T.);
#9085=FACE_BOUND('',#8506,.T.);
#9086=FACE_BOUND('',#8507,.T.);
#9087=FACE_BOUND('',#8508,.T.);
#9088=FACE_BOUND('',#8509,.T.);
#9089=FACE_BOUND('',#8510,.T.);
#9090=FACE_BOUND('',#8511,.T.);
#9091=FACE_BOUND('',#8512,.T.);
#9092=FACE_BOUND('',#8513,.T.);
#9093=FACE_BOUND('',#8514,.T.);
#9094=FACE_BOUND('',#8515,.T.);
#9095=FACE_BOUND('',#8516,.T.);
#9096=FACE_BOUND('',#8517,.T.);
#9097=FACE_BOUND('',#8518,.T.);
#9098=FACE_BOUND('',#8519,.T.);
#9099=FACE_BOUND('',#8520,.T.);
#9100=FACE_BOUND('',#8521,.T.);
#9101=FACE_BOUND('',#8522,.T.);
#9102=FACE_BOUND('',#8523,.T.);
#9103=FACE_BOUND('',#8524,.T.);
#9104=FACE_BOUND('',#8525,.T.);
#9105=FACE_BOUND('',#8526,.T.);
#9106=FACE_BOUND('',#8527,.T.);
#9107=FACE_BOUND('',#8528,.T.);
#9108=FACE_BOUND('',#8529,.T.);
#9109=FACE_BOUND('',#8530,.T.);
#9110=FACE_BOUND('',#8531,.T.);
#9111=FACE_BOUND('',#8532,.T.);
#9112=FACE_BOUND('',#8533,.T.);
#9113=FACE_BOUND('',#8534,.T.);
#9114=FACE_BOUND('',#8535,.T.);
#9115=FACE_BOUND('',#8536,.T.);
#9116=FACE_BOUND('',#8537,.T.);
#9117=FACE_BOUND('',#8538,.T.);
#9118=FACE_BOUND('',#8539,.T.);
#9119=FACE_BOUND('',#8540,.T.);
#9120=FACE_BOUND('',#8541,.T.);
#9121=FACE_BOUND('',#8542,.T.);
#9122=FACE_BOUND('',#8543,.T.);
#9123=FACE_BOUND('',#8544,.T.);
#9124=FACE_BOUND('',#8545,.T.);
#9125=FACE_BOUND('',#8546,.T.);
#9126=FACE_BOUND('',#8547,.T.);
#9127=FACE_BOUND('',#8548,.T.);
#9128=FACE_BOUND('',#8549,.T.);
#9129=FACE_BOUND('',#8550,.T.);
#9130=FACE_BOUND('',#8551,.T.);
#9131=FACE_BOUND('',#8552,.T.);
#9132=FACE_BOUND('',#8553,.T.);
#9133=FACE_BOUND('',#8554,.T.);
#9134=FACE_BOUND('',#8555,.T.);
#9135=FACE_BOUND('',#8556,.T.);
#9136=FACE_BOUND('',#8557,.T.);
#9137=FACE_BOUND('',#8558,.T.);
#9138=FACE_BOUND('',#8559,.T.);
#9139=FACE_BOUND('',#8560,.T.);
#9140=FACE_BOUND('',#8561,.T.);
#9141=FACE_BOUND('',#8562,.T.);
#9142=FACE_BOUND('',#8563,.T.);
#9143=FACE_BOUND('',#8564,.T.);
#9144=FACE_BOUND('',#8565,.T.);
#9145=FACE_BOUND('',#8566,.T.);
#9146=FACE_BOUND('',#8567,.T.);
#9147=FACE_BOUND('',#8568,.T.);
#9148=FACE_BOUND('',#8569,.T.);
#9149=FACE_BOUND('',#8570,.T.);
#9150=FACE_BOUND('',#8571,.T.);
#9151=FACE_BOUND('',#8572,.T.);
#9152=FACE_BOUND('',#8573,.T.);
#9153=FACE_BOUND('',#8574,.T.);
#9154=FACE_BOUND('',#8575,.T.);
#9155=FACE_BOUND('',#8576,.T.);
#9156=FACE_BOUND('',#8577,.T.);
#9157=FACE_BOUND('',#8578,.T.);
#9158=FACE_BOUND('',#8579,.T.);
#9159=FACE_BOUND('',#8580,.T.);
#9160=FACE_BOUND('',#8581,.T.);
#9161=FACE_BOUND('',#8582,.T.);
#9162=FACE_BOUND('',#8583,.T.);
#9163=FACE_BOUND('',#8584,.T.);
#9164=FACE_BOUND('',#8585,.T.);
#9165=FACE_BOUND('',#8586,.T.);
#9166=FACE_BOUND('',#8587,.T.);
#9167=FACE_BOUND('',#8588,.T.);
#9168=FACE_BOUND('',#8589,.T.);
#9169=FACE_BOUND('',#8590,.T.);
#9170=FACE_BOUND('',#8591,.T.);
#9171=FACE_BOUND('',#8592,.T.);
#9172=FACE_BOUND('',#8593,.T.);
#9173=FACE_BOUND('',#8594,.T.);
#9174=FACE_BOUND('',#8595,.T.);
#9175=FACE_BOUND('',#8596,.T.);
#9176=FACE_BOUND('',#8597,.T.);
#9177=FACE_BOUND('',#8598,.T.);
#9178=FACE_BOUND('',#8599,.T.);
#9179=FACE_BOUND('',#8600,.T.);
#9180=FACE_BOUND('',#8601,.T.);
#9181=FACE_BOUND('',#8602,.T.);
#9182=FACE_BOUND('',#8603,.T.);
#9183=FACE_BOUND('',#8604,.T.);
#9184=FACE_BOUND('',#8605,.T.);
#9185=FACE_BOUND('',#8606,.T.);
#9186=FACE_BOUND('',#8607,.T.);
#9187=FACE_BOUND('',#8608,.T.);
#9188=FACE_BOUND('',#8609,.T.);
#9189=FACE_BOUND('',#8610,.T.);
#9190=FACE_BOUND('',#8611,.T.);
#9191=FACE_BOUND('',#8612,.T.);
#9192=FACE_BOUND('',#8613,.T.);
#9193=FACE_BOUND('',#8614,.T.);
#9194=FACE_BOUND('',#8615,.T.);
#9195=FACE_BOUND('',#8616,.T.);
#9196=FACE_BOUND('',#8617,.T.);
#9197=FACE_BOUND('',#8618,.T.);
#9198=FACE_BOUND('',#8619,.T.);
#9199=FACE_BOUND('',#8620,.T.);
#9200=FACE_BOUND('',#8621,.T.);
#9201=FACE_BOUND('',#8622,.T.);
#9202=FACE_BOUND('',#8623,.T.);
#9203=FACE_BOUND('',#8624,.T.);
#9204=FACE_BOUND('',#8625,.T.);
#9205=FACE_BOUND('',#8626,.T.);
#9206=FACE_BOUND('',#8627,.T.);
#9207=FACE_BOUND('',#8628,.T.);
#9208=FACE_BOUND('',#8629,.T.);
#9209=FACE_BOUND('',#8630,.T.);
#9210=FACE_BOUND('',#8631,.T.);
#9211=FACE_BOUND('',#8632,.T.);
#9212=FACE_BOUND('',#8633,.T.);
#9213=FACE_BOUND('',#8634,.T.);
#9214=FACE_BOUND('',#8635,.T.);
#9215=FACE_BOUND('',#8636,.T.);
#9216=FACE_BOUND('',#8637,.T.);
#9217=FACE_BOUND('',#8638,.T.);
#9218=FACE_BOUND('',#8639,.T.);
#9219=FACE_BOUND('',#8640,.T.);
#9220=FACE_BOUND('',#8641,.T.);
#9221=FACE_BOUND('',#8642,.T.);
#9222=FACE_BOUND('',#8643,.T.);
#9223=FACE_BOUND('',#8644,.T.);
#9224=FACE_BOUND('',#8645,.T.);
#9225=FACE_BOUND('',#8646,.T.);
#9226=FACE_BOUND('',#8647,.T.);
#9227=FACE_BOUND('',#8648,.T.);
#9228=FACE_BOUND('',#8649,.T.);
#9229=FACE_BOUND('',#8650,.T.);
#9230=FACE_BOUND('',#8651,.T.);
#9231=FACE_BOUND('',#8652,.T.);
#9232=FACE_BOUND('',#8653,.T.);
#9233=FACE_BOUND('',#8654,.T.);
#9234=FACE_BOUND('',#8655,.T.);
#9235=FACE_BOUND('',#8656,.T.);
#9236=FACE_BOUND('',#8657,.T.);
#9237=FACE_BOUND('',#8658,.T.);
#9238=FACE_BOUND('',#8659,.T.);
#9239=FACE_BOUND('',#8660,.T.);
#9240=FACE_BOUND('',#8661,.T.);
#9241=FACE_BOUND('',#8662,.T.);
#9242=FACE_BOUND('',#8663,.T.);
#9243=FACE_BOUND('',#8664,.T.);
#9244=FACE_BOUND('',#8665,.T.);
#9245=FACE_BOUND('',#8666,.T.);
#9246=FACE_BOUND('',#8667,.T.);
#9247=FACE_BOUND('',#8668,.T.);
#9248=FACE_BOUND('',#8669,.T.);
#9249=FACE_BOUND('',#8670,.T.);
#9250=FACE_BOUND('',#8671,.T.);
#9251=FACE_BOUND('',#8672,.T.);
#9252=FACE_BOUND('',#8673,.T.);
#9253=FACE_BOUND('',#8674,.T.);
#9254=FACE_BOUND('',#8675,.T.);
#9255=FACE_BOUND('',#8676,.T.);
#9256=FACE_BOUND('',#8677,.T.);
#9257=FACE_BOUND('',#8678,.T.);
#9258=FACE_BOUND('',#8679,.T.);
#9259=FACE_BOUND('',#8680,.T.);
#9260=FACE_BOUND('',#8681,.T.);
#9261=FACE_BOUND('',#8682,.T.);
#9262=FACE_BOUND('',#8683,.T.);
#9263=FACE_BOUND('',#8684,.T.);
#9264=FACE_BOUND('',#8685,.T.);
#9265=FACE_BOUND('',#8686,.T.);
#9266=FACE_BOUND('',#8687,.T.);
#9267=FACE_BOUND('',#8688,.T.);
#9268=FACE_BOUND('',#8689,.T.);
#9269=FACE_BOUND('',#8690,.T.);
#9270=FACE_BOUND('',#8691,.T.);
#9271=FACE_BOUND('',#8692,.T.);
#9272=FACE_BOUND('',#8693,.T.);
#9273=FACE_BOUND('',#8694,.T.);
#9274=FACE_BOUND('',#8695,.T.);
#9275=FACE_BOUND('',#8696,.T.);
#9276=FACE_BOUND('',#8697,.T.);
#9277=FACE_BOUND('',#8698,.T.);
#9278=FACE_BOUND('',#8699,.T.);
#9279=FACE_BOUND('',#8700,.T.);
#9280=FACE_BOUND('',#8701,.T.);
#9281=FACE_BOUND('',#8702,.T.);
#9282=FACE_BOUND('',#8703,.T.);
#9283=FACE_BOUND('',#8704,.T.);
#9284=FACE_BOUND('',#8705,.T.);
#9285=FACE_BOUND('',#8706,.T.);
#9286=FACE_BOUND('',#8707,.T.);
#9287=FACE_BOUND('',#8708,.T.);
#9288=FACE_BOUND('',#8709,.T.);
#9289=FACE_BOUND('',#8710,.T.);
#9290=FACE_BOUND('',#8711,.T.);
#9291=FACE_BOUND('',#8712,.T.);
#9292=FACE_BOUND('',#8713,.T.);
#9293=FACE_BOUND('',#8714,.T.);
#9294=FACE_BOUND('',#8715,.T.);
#9295=FACE_BOUND('',#8716,.T.);
#9296=FACE_BOUND('',#8717,.T.);
#9297=FACE_BOUND('',#8718,.T.);
#9298=FACE_BOUND('',#8719,.T.);
#9299=FACE_BOUND('',#8720,.T.);
#9300=FACE_BOUND('',#8721,.T.);
#9301=FACE_BOUND('',#8722,.T.);
#9302=FACE_BOUND('',#8723,.T.);
#9303=FACE_BOUND('',#8724,.T.);
#9304=FACE_BOUND('',#8725,.T.);
#9305=FACE_BOUND('',#8726,.T.);
#9306=FACE_BOUND('',#8727,.T.);
#9307=FACE_BOUND('',#8728,.T.);
#9308=FACE_BOUND('',#8729,.T.);
#9309=FACE_BOUND('',#8730,.T.);
#9310=FACE_BOUND('',#8731,.T.);
#9311=FACE_BOUND('',#8732,.T.);
#9312=FACE_BOUND('',#8733,.T.);
#9313=FACE_BOUND('',#8734,.T.);
#9314=FACE_BOUND('',#8735,.T.);
#9315=FACE_BOUND('',#8736,.T.);
#9316=FACE_BOUND('',#8737,.T.);
#9317=FACE_BOUND('',#8738,.T.);
#9318=FACE_BOUND('',#8739,.T.);
#9319=FACE_BOUND('',#8740,.T.);
#9320=FACE_BOUND('',#8741,.T.);
#9321=FACE_BOUND('',#8742,.T.);
#9322=FACE_BOUND('',#8743,.T.);
#9323=FACE_BOUND('',#8744,.T.);
#9324=FACE_BOUND('',#8745,.T.);
#9325=FACE_BOUND('',#8746,.T.);
#9326=FACE_BOUND('',#8747,.T.);
#9327=FACE_BOUND('',#8748,.T.);
#9328=FACE_BOUND('',#8749,.T.);
#9329=FACE_BOUND('',#8750,.T.);
#9330=FACE_BOUND('',#8751,.T.);
#9331=FACE_BOUND('',#8752,.T.);
#9332=FACE_BOUND('',#8753,.T.);
#9333=FACE_BOUND('',#8754,.T.);
#9334=FACE_BOUND('',#8755,.T.);
#9335=FACE_BOUND('',#8756,.T.);
#9336=FACE_BOUND('',#8757,.T.);
#9337=FACE_BOUND('',#8758,.T.);
#9338=FACE_BOUND('',#8759,.T.);
#9339=FACE_BOUND('',#8760,.T.);
#9340=FACE_BOUND('',#8761,.T.);
#9341=FACE_BOUND('',#8762,.T.);
#9342=FACE_BOUND('',#8763,.T.);
#9343=FACE_BOUND('',#8764,.T.);
#9344=FACE_BOUND('',#8765,.T.);
#9345=FACE_BOUND('',#8766,.T.);
#9346=FACE_BOUND('',#8767,.T.);
#9347=FACE_BOUND('',#8768,.T.);
#9348=FACE_BOUND('',#8769,.T.);
#9349=FACE_BOUND('',#8770,.T.);
#9350=FACE_BOUND('',#8771,.T.);
#9351=FACE_BOUND('',#8772,.T.);
#9352=FACE_BOUND('',#8773,.T.);
#9353=FACE_BOUND('',#8774,.T.);
#9354=FACE_BOUND('',#8775,.T.);
#9355=FACE_BOUND('',#8776,.T.);
#9356=FACE_BOUND('',#8777,.T.);
#9357=FACE_BOUND('',#8778,.T.);
#9358=FACE_BOUND('',#8779,.T.);
#9359=FACE_BOUND('',#8780,.T.);
#9360=FACE_BOUND('',#8781,.T.);
#9361=FACE_BOUND('',#8782,.T.);
#9362=FACE_BOUND('',#8783,.T.);
#9363=FACE_BOUND('',#8784,.T.);
#9364=FACE_BOUND('',#8785,.T.);
#9365=FACE_BOUND('',#8786,.T.);
#9366=FACE_BOUND('',#8787,.T.);
#9367=FACE_BOUND('',#8788,.T.);
#9368=FACE_BOUND('',#8789,.T.);
#9369=FACE_BOUND('',#8790,.T.);
#9370=FACE_BOUND('',#8791,.T.);
#9371=FACE_BOUND('',#8792,.T.);
#9372=FACE_BOUND('',#8793,.T.);
#9373=FACE_BOUND('',#8794,.T.);
#9374=FACE_BOUND('',#8795,.T.);
#9375=FACE_BOUND('',#8796,.T.);
#9376=FACE_BOUND('',#8797,.T.);
#9377=FACE_BOUND('',#8798,.T.);
#9378=FACE_BOUND('',#8799,.T.);
#9379=FACE_BOUND('',#8800,.T.);
#9380=FACE_BOUND('',#8801,.T.);
#9381=FACE_BOUND('',#8802,.T.);
#9382=FACE_BOUND('',#8803,.T.);
#9383=FACE_BOUND('',#8804,.T.);
#9384=FACE_BOUND('',#8805,.T.);
#9385=FACE_BOUND('',#8806,.T.);
#9386=FACE_BOUND('',#8807,.T.);
#9387=FACE_BOUND('',#8808,.T.);
#9388=FACE_BOUND('',#8809,.T.);
#9389=FACE_BOUND('',#8810,.T.);
#9390=FACE_BOUND('',#8811,.T.);
#9391=FACE_BOUND('',#8812,.T.);
#9392=FACE_BOUND('',#8813,.T.);
#9393=FACE_BOUND('',#8814,.T.);
#9394=FACE_BOUND('',#8815,.T.);
#9395=FACE_BOUND('',#8816,.T.);
#9396=FACE_BOUND('',#8817,.T.);
#9397=FACE_BOUND('',#8818,.T.);
#9398=FACE_BOUND('',#8819,.T.);
#9399=FACE_BOUND('',#8820,.T.);
#9400=FACE_BOUND('',#8821,.T.);
#9401=FACE_BOUND('',#8822,.T.);
#9402=FACE_BOUND('',#8823,.T.);
#9403=FACE_BOUND('',#8824,.T.);
#9404=FACE_BOUND('',#8825,.T.);
#9405=FACE_BOUND('',#8826,.T.);
#9406=FACE_BOUND('',#8827,.T.);
#9407=FACE_BOUND('',#8828,.T.);
#9408=FACE_BOUND('',#8829,.T.);
#9409=FACE_BOUND('',#8830,.T.);
#9410=FACE_BOUND('',#8831,.T.);
#9411=FACE_BOUND('',#8832,.T.);
#9412=FACE_BOUND('',#8833,.T.);
#9413=FACE_BOUND('',#8834,.T.);
#9414=FACE_BOUND('',#8835,.T.);
#9415=FACE_BOUND('',#8836,.T.);
#9416=FACE_BOUND('',#8837,.T.);
#9417=FACE_BOUND('',#8838,.T.);
#9418=FACE_BOUND('',#8839,.T.);
#9419=FACE_BOUND('',#8840,.T.);
#9420=FACE_BOUND('',#8841,.T.);
#9421=FACE_BOUND('',#8842,.T.);
#9422=FACE_BOUND('',#8843,.T.);
#9423=FACE_BOUND('',#8844,.T.);
#9424=FACE_BOUND('',#8845,.T.);
#9425=FACE_BOUND('',#8846,.T.);
#9426=FACE_BOUND('',#8847,.T.);
#9427=FACE_BOUND('',#8848,.T.);
#9428=FACE_BOUND('',#8849,.T.);
#9429=FACE_BOUND('',#8850,.T.);
#9430=FACE_BOUND('',#8851,.T.);
#9431=FACE_BOUND('',#8852,.T.);
#9432=FACE_BOUND('',#8853,.T.);
#9433=FACE_BOUND('',#8854,.T.);
#9434=FACE_BOUND('',#8855,.T.);
#9435=FACE_BOUND('',#8856,.T.);
#9436=FACE_BOUND('',#8857,.T.);
#9437=FACE_BOUND('',#8858,.T.);
#9438=FACE_BOUND('',#8859,.T.);
#9439=FACE_BOUND('',#8860,.T.);
#9440=FACE_BOUND('',#8861,.T.);
#9441=FACE_BOUND('',#8862,.T.);
#9442=FACE_BOUND('',#8863,.T.);
#9443=FACE_BOUND('',#8864,.T.);
#9444=FACE_BOUND('',#8865,.T.);
#9445=FACE_BOUND('',#8866,.T.);
#9446=FACE_BOUND('',#8867,.T.);
#9447=FACE_BOUND('',#8868,.T.);
#9448=FACE_BOUND('',#8869,.T.);
#9449=FACE_BOUND('',#8870,.T.);
#9450=FACE_BOUND('',#8871,.T.);
#9451=FACE_BOUND('',#8872,.T.);
#9452=FACE_BOUND('',#8873,.T.);
#9453=FACE_BOUND('',#8874,.T.);
#9454=FACE_BOUND('',#8875,.T.);
#9455=FACE_BOUND('',#8876,.T.);
#9456=FACE_BOUND('',#8877,.T.);
#9457=FACE_BOUND('',#8878,.T.);
#9458=FACE_BOUND('',#8879,.T.);
#9459=FACE_BOUND('',#8880,.T.);
#9460=FACE_BOUND('',#8881,.T.);
#9461=FACE_BOUND('',#8882,.T.);
#9462=FACE_BOUND('',#8883,.T.);
#9463=FACE_BOUND('',#8884,.T.);
#9464=FACE_BOUND('',#8885,.T.);
#9465=FACE_BOUND('',#8886,.T.);
#9466=FACE_BOUND('',#8887,.T.);
#9467=FACE_BOUND('',#8888,.T.);
#9468=FACE_BOUND('',#8889,.T.);
#9469=FACE_BOUND('',#8890,.T.);
#9470=FACE_BOUND('',#8891,.T.);
#9471=FACE_BOUND('',#8892,.T.);
#9472=FACE_BOUND('',#8893,.T.);
#9473=FACE_BOUND('',#8894,.T.);
#9474=FACE_BOUND('',#8895,.T.);
#9475=FACE_BOUND('',#8896,.T.);
#9476=FACE_BOUND('',#8897,.T.);
#9477=FACE_BOUND('',#8898,.T.);
#9478=FACE_BOUND('',#8899,.T.);
#9479=FACE_BOUND('',#8900,.T.);
#9480=FACE_BOUND('',#8901,.T.);
#9481=FACE_BOUND('',#8902,.T.);
#9482=FACE_BOUND('',#8903,.T.);
#9483=FACE_BOUND('',#8904,.T.);
#9484=FACE_BOUND('',#8905,.T.);
#9485=FACE_BOUND('',#8906,.T.);
#9486=FACE_BOUND('',#8907,.T.);
#9487=FACE_BOUND('',#8908,.T.);
#9488=FACE_BOUND('',#8909,.T.);
#9489=FACE_BOUND('',#8910,.T.);
#9490=FACE_BOUND('',#8911,.T.);
#9491=FACE_BOUND('',#8912,.T.);
#9492=FACE_BOUND('',#8913,.T.);
#9493=FACE_BOUND('',#8914,.T.);
#9494=FACE_BOUND('',#8915,.T.);
#9495=FACE_BOUND('',#8916,.T.);
#9496=FACE_BOUND('',#8917,.T.);
#9497=FACE_BOUND('',#8918,.T.);
#9498=FACE_BOUND('',#8919,.T.);
#9499=FACE_BOUND('',#8920,.T.);
#9500=FACE_BOUND('',#8921,.T.);
#9501=FACE_BOUND('',#8922,.T.);
#9502=FACE_BOUND('',#8923,.T.);
#9503=FACE_BOUND('',#8924,.T.);
#9504=FACE_BOUND('',#8925,.T.);
#9505=FACE_BOUND('',#8926,.T.);
#9506=FACE_BOUND('',#8927,.T.);
#9507=FACE_BOUND('',#8928,.T.);
#9508=FACE_BOUND('',#8929,.T.);
#9509=FACE_BOUND('',#8930,.T.);
#9510=FACE_BOUND('',#8931,.T.);
#9511=FACE_BOUND('',#8932,.T.);
#9512=FACE_BOUND('',#8933,.T.);
#9513=FACE_BOUND('',#8934,.T.);
#9514=FACE_BOUND('',#8935,.T.);
#9515=FACE_BOUND('',#8936,.T.);
#9516=FACE_BOUND('',#8937,.T.);
#9517=FACE_BOUND('',#8938,.T.);
#9518=FACE_BOUND('',#8939,.T.);
#9519=PLANE('',#10357);
#9520=PLANE('',#10403);
#9521=PLANE('',#10404);
#9522=PLANE('',#10405);
#9523=PLANE('',#10416);
#9524=PLANE('',#10417);
#9525=PLANE('',#10418);
#9526=PLANE('',#10419);
#9527=PLANE('',#10420);
#9528=PLANE('',#10421);
#9529=PLANE('',#10422);
#9530=PLANE('',#10423);
#9531=PLANE('',#10424);
#9532=PLANE('',#10425);
#9533=PLANE('',#10426);
#9534=PLANE('',#10427);
#9535=PLANE('',#10428);
#9536=PLANE('',#10429);
#9537=PLANE('',#10430);
#9538=PLANE('',#10431);
#9539=PLANE('',#10432);
#9540=PLANE('',#10442);
#9541=PLANE('',#10445);
#9542=PLANE('',#10448);
#9543=PLANE('',#10449);
#9544=PLANE('',#10462);
#9545=PLANE('',#10463);
#9546=PLANE('',#10464);
#9547=PLANE('',#10465);
#9548=PLANE('',#10466);
#9549=PLANE('',#10467);
#9550=PLANE('',#10468);
#9551=PLANE('',#10469);
#9552=PLANE('',#10470);
#9553=PLANE('',#10471);
#9554=PLANE('',#10472);
#9555=PLANE('',#10473);
#9556=PLANE('',#10474);
#9557=PLANE('',#10475);
#9558=PLANE('',#10476);
#9559=PLANE('',#10477);
#9560=PLANE('',#10481);
#9561=PLANE('',#10484);
#9562=PLANE('',#10485);
#9563=PLANE('',#10486);
#9564=PLANE('',#10487);
#9565=PLANE('',#10488);
#9566=PLANE('',#10489);
#9567=PLANE('',#10490);
#9568=PLANE('',#10491);
#9569=PLANE('',#10492);
#9570=PLANE('',#10495);
#9571=PLANE('',#10496);
#9572=PLANE('',#10500);
#9573=PLANE('',#10501);
#9574=PLANE('',#10504);
#9575=PLANE('',#10505);
#9576=PLANE('',#10506);
#9577=PLANE('',#10511);
#9578=PLANE('',#10512);
#9579=PLANE('',#10513);
#9580=PLANE('',#10514);
#9581=PLANE('',#10515);
#9582=PLANE('',#10516);
#9583=PLANE('',#10523);
#9584=PLANE('',#10524);
#9585=PLANE('',#10525);
#9586=PLANE('',#10526);
#9587=PLANE('',#10527);
#9588=PLANE('',#10528);
#9589=PLANE('',#10529);
#9590=PLANE('',#10530);
#9591=PLANE('',#10531);
#9592=PLANE('',#10534);
#9593=PLANE('',#10535);
#9594=PLANE('',#10536);
#9595=PLANE('',#10537);
#9596=PLANE('',#10538);
#9597=PLANE('',#10539);
#9598=PLANE('',#10540);
#9599=PLANE('',#10541);
#9600=PLANE('',#10542);
#9601=PLANE('',#10543);
#9602=PLANE('',#10544);
#9603=PLANE('',#10545);
#9604=PLANE('',#10546);
#9605=PLANE('',#10547);
#9606=PLANE('',#10548);
#9607=PLANE('',#10549);
#9608=PLANE('',#10550);
#9609=PLANE('',#10551);
#9610=PLANE('',#10552);
#9611=PLANE('',#10553);
#9612=PLANE('',#10554);
#9613=PLANE('',#10555);
#9614=PLANE('',#10556);
#9615=PLANE('',#10557);
#9616=PLANE('',#10558);
#9617=PLANE('',#10559);
#9618=PLANE('',#10560);
#9619=PLANE('',#10561);
#9620=PLANE('',#10562);
#9621=PLANE('',#10563);
#9622=PLANE('',#10564);
#9623=PLANE('',#10565);
#9624=PLANE('',#10566);
#9625=PLANE('',#10567);
#9626=PLANE('',#10568);
#9627=PLANE('',#10569);
#9628=PLANE('',#10570);
#9629=PLANE('',#10571);
#9630=PLANE('',#10572);
#9631=PLANE('',#10573);
#9632=PLANE('',#10574);
#9633=PLANE('',#10575);
#9634=PLANE('',#10578);
#9635=PLANE('',#10583);
#9636=PLANE('',#10584);
#9637=PLANE('',#10585);
#9638=PLANE('',#10586);
#9639=PLANE('',#10587);
#9640=PLANE('',#10588);
#9641=PLANE('',#10589);
#9642=PLANE('',#10590);
#9643=PLANE('',#10591);
#9644=PLANE('',#10592);
#9645=PLANE('',#10593);
#9646=PLANE('',#10596);
#9647=PLANE('',#10597);
#9648=PLANE('',#10598);
#9649=PLANE('',#10599);
#9650=PLANE('',#10600);
#9651=PLANE('',#10601);
#9652=PLANE('',#10602);
#9653=PLANE('',#10603);
#9654=PLANE('',#10604);
#9655=PLANE('',#10605);
#9656=PLANE('',#10606);
#9657=PLANE('',#10607);
#9658=PLANE('',#10608);
#9659=PLANE('',#10609);
#9660=PLANE('',#10610);
#9661=PLANE('',#10611);
#9662=PLANE('',#10612);
#9663=PLANE('',#10613);
#9664=PLANE('',#10614);
#9665=PLANE('',#10615);
#9666=PLANE('',#10616);
#9667=PLANE('',#10621);
#9668=PLANE('',#10622);
#9669=PLANE('',#10623);
#9670=PLANE('',#10626);
#9671=PLANE('',#10627);
#9672=PLANE('',#10628);
#9673=PLANE('',#10629);
#9674=PLANE('',#10632);
#9675=PLANE('',#10633);
#9676=PLANE('',#10634);
#9677=PLANE('',#10635);
#9678=PLANE('',#10636);
#9679=PLANE('',#10637);
#9680=PLANE('',#10638);
#9681=PLANE('',#10639);
#9682=PLANE('',#10640);
#9683=PLANE('',#10643);
#9684=PLANE('',#10644);
#9685=PLANE('',#10645);
#9686=PLANE('',#10646);
#9687=PLANE('',#10647);
#9688=PLANE('',#10648);
#9689=PLANE('',#10649);
#9690=PLANE('',#10653);
#9691=PLANE('',#10654);
#9692=PLANE('',#10655);
#9693=PLANE('',#10656);
#9694=PLANE('',#10657);
#9695=PLANE('',#10658);
#9696=PLANE('',#10661);
#9697=PLANE('',#10664);
#9698=PLANE('',#10665);
#9699=PLANE('',#10666);
#9700=PLANE('',#10667);
#9701=PLANE('',#10668);
#9702=PLANE('',#10669);
#9703=PLANE('',#10673);
#9704=PLANE('',#10674);
#9705=PLANE('',#10677);
#9706=PLANE('',#10678);
#9707=PLANE('',#10679);
#9708=PLANE('',#10684);
#9709=PLANE('',#10685);
#9710=PLANE('',#10686);
#9711=PLANE('',#10687);
#9712=PLANE('',#10688);
#9713=PLANE('',#10689);
#9714=PLANE('',#10696);
#9715=PLANE('',#10697);
#9716=PLANE('',#10701);
#9717=PLANE('',#10702);
#9718=PLANE('',#10705);
#9719=PLANE('',#10708);
#9720=PLANE('',#10711);
#9721=PLANE('',#10712);
#9722=PLANE('',#10713);
#9723=PLANE('',#10716);
#9724=PLANE('',#10717);
#9725=PLANE('',#10718);
#9726=PLANE('',#10719);
#9727=PLANE('',#10720);
#9728=PLANE('',#10721);
#9729=PLANE('',#10722);
#9730=PLANE('',#10723);
#9731=PLANE('',#10724);
#9732=PLANE('',#10725);
#9733=PLANE('',#10726);
#9734=PLANE('',#10727);
#9735=PLANE('',#10728);
#9736=PLANE('',#10729);
#9737=PLANE('',#10730);
#9738=PLANE('',#10731);
#9739=PLANE('',#10732);
#9740=PLANE('',#10733);
#9741=PLANE('',#10734);
#9742=PLANE('',#10735);
#9743=PLANE('',#10736);
#9744=PLANE('',#10737);
#9745=PLANE('',#10738);
#9746=PLANE('',#10739);
#9747=PLANE('',#10740);
#9748=PLANE('',#10741);
#9749=PLANE('',#10742);
#9750=PLANE('',#10743);
#9751=PLANE('',#10744);
#9752=PLANE('',#10745);
#9753=PLANE('',#10746);
#9754=PLANE('',#10747);
#9755=PLANE('',#10748);
#9756=PLANE('',#10749);
#9757=PLANE('',#10750);
#9758=PLANE('',#10751);
#9759=PLANE('',#10752);
#9760=PLANE('',#10753);
#9761=PLANE('',#10754);
#9762=PLANE('',#10755);
#9763=PLANE('',#10756);
#9764=PLANE('',#10757);
#9765=PLANE('',#10758);
#9766=PLANE('',#10759);
#9767=PLANE('',#10760);
#9768=PLANE('',#10761);
#9769=PLANE('',#10762);
#9770=PLANE('',#10767);
#9771=PLANE('',#10774);
#9772=PLANE('',#10775);
#9773=PLANE('',#10776);
#9774=PLANE('',#10777);
#9775=PLANE('',#10778);
#9776=PLANE('',#10779);
#9777=PLANE('',#10780);
#9778=PLANE('',#10781);
#9779=PLANE('',#10782);
#9780=PLANE('',#10783);
#9781=PLANE('',#10784);
#9782=PLANE('',#10785);
#9783=PLANE('',#10786);
#9784=PLANE('',#10791);
#9785=PLANE('',#10792);
#9786=PLANE('',#10793);
#9787=PLANE('',#10794);
#9788=PLANE('',#10795);
#9789=PLANE('',#10796);
#9790=PLANE('',#10797);
#9791=PLANE('',#10798);
#9792=PLANE('',#10799);
#9793=PLANE('',#10800);
#9794=PLANE('',#10801);
#9795=PLANE('',#10802);
#9796=PLANE('',#10803);
#9797=PLANE('',#10804);
#9798=PLANE('',#10805);
#9799=PLANE('',#10806);
#9800=PLANE('',#10807);
#9801=ADVANCED_FACE('',(#8940,#8941,#8942,#8943,#8944,#8945,#8946,#8947,
#8948,#8949,#8950,#8951,#8952,#8953,#8954,#8955,#8956,#8957,#8958,#8959,
#8960,#8961),#9519,.F.);
#9802=ADVANCED_FACE('',(#8962),#9520,.F.);
#9803=ADVANCED_FACE('',(#8963),#9521,.F.);
#9804=ADVANCED_FACE('',(#8964),#9522,.T.);
#9805=ADVANCED_FACE('',(#8965),#9523,.F.);
#9806=ADVANCED_FACE('',(#8966),#9524,.T.);
#9807=ADVANCED_FACE('',(#8967),#9525,.T.);
#9808=ADVANCED_FACE('',(#8968),#9526,.T.);
#9809=ADVANCED_FACE('',(#8969),#9527,.T.);
#9810=ADVANCED_FACE('',(#8970),#9528,.T.);
#9811=ADVANCED_FACE('',(#8971),#9529,.T.);
#9812=ADVANCED_FACE('',(#8972),#9530,.F.);
#9813=ADVANCED_FACE('',(#8973),#9531,.F.);
#9814=ADVANCED_FACE('',(#8974),#9532,.T.);
#9815=ADVANCED_FACE('',(#8975),#9533,.T.);
#9816=ADVANCED_FACE('',(#8976),#9534,.T.);
#9817=ADVANCED_FACE('',(#8977),#9535,.T.);
#9818=ADVANCED_FACE('',(#8978),#9536,.T.);
#9819=ADVANCED_FACE('',(#8979),#9537,.F.);
#9820=ADVANCED_FACE('',(#8980),#9538,.T.);
#9821=ADVANCED_FACE('',(#8981,#8982,#8983,#8984),#9539,.T.);
#9822=ADVANCED_FACE('',(#8985,#8986),#216,.F.);
#9823=ADVANCED_FACE('',(#8987),#9540,.T.);
#9824=ADVANCED_FACE('',(#8988,#8989),#217,.F.);
#9825=ADVANCED_FACE('',(#8990),#9541,.T.);
#9826=ADVANCED_FACE('',(#8991,#8992),#218,.F.);
#9827=ADVANCED_FACE('',(#8993),#9542,.T.);
#9828=ADVANCED_FACE('',(#8994),#9543,.T.);
#9829=ADVANCED_FACE('',(#8995),#219,.T.);
#9830=ADVANCED_FACE('',(#8996),#220,.T.);
#9831=ADVANCED_FACE('',(#8997),#221,.T.);
#9832=ADVANCED_FACE('',(#8998),#222,.T.);
#9833=ADVANCED_FACE('',(#8999),#223,.T.);
#9834=ADVANCED_FACE('',(#9000),#224,.T.);
#9835=ADVANCED_FACE('',(#9001),#225,.T.);
#9836=ADVANCED_FACE('',(#9002),#226,.F.);
#9837=ADVANCED_FACE('',(#9003),#227,.F.);
#9838=ADVANCED_FACE('',(#9004),#228,.T.);
#9839=ADVANCED_FACE('',(#9005),#229,.T.);
#9840=ADVANCED_FACE('',(#9006),#230,.T.);
#9841=ADVANCED_FACE('',(#9007),#9544,.T.);
#9842=ADVANCED_FACE('',(#9008),#9545,.T.);
#9843=ADVANCED_FACE('',(#9009),#9546,.T.);
#9844=ADVANCED_FACE('',(#9010),#9547,.T.);
#9845=ADVANCED_FACE('',(#9011),#9548,.T.);
#9846=ADVANCED_FACE('',(#9012),#9549,.T.);
#9847=ADVANCED_FACE('',(#9013),#9550,.T.);
#9848=ADVANCED_FACE('',(#9014),#9551,.T.);
#9849=ADVANCED_FACE('',(#9015),#9552,.T.);
#9850=ADVANCED_FACE('',(#9016),#9553,.T.);
#9851=ADVANCED_FACE('',(#9017),#9554,.T.);
#9852=ADVANCED_FACE('',(#9018),#9555,.T.);
#9853=ADVANCED_FACE('',(#9019),#9556,.T.);
#9854=ADVANCED_FACE('',(#9020),#9557,.T.);
#9855=ADVANCED_FACE('',(#9021),#9558,.T.);
#9856=ADVANCED_FACE('',(#9022),#12,.T.);
#9857=ADVANCED_FACE('',(#9023),#9559,.T.);
#9858=ADVANCED_FACE('',(#9024),#13,.T.);
#9859=ADVANCED_FACE('',(#9025),#14,.T.);
#9860=ADVANCED_FACE('',(#9026),#15,.T.);
#9861=ADVANCED_FACE('',(#9027),#231,.T.);
#9862=ADVANCED_FACE('',(#9028),#9560,.T.);
#9863=ADVANCED_FACE('',(#9029),#16,.T.);
#9864=ADVANCED_FACE('',(#9030),#17,.T.);
#9865=ADVANCED_FACE('',(#9031),#232,.F.);
#9866=ADVANCED_FACE('',(#9032),#9561,.T.);
#9867=ADVANCED_FACE('',(#9033),#9562,.T.);
#9868=ADVANCED_FACE('',(#9034),#9563,.T.);
#9869=ADVANCED_FACE('',(#9035),#9564,.T.);
#9870=ADVANCED_FACE('',(#9036),#9565,.T.);
#9871=ADVANCED_FACE('',(#9037),#9566,.T.);
#9872=ADVANCED_FACE('',(#9038),#9567,.T.);
#9873=ADVANCED_FACE('',(#9039),#9568,.T.);
#9874=ADVANCED_FACE('',(#9040),#9569,.T.);
#9875=ADVANCED_FACE('',(#9041),#233,.F.);
#9876=ADVANCED_FACE('',(#9042),#18,.T.);
#9877=ADVANCED_FACE('',(#9043),#19,.T.);
#9878=ADVANCED_FACE('',(#9044),#20,.T.);
#9879=ADVANCED_FACE('',(#9045),#9570,.T.);
#9880=ADVANCED_FACE('',(#9046),#21,.T.);
#9881=ADVANCED_FACE('',(#9047),#22,.T.);
#9882=ADVANCED_FACE('',(#9048),#23,.T.);
#9883=ADVANCED_FACE('',(#9049),#24,.T.);
#9884=ADVANCED_FACE('',(#9050,#9051),#9571,.T.);
#9885=ADVANCED_FACE('',(#9052),#234,.T.);
#9886=ADVANCED_FACE('',(#9053),#25,.T.);
#9887=ADVANCED_FACE('',(#9054),#26,.T.);
#9888=ADVANCED_FACE('',(#9055),#27,.T.);
#9889=ADVANCED_FACE('',(#9056),#28,.T.);
#9890=ADVANCED_FACE('',(#9057),#9572,.T.);
#9891=ADVANCED_FACE('',(#9058),#9573,.T.);
#9892=ADVANCED_FACE('',(#9059),#235,.F.);
#9893=ADVANCED_FACE('',(#9060),#9574,.T.);
#9894=ADVANCED_FACE('',(#9061),#9575,.T.);
#9895=ADVANCED_FACE('',(#9062),#9576,.T.);
#9896=ADVANCED_FACE('',(#9063),#236,.T.);
#9897=ADVANCED_FACE('',(#9064),#237,.T.);
#9898=ADVANCED_FACE('',(#9065),#9577,.T.);
#9899=ADVANCED_FACE('',(#9066),#29,.T.);
#9900=ADVANCED_FACE('',(#9067),#30,.T.);
#9901=ADVANCED_FACE('',(#9068),#31,.T.);
#9902=ADVANCED_FACE('',(#9069),#32,.T.);
#9903=ADVANCED_FACE('',(#9070),#9578,.T.);
#9904=ADVANCED_FACE('',(#9071),#9579,.T.);
#9905=ADVANCED_FACE('',(#9072),#9580,.T.);
#9906=ADVANCED_FACE('',(#9073),#33,.T.);
#9907=ADVANCED_FACE('',(#9074),#34,.T.);
#9908=ADVANCED_FACE('',(#9075),#35,.T.);
#9909=ADVANCED_FACE('',(#9076),#36,.T.);
#9910=ADVANCED_FACE('',(#9077),#9581,.T.);
#9911=ADVANCED_FACE('',(#9078),#9582,.T.);
#9912=ADVANCED_FACE('',(#9079),#37,.T.);
#9913=ADVANCED_FACE('',(#9080),#38,.T.);
#9914=ADVANCED_FACE('',(#9081),#39,.T.);
#9915=ADVANCED_FACE('',(#9082),#40,.T.);
#9916=ADVANCED_FACE('',(#9083),#238,.F.);
#9917=ADVANCED_FACE('',(#9084),#239,.F.);
#9918=ADVANCED_FACE('',(#9085),#240,.F.);
#9919=ADVANCED_FACE('',(#9086),#41,.T.);
#9920=ADVANCED_FACE('',(#9087,#9088),#9583,.T.);
#9921=ADVANCED_FACE('',(#9089),#42,.T.);
#9922=ADVANCED_FACE('',(#9090),#9584,.T.);
#9923=ADVANCED_FACE('',(#9091),#43,.T.);
#9924=ADVANCED_FACE('',(#9092),#44,.T.);
#9925=ADVANCED_FACE('',(#9093),#45,.T.);
#9926=ADVANCED_FACE('',(#9094),#46,.T.);
#9927=ADVANCED_FACE('',(#9095),#9585,.T.);
#9928=ADVANCED_FACE('',(#9096),#47,.T.);
#9929=ADVANCED_FACE('',(#9097),#48,.T.);
#9930=ADVANCED_FACE('',(#9098),#49,.T.);
#9931=ADVANCED_FACE('',(#9099),#9586,.T.);
#9932=ADVANCED_FACE('',(#9100),#50,.T.);
#9933=ADVANCED_FACE('',(#9101),#51,.T.);
#9934=ADVANCED_FACE('',(#9102),#52,.T.);
#9935=ADVANCED_FACE('',(#9103),#53,.T.);
#9936=ADVANCED_FACE('',(#9104),#9587,.T.);
#9937=ADVANCED_FACE('',(#9105),#54,.T.);
#9938=ADVANCED_FACE('',(#9106),#55,.T.);
#9939=ADVANCED_FACE('',(#9107),#56,.T.);
#9940=ADVANCED_FACE('',(#9108),#57,.T.);
#9941=ADVANCED_FACE('',(#9109,#9110),#9588,.T.);
#9942=ADVANCED_FACE('',(#9111),#58,.T.);
#9943=ADVANCED_FACE('',(#9112),#9589,.T.);
#9944=ADVANCED_FACE('',(#9113),#59,.T.);
#9945=ADVANCED_FACE('',(#9114),#60,.T.);
#9946=ADVANCED_FACE('',(#9115),#61,.T.);
#9947=ADVANCED_FACE('',(#9116),#62,.T.);
#9948=ADVANCED_FACE('',(#9117),#9590,.T.);
#9949=ADVANCED_FACE('',(#9118),#63,.T.);
#9950=ADVANCED_FACE('',(#9119),#64,.T.);
#9951=ADVANCED_FACE('',(#9120),#65,.T.);
#9952=ADVANCED_FACE('',(#9121),#9591,.T.);
#9953=ADVANCED_FACE('',(#9122),#66,.T.);
#9954=ADVANCED_FACE('',(#9123),#67,.T.);
#9955=ADVANCED_FACE('',(#9124),#68,.T.);
#9956=ADVANCED_FACE('',(#9125),#241,.F.);
#9957=ADVANCED_FACE('',(#9126),#9592,.T.);
#9958=ADVANCED_FACE('',(#9127),#9593,.T.);
#9959=ADVANCED_FACE('',(#9128),#9594,.T.);
#9960=ADVANCED_FACE('',(#9129),#9595,.T.);
#9961=ADVANCED_FACE('',(#9130),#9596,.T.);
#9962=ADVANCED_FACE('',(#9131),#9597,.T.);
#9963=ADVANCED_FACE('',(#9132),#9598,.T.);
#9964=ADVANCED_FACE('',(#9133),#69,.T.);
#9965=ADVANCED_FACE('',(#9134),#70,.T.);
#9966=ADVANCED_FACE('',(#9135),#71,.T.);
#9967=ADVANCED_FACE('',(#9136),#72,.T.);
#9968=ADVANCED_FACE('',(#9137,#9138),#9599,.T.);
#9969=ADVANCED_FACE('',(#9139),#9600,.T.);
#9970=ADVANCED_FACE('',(#9140),#9601,.T.);
#9971=ADVANCED_FACE('',(#9141),#9602,.T.);
#9972=ADVANCED_FACE('',(#9142),#9603,.T.);
#9973=ADVANCED_FACE('',(#9143),#9604,.T.);
#9974=ADVANCED_FACE('',(#9144),#9605,.T.);
#9975=ADVANCED_FACE('',(#9145),#9606,.T.);
#9976=ADVANCED_FACE('',(#9146),#9607,.T.);
#9977=ADVANCED_FACE('',(#9147),#9608,.T.);
#9978=ADVANCED_FACE('',(#9148),#9609,.T.);
#9979=ADVANCED_FACE('',(#9149),#9610,.T.);
#9980=ADVANCED_FACE('',(#9150),#9611,.T.);
#9981=ADVANCED_FACE('',(#9151),#9612,.T.);
#9982=ADVANCED_FACE('',(#9152),#9613,.T.);
#9983=ADVANCED_FACE('',(#9153),#9614,.T.);
#9984=ADVANCED_FACE('',(#9154),#9615,.T.);
#9985=ADVANCED_FACE('',(#9155),#9616,.T.);
#9986=ADVANCED_FACE('',(#9156),#9617,.T.);
#9987=ADVANCED_FACE('',(#9157),#9618,.T.);
#9988=ADVANCED_FACE('',(#9158),#9619,.T.);
#9989=ADVANCED_FACE('',(#9159),#9620,.T.);
#9990=ADVANCED_FACE('',(#9160),#9621,.T.);
#9991=ADVANCED_FACE('',(#9161),#9622,.T.);
#9992=ADVANCED_FACE('',(#9162),#9623,.T.);
#9993=ADVANCED_FACE('',(#9163),#9624,.T.);
#9994=ADVANCED_FACE('',(#9164),#9625,.T.);
#9995=ADVANCED_FACE('',(#9165),#9626,.T.);
#9996=ADVANCED_FACE('',(#9166),#9627,.T.);
#9997=ADVANCED_FACE('',(#9167),#9628,.T.);
#9998=ADVANCED_FACE('',(#9168),#9629,.T.);
#9999=ADVANCED_FACE('',(#9169),#9630,.T.);
#10000=ADVANCED_FACE('',(#9170),#9631,.T.);
#10001=ADVANCED_FACE('',(#9171),#9632,.T.);
#10002=ADVANCED_FACE('',(#9172),#9633,.T.);
#10003=ADVANCED_FACE('',(#9173),#73,.T.);
#10004=ADVANCED_FACE('',(#9174),#74,.T.);
#10005=ADVANCED_FACE('',(#9175),#242,.F.);
#10006=ADVANCED_FACE('',(#9176),#75,.T.);
#10007=ADVANCED_FACE('',(#9177),#9634,.T.);
#10008=ADVANCED_FACE('',(#9178),#243,.T.);
#10009=ADVANCED_FACE('',(#9179),#244,.T.);
#10010=ADVANCED_FACE('',(#9180),#76,.T.);
#10011=ADVANCED_FACE('',(#9181),#77,.T.);
#10012=ADVANCED_FACE('',(#9182),#9635,.T.);
#10013=ADVANCED_FACE('',(#9183),#9636,.T.);
#10014=ADVANCED_FACE('',(#9184),#9637,.T.);
#10015=ADVANCED_FACE('',(#9185),#9638,.T.);
#10016=ADVANCED_FACE('',(#9186),#9639,.T.);
#10017=ADVANCED_FACE('',(#9187),#9640,.T.);
#10018=ADVANCED_FACE('',(#9188),#9641,.T.);
#10019=ADVANCED_FACE('',(#9189),#9642,.T.);
#10020=ADVANCED_FACE('',(#9190),#9643,.T.);
#10021=ADVANCED_FACE('',(#9191),#9644,.T.);
#10022=ADVANCED_FACE('',(#9192),#9645,.T.);
#10023=ADVANCED_FACE('',(#9193),#245,.T.);
#10024=ADVANCED_FACE('',(#9194),#78,.T.);
#10025=ADVANCED_FACE('',(#9195),#79,.T.);
#10026=ADVANCED_FACE('',(#9196),#80,.T.);
#10027=ADVANCED_FACE('',(#9197),#9646,.T.);
#10028=ADVANCED_FACE('',(#9198),#9647,.T.);
#10029=ADVANCED_FACE('',(#9199),#9648,.T.);
#10030=ADVANCED_FACE('',(#9200),#9649,.T.);
#10031=ADVANCED_FACE('',(#9201),#9650,.T.);
#10032=ADVANCED_FACE('',(#9202),#9651,.T.);
#10033=ADVANCED_FACE('',(#9203),#9652,.T.);
#10034=ADVANCED_FACE('',(#9204),#81,.T.);
#10035=ADVANCED_FACE('',(#9205),#82,.T.);
#10036=ADVANCED_FACE('',(#9206),#83,.T.);
#10037=ADVANCED_FACE('',(#9207),#84,.T.);
#10038=ADVANCED_FACE('',(#9208),#9653,.T.);
#10039=ADVANCED_FACE('',(#9209),#9654,.T.);
#10040=ADVANCED_FACE('',(#9210),#9655,.T.);
#10041=ADVANCED_FACE('',(#9211),#9656,.T.);
#10042=ADVANCED_FACE('',(#9212),#9657,.T.);
#10043=ADVANCED_FACE('',(#9213),#9658,.T.);
#10044=ADVANCED_FACE('',(#9214),#9659,.T.);
#10045=ADVANCED_FACE('',(#9215),#9660,.T.);
#10046=ADVANCED_FACE('',(#9216),#9661,.T.);
#10047=ADVANCED_FACE('',(#9217),#9662,.T.);
#10048=ADVANCED_FACE('',(#9218),#9663,.T.);
#10049=ADVANCED_FACE('',(#9219),#9664,.T.);
#10050=ADVANCED_FACE('',(#9220),#9665,.T.);
#10051=ADVANCED_FACE('',(#9221),#9666,.T.);
#10052=ADVANCED_FACE('',(#9222),#85,.T.);
#10053=ADVANCED_FACE('',(#9223),#86,.T.);
#10054=ADVANCED_FACE('',(#9224),#87,.T.);
#10055=ADVANCED_FACE('',(#9225),#88,.T.);
#10056=ADVANCED_FACE('',(#9226),#89,.T.);
#10057=ADVANCED_FACE('',(#9227),#90,.T.);
#10058=ADVANCED_FACE('',(#9228),#91,.T.);
#10059=ADVANCED_FACE('',(#9229),#246,.T.);
#10060=ADVANCED_FACE('',(#9230),#92,.T.);
#10061=ADVANCED_FACE('',(#9231),#93,.T.);
#10062=ADVANCED_FACE('',(#9232),#247,.T.);
#10063=ADVANCED_FACE('',(#9233),#94,.T.);
#10064=ADVANCED_FACE('',(#9234),#9667,.T.);
#10065=ADVANCED_FACE('',(#9235),#9668,.T.);
#10066=ADVANCED_FACE('',(#9236),#9669,.T.);
#10067=ADVANCED_FACE('',(#9237),#248,.F.);
#10068=ADVANCED_FACE('',(#9238),#95,.T.);
#10069=ADVANCED_FACE('',(#9239),#96,.T.);
#10070=ADVANCED_FACE('',(#9240),#97,.T.);
#10071=ADVANCED_FACE('',(#9241),#98,.T.);
#10072=ADVANCED_FACE('',(#9242),#99,.T.);
#10073=ADVANCED_FACE('',(#9243),#100,.T.);
#10074=ADVANCED_FACE('',(#9244),#101,.T.);
#10075=ADVANCED_FACE('',(#9245),#102,.T.);
#10076=ADVANCED_FACE('',(#9246),#103,.T.);
#10077=ADVANCED_FACE('',(#9247),#104,.T.);
#10078=ADVANCED_FACE('',(#9248),#105,.T.);
#10079=ADVANCED_FACE('',(#9249),#9670,.T.);
#10080=ADVANCED_FACE('',(#9250),#9671,.T.);
#10081=ADVANCED_FACE('',(#9251),#9672,.T.);
#10082=ADVANCED_FACE('',(#9252),#9673,.T.);
#10083=ADVANCED_FACE('',(#9253),#106,.T.);
#10084=ADVANCED_FACE('',(#9254),#107,.T.);
#10085=ADVANCED_FACE('',(#9255),#108,.T.);
#10086=ADVANCED_FACE('',(#9256),#109,.T.);
#10087=ADVANCED_FACE('',(#9257),#110,.T.);
#10088=ADVANCED_FACE('',(#9258),#111,.T.);
#10089=ADVANCED_FACE('',(#9259),#112,.T.);
#10090=ADVANCED_FACE('',(#9260),#113,.T.);
#10091=ADVANCED_FACE('',(#9261),#114,.T.);
#10092=ADVANCED_FACE('',(#9262),#115,.T.);
#10093=ADVANCED_FACE('',(#9263),#116,.T.);
#10094=ADVANCED_FACE('',(#9264),#249,.T.);
#10095=ADVANCED_FACE('',(#9265),#9674,.T.);
#10096=ADVANCED_FACE('',(#9266),#9675,.T.);
#10097=ADVANCED_FACE('',(#9267),#9676,.T.);
#10098=ADVANCED_FACE('',(#9268),#117,.T.);
#10099=ADVANCED_FACE('',(#9269),#118,.T.);
#10100=ADVANCED_FACE('',(#9270),#119,.T.);
#10101=ADVANCED_FACE('',(#9271),#120,.T.);
#10102=ADVANCED_FACE('',(#9272),#121,.T.);
#10103=ADVANCED_FACE('',(#9273),#122,.T.);
#10104=ADVANCED_FACE('',(#9274),#123,.T.);
#10105=ADVANCED_FACE('',(#9275),#124,.T.);
#10106=ADVANCED_FACE('',(#9276),#125,.T.);
#10107=ADVANCED_FACE('',(#9277),#126,.T.);
#10108=ADVANCED_FACE('',(#9278),#127,.T.);
#10109=ADVANCED_FACE('',(#9279),#128,.T.);
#10110=ADVANCED_FACE('',(#9280),#9677,.T.);
#10111=ADVANCED_FACE('',(#9281),#9678,.T.);
#10112=ADVANCED_FACE('',(#9282),#129,.T.);
#10113=ADVANCED_FACE('',(#9283),#130,.T.);
#10114=ADVANCED_FACE('',(#9284),#131,.T.);
#10115=ADVANCED_FACE('',(#9285),#9679,.T.);
#10116=ADVANCED_FACE('',(#9286),#9680,.T.);
#10117=ADVANCED_FACE('',(#9287),#9681,.T.);
#10118=ADVANCED_FACE('',(#9288),#132,.T.);
#10119=ADVANCED_FACE('',(#9289),#133,.T.);
#10120=ADVANCED_FACE('',(#9290),#134,.T.);
#10121=ADVANCED_FACE('',(#9291),#9682,.T.);
#10122=ADVANCED_FACE('',(#9292),#250,.T.);
#10123=ADVANCED_FACE('',(#9293),#135,.T.);
#10124=ADVANCED_FACE('',(#9294),#136,.T.);
#10125=ADVANCED_FACE('',(#9295),#137,.T.);
#10126=ADVANCED_FACE('',(#9296),#9683,.T.);
#10127=ADVANCED_FACE('',(#9297),#9684,.T.);
#10128=ADVANCED_FACE('',(#9298),#9685,.T.);
#10129=ADVANCED_FACE('',(#9299),#138,.T.);
#10130=ADVANCED_FACE('',(#9300),#139,.T.);
#10131=ADVANCED_FACE('',(#9301),#140,.T.);
#10132=ADVANCED_FACE('',(#9302),#141,.T.);
#10133=ADVANCED_FACE('',(#9303),#9686,.T.);
#10134=ADVANCED_FACE('',(#9304),#142,.T.);
#10135=ADVANCED_FACE('',(#9305),#143,.T.);
#10136=ADVANCED_FACE('',(#9306,#9307),#9687,.T.);
#10137=ADVANCED_FACE('',(#9308),#144,.T.);
#10138=ADVANCED_FACE('',(#9309),#9688,.T.);
#10139=ADVANCED_FACE('',(#9310),#145,.T.);
#10140=ADVANCED_FACE('',(#9311),#146,.T.);
#10141=ADVANCED_FACE('',(#9312),#147,.T.);
#10142=ADVANCED_FACE('',(#9313),#148,.T.);
#10143=ADVANCED_FACE('',(#9314),#9689,.T.);
#10144=ADVANCED_FACE('',(#9315),#251,.T.);
#10145=ADVANCED_FACE('',(#9316),#149,.T.);
#10146=ADVANCED_FACE('',(#9317),#9690,.T.);
#10147=ADVANCED_FACE('',(#9318),#9691,.T.);
#10148=ADVANCED_FACE('',(#9319),#9692,.T.);
#10149=ADVANCED_FACE('',(#9320),#9693,.T.);
#10150=ADVANCED_FACE('',(#9321),#9694,.T.);
#10151=ADVANCED_FACE('',(#9322),#9695,.T.);
#10152=ADVANCED_FACE('',(#9323),#252,.F.);
#10153=ADVANCED_FACE('',(#9324),#150,.T.);
#10154=ADVANCED_FACE('',(#9325),#151,.T.);
#10155=ADVANCED_FACE('',(#9326),#152,.T.);
#10156=ADVANCED_FACE('',(#9327),#9696,.T.);
#10157=ADVANCED_FACE('',(#9328),#153,.T.);
#10158=ADVANCED_FACE('',(#9329),#154,.T.);
#10159=ADVANCED_FACE('',(#9330),#155,.T.);
#10160=ADVANCED_FACE('',(#9331),#253,.F.);
#10161=ADVANCED_FACE('',(#9332),#9697,.T.);
#10162=ADVANCED_FACE('',(#9333),#9698,.T.);
#10163=ADVANCED_FACE('',(#9334),#9699,.T.);
#10164=ADVANCED_FACE('',(#9335),#9700,.T.);
#10165=ADVANCED_FACE('',(#9336),#9701,.T.);
#10166=ADVANCED_FACE('',(#9337),#156,.T.);
#10167=ADVANCED_FACE('',(#9338,#9339),#9702,.T.);
#10168=ADVANCED_FACE('',(#9340),#254,.T.);
#10169=ADVANCED_FACE('',(#9341),#157,.T.);
#10170=ADVANCED_FACE('',(#9342),#158,.T.);
#10171=ADVANCED_FACE('',(#9343),#159,.T.);
#10172=ADVANCED_FACE('',(#9344),#160,.T.);
#10173=ADVANCED_FACE('',(#9345),#9703,.T.);
#10174=ADVANCED_FACE('',(#9346),#9704,.T.);
#10175=ADVANCED_FACE('',(#9347),#255,.F.);
#10176=ADVANCED_FACE('',(#9348),#9705,.T.);
#10177=ADVANCED_FACE('',(#9349),#9706,.T.);
#10178=ADVANCED_FACE('',(#9350),#9707,.T.);
#10179=ADVANCED_FACE('',(#9351),#256,.T.);
#10180=ADVANCED_FACE('',(#9352),#257,.T.);
#10181=ADVANCED_FACE('',(#9353),#9708,.T.);
#10182=ADVANCED_FACE('',(#9354),#161,.T.);
#10183=ADVANCED_FACE('',(#9355),#162,.T.);
#10184=ADVANCED_FACE('',(#9356),#163,.T.);
#10185=ADVANCED_FACE('',(#9357),#164,.T.);
#10186=ADVANCED_FACE('',(#9358),#9709,.T.);
#10187=ADVANCED_FACE('',(#9359),#9710,.T.);
#10188=ADVANCED_FACE('',(#9360),#9711,.T.);
#10189=ADVANCED_FACE('',(#9361),#165,.T.);
#10190=ADVANCED_FACE('',(#9362),#166,.T.);
#10191=ADVANCED_FACE('',(#9363),#167,.T.);
#10192=ADVANCED_FACE('',(#9364),#168,.T.);
#10193=ADVANCED_FACE('',(#9365),#9712,.T.);
#10194=ADVANCED_FACE('',(#9366),#9713,.T.);
#10195=ADVANCED_FACE('',(#9367),#169,.T.);
#10196=ADVANCED_FACE('',(#9368),#170,.T.);
#10197=ADVANCED_FACE('',(#9369),#171,.T.);
#10198=ADVANCED_FACE('',(#9370),#172,.T.);
#10199=ADVANCED_FACE('',(#9371),#258,.F.);
#10200=ADVANCED_FACE('',(#9372),#259,.F.);
#10201=ADVANCED_FACE('',(#9373),#260,.F.);
#10202=ADVANCED_FACE('',(#9374),#173,.T.);
#10203=ADVANCED_FACE('',(#9375,#9376),#9714,.T.);
#10204=ADVANCED_FACE('',(#9377),#174,.T.);
#10205=ADVANCED_FACE('',(#9378),#9715,.T.);
#10206=ADVANCED_FACE('',(#9379),#175,.T.);
#10207=ADVANCED_FACE('',(#9380),#176,.T.);
#10208=ADVANCED_FACE('',(#9381),#177,.T.);
#10209=ADVANCED_FACE('',(#9382),#261,.T.);
#10210=ADVANCED_FACE('',(#9383),#9716,.T.);
#10211=ADVANCED_FACE('',(#9384),#178,.T.);
#10212=ADVANCED_FACE('',(#9385),#179,.T.);
#10213=ADVANCED_FACE('',(#9386),#180,.T.);
#10214=ADVANCED_FACE('',(#9387),#9717,.T.);
#10215=ADVANCED_FACE('',(#9388),#181,.T.);
#10216=ADVANCED_FACE('',(#9389),#182,.T.);
#10217=ADVANCED_FACE('',(#9390),#183,.T.);
#10218=ADVANCED_FACE('',(#9391),#262,.F.);
#10219=ADVANCED_FACE('',(#9392),#9718,.T.);
#10220=ADVANCED_FACE('',(#9393),#184,.T.);
#10221=ADVANCED_FACE('',(#9394),#185,.T.);
#10222=ADVANCED_FACE('',(#9395),#263,.T.);
#10223=ADVANCED_FACE('',(#9396),#186,.T.);
#10224=ADVANCED_FACE('',(#9397),#9719,.T.);
#10225=ADVANCED_FACE('',(#9398),#187,.T.);
#10226=ADVANCED_FACE('',(#9399),#264,.F.);
#10227=ADVANCED_FACE('',(#9400),#188,.T.);
#10228=ADVANCED_FACE('',(#9401),#189,.T.);
#10229=ADVANCED_FACE('',(#9402),#9720,.T.);
#10230=ADVANCED_FACE('',(#9403),#9721,.T.);
#10231=ADVANCED_FACE('',(#9404),#9722,.T.);
#10232=ADVANCED_FACE('',(#9405),#265,.F.);
#10233=ADVANCED_FACE('',(#9406),#190,.T.);
#10234=ADVANCED_FACE('',(#9407),#191,.T.);
#10235=ADVANCED_FACE('',(#9408),#192,.T.);
#10236=ADVANCED_FACE('',(#9409,#9410),#9723,.T.);
#10237=ADVANCED_FACE('',(#9411),#9724,.T.);
#10238=ADVANCED_FACE('',(#9412),#9725,.T.);
#10239=ADVANCED_FACE('',(#9413),#9726,.T.);
#10240=ADVANCED_FACE('',(#9414),#9727,.T.);
#10241=ADVANCED_FACE('',(#9415),#9728,.T.);
#10242=ADVANCED_FACE('',(#9416),#9729,.T.);
#10243=ADVANCED_FACE('',(#9417),#9730,.T.);
#10244=ADVANCED_FACE('',(#9418),#9731,.T.);
#10245=ADVANCED_FACE('',(#9419),#9732,.T.);
#10246=ADVANCED_FACE('',(#9420),#9733,.T.);
#10247=ADVANCED_FACE('',(#9421),#9734,.T.);
#10248=ADVANCED_FACE('',(#9422),#9735,.T.);
#10249=ADVANCED_FACE('',(#9423),#9736,.T.);
#10250=ADVANCED_FACE('',(#9424),#9737,.T.);
#10251=ADVANCED_FACE('',(#9425),#9738,.T.);
#10252=ADVANCED_FACE('',(#9426),#9739,.T.);
#10253=ADVANCED_FACE('',(#9427),#9740,.T.);
#10254=ADVANCED_FACE('',(#9428),#9741,.T.);
#10255=ADVANCED_FACE('',(#9429),#9742,.T.);
#10256=ADVANCED_FACE('',(#9430),#9743,.T.);
#10257=ADVANCED_FACE('',(#9431),#9744,.T.);
#10258=ADVANCED_FACE('',(#9432),#9745,.T.);
#10259=ADVANCED_FACE('',(#9433),#9746,.T.);
#10260=ADVANCED_FACE('',(#9434),#9747,.T.);
#10261=ADVANCED_FACE('',(#9435),#9748,.T.);
#10262=ADVANCED_FACE('',(#9436),#9749,.T.);
#10263=ADVANCED_FACE('',(#9437),#9750,.T.);
#10264=ADVANCED_FACE('',(#9438),#9751,.T.);
#10265=ADVANCED_FACE('',(#9439),#9752,.T.);
#10266=ADVANCED_FACE('',(#9440),#9753,.T.);
#10267=ADVANCED_FACE('',(#9441),#9754,.T.);
#10268=ADVANCED_FACE('',(#9442),#9755,.T.);
#10269=ADVANCED_FACE('',(#9443),#9756,.T.);
#10270=ADVANCED_FACE('',(#9444),#9757,.T.);
#10271=ADVANCED_FACE('',(#9445),#9758,.T.);
#10272=ADVANCED_FACE('',(#9446),#9759,.T.);
#10273=ADVANCED_FACE('',(#9447),#9760,.T.);
#10274=ADVANCED_FACE('',(#9448),#9761,.T.);
#10275=ADVANCED_FACE('',(#9449),#9762,.T.);
#10276=ADVANCED_FACE('',(#9450),#9763,.T.);
#10277=ADVANCED_FACE('',(#9451),#9764,.T.);
#10278=ADVANCED_FACE('',(#9452),#9765,.T.);
#10279=ADVANCED_FACE('',(#9453),#9766,.T.);
#10280=ADVANCED_FACE('',(#9454),#9767,.T.);
#10281=ADVANCED_FACE('',(#9455),#9768,.T.);
#10282=ADVANCED_FACE('',(#9456),#9769,.T.);
#10283=ADVANCED_FACE('',(#9457),#266,.T.);
#10284=ADVANCED_FACE('',(#9458),#193,.T.);
#10285=ADVANCED_FACE('',(#9459),#267,.T.);
#10286=ADVANCED_FACE('',(#9460),#194,.T.);
#10287=ADVANCED_FACE('',(#9461),#9770,.T.);
#10288=ADVANCED_FACE('',(#9462),#268,.F.);
#10289=ADVANCED_FACE('',(#9463),#269,.F.);
#10290=ADVANCED_FACE('',(#9464),#195,.T.);
#10291=ADVANCED_FACE('',(#9465),#270,.F.);
#10292=ADVANCED_FACE('',(#9466),#9771,.T.);
#10293=ADVANCED_FACE('',(#9467),#9772,.T.);
#10294=ADVANCED_FACE('',(#9468),#9773,.T.);
#10295=ADVANCED_FACE('',(#9469),#9774,.T.);
#10296=ADVANCED_FACE('',(#9470),#9775,.T.);
#10297=ADVANCED_FACE('',(#9471),#9776,.T.);
#10298=ADVANCED_FACE('',(#9472),#9777,.T.);
#10299=ADVANCED_FACE('',(#9473),#9778,.T.);
#10300=ADVANCED_FACE('',(#9474),#9779,.T.);
#10301=ADVANCED_FACE('',(#9475),#9780,.T.);
#10302=ADVANCED_FACE('',(#9476),#9781,.T.);
#10303=ADVANCED_FACE('',(#9477),#196,.T.);
#10304=ADVANCED_FACE('',(#9478),#197,.T.);
#10305=ADVANCED_FACE('',(#9479),#9782,.T.);
#10306=ADVANCED_FACE('',(#9480),#9783,.T.);
#10307=ADVANCED_FACE('',(#9481),#271,.F.);
#10308=ADVANCED_FACE('',(#9482),#272,.F.);
#10309=ADVANCED_FACE('',(#9483),#198,.T.);
#10310=ADVANCED_FACE('',(#9484),#199,.T.);
#10311=ADVANCED_FACE('',(#9485),#9784,.T.);
#10312=ADVANCED_FACE('',(#9486),#9785,.T.);
#10313=ADVANCED_FACE('',(#9487),#9786,.T.);
#10314=ADVANCED_FACE('',(#9488),#200,.T.);
#10315=ADVANCED_FACE('',(#9489),#9787,.T.);
#10316=ADVANCED_FACE('',(#9490),#201,.T.);
#10317=ADVANCED_FACE('',(#9491),#202,.T.);
#10318=ADVANCED_FACE('',(#9492),#203,.T.);
#10319=ADVANCED_FACE('',(#9493),#204,.T.);
#10320=ADVANCED_FACE('',(#9494),#9788,.T.);
#10321=ADVANCED_FACE('',(#9495),#205,.T.);
#10322=ADVANCED_FACE('',(#9496),#206,.T.);
#10323=ADVANCED_FACE('',(#9497),#207,.T.);
#10324=ADVANCED_FACE('',(#9498),#9789,.T.);
#10325=ADVANCED_FACE('',(#9499),#208,.T.);
#10326=ADVANCED_FACE('',(#9500),#209,.T.);
#10327=ADVANCED_FACE('',(#9501),#210,.T.);
#10328=ADVANCED_FACE('',(#9502),#211,.T.);
#10329=ADVANCED_FACE('',(#9503),#9790,.T.);
#10330=ADVANCED_FACE('',(#9504),#212,.T.);
#10331=ADVANCED_FACE('',(#9505),#213,.T.);
#10332=ADVANCED_FACE('',(#9506),#214,.T.);
#10333=ADVANCED_FACE('',(#9507),#215,.T.);
#10334=ADVANCED_FACE('',(#9508,#9509),#9791,.T.);
#10335=ADVANCED_FACE('',(#9510),#9792,.F.);
#10336=ADVANCED_FACE('',(#9511),#9793,.F.);
#10337=ADVANCED_FACE('',(#9512),#9794,.F.);
#10338=ADVANCED_FACE('',(#9513),#9795,.F.);
#10339=ADVANCED_FACE('',(#9514),#9796,.F.);
#10340=ADVANCED_FACE('',(#9515),#9797,.F.);
#10341=ADVANCED_FACE('',(#9516),#9798,.F.);
#10342=ADVANCED_FACE('',(#9517),#9799,.F.);
#10343=ADVANCED_FACE('',(#9518),#9800,.F.);
#10344=CLOSED_SHELL('',(#9801,#9802,#9803,#9804,#9805,#9806,#9807,#9808,
#9809,#9810,#9811,#9812,#9813,#9814,#9815,#9816,#9817,#9818,#9819,#9820,
#9821,#9822,#9823,#9824,#9825,#9826,#9827,#9828,#9829,#9830,#9831,#9832,
#9833,#9834,#9835,#9836,#9837,#9838,#9839,#9840,#9841,#9842,#9843,#9844,
#9845,#9846,#9847,#9848,#9849,#9850,#9851,#9852,#9853,#9854,#9855,#9856,
#9857,#9858,#9859,#9860,#9861,#9862,#9863,#9864,#9865,#9866,#9867,#9868,
#9869,#9870,#9871,#9872,#9873,#9874,#9875,#9876,#9877,#9878,#9879,#9880,
#9881,#9882,#9883,#9884,#9885,#9886,#9887,#9888,#9889,#9890,#9891,#9892,
#9893,#9894,#9895,#9896,#9897,#9898,#9899,#9900,#9901,#9902,#9903,#9904,
#9905,#9906,#9907,#9908,#9909,#9910,#9911,#9912,#9913,#9914,#9915,#9916,
#9917,#9918,#9919,#9920,#9921,#9922,#9923,#9924,#9925,#9926,#9927,#9928,
#9929,#9930,#9931,#9932,#9933,#9934,#9935,#9936,#9937,#9938,#9939,#9940,
#9941,#9942,#9943,#9944,#9945,#9946,#9947,#9948,#9949,#9950,#9951,#9952,
#9953,#9954,#9955,#9956,#9957,#9958,#9959,#9960,#9961,#9962,#9963,#9964,
#9965,#9966,#9967,#9968,#9969,#9970,#9971,#9972,#9973,#9974,#9975,#9976,
#9977,#9978,#9979,#9980,#9981,#9982,#9983,#9984,#9985,#9986,#9987,#9988,
#9989,#9990,#9991,#9992,#9993,#9994,#9995,#9996,#9997,#9998,#9999,#10000,
#10001,#10002,#10003,#10004,#10005,#10006,#10007,#10008,#10009,#10010,#10011,
#10012,#10013,#10014,#10015,#10016,#10017,#10018,#10019,#10020,#10021,#10022,
#10023,#10024,#10025,#10026,#10027,#10028,#10029,#10030,#10031,#10032,#10033,
#10034,#10035,#10036,#10037,#10038,#10039,#10040,#10041,#10042,#10043,#10044,
#10045,#10046,#10047,#10048,#10049,#10050,#10051,#10052,#10053,#10054,#10055,
#10056,#10057,#10058,#10059,#10060,#10061,#10062,#10063,#10064,#10065,#10066,
#10067,#10068,#10069,#10070,#10071,#10072,#10073,#10074,#10075,#10076,#10077,
#10078,#10079,#10080,#10081,#10082,#10083,#10084,#10085,#10086,#10087,#10088,
#10089,#10090,#10091,#10092,#10093,#10094,#10095,#10096,#10097,#10098,#10099,
#10100,#10101,#10102,#10103,#10104,#10105,#10106,#10107,#10108,#10109,#10110,
#10111,#10112,#10113,#10114,#10115,#10116,#10117,#10118,#10119,#10120,#10121,
#10122,#10123,#10124,#10125,#10126,#10127,#10128,#10129,#10130,#10131,#10132,
#10133,#10134,#10135,#10136,#10137,#10138,#10139,#10140,#10141,#10142,#10143,
#10144,#10145,#10146,#10147,#10148,#10149,#10150,#10151,#10152,#10153,#10154,
#10155,#10156,#10157,#10158,#10159,#10160,#10161,#10162,#10163,#10164,#10165,
#10166,#10167,#10168,#10169,#10170,#10171,#10172,#10173,#10174,#10175,#10176,
#10177,#10178,#10179,#10180,#10181,#10182,#10183,#10184,#10185,#10186,#10187,
#10188,#10189,#10190,#10191,#10192,#10193,#10194,#10195,#10196,#10197,#10198,
#10199,#10200,#10201,#10202,#10203,#10204,#10205,#10206,#10207,#10208,#10209,
#10210,#10211,#10212,#10213,#10214,#10215,#10216,#10217,#10218,#10219,#10220,
#10221,#10222,#10223,#10224,#10225,#10226,#10227,#10228,#10229,#10230,#10231,
#10232,#10233,#10234,#10235,#10236,#10237,#10238,#10239,#10240,#10241,#10242,
#10243,#10244,#10245,#10246,#10247,#10248,#10249,#10250,#10251,#10252,#10253,
#10254,#10255,#10256,#10257,#10258,#10259,#10260,#10261,#10262,#10263,#10264,
#10265,#10266,#10267,#10268,#10269,#10270,#10271,#10272,#10273,#10274,#10275,
#10276,#10277,#10278,#10279,#10280,#10281,#10282,#10283,#10284,#10285,#10286,
#10287,#10288,#10289,#10290,#10291,#10292,#10293,#10294,#10295,#10296,#10297,
#10298,#10299,#10300,#10301,#10302,#10303,#10304,#10305,#10306,#10307,#10308,
#10309,#10310,#10311,#10312,#10313,#10314,#10315,#10316,#10317,#10318,#10319,
#10320,#10321,#10322,#10323,#10324,#10325,#10326,#10327,#10328,#10329,#10330,
#10331,#10332,#10333,#10334,#10335,#10336,#10337,#10338,#10339,#10340,#10341,
#10342,#10343));
#10345=STYLED_ITEM('',(#10346),#10353);
#10346=PRESENTATION_STYLE_ASSIGNMENT((#10347));
#10347=SURFACE_STYLE_USAGE(.BOTH.,#10348);
#10348=SURFACE_SIDE_STYLE('',(#10349));
#10349=SURFACE_STYLE_FILL_AREA(#10350);
#10350=FILL_AREA_STYLE('',(#10351));
#10351=FILL_AREA_STYLE_COLOUR('',#10352);
#10352=COLOUR_RGB('',0.325490196078431,0.529411764705882,0.752941176470588);
#10353=MANIFOLD_SOLID_BREP('LBottom',#10344);
#10354=SHAPE_DEFINITION_REPRESENTATION(#18041,#10355);
#10355=SHAPE_REPRESENTATION('LBottom',(#10356),#18036);
#10356=AXIS2_PLACEMENT_3D('',#12710,#10808,#10809);
#10357=AXIS2_PLACEMENT_3D('',#12711,#10810,#10811);
#10358=AXIS2_PLACEMENT_3D('',#12727,#10815,#10816);
#10359=AXIS2_PLACEMENT_3D('',#12729,#10817,#10818);
#10360=AXIS2_PLACEMENT_3D('',#12816,#10858,#10859);
#10361=AXIS2_PLACEMENT_3D('',#12819,#10860,#10861);
#10362=AXIS2_PLACEMENT_3D('',#12821,#10862,#10863);
#10363=AXIS2_PLACEMENT_3D('',#12823,#10864,#10865);
#10364=AXIS2_PLACEMENT_3D('',#12885,#10872,#10873);
#10365=AXIS2_PLACEMENT_3D('',#12887,#10874,#10875);
#10366=AXIS2_PLACEMENT_3D('',#12939,#10883,#10884);
#10367=AXIS2_PLACEMENT_3D('',#12999,#10888,#10889);
#10368=AXIS2_PLACEMENT_3D('',#13011,#10893,#10894);
#10369=AXIS2_PLACEMENT_3D('',#13021,#10895,#10896);
#10370=AXIS2_PLACEMENT_3D('',#13107,#10911,#10912);
#10371=AXIS2_PLACEMENT_3D('',#13182,#10934,#10935);
#10372=AXIS2_PLACEMENT_3D('',#13211,#10937,#10938);
#10373=AXIS2_PLACEMENT_3D('',#13233,#10949,#10950);
#10374=AXIS2_PLACEMENT_3D('',#13237,#10952,#10953);
#10375=AXIS2_PLACEMENT_3D('',#13241,#10955,#10956);
#10376=AXIS2_PLACEMENT_3D('',#13245,#10958,#10959);
#10377=AXIS2_PLACEMENT_3D('',#13249,#10961,#10962);
#10378=AXIS2_PLACEMENT_3D('',#13253,#10964,#10965);
#10379=AXIS2_PLACEMENT_3D('',#13257,#10967,#10968);
#10380=AXIS2_PLACEMENT_3D('',#13261,#10970,#10971);
#10381=AXIS2_PLACEMENT_3D('',#13292,#10987,#10988);
#10382=AXIS2_PLACEMENT_3D('',#13295,#10989,#10990);
#10383=AXIS2_PLACEMENT_3D('',#13297,#10991,#10992);
#10384=AXIS2_PLACEMENT_3D('',#13299,#10993,#10994);
#10385=AXIS2_PLACEMENT_3D('',#13361,#11001,#11002);
#10386=AXIS2_PLACEMENT_3D('',#13363,#11003,#11004);
#10387=AXIS2_PLACEMENT_3D('',#13401,#11015,#11016);
#10388=AXIS2_PLACEMENT_3D('',#13455,#11033,#11034);
#10389=AXIS2_PLACEMENT_3D('',#13457,#11035,#11036);
#10390=AXIS2_PLACEMENT_3D('',#13465,#11038,#11039);
#10391=AXIS2_PLACEMENT_3D('',#13555,#11056,#11057);
#10392=AXIS2_PLACEMENT_3D('',#13615,#11065,#11066);
#10393=AXIS2_PLACEMENT_3D('',#13643,#11068,#11069);
#10394=AXIS2_PLACEMENT_3D('',#13667,#11075,#11076);
#10395=AXIS2_PLACEMENT_3D('',#13683,#11080,#11081);
#10396=AXIS2_PLACEMENT_3D('',#13695,#11083,#11084);
#10397=AXIS2_PLACEMENT_3D('',#13707,#11086,#11087);
#10398=AXIS2_PLACEMENT_3D('',#13727,#11091,#11092);
#10399=AXIS2_PLACEMENT_3D('',#13733,#11093,#11094);
#10400=AXIS2_PLACEMENT_3D('',#13735,#11095,#11096);
#10401=AXIS2_PLACEMENT_3D('',#13743,#11098,#11099);
#10402=AXIS2_PLACEMENT_3D('',#13749,#11100,#11101);
#10403=AXIS2_PLACEMENT_3D('',#13816,#11119,#11120);
#10404=AXIS2_PLACEMENT_3D('',#13825,#11125,#11126);
#10405=AXIS2_PLACEMENT_3D('',#13834,#11131,#11132);
#10406=AXIS2_PLACEMENT_3D('',#13838,#11134,#11135);
#10407=AXIS2_PLACEMENT_3D('',#13840,#11136,#11137);
#10408=AXIS2_PLACEMENT_3D('',#13854,#11145,#11146);
#10409=AXIS2_PLACEMENT_3D('',#13858,#11148,#11149);
#10410=AXIS2_PLACEMENT_3D('',#13862,#11151,#11152);
#10411=AXIS2_PLACEMENT_3D('',#13866,#11154,#11155);
#10412=AXIS2_PLACEMENT_3D('',#13870,#11157,#11158);
#10413=AXIS2_PLACEMENT_3D('',#13874,#11160,#11161);
#10414=AXIS2_PLACEMENT_3D('',#13878,#11163,#11164);
#10415=AXIS2_PLACEMENT_3D('',#13882,#11166,#11167);
#10416=AXIS2_PLACEMENT_3D('',#13883,#11168,#11169);
#10417=AXIS2_PLACEMENT_3D('',#13889,#11173,#11174);
#10418=AXIS2_PLACEMENT_3D('',#13894,#11178,#11179);
#10419=AXIS2_PLACEMENT_3D('',#13897,#11182,#11183);
#10420=AXIS2_PLACEMENT_3D('',#13900,#11186,#11187);
#10421=AXIS2_PLACEMENT_3D('',#13903,#11190,#11191);
#10422=AXIS2_PLACEMENT_3D('',#13906,#11194,#11195);
#10423=AXIS2_PLACEMENT_3D('',#13909,#11198,#11199);
#10424=AXIS2_PLACEMENT_3D('',#13916,#11204,#11205);
#10425=AXIS2_PLACEMENT_3D('',#13920,#11208,#11209);
#10426=AXIS2_PLACEMENT_3D('',#13924,#11212,#11213);
#10427=AXIS2_PLACEMENT_3D('',#13928,#11216,#11217);
#10428=AXIS2_PLACEMENT_3D('',#13932,#11220,#11221);
#10429=AXIS2_PLACEMENT_3D('',#13936,#11224,#11225);
#10430=AXIS2_PLACEMENT_3D('',#13940,#11228,#11229);
#10431=AXIS2_PLACEMENT_3D('',#13945,#11233,#11234);
#10432=AXIS2_PLACEMENT_3D('',#13947,#11236,#11237);
#10433=AXIS2_PLACEMENT_3D('',#13948,#11238,#11239);
#10434=AXIS2_PLACEMENT_3D('',#13951,#11241,#11242);
#10435=AXIS2_PLACEMENT_3D('',#13953,#11243,#11244);
#10436=AXIS2_PLACEMENT_3D('',#13954,#11245,#11246);
#10437=AXIS2_PLACEMENT_3D('',#13955,#11247,#11248);
#10438=AXIS2_PLACEMENT_3D('',#13957,#11249,#11250);
#10439=AXIS2_PLACEMENT_3D('',#13959,#11251,#11252);
#10440=AXIS2_PLACEMENT_3D('',#13961,#11253,#11254);
#10441=AXIS2_PLACEMENT_3D('',#13962,#11255,#11256);
#10442=AXIS2_PLACEMENT_3D('',#13964,#11257,#11258);
#10443=AXIS2_PLACEMENT_3D('',#13965,#11259,#11260);
#10444=AXIS2_PLACEMENT_3D('',#13966,#11261,#11262);
#10445=AXIS2_PLACEMENT_3D('',#13968,#11263,#11264);
#10446=AXIS2_PLACEMENT_3D('',#13969,#11265,#11266);
#10447=AXIS2_PLACEMENT_3D('',#13970,#11267,#11268);
#10448=AXIS2_PLACEMENT_3D('',#13972,#11269,#11270);
#10449=AXIS2_PLACEMENT_3D('',#13973,#11271,#11272);
#10450=AXIS2_PLACEMENT_3D('',#13975,#11274,#11275);
#10451=AXIS2_PLACEMENT_3D('',#13976,#11276,#11277);
#10452=AXIS2_PLACEMENT_3D('',#13978,#11279,#11280);
#10453=AXIS2_PLACEMENT_3D('',#13979,#11281,#11282);
#10454=AXIS2_PLACEMENT_3D('',#13985,#11283,#11284);
#10455=AXIS2_PLACEMENT_3D('',#13986,#11285,#11286);
#10456=AXIS2_PLACEMENT_3D('',#13987,#11287,#11288);
#10457=AXIS2_PLACEMENT_3D('',#13988,#11289,#11290);
#10458=AXIS2_PLACEMENT_3D('',#13989,#11291,#11292);
#10459=AXIS2_PLACEMENT_3D('',#13990,#11293,#11294);
#10460=AXIS2_PLACEMENT_3D('',#13991,#11295,#11296);
#10461=AXIS2_PLACEMENT_3D('',#13992,#11297,#11298);
#10462=AXIS2_PLACEMENT_3D('',#13993,#11299,#11300);
#10463=AXIS2_PLACEMENT_3D('',#13999,#11304,#11305);
#10464=AXIS2_PLACEMENT_3D('',#14003,#11308,#11309);
#10465=AXIS2_PLACEMENT_3D('',#14007,#11312,#11313);
#10466=AXIS2_PLACEMENT_3D('',#14011,#11316,#11317);
#10467=AXIS2_PLACEMENT_3D('',#14015,#11320,#11321);
#10468=AXIS2_PLACEMENT_3D('',#14019,#11324,#11325);
#10469=AXIS2_PLACEMENT_3D('',#14023,#11328,#11329);
#10470=AXIS2_PLACEMENT_3D('',#14027,#11332,#11333);
#10471=AXIS2_PLACEMENT_3D('',#14031,#11336,#11337);
#10472=AXIS2_PLACEMENT_3D('',#14035,#11340,#11341);
#10473=AXIS2_PLACEMENT_3D('',#14039,#11344,#11345);
#10474=AXIS2_PLACEMENT_3D('',#14043,#11348,#11349);
#10475=AXIS2_PLACEMENT_3D('',#14047,#11352,#11353);
#10476=AXIS2_PLACEMENT_3D('',#14049,#11355,#11356);
#10477=AXIS2_PLACEMENT_3D('',#14070,#11359,#11360);
#10478=AXIS2_PLACEMENT_3D('',#14127,#11367,#11368);
#10479=AXIS2_PLACEMENT_3D('',#14128,#11369,#11370);
#10480=AXIS2_PLACEMENT_3D('',#14132,#11372,#11373);
#10481=AXIS2_PLACEMENT_3D('',#14133,#11374,#11375);
#10482=AXIS2_PLACEMENT_3D('',#14173,#11381,#11382);
#10483=AXIS2_PLACEMENT_3D('',#14176,#11384,#11385);
#10484=AXIS2_PLACEMENT_3D('',#14179,#11387,#11388);
#10485=AXIS2_PLACEMENT_3D('',#14183,#11391,#11392);
#10486=AXIS2_PLACEMENT_3D('',#14187,#11395,#11396);
#10487=AXIS2_PLACEMENT_3D('',#14191,#11399,#11400);
#10488=AXIS2_PLACEMENT_3D('',#14195,#11403,#11404);
#10489=AXIS2_PLACEMENT_3D('',#14199,#11407,#11408);
#10490=AXIS2_PLACEMENT_3D('',#14203,#11411,#11412);
#10491=AXIS2_PLACEMENT_3D('',#14207,#11415,#11416);
#10492=AXIS2_PLACEMENT_3D('',#14211,#11419,#11420);
#10493=AXIS2_PLACEMENT_3D('',#14215,#11423,#11424);
#10494=AXIS2_PLACEMENT_3D('',#14218,#11426,#11427);
#10495=AXIS2_PLACEMENT_3D('',#14258,#11431,#11432);
#10496=AXIS2_PLACEMENT_3D('',#14313,#11437,#11438);
#10497=AXIS2_PLACEMENT_3D('',#14314,#11439,#11440);
#10498=AXIS2_PLACEMENT_3D('',#14315,#11441,#11442);
#10499=AXIS2_PLACEMENT_3D('',#14320,#11444,#11445);
#10500=AXIS2_PLACEMENT_3D('',#14391,#11451,#11452);
#10501=AXIS2_PLACEMENT_3D('',#14397,#11456,#11457);
#10502=AXIS2_PLACEMENT_3D('',#14403,#11461,#11462);
#10503=AXIS2_PLACEMENT_3D('',#14406,#11464,#11465);
#10504=AXIS2_PLACEMENT_3D('',#14409,#11467,#11468);
#10505=AXIS2_PLACEMENT_3D('',#14413,#11471,#11472);
#10506=AXIS2_PLACEMENT_3D('',#14417,#11475,#11476);
#10507=AXIS2_PLACEMENT_3D('',#14421,#11479,#11480);
#10508=AXIS2_PLACEMENT_3D('',#14424,#11482,#11483);
#10509=AXIS2_PLACEMENT_3D('',#14425,#11484,#11485);
#10510=AXIS2_PLACEMENT_3D('',#14428,#11487,#11488);
#10511=AXIS2_PLACEMENT_3D('',#14429,#11489,#11490);
#10512=AXIS2_PLACEMENT_3D('',#14485,#11497,#11498);
#10513=AXIS2_PLACEMENT_3D('',#14489,#11501,#11502);
#10514=AXIS2_PLACEMENT_3D('',#14493,#11505,#11506);
#10515=AXIS2_PLACEMENT_3D('',#14549,#11513,#11514);
#10516=AXIS2_PLACEMENT_3D('',#14553,#11517,#11518);
#10517=AXIS2_PLACEMENT_3D('',#14609,#11525,#11526);
#10518=AXIS2_PLACEMENT_3D('',#14612,#11528,#11529);
#10519=AXIS2_PLACEMENT_3D('',#14613,#11530,#11531);
#10520=AXIS2_PLACEMENT_3D('',#14616,#11533,#11534);
#10521=AXIS2_PLACEMENT_3D('',#14617,#11535,#11536);
#10522=AXIS2_PLACEMENT_3D('',#14618,#11537,#11538);
#10523=AXIS2_PLACEMENT_3D('',#14633,#11539,#11540);
#10524=AXIS2_PLACEMENT_3D('',#14654,#11543,#11544);
#10525=AXIS2_PLACEMENT_3D('',#14728,#11552,#11553);
#10526=AXIS2_PLACEMENT_3D('',#14783,#11561,#11562);
#10527=AXIS2_PLACEMENT_3D('',#14839,#11569,#11570);
#10528=AXIS2_PLACEMENT_3D('',#14894,#11575,#11576);
#10529=AXIS2_PLACEMENT_3D('',#14915,#11579,#11580);
#10530=AXIS2_PLACEMENT_3D('',#14989,#11588,#11589);
#10531=AXIS2_PLACEMENT_3D('',#15044,#11597,#11598);
#10532=AXIS2_PLACEMENT_3D('',#15087,#11604,#11605);
#10533=AXIS2_PLACEMENT_3D('',#15090,#11607,#11608);
#10534=AXIS2_PLACEMENT_3D('',#15091,#11609,#11610);
#10535=AXIS2_PLACEMENT_3D('',#15095,#11613,#11614);
#10536=AXIS2_PLACEMENT_3D('',#15099,#11617,#11618);
#10537=AXIS2_PLACEMENT_3D('',#15103,#11621,#11622);
#10538=AXIS2_PLACEMENT_3D('',#15107,#11625,#11626);
#10539=AXIS2_PLACEMENT_3D('',#15111,#11629,#11630);
#10540=AXIS2_PLACEMENT_3D('',#15115,#11633,#11634);
#10541=AXIS2_PLACEMENT_3D('',#15170,#11639,#11640);
#10542=AXIS2_PLACEMENT_3D('',#15171,#11641,#11642);
#10543=AXIS2_PLACEMENT_3D('',#15177,#11646,#11647);
#10544=AXIS2_PLACEMENT_3D('',#15181,#11650,#11651);
#10545=AXIS2_PLACEMENT_3D('',#15185,#11654,#11655);
#10546=AXIS2_PLACEMENT_3D('',#15189,#11658,#11659);
#10547=AXIS2_PLACEMENT_3D('',#15193,#11662,#11663);
#10548=AXIS2_PLACEMENT_3D('',#15197,#11666,#11667);
#10549=AXIS2_PLACEMENT_3D('',#15201,#11670,#11671);
#10550=AXIS2_PLACEMENT_3D('',#15205,#11674,#11675);
#10551=AXIS2_PLACEMENT_3D('',#15209,#11678,#11679);
#10552=AXIS2_PLACEMENT_3D('',#15211,#11681,#11682);
#10553=AXIS2_PLACEMENT_3D('',#15212,#11683,#11684);
#10554=AXIS2_PLACEMENT_3D('',#15218,#11688,#11689);
#10555=AXIS2_PLACEMENT_3D('',#15222,#11692,#11693);
#10556=AXIS2_PLACEMENT_3D('',#15226,#11696,#11697);
#10557=AXIS2_PLACEMENT_3D('',#15230,#11700,#11701);
#10558=AXIS2_PLACEMENT_3D('',#15234,#11704,#11705);
#10559=AXIS2_PLACEMENT_3D('',#15238,#11708,#11709);
#10560=AXIS2_PLACEMENT_3D('',#15242,#11712,#11713);
#10561=AXIS2_PLACEMENT_3D('',#15246,#11716,#11717);
#10562=AXIS2_PLACEMENT_3D('',#15250,#11720,#11721);
#10563=AXIS2_PLACEMENT_3D('',#15252,#11723,#11724);
#10564=AXIS2_PLACEMENT_3D('',#15253,#11725,#11726);
#10565=AXIS2_PLACEMENT_3D('',#15259,#11730,#11731);
#10566=AXIS2_PLACEMENT_3D('',#15263,#11734,#11735);
#10567=AXIS2_PLACEMENT_3D('',#15267,#11738,#11739);
#10568=AXIS2_PLACEMENT_3D('',#15269,#11741,#11742);
#10569=AXIS2_PLACEMENT_3D('',#15270,#11743,#11744);
#10570=AXIS2_PLACEMENT_3D('',#15276,#11748,#11749);
#10571=AXIS2_PLACEMENT_3D('',#15280,#11752,#11753);
#10572=AXIS2_PLACEMENT_3D('',#15284,#11756,#11757);
#10573=AXIS2_PLACEMENT_3D('',#15288,#11760,#11761);
#10574=AXIS2_PLACEMENT_3D('',#15292,#11764,#11765);
#10575=AXIS2_PLACEMENT_3D('',#15296,#11768,#11769);
#10576=AXIS2_PLACEMENT_3D('',#15326,#11774,#11775);
#10577=AXIS2_PLACEMENT_3D('',#15329,#11777,#11778);
#10578=AXIS2_PLACEMENT_3D('',#15343,#11780,#11781);
#10579=AXIS2_PLACEMENT_3D('',#15347,#11784,#11785);
#10580=AXIS2_PLACEMENT_3D('',#15350,#11787,#11788);
#10581=AXIS2_PLACEMENT_3D('',#15351,#11789,#11790);
#10582=AXIS2_PLACEMENT_3D('',#15354,#11792,#11793);
#10583=AXIS2_PLACEMENT_3D('',#15381,#11796,#11797);
#10584=AXIS2_PLACEMENT_3D('',#15385,#11800,#11801);
#10585=AXIS2_PLACEMENT_3D('',#15389,#11804,#11805);
#10586=AXIS2_PLACEMENT_3D('',#15393,#11808,#11809);
#10587=AXIS2_PLACEMENT_3D('',#15395,#11811,#11812);
#10588=AXIS2_PLACEMENT_3D('',#15396,#11813,#11814);
#10589=AXIS2_PLACEMENT_3D('',#15402,#11818,#11819);
#10590=AXIS2_PLACEMENT_3D('',#15406,#11822,#11823);
#10591=AXIS2_PLACEMENT_3D('',#15410,#11826,#11827);
#10592=AXIS2_PLACEMENT_3D('',#15414,#11830,#11831);
#10593=AXIS2_PLACEMENT_3D('',#15418,#11834,#11835);
#10594=AXIS2_PLACEMENT_3D('',#15422,#11838,#11839);
#10595=AXIS2_PLACEMENT_3D('',#15425,#11841,#11842);
#10596=AXIS2_PLACEMENT_3D('',#15465,#11846,#11847);
#10597=AXIS2_PLACEMENT_3D('',#15469,#11850,#11851);
#10598=AXIS2_PLACEMENT_3D('',#15473,#11854,#11855);
#10599=AXIS2_PLACEMENT_3D('',#15477,#11858,#11859);
#10600=AXIS2_PLACEMENT_3D('',#15481,#11862,#11863);
#10601=AXIS2_PLACEMENT_3D('',#15485,#11866,#11867);
#10602=AXIS2_PLACEMENT_3D('',#15489,#11870,#11871);
#10603=AXIS2_PLACEMENT_3D('',#15545,#11878,#11879);
#10604=AXIS2_PLACEMENT_3D('',#15549,#11882,#11883);
#10605=AXIS2_PLACEMENT_3D('',#15553,#11886,#11887);
#10606=AXIS2_PLACEMENT_3D('',#15557,#11890,#11891);
#10607=AXIS2_PLACEMENT_3D('',#15561,#11894,#11895);
#10608=AXIS2_PLACEMENT_3D('',#15563,#11897,#11898);
#10609=AXIS2_PLACEMENT_3D('',#15564,#11899,#11900);
#10610=AXIS2_PLACEMENT_3D('',#15570,#11904,#11905);
#10611=AXIS2_PLACEMENT_3D('',#15574,#11908,#11909);
#10612=AXIS2_PLACEMENT_3D('',#15578,#11912,#11913);
#10613=AXIS2_PLACEMENT_3D('',#15582,#11916,#11917);
#10614=AXIS2_PLACEMENT_3D('',#15584,#11919,#11920);
#10615=AXIS2_PLACEMENT_3D('',#15585,#11921,#11922);
#10616=AXIS2_PLACEMENT_3D('',#15591,#11926,#11927);
#10617=AXIS2_PLACEMENT_3D('',#15686,#11937,#11938);
#10618=AXIS2_PLACEMENT_3D('',#15689,#11940,#11941);
#10619=AXIS2_PLACEMENT_3D('',#15716,#11944,#11945);
#10620=AXIS2_PLACEMENT_3D('',#15719,#11947,#11948);
#10621=AXIS2_PLACEMENT_3D('',#15733,#11950,#11951);
#10622=AXIS2_PLACEMENT_3D('',#15737,#11954,#11955);
#10623=AXIS2_PLACEMENT_3D('',#15741,#11958,#11959);
#10624=AXIS2_PLACEMENT_3D('',#15745,#11962,#11963);
#10625=AXIS2_PLACEMENT_3D('',#15748,#11965,#11966);
#10626=AXIS2_PLACEMENT_3D('',#15892,#11978,#11979);
#10627=AXIS2_PLACEMENT_3D('',#15894,#11981,#11982);
#10628=AXIS2_PLACEMENT_3D('',#15895,#11983,#11984);
#10629=AXIS2_PLACEMENT_3D('',#15901,#11988,#11989);
#10630=AXIS2_PLACEMENT_3D('',#16048,#12003,#12004);
#10631=AXIS2_PLACEMENT_3D('',#16051,#12006,#12007);
#10632=AXIS2_PLACEMENT_3D('',#16052,#12008,#12009);
#10633=AXIS2_PLACEMENT_3D('',#16056,#12012,#12013);
#10634=AXIS2_PLACEMENT_3D('',#16060,#12016,#12017);
#10635=AXIS2_PLACEMENT_3D('',#16220,#12032,#12033);
#10636=AXIS2_PLACEMENT_3D('',#16222,#12035,#12036);
#10637=AXIS2_PLACEMENT_3D('',#16277,#12041,#12042);
#10638=AXIS2_PLACEMENT_3D('',#16283,#12046,#12047);
#10639=AXIS2_PLACEMENT_3D('',#16289,#12051,#12052);
#10640=AXIS2_PLACEMENT_3D('',#16336,#12060,#12061);
#10641=AXIS2_PLACEMENT_3D('',#16340,#12064,#12065);
#10642=AXIS2_PLACEMENT_3D('',#16343,#12067,#12068);
#10643=AXIS2_PLACEMENT_3D('',#16383,#12072,#12073);
#10644=AXIS2_PLACEMENT_3D('',#16387,#12076,#12077);
#10645=AXIS2_PLACEMENT_3D('',#16391,#12080,#12081);
#10646=AXIS2_PLACEMENT_3D('',#16447,#12088,#12089);
#10647=AXIS2_PLACEMENT_3D('',#16476,#12092,#12093);
#10648=AXIS2_PLACEMENT_3D('',#16497,#12096,#12097);
#10649=AXIS2_PLACEMENT_3D('',#16571,#12105,#12106);
#10650=AXIS2_PLACEMENT_3D('',#16577,#12110,#12111);
#10651=AXIS2_PLACEMENT_3D('',#16578,#12112,#12113);
#10652=AXIS2_PLACEMENT_3D('',#16582,#12115,#12116);
#10653=AXIS2_PLACEMENT_3D('',#16600,#12118,#12119);
#10654=AXIS2_PLACEMENT_3D('',#16606,#12123,#12124);
#10655=AXIS2_PLACEMENT_3D('',#16610,#12127,#12128);
#10656=AXIS2_PLACEMENT_3D('',#16614,#12131,#12132);
#10657=AXIS2_PLACEMENT_3D('',#16618,#12135,#12136);
#10658=AXIS2_PLACEMENT_3D('',#16622,#12139,#12140);
#10659=AXIS2_PLACEMENT_3D('',#16626,#12143,#12144);
#10660=AXIS2_PLACEMENT_3D('',#16629,#12146,#12147);
#10661=AXIS2_PLACEMENT_3D('',#16669,#12151,#12152);
#10662=AXIS2_PLACEMENT_3D('',#16712,#12158,#12159);
#10663=AXIS2_PLACEMENT_3D('',#16715,#12161,#12162);
#10664=AXIS2_PLACEMENT_3D('',#16716,#12163,#12164);
#10665=AXIS2_PLACEMENT_3D('',#16720,#12167,#12168);
#10666=AXIS2_PLACEMENT_3D('',#16724,#12171,#12172);
#10667=AXIS2_PLACEMENT_3D('',#16728,#12175,#12176);
#10668=AXIS2_PLACEMENT_3D('',#16732,#12179,#12180);
#10669=AXIS2_PLACEMENT_3D('',#16748,#12182,#12183);
#10670=AXIS2_PLACEMENT_3D('',#16749,#12184,#12185);
#10671=AXIS2_PLACEMENT_3D('',#16750,#12186,#12187);
#10672=AXIS2_PLACEMENT_3D('',#16755,#12189,#12190);
#10673=AXIS2_PLACEMENT_3D('',#16826,#12196,#12197);
#10674=AXIS2_PLACEMENT_3D('',#16832,#12201,#12202);
#10675=AXIS2_PLACEMENT_3D('',#16838,#12206,#12207);
#10676=AXIS2_PLACEMENT_3D('',#16841,#12209,#12210);
#10677=AXIS2_PLACEMENT_3D('',#16844,#12212,#12213);
#10678=AXIS2_PLACEMENT_3D('',#16848,#12216,#12217);
#10679=AXIS2_PLACEMENT_3D('',#16852,#12220,#12221);
#10680=AXIS2_PLACEMENT_3D('',#16856,#12224,#12225);
#10681=AXIS2_PLACEMENT_3D('',#16859,#12227,#12228);
#10682=AXIS2_PLACEMENT_3D('',#16860,#12229,#12230);
#10683=AXIS2_PLACEMENT_3D('',#16863,#12232,#12233);
#10684=AXIS2_PLACEMENT_3D('',#16864,#12234,#12235);
#10685=AXIS2_PLACEMENT_3D('',#16920,#12242,#12243);
#10686=AXIS2_PLACEMENT_3D('',#16924,#12246,#12247);
#10687=AXIS2_PLACEMENT_3D('',#16928,#12250,#12251);
#10688=AXIS2_PLACEMENT_3D('',#16984,#12258,#12259);
#10689=AXIS2_PLACEMENT_3D('',#16988,#12262,#12263);
#10690=AXIS2_PLACEMENT_3D('',#17044,#12270,#12271);
#10691=AXIS2_PLACEMENT_3D('',#17047,#12273,#12274);
#10692=AXIS2_PLACEMENT_3D('',#17048,#12275,#12276);
#10693=AXIS2_PLACEMENT_3D('',#17051,#12278,#12279);
#10694=AXIS2_PLACEMENT_3D('',#17052,#12280,#12281);
#10695=AXIS2_PLACEMENT_3D('',#17053,#12282,#12283);
#10696=AXIS2_PLACEMENT_3D('',#17068,#12284,#12285);
#10697=AXIS2_PLACEMENT_3D('',#17089,#12288,#12289);
#10698=AXIS2_PLACEMENT_3D('',#17146,#12296,#12297);
#10699=AXIS2_PLACEMENT_3D('',#17147,#12298,#12299);
#10700=AXIS2_PLACEMENT_3D('',#17151,#12301,#12302);
#10701=AXIS2_PLACEMENT_3D('',#17152,#12303,#12304);
#10702=AXIS2_PLACEMENT_3D('',#17207,#12312,#12313);
#10703=AXIS2_PLACEMENT_3D('',#17250,#12319,#12320);
#10704=AXIS2_PLACEMENT_3D('',#17253,#12322,#12323);
#10705=AXIS2_PLACEMENT_3D('',#17254,#12324,#12325);
#10706=AXIS2_PLACEMENT_3D('',#17284,#12330,#12331);
#10707=AXIS2_PLACEMENT_3D('',#17287,#12333,#12334);
#10708=AXIS2_PLACEMENT_3D('',#17301,#12336,#12337);
#10709=AXIS2_PLACEMENT_3D('',#17318,#12341,#12342);
#10710=AXIS2_PLACEMENT_3D('',#17321,#12344,#12345);
#10711=AXIS2_PLACEMENT_3D('',#17348,#12348,#12349);
#10712=AXIS2_PLACEMENT_3D('',#17352,#12352,#12353);
#10713=AXIS2_PLACEMENT_3D('',#17356,#12356,#12357);
#10714=AXIS2_PLACEMENT_3D('',#17360,#12360,#12361);
#10715=AXIS2_PLACEMENT_3D('',#17363,#12363,#12364);
#10716=AXIS2_PLACEMENT_3D('',#17402,#12366,#12367);
#10717=AXIS2_PLACEMENT_3D('',#17403,#12368,#12369);
#10718=AXIS2_PLACEMENT_3D('',#17409,#12373,#12374);
#10719=AXIS2_PLACEMENT_3D('',#17413,#12377,#12378);
#10720=AXIS2_PLACEMENT_3D('',#17417,#12381,#12382);
#10721=AXIS2_PLACEMENT_3D('',#17421,#12385,#12386);
#10722=AXIS2_PLACEMENT_3D('',#17425,#12389,#12390);
#10723=AXIS2_PLACEMENT_3D('',#17429,#12393,#12394);
#10724=AXIS2_PLACEMENT_3D('',#17433,#12397,#12398);
#10725=AXIS2_PLACEMENT_3D('',#17437,#12401,#12402);
#10726=AXIS2_PLACEMENT_3D('',#17441,#12405,#12406);
#10727=AXIS2_PLACEMENT_3D('',#17445,#12409,#12410);
#10728=AXIS2_PLACEMENT_3D('',#17449,#12413,#12414);
#10729=AXIS2_PLACEMENT_3D('',#17453,#12417,#12418);
#10730=AXIS2_PLACEMENT_3D('',#17457,#12421,#12422);
#10731=AXIS2_PLACEMENT_3D('',#17461,#12425,#12426);
#10732=AXIS2_PLACEMENT_3D('',#17465,#12429,#12430);
#10733=AXIS2_PLACEMENT_3D('',#17469,#12433,#12434);
#10734=AXIS2_PLACEMENT_3D('',#17473,#12437,#12438);
#10735=AXIS2_PLACEMENT_3D('',#17477,#12441,#12442);
#10736=AXIS2_PLACEMENT_3D('',#17481,#12445,#12446);
#10737=AXIS2_PLACEMENT_3D('',#17485,#12449,#12450);
#10738=AXIS2_PLACEMENT_3D('',#17489,#12453,#12454);
#10739=AXIS2_PLACEMENT_3D('',#17493,#12457,#12458);
#10740=AXIS2_PLACEMENT_3D('',#17497,#12461,#12462);
#10741=AXIS2_PLACEMENT_3D('',#17501,#12465,#12466);
#10742=AXIS2_PLACEMENT_3D('',#17505,#12469,#12470);
#10743=AXIS2_PLACEMENT_3D('',#17509,#12473,#12474);
#10744=AXIS2_PLACEMENT_3D('',#17513,#12477,#12478);
#10745=AXIS2_PLACEMENT_3D('',#17517,#12481,#12482);
#10746=AXIS2_PLACEMENT_3D('',#17519,#12484,#12485);
#10747=AXIS2_PLACEMENT_3D('',#17520,#12486,#12487);
#10748=AXIS2_PLACEMENT_3D('',#17526,#12491,#12492);
#10749=AXIS2_PLACEMENT_3D('',#17530,#12495,#12496);
#10750=AXIS2_PLACEMENT_3D('',#17534,#12499,#12500);
#10751=AXIS2_PLACEMENT_3D('',#17538,#12503,#12504);
#10752=AXIS2_PLACEMENT_3D('',#17542,#12507,#12508);
#10753=AXIS2_PLACEMENT_3D('',#17546,#12511,#12512);
#10754=AXIS2_PLACEMENT_3D('',#17550,#12515,#12516);
#10755=AXIS2_PLACEMENT_3D('',#17554,#12519,#12520);
#10756=AXIS2_PLACEMENT_3D('',#17558,#12523,#12524);
#10757=AXIS2_PLACEMENT_3D('',#17562,#12527,#12528);
#10758=AXIS2_PLACEMENT_3D('',#17566,#12531,#12532);
#10759=AXIS2_PLACEMENT_3D('',#17570,#12535,#12536);
#10760=AXIS2_PLACEMENT_3D('',#17574,#12539,#12540);
#10761=AXIS2_PLACEMENT_3D('',#17578,#12543,#12544);
#10762=AXIS2_PLACEMENT_3D('',#17582,#12547,#12548);
#10763=AXIS2_PLACEMENT_3D('',#17586,#12551,#12552);
#10764=AXIS2_PLACEMENT_3D('',#17589,#12554,#12555);
#10765=AXIS2_PLACEMENT_3D('',#17603,#12557,#12558);
#10766=AXIS2_PLACEMENT_3D('',#17606,#12560,#12561);
#10767=AXIS2_PLACEMENT_3D('',#17620,#12563,#12564);
#10768=AXIS2_PLACEMENT_3D('',#17624,#12567,#12568);
#10769=AXIS2_PLACEMENT_3D('',#17627,#12570,#12571);
#10770=AXIS2_PLACEMENT_3D('',#17628,#12572,#12573);
#10771=AXIS2_PLACEMENT_3D('',#17631,#12575,#12576);
#10772=AXIS2_PLACEMENT_3D('',#17645,#12578,#12579);
#10773=AXIS2_PLACEMENT_3D('',#17648,#12581,#12582);
#10774=AXIS2_PLACEMENT_3D('',#17649,#12583,#12584);
#10775=AXIS2_PLACEMENT_3D('',#17651,#12586,#12587);
#10776=AXIS2_PLACEMENT_3D('',#17652,#12588,#12589);
#10777=AXIS2_PLACEMENT_3D('',#17658,#12593,#12594);
#10778=AXIS2_PLACEMENT_3D('',#17662,#12597,#12598);
#10779=AXIS2_PLACEMENT_3D('',#17666,#12601,#12602);
#10780=AXIS2_PLACEMENT_3D('',#17670,#12605,#12606);
#10781=AXIS2_PLACEMENT_3D('',#17674,#12609,#12610);
#10782=AXIS2_PLACEMENT_3D('',#17678,#12613,#12614);
#10783=AXIS2_PLACEMENT_3D('',#17682,#12617,#12618);
#10784=AXIS2_PLACEMENT_3D('',#17686,#12621,#12622);
#10785=AXIS2_PLACEMENT_3D('',#17716,#12627,#12628);
#10786=AXIS2_PLACEMENT_3D('',#17720,#12631,#12632);
#10787=AXIS2_PLACEMENT_3D('',#17724,#12635,#12636);
#10788=AXIS2_PLACEMENT_3D('',#17727,#12638,#12639);
#10789=AXIS2_PLACEMENT_3D('',#17728,#12640,#12641);
#10790=AXIS2_PLACEMENT_3D('',#17731,#12643,#12644);
#10791=AXIS2_PLACEMENT_3D('',#17758,#12647,#12648);
#10792=AXIS2_PLACEMENT_3D('',#17762,#12651,#12652);
#10793=AXIS2_PLACEMENT_3D('',#17764,#12654,#12655);
#10794=AXIS2_PLACEMENT_3D('',#17785,#12658,#12659);
#10795=AXIS2_PLACEMENT_3D('',#17859,#12667,#12668);
#10796=AXIS2_PLACEMENT_3D('',#17914,#12676,#12677);
#10797=AXIS2_PLACEMENT_3D('',#17970,#12684,#12685);
#10798=AXIS2_PLACEMENT_3D('',#18025,#12690,#12691);
#10799=AXIS2_PLACEMENT_3D('',#18026,#12692,#12693);
#10800=AXIS2_PLACEMENT_3D('',#18027,#12694,#12695);
#10801=AXIS2_PLACEMENT_3D('',#18028,#12696,#12697);
#10802=AXIS2_PLACEMENT_3D('',#18029,#12698,#12699);
#10803=AXIS2_PLACEMENT_3D('',#18030,#12700,#12701);
#10804=AXIS2_PLACEMENT_3D('',#18031,#12702,#12703);
#10805=AXIS2_PLACEMENT_3D('',#18032,#12704,#12705);
#10806=AXIS2_PLACEMENT_3D('',#18033,#12706,#12707);
#10807=AXIS2_PLACEMENT_3D('',#18034,#12708,#12709);
#10808=DIRECTION('',(0.,0.,1.));
#10809=DIRECTION('',(1.,0.,0.));
#10810=DIRECTION('',(0.,0.,1.));
#10811=DIRECTION('',(1.,0.,0.));
#10812=DIRECTION('',(0.,-1.,0.));
#10813=DIRECTION('',(1.,0.,0.));
#10814=DIRECTION('',(0.119544694662492,0.992828820078291,0.));
#10815=DIRECTION('',(0.,0.,-1.));
#10816=DIRECTION('',(-1.,0.,0.));
#10817=DIRECTION('',(0.,0.,-1.));
#10818=DIRECTION('',(-1.,0.,0.));
#10819=DIRECTION('',(-0.140450273966016,0.990087733760433,0.));
#10820=DIRECTION('',(-0.99868016855873,-0.0513606943830199,0.));
#10821=DIRECTION('',(0.,1.,0.));
#10822=DIRECTION('',(0.985759878424064,0.168159038084115,0.));
#10823=DIRECTION('',(0.,1.,0.));
#10824=DIRECTION('',(-1.,0.,0.));
#10825=DIRECTION('',(0.,-1.,0.));
#10826=DIRECTION('',(0.985759878424064,-0.168159038084115,0.));
#10827=DIRECTION('',(0.,-1.,0.));
#10828=DIRECTION('',(-0.985759878424064,-0.168159038084115,0.));
#10829=DIRECTION('',(0.985705065374395,-0.16848004064357,0.));
#10830=DIRECTION('',(0.,-1.,0.));
#10831=DIRECTION('',(-0.985705065374395,-0.16848004064357,0.));
#10832=DIRECTION('',(0.,-1.,0.));
#10833=DIRECTION('',(1.,0.,0.));
#10834=DIRECTION('',(0.,1.,0.));
#10835=DIRECTION('',(-0.985705065374395,0.16848004064357,0.));
#10836=DIRECTION('',(0.,1.,0.));
#10837=DIRECTION('',(1.,0.,0.));
#10838=DIRECTION('',(0.629269382752549,-0.777187264390138,0.));
#10839=DIRECTION('',(-0.991777866634026,-0.127971337630188,0.));
#10840=DIRECTION('',(0.,-1.,0.));
#10841=DIRECTION('',(1.,0.,0.));
#10842=DIRECTION('',(0.,1.,0.));
#10843=DIRECTION('',(-0.983796272065803,0.179289974815741,0.));
#10844=DIRECTION('',(-0.627717168367555,0.778441492044597,0.));
#10845=DIRECTION('',(0.628876610489395,0.777505118169244,0.));
#10846=DIRECTION('',(0.983796272065803,0.179289974815741,0.));
#10847=DIRECTION('',(0.,1.,0.));
#10848=DIRECTION('',(-1.,0.,0.));
#10849=DIRECTION('',(0.,-1.,0.));
#10850=DIRECTION('',(0.992056397606364,-0.12579389479734,0.));
#10851=DIRECTION('',(-0.626165828423188,-0.779689909717384,0.));
#10852=DIRECTION('',(-1.,0.,0.));
#10853=DIRECTION('',(0.,1.,0.));
#10854=DIRECTION('',(0.985705065374395,0.16848004064357,0.));
#10855=DIRECTION('',(0.,1.,0.));
#10856=DIRECTION('',(-1.,0.,0.));
#10857=DIRECTION('',(0.,-1.,0.));
#10858=DIRECTION('',(0.,0.,-1.));
#10859=DIRECTION('',(-1.,0.,0.));
#10860=DIRECTION('',(3.154557346344E-15,-3.11062915832606E-16,1.));
#10861=DIRECTION('',(-0.989919040375863,0.141634365537926,3.17405069434031E-15));
#10862=DIRECTION('',(0.,0.,-1.));
#10863=DIRECTION('',(-1.,0.,0.));
#10864=DIRECTION('',(0.,0.,-1.));
#10865=DIRECTION('',(-1.,0.,0.));
#10866=DIRECTION('',(1.,0.,0.));
#10867=DIRECTION('',(0.,-1.,0.));
#10868=DIRECTION('',(-0.181793350053283,0.983336757106336,0.));
#10869=DIRECTION('',(-1.,0.,0.));
#10870=DIRECTION('',(0.,-1.,0.));
#10871=DIRECTION('',(0.,1.,0.));
#10872=DIRECTION('',(2.19196666681567E-14,-2.57878431390182E-16,-1.));
#10873=DIRECTION('',(-0.999999973622962,-0.000229682554759435,-2.19224755203958E-14));
#10874=DIRECTION('',(6.14194546188395E-15,-4.1598833805666E-16,-1.));
#10875=DIRECTION('',(-0.999705270497471,0.024276987860481,-6.13123804184058E-15));
#10876=DIRECTION('',(0.990878342383948,0.134759454564193,0.));
#10877=DIRECTION('',(0.,1.,0.));
#10878=DIRECTION('',(-1.,0.,0.));
#10879=DIRECTION('',(0.,-1.,0.));
#10880=DIRECTION('',(0.,1.,0.));
#10881=DIRECTION('',(-1.,0.,0.));
#10882=DIRECTION('',(-0.529998940003148,0.847998304005108,0.));
#10883=DIRECTION('',(0.,0.,-1.));
#10884=DIRECTION('',(-1.,0.,0.));
#10885=DIRECTION('',(0.516069422559697,0.856546759435176,0.));
#10886=DIRECTION('',(-1.,0.,0.));
#10887=DIRECTION('',(-0.239157810650831,-0.970980711242351,0.));
#10888=DIRECTION('',(0.,0.,-1.));
#10889=DIRECTION('',(-1.,0.,0.));
#10890=DIRECTION('',(-0.00518127760150649,-0.999986577091121,0.));
#10891=DIRECTION('',(1.,0.,0.));
#10892=DIRECTION('',(0.248066632980499,0.968742971897974,0.));
#10893=DIRECTION('',(0.,0.,-1.));
#10894=DIRECTION('',(-1.,0.,0.));
#10895=DIRECTION('',(0.,0.,-1.));
#10896=DIRECTION('',(-1.,0.,0.));
#10897=DIRECTION('',(0.0427987668214569,0.999083712988338,0.));
#10898=DIRECTION('',(0.9857050653744,-0.168480040643544,0.));
#10899=DIRECTION('',(0.,-1.,0.));
#10900=DIRECTION('',(-0.9857050653744,-0.168480040643543,0.));
#10901=DIRECTION('',(0.,-1.,0.));
#10902=DIRECTION('',(1.,0.,0.));
#10903=DIRECTION('',(0.0871423819965981,0.996195866915718,0.));
#10904=DIRECTION('',(0.,1.,0.));
#10905=DIRECTION('',(0.9857050653744,0.168480040643543,0.));
#10906=DIRECTION('',(0.,1.,0.));
#10907=DIRECTION('',(-1.,0.,0.));
#10908=DIRECTION('',(0.,-1.,0.));
#10909=DIRECTION('',(0.9857050653744,-0.168480040643543,0.));
#10910=DIRECTION('',(0.,-1.,0.));
#10911=DIRECTION('',(0.,0.,-1.));
#10912=DIRECTION('',(-1.,0.,0.));
#10913=DIRECTION('',(0.,1.,0.));
#10914=DIRECTION('',(0.9857050653744,0.168480040643544,0.));
#10915=DIRECTION('',(0.,1.,0.));
#10916=DIRECTION('',(-1.,0.,0.));
#10917=DIRECTION('',(0.,-1.,0.));
#10918=DIRECTION('',(-1.,0.,0.));
#10919=DIRECTION('',(0.,-1.,0.));
#10920=DIRECTION('',(1.,0.,0.));
#10921=DIRECTION('',(0.,1.,0.));
#10922=DIRECTION('',(0.,-1.,0.));
#10923=DIRECTION('',(1.,0.,0.));
#10924=DIRECTION('',(0.,1.,0.));
#10925=DIRECTION('',(0.985705065374395,0.16848004064357,0.));
#10926=DIRECTION('',(0.,1.,0.));
#10927=DIRECTION('',(-1.,0.,0.));
#10928=DIRECTION('',(0.,-1.,0.));
#10929=DIRECTION('',(0.985705065374395,-0.16848004064357,0.));
#10930=DIRECTION('',(0.,-1.,0.));
#10931=DIRECTION('',(-0.985705065374395,-0.16848004064357,0.));
#10932=DIRECTION('',(0.,1.,0.));
#10933=DIRECTION('',(0.,-1.,0.));
#10934=DIRECTION('',(0.,0.,-1.));
#10935=DIRECTION('',(-1.,0.,0.));
#10936=DIRECTION('',(0.,-1.,0.));
#10937=DIRECTION('',(0.,0.,-1.));
#10938=DIRECTION('',(-1.,0.,0.));
#10939=DIRECTION('',(0.,-1.,0.));
#10940=DIRECTION('',(-0.985705065374395,-0.168480040643571,0.));
#10941=DIRECTION('',(0.,-1.,0.));
#10942=DIRECTION('',(1.,0.,0.));
#10943=DIRECTION('',(0.,1.,0.));
#10944=DIRECTION('',(0.985705065374395,0.168480040643571,0.));
#10945=DIRECTION('',(0.,1.,0.));
#10946=DIRECTION('',(-1.,0.,0.));
#10947=DIRECTION('',(-0.12312544843717,-0.992391114403563,0.));
#10948=DIRECTION('',(0.999994541213559,-0.00330417055920012,0.));
#10949=DIRECTION('',(0.,0.,1.));
#10950=DIRECTION('',(1.,0.,0.));
#10951=DIRECTION('',(-0.00396822272449773,-0.999992126573209,0.));
#10952=DIRECTION('',(0.,0.,1.));
#10953=DIRECTION('',(1.,0.,0.));
#10954=DIRECTION('',(1.,0.,0.));
#10955=DIRECTION('',(0.,0.,1.));
#10956=DIRECTION('',(1.,0.,0.));
#10957=DIRECTION('',(0.,-1.,0.));
#10958=DIRECTION('',(0.,0.,1.));
#10959=DIRECTION('',(1.,0.,0.));
#10960=DIRECTION('',(1.,0.,0.));
#10961=DIRECTION('',(0.,0.,1.));
#10962=DIRECTION('',(1.,0.,0.));
#10963=DIRECTION('',(0.,1.,0.));
#10964=DIRECTION('',(0.,0.,1.));
#10965=DIRECTION('',(1.,0.,0.));
#10966=DIRECTION('',(1.,1.10666840570603E-15,0.));
#10967=DIRECTION('',(0.,0.,1.));
#10968=DIRECTION('',(1.,0.,0.));
#10969=DIRECTION('',(1.26154596811947E-16,-1.,0.));
#10970=DIRECTION('',(0.,0.,1.));
#10971=DIRECTION('',(1.,0.,0.));
#10972=DIRECTION('',(1.,3.11733210999791E-16,0.));
#10973=DIRECTION('',(0.,-1.,0.));
#10974=DIRECTION('',(0.9857050653744,-0.168480040643543,0.));
#10975=DIRECTION('',(0.,-1.,0.));
#10976=DIRECTION('',(-0.9857050653744,-0.168480040643543,0.));
#10977=DIRECTION('',(0.,-1.,0.));
#10978=DIRECTION('',(1.,0.,0.));
#10979=DIRECTION('',(0.,1.,0.));
#10980=DIRECTION('',(-0.9857050653744,0.168480040643543,0.));
#10981=DIRECTION('',(0.,1.,0.));
#10982=DIRECTION('',(1.,0.,0.));
#10983=DIRECTION('',(0.0896755526298698,-0.995971031336016,0.));
#10984=DIRECTION('',(1.,0.,0.));
#10985=DIRECTION('',(0.,1.,0.));
#10986=DIRECTION('',(-1.,0.,0.));
#10987=DIRECTION('',(0.,0.,-1.));
#10988=DIRECTION('',(-1.,0.,0.));
#10989=DIRECTION('',(3.15455734634407E-15,-3.11062915831935E-16,1.));
#10990=DIRECTION('',(-0.989919040375915,0.14163436553756,3.17405069432952E-15));
#10991=DIRECTION('',(0.,0.,-1.));
#10992=DIRECTION('',(-1.,0.,0.));
#10993=DIRECTION('',(0.,0.,-1.));
#10994=DIRECTION('',(-1.,0.,0.));
#10995=DIRECTION('',(1.,0.,0.));
#10996=DIRECTION('',(0.,-1.,0.));
#10997=DIRECTION('',(-0.181793350053276,0.983336757106337,0.));
#10998=DIRECTION('',(-1.,0.,0.));
#10999=DIRECTION('',(0.,-1.,0.));
#11000=DIRECTION('',(0.,1.,0.));
#11001=DIRECTION('',(2.19196666681567E-14,-2.57878431390861E-16,-1.));
#11002=DIRECTION('',(-0.999999973622962,-0.000229682554821221,-2.19224755205712E-14));
#11003=DIRECTION('',(6.14194546188396E-15,-4.15988338056503E-16,-1.));
#11004=DIRECTION('',(-0.999705270497474,0.0242769878603678,-6.13123804185092E-15));
#11005=DIRECTION('',(0.990878342383942,0.134759454564242,0.));
#11006=DIRECTION('',(0.,1.,0.));
#11007=DIRECTION('',(-1.,0.,0.));
#11008=DIRECTION('',(-0.127971337630195,0.991777866634025,0.));
#11009=DIRECTION('',(-1.,0.,0.));
#11010=DIRECTION('',(0.,-1.,0.));
#11011=DIRECTION('',(-0.985705065374395,-0.16848004064357,0.));
#11012=DIRECTION('',(0.,-1.,0.));
#11013=DIRECTION('',(1.,0.,0.));
#11014=DIRECTION('',(0.,1.,0.));
#11015=DIRECTION('',(0.,0.,-1.));
#11016=DIRECTION('',(-1.,0.,0.));
#11017=DIRECTION('',(0.,1.,0.));
#11018=DIRECTION('',(0.985759878424064,-0.168159038084114,0.));
#11019=DIRECTION('',(0.,-1.,0.));
#11020=DIRECTION('',(-0.985759878424064,-0.168159038084113,0.));
#11021=DIRECTION('',(0.,-1.,0.));
#11022=DIRECTION('',(1.,0.,0.));
#11023=DIRECTION('',(0.,1.,0.));
#11024=DIRECTION('',(0.985759878424064,0.168159038084114,0.));
#11025=DIRECTION('',(0.,1.,0.));
#11026=DIRECTION('',(-1.,0.,0.));
#11027=DIRECTION('',(0.,-1.,0.));
#11028=DIRECTION('',(0.,1.,0.));
#11029=DIRECTION('',(1.,0.,0.));
#11030=DIRECTION('',(0.,1.,0.));
#11031=DIRECTION('',(-1.,0.,0.));
#11032=DIRECTION('',(0.,1.,0.));
#11033=DIRECTION('',(0.,0.,-1.));
#11034=DIRECTION('',(-1.,0.,0.));
#11035=DIRECTION('',(0.,0.,-1.));
#11036=DIRECTION('',(-1.,0.,0.));
#11037=DIRECTION('',(0.195668156440519,0.980670165017356,0.));
#11038=DIRECTION('',(0.,0.,-1.));
#11039=DIRECTION('',(-1.,0.,0.));
#11040=DIRECTION('',(0.,-1.,0.));
#11041=DIRECTION('',(-1.,0.,0.));
#11042=DIRECTION('',(0.,-1.,0.));
#11043=DIRECTION('',(1.,0.,0.));
#11044=DIRECTION('',(0.,-1.,0.));
#11045=DIRECTION('',(1.,0.,0.));
#11046=DIRECTION('',(-0.211876960980176,0.977296348814322,0.));
#11047=DIRECTION('',(-1.,0.,0.));
#11048=DIRECTION('',(0.,-1.,0.));
#11049=DIRECTION('',(1.,0.,0.));
#11050=DIRECTION('',(0.,1.,0.));
#11051=DIRECTION('',(-1.,0.,0.));
#11052=DIRECTION('',(-0.175685799619923,-0.984446290973717,0.));
#11053=DIRECTION('',(0.,-1.,0.));
#11054=DIRECTION('',(1.,0.,0.));
#11055=DIRECTION('',(0.17782441565224,0.984062232380625,0.));
#11056=DIRECTION('',(0.,0.,-1.));
#11057=DIRECTION('',(-1.,0.,0.));
#11058=DIRECTION('',(0.,1.,0.));
#11059=DIRECTION('',(0.985759878424064,-0.168159038084114,0.));
#11060=DIRECTION('',(0.,-1.,0.));
#11061=DIRECTION('',(-0.985759878424064,-0.168159038084114,0.));
#11062=DIRECTION('',(0.,-1.,0.));
#11063=DIRECTION('',(1.,0.,0.));
#11064=DIRECTION('',(0.134683889592214,0.99088861628556,0.));
#11065=DIRECTION('',(0.,0.,-1.));
#11066=DIRECTION('',(-1.,0.,0.));
#11067=DIRECTION('',(0.,1.,0.));
#11068=DIRECTION('',(0.,0.,-1.));
#11069=DIRECTION('',(-1.,0.,0.));
#11070=DIRECTION('',(0.,1.,0.));
#11071=DIRECTION('',(0.985759878424064,0.168159038084114,0.));
#11072=DIRECTION('',(0.,1.,0.));
#11073=DIRECTION('',(-1.,0.,0.));
#11074=DIRECTION('',(0.,-1.,0.));
#11075=DIRECTION('',(0.,0.,-1.));
#11076=DIRECTION('',(-1.,0.,0.));
#11077=DIRECTION('',(0.132927456173683,-0.991125769716031,0.));
#11078=DIRECTION('',(1.,0.,0.));
#11079=DIRECTION('',(0.,1.,0.));
#11080=DIRECTION('',(0.,0.,-1.));
#11081=DIRECTION('',(-1.,0.,0.));
#11082=DIRECTION('',(0.315632171310932,-0.94888162192844,0.));
#11083=DIRECTION('',(0.,0.,-1.));
#11084=DIRECTION('',(-1.,0.,0.));
#11085=DIRECTION('',(0.,-1.,0.));
#11086=DIRECTION('',(0.,0.,-1.));
#11087=DIRECTION('',(-1.,0.,0.));
#11088=DIRECTION('',(0.,-1.,0.));
#11089=DIRECTION('',(-0.988671526213201,0.150095347213897,0.));
#11090=DIRECTION('',(-0.349132359223222,0.937073420679098,0.));
#11091=DIRECTION('',(0.,0.,-1.));
#11092=DIRECTION('',(-1.,0.,0.));
#11093=DIRECTION('',(0.,0.,-1.));
#11094=DIRECTION('',(-1.,0.,0.));
#11095=DIRECTION('',(0.,0.,-1.));
#11096=DIRECTION('',(-1.,0.,0.));
#11097=DIRECTION('',(0.12680315430794,-0.991927900634697,0.));
#11098=DIRECTION('',(0.,0.,-1.));
#11099=DIRECTION('',(-1.,0.,0.));
#11100=DIRECTION('',(0.,0.,-1.));
#11101=DIRECTION('',(-1.,0.,0.));
#11102=DIRECTION('',(0.384989826332156,-0.922920816549685,0.));
#11103=DIRECTION('',(-0.362352163361289,-0.932041259659353,0.));
#11104=DIRECTION('',(-0.987241120712647,-0.159232438824624,0.));
#11105=DIRECTION('',(0.,-1.,0.));
#11106=DIRECTION('',(1.,0.,0.));
#11107=DIRECTION('',(0.,1.,0.));
#11108=DIRECTION('',(-0.987016822541338,0.160616910754753,0.));
#11109=DIRECTION('',(0.330274850511815,0.943884803945586,0.));
#11110=DIRECTION('',(0.253609414957057,0.9673067066061,0.));
#11111=DIRECTION('',(1.,0.,0.));
#11112=DIRECTION('',(0.317852684935203,-0.948140111312396,0.));
#11113=DIRECTION('',(-0.987280102704814,-0.158990561994014,0.));
#11114=DIRECTION('',(0.,-1.,0.));
#11115=DIRECTION('',(1.,0.,0.));
#11116=DIRECTION('',(0.,1.,0.));
#11117=DIRECTION('',(0.,1.,0.));
#11118=DIRECTION('',(0.,-1.,0.));
#11119=DIRECTION('',(0.,1.,0.));
#11120=DIRECTION('',(0.,0.,1.));
#11121=DIRECTION('',(0.,0.,-1.));
#11122=DIRECTION('',(1.,0.,0.));
#11123=DIRECTION('',(0.,0.,-1.));
#11124=DIRECTION('',(1.,0.,0.));
#11125=DIRECTION('',(0.999992126573209,-0.00396822272449781,0.));
#11126=DIRECTION('',(0.00396822272449781,0.999992126573209,0.));
#11127=DIRECTION('',(-0.00396822272449781,-0.999992126573209,0.));
#11128=DIRECTION('',(0.,0.,1.));
#11129=DIRECTION('',(-0.00396822272449781,-0.999992126573209,0.));
#11130=DIRECTION('',(0.,0.,-1.));
#11131=DIRECTION('',(0.,0.,1.));
#11132=DIRECTION('',(1.,0.,0.));
#11133=DIRECTION('',(0.00396822272449776,0.999992126573209,0.));
#11134=DIRECTION('',(0.,0.,1.));
#11135=DIRECTION('',(1.,0.,0.));
#11136=DIRECTION('',(0.,0.,1.));
#11137=DIRECTION('',(1.,0.,0.));
#11138=DIRECTION('',(1.,0.,0.));
#11139=DIRECTION('',(0.,-1.,0.));
#11140=DIRECTION('',(1.,0.,0.));
#11141=DIRECTION('',(0.,1.,0.));
#11142=DIRECTION('',(1.,0.,0.));
#11143=DIRECTION('',(1.30914869204013E-16,-1.,0.));
#11144=DIRECTION('',(0.000119517039986015,0.999999992857839,0.));
#11145=DIRECTION('',(0.,0.,1.));
#11146=DIRECTION('',(1.,0.,0.));
#11147=DIRECTION('',(-0.999999992857839,0.000119517039986015,0.));
#11148=DIRECTION('',(0.,0.,1.));
#11149=DIRECTION('',(1.,0.,0.));
#11150=DIRECTION('',(0.,-1.,0.));
#11151=DIRECTION('',(0.,0.,1.));
#11152=DIRECTION('',(1.,0.,0.));
#11153=DIRECTION('',(1.,0.,0.));
#11154=DIRECTION('',(0.,0.,1.));
#11155=DIRECTION('',(1.,0.,0.));
#11156=DIRECTION('',(0.,1.,0.));
#11157=DIRECTION('',(0.,0.,1.));
#11158=DIRECTION('',(1.,0.,0.));
#11159=DIRECTION('',(1.,0.,0.));
#11160=DIRECTION('',(0.,0.,1.));
#11161=DIRECTION('',(1.,0.,0.));
#11162=DIRECTION('',(0.,-1.,0.));
#11163=DIRECTION('',(0.,0.,1.));
#11164=DIRECTION('',(1.,0.,0.));
#11165=DIRECTION('',(1.,5.54784779296463E-16,0.));
#11166=DIRECTION('',(0.,0.,1.));
#11167=DIRECTION('',(1.,0.,0.));
#11168=DIRECTION('',(3.11733210999791E-16,-1.,0.));
#11169=DIRECTION('',(1.,3.11733210999791E-16,0.));
#11170=DIRECTION('',(0.,0.,1.));
#11171=DIRECTION('',(1.,3.11733210999791E-16,0.));
#11172=DIRECTION('',(0.,0.,1.));
#11173=DIRECTION('',(-1.,-1.26154596811947E-16,0.));
#11174=DIRECTION('',(1.26154596811947E-16,-1.,0.));
#11175=DIRECTION('',(0.,0.,-1.));
#11176=DIRECTION('',(0.,0.,1.));
#11177=DIRECTION('',(0.,0.,1.));
#11178=DIRECTION('',(1.10666840570603E-15,-1.,0.));
#11179=DIRECTION('',(1.,1.10666840570603E-15,0.));
#11180=DIRECTION('',(0.,0.,1.));
#11181=DIRECTION('',(0.,0.,1.));
#11182=DIRECTION('',(1.,0.,0.));
#11183=DIRECTION('',(0.,0.,-1.));
#11184=DIRECTION('',(0.,0.,1.));
#11185=DIRECTION('',(0.,0.,1.));
#11186=DIRECTION('',(0.,-1.,0.));
#11187=DIRECTION('',(0.,0.,-1.));
#11188=DIRECTION('',(0.,0.,1.));
#11189=DIRECTION('',(0.,0.,1.));
#11190=DIRECTION('',(-1.,0.,0.));
#11191=DIRECTION('',(0.,0.,1.));
#11192=DIRECTION('',(0.,0.,1.));
#11193=DIRECTION('',(0.,0.,1.));
#11194=DIRECTION('',(0.,-1.,0.));
#11195=DIRECTION('',(0.,0.,-1.));
#11196=DIRECTION('',(0.,0.,1.));
#11197=DIRECTION('',(0.,0.,1.));
#11198=DIRECTION('',(-0.999992126573209,0.00396822272449773,0.));
#11199=DIRECTION('',(-0.00396822272449773,-0.999992126573209,0.));
#11200=DIRECTION('',(-0.00396822272449773,-0.999992126573209,0.));
#11201=DIRECTION('',(0.,0.,-1.));
#11202=DIRECTION('',(0.,0.,1.));
#11203=DIRECTION('',(0.,0.,1.));
#11204=DIRECTION('',(-0.00330417055920012,-0.999994541213559,0.));
#11205=DIRECTION('',(0.999994541213559,-0.00330417055920012,0.));
#11206=DIRECTION('',(0.999994541213559,-0.00330417055920012,0.));
#11207=DIRECTION('',(0.,0.,1.));
#11208=DIRECTION('',(0.,1.,0.));
#11209=DIRECTION('',(0.,0.,1.));
#11210=DIRECTION('',(1.,0.,0.));
#11211=DIRECTION('',(0.,0.,-1.));
#11212=DIRECTION('',(1.,0.,0.));
#11213=DIRECTION('',(0.,0.,-1.));
#11214=DIRECTION('',(0.,-1.,0.));
#11215=DIRECTION('',(0.,0.,-1.));
#11216=DIRECTION('',(0.,1.,0.));
#11217=DIRECTION('',(0.,0.,1.));
#11218=DIRECTION('',(1.,0.,0.));
#11219=DIRECTION('',(0.,0.,-1.));
#11220=DIRECTION('',(-1.,0.,0.));
#11221=DIRECTION('',(0.,0.,1.));
#11222=DIRECTION('',(0.,1.,0.));
#11223=DIRECTION('',(0.,0.,-1.));
#11224=DIRECTION('',(0.,1.,0.));
#11225=DIRECTION('',(0.,0.,1.));
#11226=DIRECTION('',(1.,0.,0.));
#11227=DIRECTION('',(0.,0.,-1.));
#11228=DIRECTION('',(-0.000119517039986015,-0.999999992857839,0.));
#11229=DIRECTION('',(0.999999992857839,-0.000119517039986015,0.));
#11230=DIRECTION('',(0.,0.,-1.));
#11231=DIRECTION('',(-0.999999992857839,0.000119517039986015,0.));
#11232=DIRECTION('',(0.,0.,-1.));
#11233=DIRECTION('',(1.,1.30914869204013E-16,0.));
#11234=DIRECTION('',(-1.30914869204013E-16,1.,0.));
#11235=DIRECTION('',(1.30914869204013E-16,-1.,0.));
#11236=DIRECTION('',(0.,0.,1.));
#11237=DIRECTION('',(1.,0.,0.));
#11238=DIRECTION('',(0.,0.,1.));
#11239=DIRECTION('',(1.,0.,0.));
#11240=DIRECTION('',(0.000119517039986015,0.999999992857839,0.));
#11241=DIRECTION('',(0.,0.,1.));
#11242=DIRECTION('',(1.,0.,0.));
#11243=DIRECTION('',(0.,0.,1.));
#11244=DIRECTION('',(1.,0.,0.));
#11245=DIRECTION('',(0.,0.,1.));
#11246=DIRECTION('',(1.,0.,0.));
#11247=DIRECTION('',(0.,0.,-1.));
#11248=DIRECTION('',(0.,-1.,0.));
#11249=DIRECTION('',(0.,0.,-1.));
#11250=DIRECTION('',(0.,-1.,0.));
#11251=DIRECTION('',(0.,0.,-1.));
#11252=DIRECTION('',(0.,-1.,0.));
#11253=DIRECTION('',(0.,0.,1.));
#11254=DIRECTION('',(1.,0.,0.));
#11255=DIRECTION('',(0.,0.,-1.));
#11256=DIRECTION('',(0.,-1.,0.));
#11257=DIRECTION('',(0.,0.,1.));
#11258=DIRECTION('',(1.,0.,0.));
#11259=DIRECTION('',(0.,0.,1.));
#11260=DIRECTION('',(1.,0.,0.));
#11261=DIRECTION('',(0.,0.,-1.));
#11262=DIRECTION('',(0.,-1.,0.));
#11263=DIRECTION('',(0.,0.,1.));
#11264=DIRECTION('',(1.,0.,0.));
#11265=DIRECTION('',(0.,0.,1.));
#11266=DIRECTION('',(1.,0.,0.));
#11267=DIRECTION('',(0.,0.,-1.));
#11268=DIRECTION('',(0.,-1.,0.));
#11269=DIRECTION('',(0.,0.,1.));
#11270=DIRECTION('',(1.,0.,0.));
#11271=DIRECTION('',(0.999999992857839,-0.000119517039986015,0.));
#11272=DIRECTION('',(0.000119517039986015,0.999999992857839,0.));
#11273=DIRECTION('',(0.,0.,-1.));
#11274=DIRECTION('',(0.,0.,1.));
#11275=DIRECTION('',(1.,0.,0.));
#11276=DIRECTION('',(0.,0.,-1.));
#11277=DIRECTION('',(-1.,0.,0.));
#11278=DIRECTION('',(0.,0.,1.));
#11279=DIRECTION('',(0.,0.,1.));
#11280=DIRECTION('',(1.,0.,0.));
#11281=DIRECTION('',(0.,0.,1.));
#11282=DIRECTION('',(1.,0.,0.));
#11283=DIRECTION('',(0.,0.,-1.));
#11284=DIRECTION('',(-1.,0.,0.));
#11285=DIRECTION('',(0.,0.,-1.));
#11286=DIRECTION('',(-1.,0.,0.));
#11287=DIRECTION('',(0.,0.,1.));
#11288=DIRECTION('',(1.,0.,0.));
#11289=DIRECTION('',(0.,0.,-1.));
#11290=DIRECTION('',(-1.,0.,0.));
#11291=DIRECTION('',(0.,0.,-1.));
#11292=DIRECTION('',(-1.,0.,0.));
#11293=DIRECTION('',(0.,0.,1.));
#11294=DIRECTION('',(1.,0.,0.));
#11295=DIRECTION('',(0.,0.,1.));
#11296=DIRECTION('',(1.,0.,0.));
#11297=DIRECTION('',(0.,0.,1.));
#11298=DIRECTION('',(1.,0.,0.));
#11299=DIRECTION('',(1.,0.,0.));
#11300=DIRECTION('',(0.,0.,-1.));
#11301=DIRECTION('',(0.,0.,-1.));
#11302=DIRECTION('',(0.,-1.,0.));
#11303=DIRECTION('',(0.,0.,-1.));
#11304=DIRECTION('',(0.,-1.,0.));
#11305=DIRECTION('',(0.,0.,-1.));
#11306=DIRECTION('',(0.,0.,-1.));
#11307=DIRECTION('',(-1.,0.,0.));
#11308=DIRECTION('',(-1.,0.,0.));
#11309=DIRECTION('',(0.,0.,1.));
#11310=DIRECTION('',(0.,0.,-1.));
#11311=DIRECTION('',(0.,1.,0.));
#11312=DIRECTION('',(0.,1.,0.));
#11313=DIRECTION('',(0.,0.,1.));
#11314=DIRECTION('',(0.,0.,-1.));
#11315=DIRECTION('',(1.,0.,0.));
#11316=DIRECTION('',(0.995971031336016,0.0896755526298698,0.));
#11317=DIRECTION('',(-0.0896755526298698,0.995971031336016,0.));
#11318=DIRECTION('',(0.,0.,-1.));
#11319=DIRECTION('',(0.0896755526298698,-0.995971031336016,0.));
#11320=DIRECTION('',(0.,1.,0.));
#11321=DIRECTION('',(0.,0.,1.));
#11322=DIRECTION('',(0.,0.,-1.));
#11323=DIRECTION('',(1.,0.,0.));
#11324=DIRECTION('',(-1.,0.,0.));
#11325=DIRECTION('',(0.,0.,1.));
#11326=DIRECTION('',(0.,0.,-1.));
#11327=DIRECTION('',(0.,1.,0.));
#11328=DIRECTION('',(-0.168480040643543,-0.9857050653744,0.));
#11329=DIRECTION('',(0.9857050653744,-0.168480040643543,0.));
#11330=DIRECTION('',(0.,0.,-1.));
#11331=DIRECTION('',(-0.9857050653744,0.168480040643543,0.));
#11332=DIRECTION('',(-1.,0.,0.));
#11333=DIRECTION('',(0.,0.,1.));
#11334=DIRECTION('',(0.,0.,-1.));
#11335=DIRECTION('',(0.,1.,0.));
#11336=DIRECTION('',(0.,1.,0.));
#11337=DIRECTION('',(0.,0.,1.));
#11338=DIRECTION('',(0.,0.,-1.));
#11339=DIRECTION('',(1.,0.,0.));
#11340=DIRECTION('',(1.,0.,0.));
#11341=DIRECTION('',(0.,0.,-1.));
#11342=DIRECTION('',(0.,0.,-1.));
#11343=DIRECTION('',(0.,-1.,0.));
#11344=DIRECTION('',(0.168480040643543,-0.9857050653744,0.));
#11345=DIRECTION('',(0.9857050653744,0.168480040643543,0.));
#11346=DIRECTION('',(0.,0.,-1.));
#11347=DIRECTION('',(-0.9857050653744,-0.168480040643543,0.));
#11348=DIRECTION('',(1.,0.,0.));
#11349=DIRECTION('',(0.,0.,-1.));
#11350=DIRECTION('',(0.,0.,-1.));
#11351=DIRECTION('',(0.,-1.,0.));
#11352=DIRECTION('',(0.168480040643543,0.9857050653744,0.));
#11353=DIRECTION('',(-0.9857050653744,0.168480040643543,0.));
#11354=DIRECTION('',(0.9857050653744,-0.168480040643543,0.));
#11355=DIRECTION('',(0.,0.,-1.));
#11356=DIRECTION('',(1.,0.,0.));
#11357=DIRECTION('',(0.,0.,-1.));
#11358=DIRECTION('',(0.,0.,-1.));
#11359=DIRECTION('',(-1.,0.,0.));
#11360=DIRECTION('',(0.,0.,1.));
#11361=DIRECTION('',(0.,1.,0.));
#11362=DIRECTION('',(0.,0.,-1.));
#11363=DIRECTION('',(0.,1.,0.));
#11364=DIRECTION('',(0.,0.,-1.));
#11365=DIRECTION('',(0.,0.,-1.));
#11366=DIRECTION('',(0.,0.,-1.));
#11367=DIRECTION('',(0.,0.,-1.));
#11368=DIRECTION('',(0.735561221625427,-0.677458256456373,0.));
#11369=DIRECTION('',(0.,0.,-1.));
#11370=DIRECTION('',(-1.,0.,0.));
#11371=DIRECTION('',(0.,0.,-1.));
#11372=DIRECTION('',(0.,0.,-1.));
#11373=DIRECTION('',(-1.,0.,0.));
#11374=DIRECTION('',(1.,0.,0.));
#11375=DIRECTION('',(0.,0.,-1.));
#11376=DIRECTION('',(0.,-1.,0.));
#11377=DIRECTION('',(0.,0.,-1.));
#11378=DIRECTION('',(0.,-1.,0.));
#11379=DIRECTION('',(0.,0.,-1.));
#11380=DIRECTION('',(0.,0.,-1.));
#11381=DIRECTION('',(0.,0.,-1.));
#11382=DIRECTION('',(0.652790097146945,0.75753883667234,0.));
#11383=DIRECTION('',(0.,0.,-1.));
#11384=DIRECTION('',(0.,0.,-1.));
#11385=DIRECTION('',(-1.,0.,0.));
#11386=DIRECTION('',(0.,0.,-1.));
#11387=DIRECTION('',(0.992391114403563,-0.12312544843717,0.));
#11388=DIRECTION('',(0.12312544843717,0.992391114403563,0.));
#11389=DIRECTION('',(0.,0.,-1.));
#11390=DIRECTION('',(-0.12312544843717,-0.992391114403563,0.));
#11391=DIRECTION('',(0.,-1.,0.));
#11392=DIRECTION('',(0.,0.,-1.));
#11393=DIRECTION('',(0.,0.,-1.));
#11394=DIRECTION('',(-1.,0.,0.));
#11395=DIRECTION('',(-1.,0.,0.));
#11396=DIRECTION('',(0.,0.,1.));
#11397=DIRECTION('',(0.,0.,-1.));
#11398=DIRECTION('',(0.,1.,0.));
#11399=DIRECTION('',(-0.168480040643571,0.985705065374395,0.));
#11400=DIRECTION('',(-0.985705065374395,-0.168480040643571,0.));
#11401=DIRECTION('',(0.,0.,-1.));
#11402=DIRECTION('',(0.985705065374395,0.168480040643571,0.));
#11403=DIRECTION('',(-1.,0.,0.));
#11404=DIRECTION('',(0.,0.,1.));
#11405=DIRECTION('',(0.,0.,-1.));
#11406=DIRECTION('',(0.,1.,0.));
#11407=DIRECTION('',(0.,1.,0.));
#11408=DIRECTION('',(0.,0.,1.));
#11409=DIRECTION('',(0.,0.,-1.));
#11410=DIRECTION('',(1.,0.,0.));
#11411=DIRECTION('',(1.,0.,0.));
#11412=DIRECTION('',(0.,0.,-1.));
#11413=DIRECTION('',(0.,0.,-1.));
#11414=DIRECTION('',(0.,-1.,0.));
#11415=DIRECTION('',(0.168480040643571,-0.985705065374395,0.));
#11416=DIRECTION('',(0.985705065374395,0.168480040643571,0.));
#11417=DIRECTION('',(0.,0.,-1.));
#11418=DIRECTION('',(-0.985705065374395,-0.168480040643571,0.));
#11419=DIRECTION('',(1.,0.,0.));
#11420=DIRECTION('',(0.,0.,-1.));
#11421=DIRECTION('',(0.,0.,-1.));
#11422=DIRECTION('',(0.,-1.,0.));
#11423=DIRECTION('',(0.,0.,-1.));
#11424=DIRECTION('',(0.631284964951033,-0.775550960947617,0.));
#11425=DIRECTION('',(0.,0.,-1.));
#11426=DIRECTION('',(0.,0.,-1.));
#11427=DIRECTION('',(-1.,0.,0.));
#11428=DIRECTION('',(0.,0.,-1.));
#11429=DIRECTION('',(0.,0.,-1.));
#11430=DIRECTION('',(0.,0.,-1.));
#11431=DIRECTION('',(1.,0.,0.));
#11432=DIRECTION('',(0.,0.,-1.));
#11433=DIRECTION('',(0.,0.,-1.));
#11434=DIRECTION('',(0.,-1.,0.));
#11435=DIRECTION('',(0.,0.,-1.));
#11436=DIRECTION('',(0.,0.,-1.));
#11437=DIRECTION('',(0.,0.,-1.));
#11438=DIRECTION('',(1.,0.,0.));
#11439=DIRECTION('',(0.,0.,-1.));
#11440=DIRECTION('',(0.256352853216157,0.966583268346776,0.));
#11441=DIRECTION('',(0.,0.,-1.));
#11442=DIRECTION('',(-1.,0.,0.));
#11443=DIRECTION('',(0.,0.,-1.));
#11444=DIRECTION('',(0.,0.,-1.));
#11445=DIRECTION('',(-1.,0.,0.));
#11446=DIRECTION('',(0.,0.,-1.));
#11447=DIRECTION('',(0.,0.,-1.));
#11448=DIRECTION('',(0.,0.,-1.));
#11449=DIRECTION('',(0.,0.,-1.));
#11450=DIRECTION('',(0.,0.,-1.));
#11451=DIRECTION('',(0.,-1.,0.));
#11452=DIRECTION('',(0.,0.,-1.));
#11453=DIRECTION('',(-1.,0.,0.));
#11454=DIRECTION('',(0.,0.,-1.));
#11455=DIRECTION('',(-1.,0.,0.));
#11456=DIRECTION('',(1.,0.,0.));
#11457=DIRECTION('',(0.,0.,-1.));
#11458=DIRECTION('',(0.,-1.,0.));
#11459=DIRECTION('',(0.,0.,-1.));
#11460=DIRECTION('',(0.,-1.,0.));
#11461=DIRECTION('',(0.,0.,-1.));
#11462=DIRECTION('',(-0.985046112431551,0.172290906270434,0.));
#11463=DIRECTION('',(0.,0.,-1.));
#11464=DIRECTION('',(0.,0.,-1.));
#11465=DIRECTION('',(-1.,0.,0.));
#11466=DIRECTION('',(0.,0.,-1.));
#11467=DIRECTION('',(0.,-1.,0.));
#11468=DIRECTION('',(0.,0.,-1.));
#11469=DIRECTION('',(0.,0.,-1.));
#11470=DIRECTION('',(-1.,0.,0.));
#11471=DIRECTION('',(-1.,0.,0.));
#11472=DIRECTION('',(0.,0.,1.));
#11473=DIRECTION('',(0.,0.,-1.));
#11474=DIRECTION('',(0.,1.,0.));
#11475=DIRECTION('',(-0.134759454564242,0.990878342383942,0.));
#11476=DIRECTION('',(-0.990878342383942,-0.134759454564242,0.));
#11477=DIRECTION('',(0.,0.,-1.));
#11478=DIRECTION('',(0.990878342383942,0.134759454564242,0.));
#11479=DIRECTION('',(0.,0.,-1.));
#11480=DIRECTION('',(-0.99772093906268,0.0674753862966546,0.));
#11481=DIRECTION('',(0.,0.,-1.));
#11482=DIRECTION('',(6.14194546188396E-15,-4.15988338056503E-16,-1.));
#11483=DIRECTION('',(-0.999705270497474,0.0242769878603678,-6.13123804185092E-15));
#11484=DIRECTION('',(0.,0.,-1.));
#11485=DIRECTION('',(-0.999929892492154,0.0118410346097302,0.));
#11486=DIRECTION('',(0.,0.,-1.));
#11487=DIRECTION('',(2.19196666681567E-14,-2.57878431390861E-16,-1.));
#11488=DIRECTION('',(-0.999999973622962,-0.000229682554821221,-2.19224755205712E-14));
#11489=DIRECTION('',(-1.,0.,0.));
#11490=DIRECTION('',(0.,0.,1.));
#11491=DIRECTION('',(0.,0.,-1.));
#11492=DIRECTION('',(0.,1.,0.));
#11493=DIRECTION('',(0.,0.,-1.));
#11494=DIRECTION('',(0.,0.,-1.));
#11495=DIRECTION('',(0.,0.,-1.));
#11496=DIRECTION('',(0.,0.,-1.));
#11497=DIRECTION('',(1.,0.,0.));
#11498=DIRECTION('',(0.,0.,-1.));
#11499=DIRECTION('',(0.,0.,-1.));
#11500=DIRECTION('',(0.,-1.,0.));
#11501=DIRECTION('',(0.,-1.,0.));
#11502=DIRECTION('',(0.,0.,-1.));
#11503=DIRECTION('',(0.,0.,-1.));
#11504=DIRECTION('',(-1.,0.,0.));
#11505=DIRECTION('',(-0.983336757106337,-0.181793350053276,0.));
#11506=DIRECTION('',(0.181793350053276,-0.983336757106337,0.));
#11507=DIRECTION('',(0.,0.,-1.));
#11508=DIRECTION('',(-0.181793350053276,0.983336757106337,0.));
#11509=DIRECTION('',(0.,0.,-1.));
#11510=DIRECTION('',(0.,0.,-1.));
#11511=DIRECTION('',(0.,0.,-1.));
#11512=DIRECTION('',(0.,0.,-1.));
#11513=DIRECTION('',(1.,0.,0.));
#11514=DIRECTION('',(0.,0.,-1.));
#11515=DIRECTION('',(0.,0.,-1.));
#11516=DIRECTION('',(0.,-1.,0.));
#11517=DIRECTION('',(0.,1.,0.));
#11518=DIRECTION('',(0.,0.,1.));
#11519=DIRECTION('',(0.,0.,-1.));
#11520=DIRECTION('',(1.,0.,0.));
#11521=DIRECTION('',(0.,0.,-1.));
#11522=DIRECTION('',(0.,0.,-1.));
#11523=DIRECTION('',(0.,0.,-1.));
#11524=DIRECTION('',(0.,0.,-1.));
#11525=DIRECTION('',(0.,0.,-1.));
#11526=DIRECTION('',(0.256772701990232,0.966471820340684,0.));
#11527=DIRECTION('',(0.,0.,-1.));
#11528=DIRECTION('',(0.,0.,-1.));
#11529=DIRECTION('',(-1.,0.,0.));
#11530=DIRECTION('',(0.,0.,-1.));
#11531=DIRECTION('',(0.650540308784157,0.759471728668694,0.));
#11532=DIRECTION('',(0.,0.,-1.));
#11533=DIRECTION('',(0.,0.,-1.));
#11534=DIRECTION('',(-1.,0.,0.));
#11535=DIRECTION('',(0.,0.,-1.));
#11536=DIRECTION('',(-0.995215110609159,0.0977081553157147,0.));
#11537=DIRECTION('',(6.09367991965878E-17,-6.00882353954465E-18,1.));
#11538=DIRECTION('',(-0.989919040375915,0.14163436553756,8.35276498507768E-17));
#11539=DIRECTION('',(0.,0.,-1.));
#11540=DIRECTION('',(1.,0.,0.));
#11541=DIRECTION('',(0.,0.,-1.));
#11542=DIRECTION('',(0.,0.,-1.));
#11543=DIRECTION('',(-1.,0.,0.));
#11544=DIRECTION('',(0.,0.,1.));
#11545=DIRECTION('',(0.,1.,0.));
#11546=DIRECTION('',(0.,0.,-1.));
#11547=DIRECTION('',(0.,1.,0.));
#11548=DIRECTION('',(0.,0.,-1.));
#11549=DIRECTION('',(0.,0.,-1.));
#11550=DIRECTION('',(0.,0.,-1.));
#11551=DIRECTION('',(0.,0.,-1.));
#11552=DIRECTION('',(1.,0.,0.));
#11553=DIRECTION('',(0.,0.,-1.));
#11554=DIRECTION('',(0.,-1.,0.));
#11555=DIRECTION('',(0.,0.,-1.));
#11556=DIRECTION('',(0.,-1.,0.));
#11557=DIRECTION('',(0.,0.,-1.));
#11558=DIRECTION('',(0.,0.,-1.));
#11559=DIRECTION('',(0.,0.,-1.));
#11560=DIRECTION('',(0.,0.,-1.));
#11561=DIRECTION('',(1.,0.,0.));
#11562=DIRECTION('',(0.,0.,-1.));
#11563=DIRECTION('',(0.,0.,-1.));
#11564=DIRECTION('',(0.,-1.,0.));
#11565=DIRECTION('',(0.,0.,-1.));
#11566=DIRECTION('',(0.,0.,-1.));
#11567=DIRECTION('',(0.,0.,-1.));
#11568=DIRECTION('',(0.,0.,-1.));
#11569=DIRECTION('',(-1.,0.,0.));
#11570=DIRECTION('',(0.,0.,1.));
#11571=DIRECTION('',(0.,0.,-1.));
#11572=DIRECTION('',(0.,1.,0.));
#11573=DIRECTION('',(0.,0.,-1.));
#11574=DIRECTION('',(0.,0.,-1.));
#11575=DIRECTION('',(0.,0.,-1.));
#11576=DIRECTION('',(1.,0.,0.));
#11577=DIRECTION('',(0.,0.,-1.));
#11578=DIRECTION('',(0.,0.,-1.));
#11579=DIRECTION('',(1.,0.,0.));
#11580=DIRECTION('',(0.,0.,-1.));
#11581=DIRECTION('',(0.,-1.,0.));
#11582=DIRECTION('',(0.,0.,-1.));
#11583=DIRECTION('',(0.,-1.,0.));
#11584=DIRECTION('',(0.,0.,-1.));
#11585=DIRECTION('',(0.,0.,-1.));
#11586=DIRECTION('',(0.,0.,-1.));
#11587=DIRECTION('',(0.,0.,-1.));
#11588=DIRECTION('',(-1.,0.,0.));
#11589=DIRECTION('',(0.,0.,1.));
#11590=DIRECTION('',(0.,1.,0.));
#11591=DIRECTION('',(0.,0.,-1.));
#11592=DIRECTION('',(0.,1.,0.));
#11593=DIRECTION('',(0.,0.,-1.));
#11594=DIRECTION('',(0.,0.,-1.));
#11595=DIRECTION('',(0.,0.,-1.));
#11596=DIRECTION('',(0.,0.,-1.));
#11597=DIRECTION('',(-1.,0.,0.));
#11598=DIRECTION('',(0.,0.,1.));
#11599=DIRECTION('',(0.,0.,-1.));
#11600=DIRECTION('',(0.,1.,0.));
#11601=DIRECTION('',(0.,0.,-1.));
#11602=DIRECTION('',(0.,0.,-1.));
#11603=DIRECTION('',(0.,0.,-1.));
#11604=DIRECTION('',(0.,0.,-1.));
#11605=DIRECTION('',(-0.655395608921915,-0.755285770954195,0.));
#11606=DIRECTION('',(0.,0.,-1.));
#11607=DIRECTION('',(0.,0.,-1.));
#11608=DIRECTION('',(-1.,0.,0.));
#11609=DIRECTION('',(-1.,0.,0.));
#11610=DIRECTION('',(0.,0.,1.));
#11611=DIRECTION('',(0.,0.,-1.));
#11612=DIRECTION('',(0.,1.,0.));
#11613=DIRECTION('',(0.,1.,0.));
#11614=DIRECTION('',(0.,0.,1.));
#11615=DIRECTION('',(0.,0.,-1.));
#11616=DIRECTION('',(1.,0.,0.));
#11617=DIRECTION('',(1.,0.,0.));
#11618=DIRECTION('',(0.,0.,-1.));
#11619=DIRECTION('',(0.,0.,-1.));
#11620=DIRECTION('',(0.,-1.,0.));
#11621=DIRECTION('',(0.16848004064357,-0.985705065374395,0.));
#11622=DIRECTION('',(0.985705065374395,0.16848004064357,0.));
#11623=DIRECTION('',(0.,0.,-1.));
#11624=DIRECTION('',(-0.985705065374395,-0.16848004064357,0.));
#11625=DIRECTION('',(1.,0.,0.));
#11626=DIRECTION('',(0.,0.,-1.));
#11627=DIRECTION('',(0.,0.,-1.));
#11628=DIRECTION('',(0.,-1.,0.));
#11629=DIRECTION('',(0.,-1.,0.));
#11630=DIRECTION('',(0.,0.,-1.));
#11631=DIRECTION('',(0.,0.,-1.));
#11632=DIRECTION('',(-1.,0.,0.));
#11633=DIRECTION('',(-0.991777866634025,-0.127971337630195,0.));
#11634=DIRECTION('',(0.127971337630195,-0.991777866634025,0.));
#11635=DIRECTION('',(0.,0.,-1.));
#11636=DIRECTION('',(-0.127971337630195,0.991777866634025,0.));
#11637=DIRECTION('',(0.,0.,-1.));
#11638=DIRECTION('',(0.,0.,-1.));
#11639=DIRECTION('',(0.,0.,-1.));
#11640=DIRECTION('',(1.,0.,0.));
#11641=DIRECTION('',(1.,0.,0.));
#11642=DIRECTION('',(0.,0.,-1.));
#11643=DIRECTION('',(0.,0.,-1.));
#11644=DIRECTION('',(0.,-1.,0.));
#11645=DIRECTION('',(0.,0.,-1.));
#11646=DIRECTION('',(0.16848004064357,-0.985705065374395,0.));
#11647=DIRECTION('',(0.985705065374395,0.16848004064357,0.));
#11648=DIRECTION('',(0.,0.,-1.));
#11649=DIRECTION('',(-0.985705065374395,-0.16848004064357,0.));
#11650=DIRECTION('',(1.,0.,0.));
#11651=DIRECTION('',(0.,0.,-1.));
#11652=DIRECTION('',(0.,0.,-1.));
#11653=DIRECTION('',(0.,-1.,0.));
#11654=DIRECTION('',(0.16848004064357,0.985705065374395,0.));
#11655=DIRECTION('',(-0.985705065374395,0.16848004064357,0.));
#11656=DIRECTION('',(0.,0.,-1.));
#11657=DIRECTION('',(0.985705065374395,-0.16848004064357,0.));
#11658=DIRECTION('',(1.,0.,0.));
#11659=DIRECTION('',(0.,0.,-1.));
#11660=DIRECTION('',(0.,0.,-1.));
#11661=DIRECTION('',(0.,-1.,0.));
#11662=DIRECTION('',(0.,-1.,0.));
#11663=DIRECTION('',(0.,0.,-1.));
#11664=DIRECTION('',(0.,0.,-1.));
#11665=DIRECTION('',(-1.,0.,0.));
#11666=DIRECTION('',(-1.,0.,0.));
#11667=DIRECTION('',(0.,0.,1.));
#11668=DIRECTION('',(0.,0.,-1.));
#11669=DIRECTION('',(0.,1.,0.));
#11670=DIRECTION('',(-0.16848004064357,0.985705065374395,0.));
#11671=DIRECTION('',(-0.985705065374395,-0.16848004064357,0.));
#11672=DIRECTION('',(0.,0.,-1.));
#11673=DIRECTION('',(0.985705065374395,0.16848004064357,0.));
#11674=DIRECTION('',(-1.,0.,0.));
#11675=DIRECTION('',(0.,0.,1.));
#11676=DIRECTION('',(0.,0.,-1.));
#11677=DIRECTION('',(0.,1.,0.));
#11678=DIRECTION('',(0.,1.,0.));
#11679=DIRECTION('',(0.,0.,1.));
#11680=DIRECTION('',(1.,0.,0.));
#11681=DIRECTION('',(0.,0.,-1.));
#11682=DIRECTION('',(1.,0.,0.));
#11683=DIRECTION('',(0.168159038084114,0.985759878424064,0.));
#11684=DIRECTION('',(-0.985759878424064,0.168159038084114,0.));
#11685=DIRECTION('',(0.,0.,-1.));
#11686=DIRECTION('',(0.985759878424064,-0.168159038084114,0.));
#11687=DIRECTION('',(0.,0.,-1.));
#11688=DIRECTION('',(1.,0.,0.));
#11689=DIRECTION('',(0.,0.,-1.));
#11690=DIRECTION('',(0.,0.,-1.));
#11691=DIRECTION('',(0.,-1.,0.));
#11692=DIRECTION('',(0.,-1.,0.));
#11693=DIRECTION('',(0.,0.,-1.));
#11694=DIRECTION('',(0.,0.,-1.));
#11695=DIRECTION('',(-1.,0.,0.));
#11696=DIRECTION('',(-1.,0.,0.));
#11697=DIRECTION('',(0.,0.,1.));
#11698=DIRECTION('',(0.,0.,-1.));
#11699=DIRECTION('',(0.,1.,0.));
#11700=DIRECTION('',(-0.168159038084114,0.985759878424064,0.));
#11701=DIRECTION('',(-0.985759878424064,-0.168159038084114,0.));
#11702=DIRECTION('',(0.,0.,-1.));
#11703=DIRECTION('',(0.985759878424064,0.168159038084114,0.));
#11704=DIRECTION('',(-1.,0.,0.));
#11705=DIRECTION('',(0.,0.,1.));
#11706=DIRECTION('',(0.,0.,-1.));
#11707=DIRECTION('',(0.,1.,0.));
#11708=DIRECTION('',(0.,1.,0.));
#11709=DIRECTION('',(0.,0.,1.));
#11710=DIRECTION('',(0.,0.,-1.));
#11711=DIRECTION('',(1.,0.,0.));
#11712=DIRECTION('',(1.,0.,0.));
#11713=DIRECTION('',(0.,0.,-1.));
#11714=DIRECTION('',(0.,0.,-1.));
#11715=DIRECTION('',(0.,-1.,0.));
#11716=DIRECTION('',(0.168159038084113,-0.985759878424064,0.));
#11717=DIRECTION('',(0.985759878424064,0.168159038084113,0.));
#11718=DIRECTION('',(0.,0.,-1.));
#11719=DIRECTION('',(-0.985759878424064,-0.168159038084113,0.));
#11720=DIRECTION('',(1.,0.,0.));
#11721=DIRECTION('',(0.,0.,-1.));
#11722=DIRECTION('',(0.,-1.,0.));
#11723=DIRECTION('',(0.,0.,-1.));
#11724=DIRECTION('',(1.,0.,0.));
#11725=DIRECTION('',(0.,-1.,0.));
#11726=DIRECTION('',(0.,0.,-1.));
#11727=DIRECTION('',(0.,0.,-1.));
#11728=DIRECTION('',(-1.,0.,0.));
#11729=DIRECTION('',(0.,0.,-1.));
#11730=DIRECTION('',(-1.,0.,0.));
#11731=DIRECTION('',(0.,0.,1.));
#11732=DIRECTION('',(0.,0.,-1.));
#11733=DIRECTION('',(0.,1.,0.));
#11734=DIRECTION('',(0.,1.,0.));
#11735=DIRECTION('',(0.,0.,1.));
#11736=DIRECTION('',(0.,0.,-1.));
#11737=DIRECTION('',(1.,0.,0.));
#11738=DIRECTION('',(1.,0.,0.));
#11739=DIRECTION('',(0.,0.,-1.));
#11740=DIRECTION('',(0.,-1.,0.));
#11741=DIRECTION('',(0.,0.,-1.));
#11742=DIRECTION('',(1.,0.,0.));
#11743=DIRECTION('',(-1.,0.,0.));
#11744=DIRECTION('',(0.,0.,1.));
#11745=DIRECTION('',(0.,0.,-1.));
#11746=DIRECTION('',(0.,1.,0.));
#11747=DIRECTION('',(0.,0.,-1.));
#11748=DIRECTION('',(0.,1.,0.));
#11749=DIRECTION('',(0.,0.,1.));
#11750=DIRECTION('',(0.,0.,-1.));
#11751=DIRECTION('',(1.,0.,0.));
#11752=DIRECTION('',(1.,0.,0.));
#11753=DIRECTION('',(0.,0.,-1.));
#11754=DIRECTION('',(0.,0.,-1.));
#11755=DIRECTION('',(0.,-1.,0.));
#11756=DIRECTION('',(0.,1.,0.));
#11757=DIRECTION('',(0.,0.,1.));
#11758=DIRECTION('',(0.,0.,-1.));
#11759=DIRECTION('',(1.,0.,0.));
#11760=DIRECTION('',(1.,0.,0.));
#11761=DIRECTION('',(0.,0.,-1.));
#11762=DIRECTION('',(0.,0.,-1.));
#11763=DIRECTION('',(0.,-1.,0.));
#11764=DIRECTION('',(0.,-1.,0.));
#11765=DIRECTION('',(0.,0.,-1.));
#11766=DIRECTION('',(0.,0.,-1.));
#11767=DIRECTION('',(-1.,0.,0.));
#11768=DIRECTION('',(1.,0.,0.));
#11769=DIRECTION('',(0.,0.,-1.));
#11770=DIRECTION('',(0.,0.,-1.));
#11771=DIRECTION('',(0.,-1.,0.));
#11772=DIRECTION('',(0.,0.,-1.));
#11773=DIRECTION('',(0.,0.,-1.));
#11774=DIRECTION('',(0.,0.,-1.));
#11775=DIRECTION('',(0.105522665949608,0.994416897971312,0.));
#11776=DIRECTION('',(0.,0.,-1.));
#11777=DIRECTION('',(0.,0.,-1.));
#11778=DIRECTION('',(-1.,0.,0.));
#11779=DIRECTION('',(0.,0.,-1.));
#11780=DIRECTION('',(-0.980670165017356,0.195668156440519,0.));
#11781=DIRECTION('',(-0.195668156440519,-0.980670165017356,0.));
#11782=DIRECTION('',(0.,0.,-1.));
#11783=DIRECTION('',(0.195668156440519,0.980670165017356,0.));
#11784=DIRECTION('',(0.,0.,-1.));
#11785=DIRECTION('',(0.169894139856163,0.985462318530006,0.));
#11786=DIRECTION('',(0.,0.,-1.));
#11787=DIRECTION('',(0.,0.,-1.));
#11788=DIRECTION('',(-1.,0.,0.));
#11789=DIRECTION('',(0.,0.,-1.));
#11790=DIRECTION('',(0.0738774933470372,0.997267324229947,0.));
#11791=DIRECTION('',(0.,0.,-1.));
#11792=DIRECTION('',(0.,0.,-1.));
#11793=DIRECTION('',(-1.,0.,0.));
#11794=DIRECTION('',(0.,0.,-1.));
#11795=DIRECTION('',(0.,0.,-1.));
#11796=DIRECTION('',(-1.,0.,0.));
#11797=DIRECTION('',(0.,0.,1.));
#11798=DIRECTION('',(0.,0.,-1.));
#11799=DIRECTION('',(0.,1.,0.));
#11800=DIRECTION('',(0.,-1.,0.));
#11801=DIRECTION('',(0.,0.,-1.));
#11802=DIRECTION('',(0.,0.,-1.));
#11803=DIRECTION('',(-1.,0.,0.));
#11804=DIRECTION('',(-1.,0.,0.));
#11805=DIRECTION('',(0.,0.,1.));
#11806=DIRECTION('',(0.,0.,-1.));
#11807=DIRECTION('',(0.,1.,0.));
#11808=DIRECTION('',(0.,1.,0.));
#11809=DIRECTION('',(0.,0.,1.));
#11810=DIRECTION('',(1.,0.,0.));
#11811=DIRECTION('',(0.,0.,-1.));
#11812=DIRECTION('',(1.,0.,0.));
#11813=DIRECTION('',(0.168480040643544,0.9857050653744,0.));
#11814=DIRECTION('',(-0.9857050653744,0.168480040643544,0.));
#11815=DIRECTION('',(0.,0.,-1.));
#11816=DIRECTION('',(0.9857050653744,-0.168480040643544,0.));
#11817=DIRECTION('',(0.,0.,-1.));
#11818=DIRECTION('',(1.,0.,0.));
#11819=DIRECTION('',(0.,0.,-1.));
#11820=DIRECTION('',(0.,0.,-1.));
#11821=DIRECTION('',(0.,-1.,0.));
#11822=DIRECTION('',(0.,-1.,0.));
#11823=DIRECTION('',(0.,0.,-1.));
#11824=DIRECTION('',(0.,0.,-1.));
#11825=DIRECTION('',(-1.,0.,0.));
#11826=DIRECTION('',(-1.,0.,0.));
#11827=DIRECTION('',(0.,0.,1.));
#11828=DIRECTION('',(0.,0.,-1.));
#11829=DIRECTION('',(0.,1.,0.));
#11830=DIRECTION('',(-0.168480040643544,0.9857050653744,0.));
#11831=DIRECTION('',(-0.9857050653744,-0.168480040643544,0.));
#11832=DIRECTION('',(0.,0.,-1.));
#11833=DIRECTION('',(0.9857050653744,0.168480040643544,0.));
#11834=DIRECTION('',(-1.,0.,0.));
#11835=DIRECTION('',(0.,0.,1.));
#11836=DIRECTION('',(0.,0.,-1.));
#11837=DIRECTION('',(0.,1.,0.));
#11838=DIRECTION('',(0.,0.,-1.));
#11839=DIRECTION('',(-0.730346246411658,-0.683077126210798,0.));
#11840=DIRECTION('',(0.,0.,-1.));
#11841=DIRECTION('',(0.,0.,-1.));
#11842=DIRECTION('',(-1.,0.,0.));
#11843=DIRECTION('',(0.,0.,-1.));
#11844=DIRECTION('',(0.,0.,-1.));
#11845=DIRECTION('',(0.,0.,-1.));
#11846=DIRECTION('',(1.,0.,0.));
#11847=DIRECTION('',(0.,0.,-1.));
#11848=DIRECTION('',(0.,0.,-1.));
#11849=DIRECTION('',(0.,-1.,0.));
#11850=DIRECTION('',(0.168480040643543,0.9857050653744,0.));
#11851=DIRECTION('',(-0.9857050653744,0.168480040643543,0.));
#11852=DIRECTION('',(0.,0.,-1.));
#11853=DIRECTION('',(0.9857050653744,-0.168480040643543,0.));
#11854=DIRECTION('',(1.,0.,0.));
#11855=DIRECTION('',(0.,0.,-1.));
#11856=DIRECTION('',(0.,0.,-1.));
#11857=DIRECTION('',(0.,-1.,0.));
#11858=DIRECTION('',(0.,-1.,0.));
#11859=DIRECTION('',(0.,0.,-1.));
#11860=DIRECTION('',(0.,0.,-1.));
#11861=DIRECTION('',(-1.,0.,0.));
#11862=DIRECTION('',(-1.,0.,0.));
#11863=DIRECTION('',(0.,0.,1.));
#11864=DIRECTION('',(0.,0.,-1.));
#11865=DIRECTION('',(0.,1.,0.));
#11866=DIRECTION('',(-0.168480040643543,0.9857050653744,0.));
#11867=DIRECTION('',(-0.9857050653744,-0.168480040643543,0.));
#11868=DIRECTION('',(0.,0.,-1.));
#11869=DIRECTION('',(0.9857050653744,0.168480040643543,0.));
#11870=DIRECTION('',(-1.,0.,0.));
#11871=DIRECTION('',(0.,0.,1.));
#11872=DIRECTION('',(0.,0.,-1.));
#11873=DIRECTION('',(0.,1.,0.));
#11874=DIRECTION('',(0.,0.,-1.));
#11875=DIRECTION('',(0.,0.,-1.));
#11876=DIRECTION('',(0.,0.,-1.));
#11877=DIRECTION('',(0.,0.,-1.));
#11878=DIRECTION('',(-0.996195866915718,0.0871423819965981,0.));
#11879=DIRECTION('',(-0.0871423819965981,-0.996195866915718,0.));
#11880=DIRECTION('',(0.,0.,-1.));
#11881=DIRECTION('',(0.0871423819965981,0.996195866915718,0.));
#11882=DIRECTION('',(0.,1.,0.));
#11883=DIRECTION('',(0.,0.,1.));
#11884=DIRECTION('',(0.,0.,-1.));
#11885=DIRECTION('',(1.,0.,0.));
#11886=DIRECTION('',(1.,0.,0.));
#11887=DIRECTION('',(0.,0.,-1.));
#11888=DIRECTION('',(0.,0.,-1.));
#11889=DIRECTION('',(0.,-1.,0.));
#11890=DIRECTION('',(0.168480040643543,-0.9857050653744,0.));
#11891=DIRECTION('',(0.9857050653744,0.168480040643543,0.));
#11892=DIRECTION('',(0.,0.,-1.));
#11893=DIRECTION('',(-0.9857050653744,-0.168480040643543,0.));
#11894=DIRECTION('',(1.,0.,0.));
#11895=DIRECTION('',(0.,0.,-1.));
#11896=DIRECTION('',(0.,-1.,0.));
#11897=DIRECTION('',(0.,0.,-1.));
#11898=DIRECTION('',(1.,0.,0.));
#11899=DIRECTION('',(-0.977296348814322,-0.211876960980176,0.));
#11900=DIRECTION('',(0.211876960980176,-0.977296348814322,0.));
#11901=DIRECTION('',(0.,0.,-1.));
#11902=DIRECTION('',(-0.211876960980176,0.977296348814322,0.));
#11903=DIRECTION('',(0.,0.,-1.));
#11904=DIRECTION('',(-1.,0.,0.));
#11905=DIRECTION('',(0.,0.,1.));
#11906=DIRECTION('',(0.,0.,-1.));
#11907=DIRECTION('',(0.,1.,0.));
#11908=DIRECTION('',(0.,1.,0.));
#11909=DIRECTION('',(0.,0.,1.));
#11910=DIRECTION('',(0.,0.,-1.));
#11911=DIRECTION('',(1.,0.,0.));
#11912=DIRECTION('',(1.,0.,0.));
#11913=DIRECTION('',(0.,0.,-1.));
#11914=DIRECTION('',(0.,0.,-1.));
#11915=DIRECTION('',(0.,-1.,0.));
#11916=DIRECTION('',(0.,-1.,0.));
#11917=DIRECTION('',(0.,0.,-1.));
#11918=DIRECTION('',(-1.,0.,0.));
#11919=DIRECTION('',(0.,0.,-1.));
#11920=DIRECTION('',(1.,0.,0.));
#11921=DIRECTION('',(0.,-1.,0.));
#11922=DIRECTION('',(0.,0.,-1.));
#11923=DIRECTION('',(0.,0.,-1.));
#11924=DIRECTION('',(-1.,0.,0.));
#11925=DIRECTION('',(0.,0.,-1.));
#11926=DIRECTION('',(-0.999083712988337,0.0427987668214569,0.));
#11927=DIRECTION('',(-0.0427987668214569,-0.999083712988337,0.));
#11928=DIRECTION('',(0.,0.,-1.));
#11929=DIRECTION('',(0.0427987668214569,0.999083712988338,0.));
#11930=DIRECTION('',(0.,0.,-1.));
#11931=DIRECTION('',(0.,0.,-1.));
#11932=DIRECTION('',(0.,0.,-1.));
#11933=DIRECTION('',(0.,0.,-1.));
#11934=DIRECTION('',(0.,0.,-1.));
#11935=DIRECTION('',(0.,0.,-1.));
#11936=DIRECTION('',(0.,0.,-1.));
#11937=DIRECTION('',(0.,0.,-1.));
#11938=DIRECTION('',(0.907819327031303,-0.419361502129644,0.));
#11939=DIRECTION('',(0.,0.,-1.));
#11940=DIRECTION('',(0.,0.,-1.));
#11941=DIRECTION('',(-1.,0.,0.));
#11942=DIRECTION('',(0.,0.,-1.));
#11943=DIRECTION('',(0.,0.,-1.));
#11944=DIRECTION('',(0.,0.,-1.));
#11945=DIRECTION('',(-0.116032680902715,0.993245396144643,0.));
#11946=DIRECTION('',(0.,0.,-1.));
#11947=DIRECTION('',(0.,0.,-1.));
#11948=DIRECTION('',(-1.,0.,0.));
#11949=DIRECTION('',(0.,0.,-1.));
#11950=DIRECTION('',(-0.968742971897974,0.248066632980499,0.));
#11951=DIRECTION('',(-0.248066632980499,-0.968742971897974,0.));
#11952=DIRECTION('',(0.,0.,-1.));
#11953=DIRECTION('',(0.248066632980499,0.968742971897974,0.));
#11954=DIRECTION('',(0.,1.,0.));
#11955=DIRECTION('',(0.,0.,1.));
#11956=DIRECTION('',(0.,0.,-1.));
#11957=DIRECTION('',(1.,0.,0.));
#11958=DIRECTION('',(0.999986577091121,-0.00518127760150649,0.));
#11959=DIRECTION('',(0.00518127760150649,0.999986577091121,0.));
#11960=DIRECTION('',(0.,0.,-1.));
#11961=DIRECTION('',(-0.00518127760150649,-0.999986577091121,0.));
#11962=DIRECTION('',(0.,0.,-1.));
#11963=DIRECTION('',(-0.428392181227195,0.903592905607058,0.));
#11964=DIRECTION('',(0.,0.,-1.));
#11965=DIRECTION('',(0.,0.,-1.));
#11966=DIRECTION('',(-1.,0.,0.));
#11967=DIRECTION('',(0.,0.,-1.));
#11968=DIRECTION('',(0.,0.,-1.));
#11969=DIRECTION('',(0.,0.,-1.));
#11970=DIRECTION('',(0.,0.,-1.));
#11971=DIRECTION('',(0.,0.,-1.));
#11972=DIRECTION('',(0.,0.,-1.));
#11973=DIRECTION('',(0.,0.,-1.));
#11974=DIRECTION('',(0.,0.,-1.));
#11975=DIRECTION('',(0.,0.,-1.));
#11976=DIRECTION('',(0.,0.,-1.));
#11977=DIRECTION('',(0.,0.,-1.));
#11978=DIRECTION('',(0.970980711242351,-0.239157810650831,0.));
#11979=DIRECTION('',(0.239157810650831,0.970980711242351,0.));
#11980=DIRECTION('',(-0.239157810650831,-0.970980711242351,0.));
#11981=DIRECTION('',(0.,0.,-1.));
#11982=DIRECTION('',(1.,0.,0.));
#11983=DIRECTION('',(0.,-1.,0.));
#11984=DIRECTION('',(0.,0.,-1.));
#11985=DIRECTION('',(0.,0.,-1.));
#11986=DIRECTION('',(-1.,0.,0.));
#11987=DIRECTION('',(0.,0.,-1.));
#11988=DIRECTION('',(-1.,0.,0.));
#11989=DIRECTION('',(0.,0.,1.));
#11990=DIRECTION('',(0.,0.,-1.));
#11991=DIRECTION('',(0.,1.,0.));
#11992=DIRECTION('',(0.,0.,-1.));
#11993=DIRECTION('',(0.,0.,-1.));
#11994=DIRECTION('',(0.,0.,-1.));
#11995=DIRECTION('',(0.,0.,-1.));
#11996=DIRECTION('',(0.,0.,-1.));
#11997=DIRECTION('',(0.,0.,-1.));
#11998=DIRECTION('',(0.,0.,-1.));
#11999=DIRECTION('',(0.,0.,-1.));
#12000=DIRECTION('',(0.,0.,-1.));
#12001=DIRECTION('',(0.,0.,-1.));
#12002=DIRECTION('',(0.,0.,-1.));
#12003=DIRECTION('',(0.,0.,-1.));
#12004=DIRECTION('',(-0.495148412387695,0.868808407941558,0.));
#12005=DIRECTION('',(0.,0.,-1.));
#12006=DIRECTION('',(0.,0.,-1.));
#12007=DIRECTION('',(-1.,0.,0.));
#12008=DIRECTION('',(-0.984062232380625,0.17782441565224,0.));
#12009=DIRECTION('',(-0.17782441565224,-0.984062232380625,0.));
#12010=DIRECTION('',(0.,0.,-1.));
#12011=DIRECTION('',(0.17782441565224,0.984062232380625,0.));
#12012=DIRECTION('',(0.,1.,0.));
#12013=DIRECTION('',(0.,0.,1.));
#12014=DIRECTION('',(0.,0.,-1.));
#12015=DIRECTION('',(1.,0.,0.));
#12016=DIRECTION('',(1.,0.,0.));
#12017=DIRECTION('',(0.,0.,-1.));
#12018=DIRECTION('',(0.,0.,-1.));
#12019=DIRECTION('',(0.,-1.,0.));
#12020=DIRECTION('',(0.,0.,-1.));
#12021=DIRECTION('',(0.,0.,-1.));
#12022=DIRECTION('',(0.,0.,-1.));
#12023=DIRECTION('',(0.,0.,-1.));
#12024=DIRECTION('',(0.,0.,-1.));
#12025=DIRECTION('',(0.,0.,-1.));
#12026=DIRECTION('',(0.,0.,-1.));
#12027=DIRECTION('',(0.,0.,-1.));
#12028=DIRECTION('',(0.,0.,-1.));
#12029=DIRECTION('',(0.,0.,-1.));
#12030=DIRECTION('',(0.,0.,-1.));
#12031=DIRECTION('',(0.,0.,-1.));
#12032=DIRECTION('',(0.984446290973717,-0.175685799619923,0.));
#12033=DIRECTION('',(0.175685799619923,0.984446290973717,0.));
#12034=DIRECTION('',(-0.175685799619923,-0.984446290973717,0.));
#12035=DIRECTION('',(0.,0.,-1.));
#12036=DIRECTION('',(1.,0.,0.));
#12037=DIRECTION('',(0.,0.,-1.));
#12038=DIRECTION('',(0.,0.,-1.));
#12039=DIRECTION('',(0.,0.,-1.));
#12040=DIRECTION('',(0.,0.,-1.));
#12041=DIRECTION('',(1.,0.,0.));
#12042=DIRECTION('',(0.,0.,-1.));
#12043=DIRECTION('',(0.,-1.,0.));
#12044=DIRECTION('',(0.,0.,-1.));
#12045=DIRECTION('',(0.,-1.,0.));
#12046=DIRECTION('',(0.,1.,0.));
#12047=DIRECTION('',(0.,0.,1.));
#12048=DIRECTION('',(1.,0.,0.));
#12049=DIRECTION('',(0.,0.,-1.));
#12050=DIRECTION('',(1.,0.,0.));
#12051=DIRECTION('',(-0.91615733490218,0.400818834019728,0.));
#12052=DIRECTION('',(-0.400818834019728,-0.91615733490218,0.));
#12053=DIRECTION('',(0.400818834019728,0.91615733490218,0.));
#12054=DIRECTION('',(0.,0.,-1.));
#12055=DIRECTION('',(0.400818834019728,0.91615733490218,0.));
#12056=DIRECTION('',(0.,0.,-1.));
#12057=DIRECTION('',(0.,0.,-1.));
#12058=DIRECTION('',(0.,0.,-1.));
#12059=DIRECTION('',(0.,0.,-1.));
#12060=DIRECTION('',(-0.856546759435176,0.516069422559697,0.));
#12061=DIRECTION('',(-0.516069422559697,-0.856546759435176,0.));
#12062=DIRECTION('',(0.,0.,-1.));
#12063=DIRECTION('',(0.516069422559697,0.856546759435176,0.));
#12064=DIRECTION('',(0.,0.,-1.));
#12065=DIRECTION('',(0.517086292878393,0.85593327176672,0.));
#12066=DIRECTION('',(0.,0.,-1.));
#12067=DIRECTION('',(0.,0.,-1.));
#12068=DIRECTION('',(-1.,0.,0.));
#12069=DIRECTION('',(0.,0.,-1.));
#12070=DIRECTION('',(0.,0.,-1.));
#12071=DIRECTION('',(0.,0.,-1.));
#12072=DIRECTION('',(-0.847998304005108,-0.529998940003148,0.));
#12073=DIRECTION('',(0.529998940003148,-0.847998304005108,0.));
#12074=DIRECTION('',(0.,0.,-1.));
#12075=DIRECTION('',(-0.529998940003148,0.847998304005108,0.));
#12076=DIRECTION('',(0.,-1.,0.));
#12077=DIRECTION('',(0.,0.,-1.));
#12078=DIRECTION('',(0.,0.,-1.));
#12079=DIRECTION('',(-1.,0.,0.));
#12080=DIRECTION('',(-1.,0.,0.));
#12081=DIRECTION('',(0.,0.,1.));
#12082=DIRECTION('',(0.,0.,-1.));
#12083=DIRECTION('',(0.,1.,0.));
#12084=DIRECTION('',(0.,0.,-1.));
#12085=DIRECTION('',(0.,0.,-1.));
#12086=DIRECTION('',(0.,0.,-1.));
#12087=DIRECTION('',(0.,0.,-1.));
#12088=DIRECTION('',(1.,0.,0.));
#12089=DIRECTION('',(0.,0.,-1.));
#12090=DIRECTION('',(0.,0.,-1.));
#12091=DIRECTION('',(0.,-1.,0.));
#12092=DIRECTION('',(0.,0.,-1.));
#12093=DIRECTION('',(1.,0.,0.));
#12094=DIRECTION('',(0.,0.,-1.));
#12095=DIRECTION('',(0.,0.,-1.));
#12096=DIRECTION('',(1.,0.,0.));
#12097=DIRECTION('',(0.,0.,-1.));
#12098=DIRECTION('',(0.,-1.,0.));
#12099=DIRECTION('',(0.,0.,-1.));
#12100=DIRECTION('',(0.,-1.,0.));
#12101=DIRECTION('',(0.,0.,-1.));
#12102=DIRECTION('',(0.,0.,-1.));
#12103=DIRECTION('',(0.,0.,-1.));
#12104=DIRECTION('',(0.,0.,-1.));
#12105=DIRECTION('',(-1.,0.,0.));
#12106=DIRECTION('',(0.,0.,1.));
#12107=DIRECTION('',(0.,1.,0.));
#12108=DIRECTION('',(0.,0.,-1.));
#12109=DIRECTION('',(0.,1.,0.));
#12110=DIRECTION('',(0.,0.,-1.));
#12111=DIRECTION('',(-0.729010875669442,-0.68450211333178,0.));
#12112=DIRECTION('',(0.,0.,-1.));
#12113=DIRECTION('',(-1.,0.,0.));
#12114=DIRECTION('',(0.,0.,-1.));
#12115=DIRECTION('',(0.,0.,-1.));
#12116=DIRECTION('',(-1.,0.,0.));
#12117=DIRECTION('',(0.,0.,-1.));
#12118=DIRECTION('',(0.168159038084114,0.985759878424064,0.));
#12119=DIRECTION('',(-0.985759878424064,0.168159038084114,0.));
#12120=DIRECTION('',(0.,0.,-1.));
#12121=DIRECTION('',(0.985759878424064,-0.168159038084114,0.));
#12122=DIRECTION('',(0.,0.,-1.));
#12123=DIRECTION('',(1.,0.,0.));
#12124=DIRECTION('',(0.,0.,-1.));
#12125=DIRECTION('',(0.,0.,-1.));
#12126=DIRECTION('',(0.,-1.,0.));
#12127=DIRECTION('',(0.,-1.,0.));
#12128=DIRECTION('',(0.,0.,-1.));
#12129=DIRECTION('',(0.,0.,-1.));
#12130=DIRECTION('',(-1.,0.,0.));
#12131=DIRECTION('',(-1.,0.,0.));
#12132=DIRECTION('',(0.,0.,1.));
#12133=DIRECTION('',(0.,0.,-1.));
#12134=DIRECTION('',(0.,1.,0.));
#12135=DIRECTION('',(-0.168159038084114,0.985759878424064,0.));
#12136=DIRECTION('',(-0.985759878424064,-0.168159038084114,0.));
#12137=DIRECTION('',(0.,0.,-1.));
#12138=DIRECTION('',(0.985759878424064,0.168159038084114,0.));
#12139=DIRECTION('',(-1.,0.,0.));
#12140=DIRECTION('',(0.,0.,1.));
#12141=DIRECTION('',(0.,0.,-1.));
#12142=DIRECTION('',(0.,1.,0.));
#12143=DIRECTION('',(0.,0.,-1.));
#12144=DIRECTION('',(-0.611106817970376,0.791548139426859,0.));
#12145=DIRECTION('',(0.,0.,-1.));
#12146=DIRECTION('',(0.,0.,-1.));
#12147=DIRECTION('',(-1.,0.,0.));
#12148=DIRECTION('',(0.,0.,-1.));
#12149=DIRECTION('',(0.,0.,-1.));
#12150=DIRECTION('',(0.,0.,-1.));
#12151=DIRECTION('',(-1.,0.,0.));
#12152=DIRECTION('',(0.,0.,1.));
#12153=DIRECTION('',(0.,0.,-1.));
#12154=DIRECTION('',(0.,1.,0.));
#12155=DIRECTION('',(0.,0.,-1.));
#12156=DIRECTION('',(0.,0.,-1.));
#12157=DIRECTION('',(0.,0.,-1.));
#12158=DIRECTION('',(0.,0.,-1.));
#12159=DIRECTION('',(-0.649833170352112,-0.760076871579528,0.));
#12160=DIRECTION('',(0.,0.,-1.));
#12161=DIRECTION('',(0.,0.,-1.));
#12162=DIRECTION('',(-1.,0.,0.));
#12163=DIRECTION('',(-0.99088861628556,0.134683889592214,0.));
#12164=DIRECTION('',(-0.134683889592214,-0.99088861628556,0.));
#12165=DIRECTION('',(0.,0.,-1.));
#12166=DIRECTION('',(0.134683889592214,0.99088861628556,0.));
#12167=DIRECTION('',(0.,1.,0.));
#12168=DIRECTION('',(0.,0.,1.));
#12169=DIRECTION('',(0.,0.,-1.));
#12170=DIRECTION('',(1.,0.,0.));
#12171=DIRECTION('',(1.,0.,0.));
#12172=DIRECTION('',(0.,0.,-1.));
#12173=DIRECTION('',(0.,0.,-1.));
#12174=DIRECTION('',(0.,-1.,0.));
#12175=DIRECTION('',(0.168159038084114,-0.985759878424064,0.));
#12176=DIRECTION('',(0.985759878424064,0.168159038084114,0.));
#12177=DIRECTION('',(0.,0.,-1.));
#12178=DIRECTION('',(-0.985759878424064,-0.168159038084114,0.));
#12179=DIRECTION('',(1.,0.,0.));
#12180=DIRECTION('',(0.,0.,-1.));
#12181=DIRECTION('',(0.,-1.,0.));
#12182=DIRECTION('',(0.,0.,-1.));
#12183=DIRECTION('',(1.,0.,0.));
#12184=DIRECTION('',(0.,0.,-1.));
#12185=DIRECTION('',(0.256352853216093,0.966583268346793,0.));
#12186=DIRECTION('',(0.,0.,-1.));
#12187=DIRECTION('',(-1.,0.,0.));
#12188=DIRECTION('',(0.,0.,-1.));
#12189=DIRECTION('',(0.,0.,-1.));
#12190=DIRECTION('',(-1.,0.,0.));
#12191=DIRECTION('',(0.,0.,-1.));
#12192=DIRECTION('',(0.,0.,-1.));
#12193=DIRECTION('',(0.,0.,-1.));
#12194=DIRECTION('',(0.,0.,-1.));
#12195=DIRECTION('',(0.,0.,-1.));
#12196=DIRECTION('',(0.,-1.,0.));
#12197=DIRECTION('',(0.,0.,-1.));
#12198=DIRECTION('',(-1.,0.,0.));
#12199=DIRECTION('',(0.,0.,-1.));
#12200=DIRECTION('',(-1.,0.,0.));
#12201=DIRECTION('',(1.,0.,0.));
#12202=DIRECTION('',(0.,0.,-1.));
#12203=DIRECTION('',(0.,-1.,0.));
#12204=DIRECTION('',(0.,0.,-1.));
#12205=DIRECTION('',(0.,-1.,0.));
#12206=DIRECTION('',(0.,0.,-1.));
#12207=DIRECTION('',(-0.985046112431578,0.172290906270279,0.));
#12208=DIRECTION('',(0.,0.,-1.));
#12209=DIRECTION('',(0.,0.,-1.));
#12210=DIRECTION('',(-1.,0.,0.));
#12211=DIRECTION('',(0.,0.,-1.));
#12212=DIRECTION('',(0.,-1.,0.));
#12213=DIRECTION('',(0.,0.,-1.));
#12214=DIRECTION('',(0.,0.,-1.));
#12215=DIRECTION('',(-1.,0.,0.));
#12216=DIRECTION('',(-1.,0.,0.));
#12217=DIRECTION('',(0.,0.,1.));
#12218=DIRECTION('',(0.,0.,-1.));
#12219=DIRECTION('',(0.,1.,0.));
#12220=DIRECTION('',(-0.134759454564193,0.990878342383948,0.));
#12221=DIRECTION('',(-0.990878342383949,-0.134759454564193,0.));
#12222=DIRECTION('',(0.,0.,-1.));
#12223=DIRECTION('',(0.990878342383948,0.134759454564193,0.));
#12224=DIRECTION('',(0.,0.,-1.));
#12225=DIRECTION('',(-0.997720939062678,0.067475386296693,0.));
#12226=DIRECTION('',(0.,0.,-1.));
#12227=DIRECTION('',(6.14194546188395E-15,-4.1598833805666E-16,-1.));
#12228=DIRECTION('',(-0.999705270497471,0.024276987860481,-6.13123804184058E-15));
#12229=DIRECTION('',(0.,0.,-1.));
#12230=DIRECTION('',(-0.999929892492154,0.0118410346097713,0.));
#12231=DIRECTION('',(0.,0.,-1.));
#12232=DIRECTION('',(2.19196666681567E-14,-2.57878431390182E-16,-1.));
#12233=DIRECTION('',(-0.999999973622962,-0.000229682554759435,-2.19224755203958E-14));
#12234=DIRECTION('',(-1.,0.,0.));
#12235=DIRECTION('',(0.,0.,1.));
#12236=DIRECTION('',(0.,0.,-1.));
#12237=DIRECTION('',(0.,1.,0.));
#12238=DIRECTION('',(0.,0.,-1.));
#12239=DIRECTION('',(0.,0.,-1.));
#12240=DIRECTION('',(0.,0.,-1.));
#12241=DIRECTION('',(0.,0.,-1.));
#12242=DIRECTION('',(1.,0.,0.));
#12243=DIRECTION('',(0.,0.,-1.));
#12244=DIRECTION('',(0.,0.,-1.));
#12245=DIRECTION('',(0.,-1.,0.));
#12246=DIRECTION('',(0.,-1.,0.));
#12247=DIRECTION('',(0.,0.,-1.));
#12248=DIRECTION('',(0.,0.,-1.));
#12249=DIRECTION('',(-1.,0.,0.));
#12250=DIRECTION('',(-0.983336757106336,-0.181793350053283,0.));
#12251=DIRECTION('',(0.181793350053283,-0.983336757106336,0.));
#12252=DIRECTION('',(0.,0.,-1.));
#12253=DIRECTION('',(-0.181793350053283,0.983336757106336,0.));
#12254=DIRECTION('',(0.,0.,-1.));
#12255=DIRECTION('',(0.,0.,-1.));
#12256=DIRECTION('',(0.,0.,-1.));
#12257=DIRECTION('',(0.,0.,-1.));
#12258=DIRECTION('',(1.,0.,0.));
#12259=DIRECTION('',(0.,0.,-1.));
#12260=DIRECTION('',(0.,0.,-1.));
#12261=DIRECTION('',(0.,-1.,0.));
#12262=DIRECTION('',(0.,1.,0.));
#12263=DIRECTION('',(0.,0.,1.));
#12264=DIRECTION('',(0.,0.,-1.));
#12265=DIRECTION('',(1.,0.,0.));
#12266=DIRECTION('',(0.,0.,-1.));
#12267=DIRECTION('',(0.,0.,-1.));
#12268=DIRECTION('',(0.,0.,-1.));
#12269=DIRECTION('',(0.,0.,-1.));
#12270=DIRECTION('',(0.,0.,-1.));
#12271=DIRECTION('',(0.256772701990238,0.966471820340682,0.));
#12272=DIRECTION('',(0.,0.,-1.));
#12273=DIRECTION('',(0.,0.,-1.));
#12274=DIRECTION('',(-1.,0.,0.));
#12275=DIRECTION('',(0.,0.,-1.));
#12276=DIRECTION('',(0.650540308784171,0.759471728668682,0.));
#12277=DIRECTION('',(0.,0.,-1.));
#12278=DIRECTION('',(0.,0.,-1.));
#12279=DIRECTION('',(-1.,0.,0.));
#12280=DIRECTION('',(0.,0.,-1.));
#12281=DIRECTION('',(-0.995215110609136,0.0977081553159505,0.));
#12282=DIRECTION('',(6.09367991965865E-17,-6.00882353955761E-18,1.));
#12283=DIRECTION('',(-0.989919040375863,0.141634365537926,8.35276498510607E-17));
#12284=DIRECTION('',(0.,0.,-1.));
#12285=DIRECTION('',(1.,0.,0.));
#12286=DIRECTION('',(0.,0.,-1.));
#12287=DIRECTION('',(0.,0.,-1.));
#12288=DIRECTION('',(-1.,0.,0.));
#12289=DIRECTION('',(0.,0.,1.));
#12290=DIRECTION('',(0.,1.,0.));
#12291=DIRECTION('',(0.,0.,-1.));
#12292=DIRECTION('',(0.,1.,0.));
#12293=DIRECTION('',(0.,0.,-1.));
#12294=DIRECTION('',(0.,0.,-1.));
#12295=DIRECTION('',(0.,0.,-1.));
#12296=DIRECTION('',(0.,0.,-1.));
#12297=DIRECTION('',(0.73980280706572,-0.672823756014665,0.));
#12298=DIRECTION('',(0.,0.,-1.));
#12299=DIRECTION('',(-1.,0.,0.));
#12300=DIRECTION('',(0.,0.,-1.));
#12301=DIRECTION('',(0.,0.,-1.));
#12302=DIRECTION('',(-1.,0.,0.));
#12303=DIRECTION('',(1.,0.,0.));
#12304=DIRECTION('',(0.,0.,-1.));
#12305=DIRECTION('',(0.,-1.,0.));
#12306=DIRECTION('',(0.,0.,-1.));
#12307=DIRECTION('',(0.,-1.,0.));
#12308=DIRECTION('',(0.,0.,-1.));
#12309=DIRECTION('',(0.,0.,-1.));
#12310=DIRECTION('',(0.,0.,-1.));
#12311=DIRECTION('',(0.,0.,-1.));
#12312=DIRECTION('',(1.,0.,0.));
#12313=DIRECTION('',(0.,0.,-1.));
#12314=DIRECTION('',(0.,0.,-1.));
#12315=DIRECTION('',(0.,-1.,0.));
#12316=DIRECTION('',(0.,0.,-1.));
#12317=DIRECTION('',(0.,0.,-1.));
#12318=DIRECTION('',(0.,0.,-1.));
#12319=DIRECTION('',(0.,0.,-1.));
#12320=DIRECTION('',(0.628779545544205,0.777583618079254,0.));
#12321=DIRECTION('',(0.,0.,-1.));
#12322=DIRECTION('',(0.,0.,-1.));
#12323=DIRECTION('',(-1.,0.,0.));
#12324=DIRECTION('',(1.,0.,0.));
#12325=DIRECTION('',(0.,0.,-1.));
#12326=DIRECTION('',(0.,0.,-1.));
#12327=DIRECTION('',(0.,-1.,0.));
#12328=DIRECTION('',(0.,0.,-1.));
#12329=DIRECTION('',(0.,0.,-1.));
#12330=DIRECTION('',(0.,0.,-1.));
#12331=DIRECTION('',(-0.127471212563503,0.991842270710212,0.));
#12332=DIRECTION('',(0.,0.,-1.));
#12333=DIRECTION('',(0.,0.,-1.));
#12334=DIRECTION('',(-1.,0.,0.));
#12335=DIRECTION('',(0.,0.,-1.));
#12336=DIRECTION('',(0.94888162192844,0.315632171310932,0.));
#12337=DIRECTION('',(-0.315632171310932,0.94888162192844,0.));
#12338=DIRECTION('',(0.,0.,-1.));
#12339=DIRECTION('',(0.315632171310932,-0.94888162192844,0.));
#12340=DIRECTION('',(0.,0.,-1.));
#12341=DIRECTION('',(0.,0.,-1.));
#12342=DIRECTION('',(-0.12337244983846,0.992360437855549,0.));
#12343=DIRECTION('',(0.,0.,-1.));
#12344=DIRECTION('',(0.,0.,-1.));
#12345=DIRECTION('',(-1.,0.,0.));
#12346=DIRECTION('',(0.,0.,-1.));
#12347=DIRECTION('',(0.,0.,-1.));
#12348=DIRECTION('',(-1.,0.,0.));
#12349=DIRECTION('',(0.,0.,1.));
#12350=DIRECTION('',(0.,0.,-1.));
#12351=DIRECTION('',(0.,1.,0.));
#12352=DIRECTION('',(0.,1.,0.));
#12353=DIRECTION('',(0.,0.,1.));
#12354=DIRECTION('',(0.,0.,-1.));
#12355=DIRECTION('',(1.,0.,0.));
#12356=DIRECTION('',(0.99112576971603,0.132927456173683,0.));
#12357=DIRECTION('',(-0.132927456173683,0.991125769716031,0.));
#12358=DIRECTION('',(0.,0.,-1.));
#12359=DIRECTION('',(0.132927456173683,-0.991125769716031,0.));
#12360=DIRECTION('',(0.,0.,-1.));
#12361=DIRECTION('',(0.667774078437481,-0.744364010526417,0.));
#12362=DIRECTION('',(0.,0.,-1.));
#12363=DIRECTION('',(0.,0.,-1.));
#12364=DIRECTION('',(-1.,0.,0.));
#12365=DIRECTION('',(0.,0.,-1.));
#12366=DIRECTION('',(0.,0.,-1.));
#12367=DIRECTION('',(1.,0.,0.));
#12368=DIRECTION('',(0.16848004064357,0.985705065374396,0.));
#12369=DIRECTION('',(-0.985705065374396,0.16848004064357,0.));
#12370=DIRECTION('',(0.,0.,-1.));
#12371=DIRECTION('',(0.985705065374395,-0.16848004064357,0.));
#12372=DIRECTION('',(0.,0.,-1.));
#12373=DIRECTION('',(1.,0.,0.));
#12374=DIRECTION('',(0.,0.,-1.));
#12375=DIRECTION('',(0.,0.,-1.));
#12376=DIRECTION('',(0.,-1.,0.));
#12377=DIRECTION('',(0.,-1.,0.));
#12378=DIRECTION('',(0.,0.,-1.));
#12379=DIRECTION('',(0.,0.,-1.));
#12380=DIRECTION('',(-1.,0.,0.));
#12381=DIRECTION('',(-1.,0.,0.));
#12382=DIRECTION('',(0.,0.,1.));
#12383=DIRECTION('',(0.,0.,-1.));
#12384=DIRECTION('',(0.,1.,0.));
#12385=DIRECTION('',(-0.16848004064357,0.985705065374396,0.));
#12386=DIRECTION('',(-0.985705065374396,-0.16848004064357,0.));
#12387=DIRECTION('',(0.,0.,-1.));
#12388=DIRECTION('',(0.985705065374395,0.16848004064357,0.));
#12389=DIRECTION('',(-1.,0.,0.));
#12390=DIRECTION('',(0.,0.,1.));
#12391=DIRECTION('',(0.,0.,-1.));
#12392=DIRECTION('',(0.,1.,0.));
#12393=DIRECTION('',(0.,-1.,0.));
#12394=DIRECTION('',(0.,0.,-1.));
#12395=DIRECTION('',(0.,0.,-1.));
#12396=DIRECTION('',(-1.,0.,0.));
#12397=DIRECTION('',(0.779689909717384,-0.626165828423188,0.));
#12398=DIRECTION('',(0.626165828423188,0.779689909717384,0.));
#12399=DIRECTION('',(0.,0.,-1.));
#12400=DIRECTION('',(-0.626165828423188,-0.779689909717384,0.));
#12401=DIRECTION('',(0.12579389479734,0.992056397606364,0.));
#12402=DIRECTION('',(-0.992056397606364,0.12579389479734,0.));
#12403=DIRECTION('',(0.,0.,-1.));
#12404=DIRECTION('',(0.992056397606364,-0.12579389479734,0.));
#12405=DIRECTION('',(1.,0.,0.));
#12406=DIRECTION('',(0.,0.,-1.));
#12407=DIRECTION('',(0.,0.,-1.));
#12408=DIRECTION('',(0.,-1.,0.));
#12409=DIRECTION('',(0.,-1.,0.));
#12410=DIRECTION('',(0.,0.,-1.));
#12411=DIRECTION('',(0.,0.,-1.));
#12412=DIRECTION('',(-1.,0.,0.));
#12413=DIRECTION('',(-1.,0.,0.));
#12414=DIRECTION('',(0.,0.,1.));
#12415=DIRECTION('',(0.,0.,-1.));
#12416=DIRECTION('',(0.,1.,0.));
#12417=DIRECTION('',(-0.179289974815741,0.983796272065803,0.));
#12418=DIRECTION('',(-0.983796272065803,-0.179289974815741,0.));
#12419=DIRECTION('',(0.,0.,-1.));
#12420=DIRECTION('',(0.983796272065803,0.179289974815741,0.));
#12421=DIRECTION('',(-0.777505118169244,0.628876610489395,0.));
#12422=DIRECTION('',(-0.628876610489395,-0.777505118169244,0.));
#12423=DIRECTION('',(0.,0.,-1.));
#12424=DIRECTION('',(0.628876610489395,0.777505118169244,0.));
#12425=DIRECTION('',(-0.778441492044597,-0.627717168367555,0.));
#12426=DIRECTION('',(0.627717168367555,-0.778441492044597,0.));
#12427=DIRECTION('',(0.,0.,-1.));
#12428=DIRECTION('',(-0.627717168367555,0.778441492044597,0.));
#12429=DIRECTION('',(-0.179289974815741,-0.983796272065803,0.));
#12430=DIRECTION('',(0.983796272065803,-0.179289974815741,0.));
#12431=DIRECTION('',(0.,0.,-1.));
#12432=DIRECTION('',(-0.983796272065803,0.179289974815741,0.));
#12433=DIRECTION('',(-1.,0.,0.));
#12434=DIRECTION('',(0.,0.,1.));
#12435=DIRECTION('',(0.,0.,-1.));
#12436=DIRECTION('',(0.,1.,0.));
#12437=DIRECTION('',(0.,1.,0.));
#12438=DIRECTION('',(0.,0.,1.));
#12439=DIRECTION('',(0.,0.,-1.));
#12440=DIRECTION('',(1.,0.,0.));
#12441=DIRECTION('',(1.,0.,0.));
#12442=DIRECTION('',(0.,0.,-1.));
#12443=DIRECTION('',(0.,0.,-1.));
#12444=DIRECTION('',(0.,-1.,0.));
#12445=DIRECTION('',(0.127971337630188,-0.991777866634026,0.));
#12446=DIRECTION('',(0.991777866634026,0.127971337630188,0.));
#12447=DIRECTION('',(0.,0.,-1.));
#12448=DIRECTION('',(-0.991777866634026,-0.127971337630188,0.));
#12449=DIRECTION('',(0.777187264390138,0.629269382752549,0.));
#12450=DIRECTION('',(-0.629269382752549,0.777187264390138,0.));
#12451=DIRECTION('',(0.,0.,-1.));
#12452=DIRECTION('',(0.629269382752549,-0.777187264390138,0.));
#12453=DIRECTION('',(0.,1.,0.));
#12454=DIRECTION('',(0.,0.,1.));
#12455=DIRECTION('',(0.,0.,-1.));
#12456=DIRECTION('',(1.,0.,0.));
#12457=DIRECTION('',(-1.,0.,0.));
#12458=DIRECTION('',(0.,0.,1.));
#12459=DIRECTION('',(0.,0.,-1.));
#12460=DIRECTION('',(0.,1.,0.));
#12461=DIRECTION('',(-0.16848004064357,-0.985705065374396,0.));
#12462=DIRECTION('',(0.985705065374396,-0.16848004064357,0.));
#12463=DIRECTION('',(0.,0.,-1.));
#12464=DIRECTION('',(-0.985705065374395,0.16848004064357,0.));
#12465=DIRECTION('',(-1.,0.,0.));
#12466=DIRECTION('',(0.,0.,1.));
#12467=DIRECTION('',(0.,0.,-1.));
#12468=DIRECTION('',(0.,1.,0.));
#12469=DIRECTION('',(0.,1.,0.));
#12470=DIRECTION('',(0.,0.,1.));
#12471=DIRECTION('',(0.,0.,-1.));
#12472=DIRECTION('',(1.,0.,0.));
#12473=DIRECTION('',(1.,0.,0.));
#12474=DIRECTION('',(0.,0.,-1.));
#12475=DIRECTION('',(0.,0.,-1.));
#12476=DIRECTION('',(0.,-1.,0.));
#12477=DIRECTION('',(0.16848004064357,-0.985705065374396,0.));
#12478=DIRECTION('',(0.985705065374396,0.16848004064357,0.));
#12479=DIRECTION('',(0.,0.,-1.));
#12480=DIRECTION('',(-0.985705065374395,-0.16848004064357,0.));
#12481=DIRECTION('',(1.,0.,0.));
#12482=DIRECTION('',(0.,0.,-1.));
#12483=DIRECTION('',(0.,-1.,0.));
#12484=DIRECTION('',(0.,0.,-1.));
#12485=DIRECTION('',(1.,0.,0.));
#12486=DIRECTION('',(-0.150095347213897,-0.988671526213201,0.));
#12487=DIRECTION('',(0.988671526213201,-0.150095347213897,0.));
#12488=DIRECTION('',(0.,0.,-1.));
#12489=DIRECTION('',(-0.988671526213201,0.150095347213897,0.));
#12490=DIRECTION('',(0.,0.,-1.));
#12491=DIRECTION('',(-1.,0.,0.));
#12492=DIRECTION('',(0.,0.,1.));
#12493=DIRECTION('',(0.,0.,-1.));
#12494=DIRECTION('',(0.,1.,0.));
#12495=DIRECTION('',(0.,1.,0.));
#12496=DIRECTION('',(0.,0.,1.));
#12497=DIRECTION('',(0.,0.,-1.));
#12498=DIRECTION('',(1.,0.,0.));
#12499=DIRECTION('',(1.,0.,0.));
#12500=DIRECTION('',(0.,0.,-1.));
#12501=DIRECTION('',(0.,0.,-1.));
#12502=DIRECTION('',(0.,-1.,0.));
#12503=DIRECTION('',(0.158990561994014,-0.987280102704814,0.));
#12504=DIRECTION('',(0.987280102704814,0.158990561994014,0.));
#12505=DIRECTION('',(0.,0.,-1.));
#12506=DIRECTION('',(-0.987280102704814,-0.158990561994014,0.));
#12507=DIRECTION('',(0.948140111312396,0.317852684935203,0.));
#12508=DIRECTION('',(-0.317852684935203,0.948140111312396,0.));
#12509=DIRECTION('',(0.,0.,-1.));
#12510=DIRECTION('',(0.317852684935203,-0.948140111312396,0.));
#12511=DIRECTION('',(0.,1.,0.));
#12512=DIRECTION('',(0.,0.,1.));
#12513=DIRECTION('',(0.,0.,-1.));
#12514=DIRECTION('',(1.,0.,0.));
#12515=DIRECTION('',(-0.9673067066061,0.253609414957057,0.));
#12516=DIRECTION('',(-0.253609414957057,-0.9673067066061,0.));
#12517=DIRECTION('',(0.,0.,-1.));
#12518=DIRECTION('',(0.253609414957057,0.9673067066061,0.));
#12519=DIRECTION('',(-0.943884803945586,0.330274850511815,0.));
#12520=DIRECTION('',(-0.330274850511815,-0.943884803945586,0.));
#12521=DIRECTION('',(0.,0.,-1.));
#12522=DIRECTION('',(0.330274850511815,0.943884803945586,0.));
#12523=DIRECTION('',(-0.160616910754753,-0.987016822541338,0.));
#12524=DIRECTION('',(0.987016822541338,-0.160616910754753,0.));
#12525=DIRECTION('',(0.,0.,-1.));
#12526=DIRECTION('',(-0.987016822541338,0.160616910754753,0.));
#12527=DIRECTION('',(-1.,0.,0.));
#12528=DIRECTION('',(0.,0.,1.));
#12529=DIRECTION('',(0.,0.,-1.));
#12530=DIRECTION('',(0.,1.,0.));
#12531=DIRECTION('',(0.,1.,0.));
#12532=DIRECTION('',(0.,0.,1.));
#12533=DIRECTION('',(0.,0.,-1.));
#12534=DIRECTION('',(1.,0.,0.));
#12535=DIRECTION('',(1.,0.,0.));
#12536=DIRECTION('',(0.,0.,-1.));
#12537=DIRECTION('',(0.,0.,-1.));
#12538=DIRECTION('',(0.,-1.,0.));
#12539=DIRECTION('',(0.159232438824624,-0.987241120712646,0.));
#12540=DIRECTION('',(0.987241120712647,0.159232438824624,0.));
#12541=DIRECTION('',(0.,0.,-1.));
#12542=DIRECTION('',(-0.987241120712647,-0.159232438824624,0.));
#12543=DIRECTION('',(0.932041259659353,-0.362352163361289,0.));
#12544=DIRECTION('',(0.362352163361289,0.932041259659353,0.));
#12545=DIRECTION('',(0.,0.,-1.));
#12546=DIRECTION('',(-0.362352163361289,-0.932041259659353,0.));
#12547=DIRECTION('',(0.922920816549685,0.384989826332156,0.));
#12548=DIRECTION('',(-0.384989826332156,0.922920816549685,0.));
#12549=DIRECTION('',(0.,0.,-1.));
#12550=DIRECTION('',(0.384989826332156,-0.922920816549685,0.));
#12551=DIRECTION('',(0.,0.,-1.));
#12552=DIRECTION('',(0.87767473788693,0.479256773009113,0.));
#12553=DIRECTION('',(0.,0.,-1.));
#12554=DIRECTION('',(0.,0.,-1.));
#12555=DIRECTION('',(-1.,0.,0.));
#12556=DIRECTION('',(0.,0.,-1.));
#12557=DIRECTION('',(0.,0.,-1.));
#12558=DIRECTION('',(-0.0537496846586844,0.99855444087896,0.));
#12559=DIRECTION('',(0.,0.,-1.));
#12560=DIRECTION('',(0.,0.,-1.));
#12561=DIRECTION('',(-1.,0.,0.));
#12562=DIRECTION('',(0.,0.,-1.));
#12563=DIRECTION('',(0.991927900634697,0.12680315430794,0.));
#12564=DIRECTION('',(-0.12680315430794,0.991927900634697,0.));
#12565=DIRECTION('',(0.,0.,-1.));
#12566=DIRECTION('',(0.12680315430794,-0.991927900634697,0.));
#12567=DIRECTION('',(0.,0.,-1.));
#12568=DIRECTION('',(-0.183380479457011,0.98304201321923,0.));
#12569=DIRECTION('',(0.,0.,-1.));
#12570=DIRECTION('',(0.,0.,-1.));
#12571=DIRECTION('',(-1.,0.,0.));
#12572=DIRECTION('',(0.,0.,-1.));
#12573=DIRECTION('',(-0.0875357809740458,0.996161376007554,0.));
#12574=DIRECTION('',(0.,0.,-1.));
#12575=DIRECTION('',(0.,0.,-1.));
#12576=DIRECTION('',(-1.,0.,0.));
#12577=DIRECTION('',(0.,0.,-1.));
#12578=DIRECTION('',(0.,0.,-1.));
#12579=DIRECTION('',(0.848855448037724,0.52862503566959,0.));
#12580=DIRECTION('',(0.,0.,-1.));
#12581=DIRECTION('',(0.,0.,-1.));
#12582=DIRECTION('',(-1.,0.,0.));
#12583=DIRECTION('',(-0.937073420679098,-0.349132359223222,0.));
#12584=DIRECTION('',(0.349132359223222,-0.937073420679098,0.));
#12585=DIRECTION('',(-0.349132359223222,0.937073420679098,0.));
#12586=DIRECTION('',(0.,0.,-1.));
#12587=DIRECTION('',(1.,0.,0.));
#12588=DIRECTION('',(1.,0.,0.));
#12589=DIRECTION('',(0.,0.,-1.));
#12590=DIRECTION('',(0.,0.,-1.));
#12591=DIRECTION('',(0.,-1.,0.));
#12592=DIRECTION('',(0.,0.,-1.));
#12593=DIRECTION('',(0.168159038084115,-0.985759878424064,0.));
#12594=DIRECTION('',(0.985759878424064,0.168159038084115,0.));
#12595=DIRECTION('',(0.,0.,-1.));
#12596=DIRECTION('',(-0.985759878424064,-0.168159038084115,0.));
#12597=DIRECTION('',(1.,0.,0.));
#12598=DIRECTION('',(0.,0.,-1.));
#12599=DIRECTION('',(0.,0.,-1.));
#12600=DIRECTION('',(0.,-1.,0.));
#12601=DIRECTION('',(0.168159038084115,0.985759878424064,0.));
#12602=DIRECTION('',(-0.985759878424064,0.168159038084115,0.));
#12603=DIRECTION('',(0.,0.,-1.));
#12604=DIRECTION('',(0.985759878424064,-0.168159038084115,0.));
#12605=DIRECTION('',(1.,0.,0.));
#12606=DIRECTION('',(0.,0.,-1.));
#12607=DIRECTION('',(0.,0.,-1.));
#12608=DIRECTION('',(0.,-1.,0.));
#12609=DIRECTION('',(0.,-1.,0.));
#12610=DIRECTION('',(0.,0.,-1.));
#12611=DIRECTION('',(0.,0.,-1.));
#12612=DIRECTION('',(-1.,0.,0.));
#12613=DIRECTION('',(-1.,0.,0.));
#12614=DIRECTION('',(0.,0.,1.));
#12615=DIRECTION('',(0.,0.,-1.));
#12616=DIRECTION('',(0.,1.,0.));
#12617=DIRECTION('',(-0.168159038084115,0.985759878424064,0.));
#12618=DIRECTION('',(-0.985759878424064,-0.168159038084115,0.));
#12619=DIRECTION('',(0.,0.,-1.));
#12620=DIRECTION('',(0.985759878424064,0.168159038084115,0.));
#12621=DIRECTION('',(-1.,0.,0.));
#12622=DIRECTION('',(0.,0.,1.));
#12623=DIRECTION('',(0.,0.,-1.));
#12624=DIRECTION('',(0.,1.,0.));
#12625=DIRECTION('',(0.,0.,-1.));
#12626=DIRECTION('',(0.,0.,-1.));
#12627=DIRECTION('',(0.0513606943830199,-0.99868016855873,0.));
#12628=DIRECTION('',(0.99868016855873,0.0513606943830199,0.));
#12629=DIRECTION('',(0.,0.,-1.));
#12630=DIRECTION('',(-0.99868016855873,-0.0513606943830199,0.));
#12631=DIRECTION('',(-0.990087733760433,-0.140450273966016,0.));
#12632=DIRECTION('',(0.140450273966016,-0.990087733760433,0.));
#12633=DIRECTION('',(0.,0.,-1.));
#12634=DIRECTION('',(-0.140450273966016,0.990087733760433,0.));
#12635=DIRECTION('',(0.,0.,-1.));
#12636=DIRECTION('',(0.206984022305968,-0.978344323083669,0.));
#12637=DIRECTION('',(0.,0.,-1.));
#12638=DIRECTION('',(0.,0.,-1.));
#12639=DIRECTION('',(-1.,0.,0.));
#12640=DIRECTION('',(0.,0.,-1.));
#12641=DIRECTION('',(0.0730348981136978,-0.997329385738494,0.));
#12642=DIRECTION('',(0.,0.,-1.));
#12643=DIRECTION('',(0.,0.,-1.));
#12644=DIRECTION('',(-1.,0.,0.));
#12645=DIRECTION('',(0.,0.,-1.));
#12646=DIRECTION('',(0.,0.,-1.));
#12647=DIRECTION('',(-0.992828820078291,0.119544694662492,0.));
#12648=DIRECTION('',(-0.119544694662492,-0.992828820078291,0.));
#12649=DIRECTION('',(0.,0.,-1.));
#12650=DIRECTION('',(0.119544694662492,0.992828820078291,0.));
#12651=DIRECTION('',(0.,1.,0.));
#12652=DIRECTION('',(0.,0.,1.));
#12653=DIRECTION('',(1.,0.,0.));
#12654=DIRECTION('',(0.,0.,-1.));
#12655=DIRECTION('',(1.,0.,0.));
#12656=DIRECTION('',(0.,0.,-1.));
#12657=DIRECTION('',(0.,0.,-1.));
#12658=DIRECTION('',(-1.,0.,0.));
#12659=DIRECTION('',(0.,0.,1.));
#12660=DIRECTION('',(0.,1.,0.));
#12661=DIRECTION('',(0.,0.,-1.));
#12662=DIRECTION('',(0.,1.,0.));
#12663=DIRECTION('',(0.,0.,-1.));
#12664=DIRECTION('',(0.,0.,-1.));
#12665=DIRECTION('',(0.,0.,-1.));
#12666=DIRECTION('',(0.,0.,-1.));
#12667=DIRECTION('',(1.,0.,0.));
#12668=DIRECTION('',(0.,0.,-1.));
#12669=DIRECTION('',(0.,-1.,0.));
#12670=DIRECTION('',(0.,0.,-1.));
#12671=DIRECTION('',(0.,-1.,0.));
#12672=DIRECTION('',(0.,0.,-1.));
#12673=DIRECTION('',(0.,0.,-1.));
#12674=DIRECTION('',(0.,0.,-1.));
#12675=DIRECTION('',(0.,0.,-1.));
#12676=DIRECTION('',(1.,0.,0.));
#12677=DIRECTION('',(0.,0.,-1.));
#12678=DIRECTION('',(0.,0.,-1.));
#12679=DIRECTION('',(0.,-1.,0.));
#12680=DIRECTION('',(0.,0.,-1.));
#12681=DIRECTION('',(0.,0.,-1.));
#12682=DIRECTION('',(0.,0.,-1.));
#12683=DIRECTION('',(0.,0.,-1.));
#12684=DIRECTION('',(-1.,0.,0.));
#12685=DIRECTION('',(0.,0.,1.));
#12686=DIRECTION('',(0.,0.,-1.));
#12687=DIRECTION('',(0.,1.,0.));
#12688=DIRECTION('',(0.,0.,-1.));
#12689=DIRECTION('',(0.,0.,-1.));
#12690=DIRECTION('',(0.,0.,-1.));
#12691=DIRECTION('',(1.,0.,0.));
#12692=DIRECTION('',(0.,0.,1.));
#12693=DIRECTION('',(1.,0.,0.));
#12694=DIRECTION('',(0.,0.,1.));
#12695=DIRECTION('',(1.,0.,0.));
#12696=DIRECTION('',(0.,0.,1.));
#12697=DIRECTION('',(1.,0.,0.));
#12698=DIRECTION('',(0.,0.,1.));
#12699=DIRECTION('',(1.,0.,0.));
#12700=DIRECTION('',(0.,0.,1.));
#12701=DIRECTION('',(1.,0.,0.));
#12702=DIRECTION('',(0.,0.,1.));
#12703=DIRECTION('',(1.,0.,0.));
#12704=DIRECTION('',(0.,0.,1.));
#12705=DIRECTION('',(1.,0.,0.));
#12706=DIRECTION('',(0.,0.,1.));
#12707=DIRECTION('',(1.,0.,0.));
#12708=DIRECTION('',(0.,0.,1.));
#12709=DIRECTION('',(1.,0.,0.));
#12710=CARTESIAN_POINT('',(0.,0.,0.));
#12711=CARTESIAN_POINT('',(0.0828881663964725,-0.10360435,-0.00349));
#12712=CARTESIAN_POINT('',(0.0641542132167766,-0.103426490826274,-0.00349));
#12713=CARTESIAN_POINT('',(0.0641542132167766,-0.103020195642279,-0.00349));
#12714=CARTESIAN_POINT('',(0.0641542132167766,-0.103832786010268,-0.00349));
#12715=CARTESIAN_POINT('',(0.065239031592177,-0.103832786010268,-0.00349));
#12716=CARTESIAN_POINT('',(0.0663238499675774,-0.103832786010268,-0.00349));
#12717=CARTESIAN_POINT('',(0.0663842313677176,-0.103331313365036,-0.00349));
#12718=CARTESIAN_POINT('',(0.0664446127678578,-0.102829840719803,-0.00349));
#12719=CARTESIAN_POINT('',(0.0664446127678578,-0.102829840719803,-0.00349));
#12720=CARTESIAN_POINT('',(0.066739355873627,-0.103359968944763,-0.00349));
#12721=CARTESIAN_POINT('',(0.0671712363966637,-0.103660852531902,-0.00349));
#12722=CARTESIAN_POINT('',(0.0671712363966637,-0.103660852531902,-0.00349));
#12723=CARTESIAN_POINT('',(0.0671712363966637,-0.103660852531902,-0.00349));
#12724=CARTESIAN_POINT('',(0.0676031169197005,-0.103961736119042,-0.00349));
#12725=CARTESIAN_POINT('',(0.068157807070141,-0.103961736119042,-0.00349));
#12726=CARTESIAN_POINT('',(0.068157807070141,-0.103961736119042,-0.00349));
#12727=CARTESIAN_POINT('',(0.0681514574429012,-0.101825520664526,-0.00349));
#12728=CARTESIAN_POINT('',(0.068461737667271,-0.103939023417696,-0.00349));
#12729=CARTESIAN_POINT('',(0.0682584466147386,-0.102300434393,-0.00349));
#12730=CARTESIAN_POINT('',(0.0687023336262511,-0.103890594442249,-0.00349));
#12731=CARTESIAN_POINT('',(0.068619366586467,-0.103305728025993,-0.00349));
#12732=CARTESIAN_POINT('',(0.0685364700879695,-0.102721358882263,-0.00349));
#12733=CARTESIAN_POINT('',(0.068178275341375,-0.102739780326374,-0.00349));
#12734=CARTESIAN_POINT('',(0.0678200805947805,-0.102758201770484,-0.00349));
#12735=CARTESIAN_POINT('',(0.0678200805947805,-0.102758201770484,-0.00349));
#12736=CARTESIAN_POINT('',(0.0673206547766717,-0.102758201770484,-0.00349));
#12737=CARTESIAN_POINT('',(0.0669819048877495,-0.102524863478417,-0.00349));
#12738=CARTESIAN_POINT('',(0.0669819048877495,-0.102524863478417,-0.00349));
#12739=CARTESIAN_POINT('',(0.0669819048877495,-0.102524863478417,-0.00349));
#12740=CARTESIAN_POINT('',(0.0666431549988273,-0.10229152518635,-0.00349));
#12741=CARTESIAN_POINT('',(0.0664568937305982,-0.10186987879893,-0.00349));
#12742=CARTESIAN_POINT('',(0.0664568937305982,-0.10186987879893,-0.00349));
#12743=CARTESIAN_POINT('',(0.0664568937305982,-0.0998834330756735,-0.00349));
#12744=CARTESIAN_POINT('',(0.0664568937305982,-0.0978969873524168,-0.00349));
#12745=CARTESIAN_POINT('',(0.0669788346470644,-0.097807950372549,-0.00349));
#12746=CARTESIAN_POINT('',(0.0675007755635306,-0.0977189133926812,-0.00349));
#12747=CARTESIAN_POINT('',(0.0675007755635306,-0.097315688449372,-0.00349));
#12748=CARTESIAN_POINT('',(0.0675007755635306,-0.0969124635060628,-0.00349));
#12749=CARTESIAN_POINT('',(0.0658274943901536,-0.0969124635060628,-0.00349));
#12750=CARTESIAN_POINT('',(0.0641542132167766,-0.0969124635060628,-0.00349));
#12751=CARTESIAN_POINT('',(0.0641542132167766,-0.097315688449372,-0.00349));
#12752=CARTESIAN_POINT('',(0.0641542132167767,-0.0977189133926812,-0.00349));
#12753=CARTESIAN_POINT('',(0.0646761541332429,-0.097807950372549,-0.00349));
#12754=CARTESIAN_POINT('',(0.0651980950497091,-0.0978969873524168,-0.00349));
#12755=CARTESIAN_POINT('',(0.0651980950497091,-0.10036955451748,-0.00349));
#12756=CARTESIAN_POINT('',(0.0651980950497091,-0.102842121682544,-0.00349));
#12757=CARTESIAN_POINT('',(0.0646761541332429,-0.102931158662411,-0.00349));
#12758=CARTESIAN_POINT('',(0.0186460823687311,-0.097807950372549,-0.00349));
#12759=CARTESIAN_POINT('',(0.0181251648658266,-0.0977189133926812,-0.00349));
#12760=CARTESIAN_POINT('',(0.0191669998716356,-0.0978969873524168,-0.00349));
#12761=CARTESIAN_POINT('',(0.0191669998716356,-0.101565924971106,-0.00349));
#12762=CARTESIAN_POINT('',(0.0191669998716356,-0.105234862589795,-0.00349));
#12763=CARTESIAN_POINT('',(0.0186460823687311,-0.105323899569662,-0.00349));
#12764=CARTESIAN_POINT('',(0.0181251648658266,-0.10541293654953,-0.00349));
#12765=CARTESIAN_POINT('',(0.0181251648658266,-0.105819231733525,-0.00349));
#12766=CARTESIAN_POINT('',(0.0181251648658266,-0.106225526917519,-0.00349));
#12767=CARTESIAN_POINT('',(0.0197974226256419,-0.106225526917519,-0.00349));
#12768=CARTESIAN_POINT('',(0.0214696803854572,-0.106225526917519,-0.00349));
#12769=CARTESIAN_POINT('',(0.0214696803854572,-0.105819231733525,-0.00349));
#12770=CARTESIAN_POINT('',(0.0214696803854572,-0.10541293654953,-0.00349));
#12771=CARTESIAN_POINT('',(0.0209487628825526,-0.105323899569662,-0.00349));
#12772=CARTESIAN_POINT('',(0.0204278453796481,-0.105234862589795,-0.00349));
#12773=CARTESIAN_POINT('',(0.0204278453796481,-0.103671086667519,-0.00349));
#12774=CARTESIAN_POINT('',(0.0204278453796481,-0.102107310745244,-0.00349));
#12775=CARTESIAN_POINT('',(0.0209108965807698,-0.102107310745244,-0.00349));
#12776=CARTESIAN_POINT('',(0.0213939477818914,-0.102107310745244,-0.00349));
#12777=CARTESIAN_POINT('',(0.0226957298323719,-0.103715093450672,-0.00349));
#12778=CARTESIAN_POINT('',(0.0239975118828523,-0.105322876156101,-0.00349));
#12779=CARTESIAN_POINT('',(0.0236485278583132,-0.105367906352815,-0.00349));
#12780=CARTESIAN_POINT('',(0.023299543833774,-0.10541293654953,-0.00349));
#12781=CARTESIAN_POINT('',(0.023299543833774,-0.105819231733525,-0.00349));
#12782=CARTESIAN_POINT('',(0.023299543833774,-0.106225526917519,-0.00349));
#12783=CARTESIAN_POINT('',(0.0247773530168666,-0.106225526917519,-0.00349));
#12784=CARTESIAN_POINT('',(0.0262551621999591,-0.106225526917519,-0.00349));
#12785=CARTESIAN_POINT('',(0.0262551621999591,-0.105819231733525,-0.00349));
#12786=CARTESIAN_POINT('',(0.0262551621999591,-0.10541293654953,-0.00349));
#12787=CARTESIAN_POINT('',(0.0258171411955522,-0.105333110291718,-0.00349));
#12788=CARTESIAN_POINT('',(0.0253791201911453,-0.105253284033905,-0.00349));
#12789=CARTESIAN_POINT('',(0.0239555519268227,-0.103487895639975,-0.00349));
#12790=CARTESIAN_POINT('',(0.0225319836625002,-0.101722507246046,-0.00349));
#12791=CARTESIAN_POINT('',(0.0240865488627201,-0.0998005365771759,-0.00349));
#12792=CARTESIAN_POINT('',(0.0256411140629401,-0.0978785659083062,-0.00349));
#12793=CARTESIAN_POINT('',(0.026079135067347,-0.0977987396504937,-0.00349));
#12794=CARTESIAN_POINT('',(0.026517156071754,-0.0977189133926812,-0.00349));
#12795=CARTESIAN_POINT('',(0.026517156071754,-0.097315688449372,-0.00349));
#12796=CARTESIAN_POINT('',(0.026517156071754,-0.0969124635060628,-0.00349));
#12797=CARTESIAN_POINT('',(0.0249881762105764,-0.0969124635060628,-0.00349));
#12798=CARTESIAN_POINT('',(0.0234591963493989,-0.0969124635060628,-0.00349));
#12799=CARTESIAN_POINT('',(0.0234591963493989,-0.097315688449372,-0.00349));
#12800=CARTESIAN_POINT('',(0.0234591963493989,-0.0977189133926812,-0.00349));
#12801=CARTESIAN_POINT('',(0.0238143208553084,-0.097763943589396,-0.00349));
#12802=CARTESIAN_POINT('',(0.0241694453612177,-0.0978089737861107,-0.00349));
#12803=CARTESIAN_POINT('',(0.0228420779716948,-0.0994617866882537,-0.00349));
#12804=CARTESIAN_POINT('',(0.0215147105821719,-0.101114599590397,-0.00349));
#12805=CARTESIAN_POINT('',(0.02097127798091,-0.101114599590397,-0.00349));
#12806=CARTESIAN_POINT('',(0.0204278453796481,-0.101114599590397,-0.00349));
#12807=CARTESIAN_POINT('',(0.0204278453796481,-0.0995057934714067,-0.00349));
#12808=CARTESIAN_POINT('',(0.0204278453796481,-0.0978969873524168,-0.00349));
#12809=CARTESIAN_POINT('',(0.0209487628825526,-0.097807950372549,-0.00349));
#12810=CARTESIAN_POINT('',(0.0214696803854572,-0.0977189133926812,-0.00349));
#12811=CARTESIAN_POINT('',(0.0214696803854572,-0.097315688449372,-0.00349));
#12812=CARTESIAN_POINT('',(0.0214696803854572,-0.0969124635060628,-0.00349));
#12813=CARTESIAN_POINT('',(0.0197974226256419,-0.0969124635060628,-0.00349));
#12814=CARTESIAN_POINT('',(0.0181251648658266,-0.0969124635060628,-0.00349));
#12815=CARTESIAN_POINT('',(0.0181251648658266,-0.097315688449372,-0.00349));
#12816=CARTESIAN_POINT('',(0.0538726803742973,-0.13329113430311,-0.00349));
#12817=CARTESIAN_POINT('',(0.0451884633741193,-0.131495654582977,-0.00349));
#12818=CARTESIAN_POINT('',(0.0450991959631624,-0.132001208905607,-0.00349));
#12819=CARTESIAN_POINT('',(0.050239633227918,-0.132732133430787,-0.00349000000000002));
#12820=CARTESIAN_POINT('',(0.0450553153323715,-0.132448641670098,-0.00349));
#12821=CARTESIAN_POINT('',(0.0426571399386115,-0.134342570805185,-0.00349));
#12822=CARTESIAN_POINT('',(0.0441432288368292,-0.131671996676748,-0.00349));
#12823=CARTESIAN_POINT('',(0.0429809471754156,-0.133684533327865,-0.00349));
#12824=CARTESIAN_POINT('',(0.0429756929756074,-0.131360566035732,-0.00349));
#12825=CARTESIAN_POINT('',(0.0429756929709887,-0.131360563992833,-0.00349));
#12826=CARTESIAN_POINT('',(0.0418949682498351,-0.131360563992833,-0.00349));
#12827=CARTESIAN_POINT('',(0.0413320907909009,-0.131888645390669,-0.00349));
#12828=CARTESIAN_POINT('',(0.0413320907909009,-0.131888645390669,-0.00349));
#12829=CARTESIAN_POINT('',(0.0413320907909009,-0.131888645390669,-0.00349));
#12830=CARTESIAN_POINT('',(0.0407692133319668,-0.132416726788506,-0.00349));
#12831=CARTESIAN_POINT('',(0.0407692133319668,-0.133376688709379,-0.00349));
#12832=CARTESIAN_POINT('',(0.0407692133319668,-0.133376688709379,-0.00349));
#12833=CARTESIAN_POINT('',(0.0407692133319668,-0.133376688709379,-0.00349));
#12834=CARTESIAN_POINT('',(0.0407692133319668,-0.134361212555733,-0.00349));
#12835=CARTESIAN_POINT('',(0.0415654290829682,-0.13489543443494,-0.00349));
#12836=CARTESIAN_POINT('',(0.0415654290829682,-0.13489543443494,-0.00349));
#12837=CARTESIAN_POINT('',(0.0415654290829682,-0.13489543443494,-0.00349));
#12838=CARTESIAN_POINT('',(0.0423616448339696,-0.135429656314146,-0.00349));
#12839=CARTESIAN_POINT('',(0.0437493936236327,-0.135429656314146,-0.00349));
#12840=CARTESIAN_POINT('',(0.0437493936236327,-0.135429656314146,-0.00349));
#12841=CARTESIAN_POINT('',(0.0443992612353112,-0.135429656314146,-0.00349));
#12842=CARTESIAN_POINT('',(0.0450491288469897,-0.135429656314146,-0.00349));
#12843=CARTESIAN_POINT('',(0.0450491288469897,-0.135832881257455,-0.00349));
#12844=CARTESIAN_POINT('',(0.0450491288469897,-0.136236106200765,-0.00349));
#12845=CARTESIAN_POINT('',(0.0450491288469897,-0.136236106200765,-0.00349));
#12846=CARTESIAN_POINT('',(0.0450491288469897,-0.136844013856413,-0.00349));
#12847=CARTESIAN_POINT('',(0.0446653487613528,-0.137198114948761,-0.00349));
#12848=CARTESIAN_POINT('',(0.0446653487613528,-0.137198114948761,-0.00349));
#12849=CARTESIAN_POINT('',(0.0446653487613528,-0.137198114948761,-0.00349));
#12850=CARTESIAN_POINT('',(0.0442815686757159,-0.137552216041109,-0.00349));
#12851=CARTESIAN_POINT('',(0.0435958815893779,-0.137552216041109,-0.00349));
#12852=CARTESIAN_POINT('',(0.0435958815893779,-0.137552216041109,-0.00349));
#12853=CARTESIAN_POINT('',(0.0435958815893779,-0.137552216041109,-0.00349));
#12854=CARTESIAN_POINT('',(0.0431230645238733,-0.137552216041109,-0.00349));
#12855=CARTESIAN_POINT('',(0.0427617995365937,-0.137431453240828,-0.00349));
#12856=CARTESIAN_POINT('',(0.0427617995365937,-0.137431453240828,-0.00349));
#12857=CARTESIAN_POINT('',(0.0427617995365937,-0.137431453240828,-0.00349));
#12858=CARTESIAN_POINT('',(0.0424005345493141,-0.137310690440548,-0.00349));
#12859=CARTESIAN_POINT('',(0.0421774303928638,-0.137099867246838,-0.00349));
#12860=CARTESIAN_POINT('',(0.0421774303928638,-0.137099867246838,-0.00349));
#12861=CARTESIAN_POINT('',(0.0421098850977917,-0.136734508605312,-0.00349));
#12862=CARTESIAN_POINT('',(0.0420423398027197,-0.136369149963785,-0.00349));
#12863=CARTESIAN_POINT('',(0.0415562183609129,-0.136369149963785,-0.00349));
#12864=CARTESIAN_POINT('',(0.0410700969191061,-0.136369149963785,-0.00349));
#12865=CARTESIAN_POINT('',(0.0410700969191061,-0.137041532673821,-0.00349));
#12866=CARTESIAN_POINT('',(0.0410700969191061,-0.137713915383857,-0.00349));
#12867=CARTESIAN_POINT('',(0.0410700969191061,-0.137713915383857,-0.00349));
#12868=CARTESIAN_POINT('',(0.0415429139846108,-0.138090531574562,-0.00349));
#12869=CARTESIAN_POINT('',(0.042214273281085,-0.138317729385259,-0.00349));
#12870=CARTESIAN_POINT('',(0.042214273281085,-0.138317729385259,-0.00349));
#12871=CARTESIAN_POINT('',(0.042214273281085,-0.138317729385259,-0.00349));
#12872=CARTESIAN_POINT('',(0.0428856325775592,-0.138544927195956,-0.00349));
#12873=CARTESIAN_POINT('',(0.043673661020067,-0.138544927195956,-0.00349));
#12874=CARTESIAN_POINT('',(0.043673661020067,-0.138544927195956,-0.00349));
#12875=CARTESIAN_POINT('',(0.043673661020067,-0.138544927195956,-0.00349));
#12876=CARTESIAN_POINT('',(0.0448505866160202,-0.138544927195956,-0.00349));
#12877=CARTESIAN_POINT('',(0.0455792570719495,-0.137943160021678,-0.00349));
#12878=CARTESIAN_POINT('',(0.0455792570719495,-0.137943160021678,-0.00349));
#12879=CARTESIAN_POINT('',(0.0455792570719495,-0.137943160021678,-0.00349));
#12880=CARTESIAN_POINT('',(0.0463079275278788,-0.137341392847399,-0.00349));
#12881=CARTESIAN_POINT('',(0.0463079275278788,-0.136221778410901,-0.00349));
#12882=CARTESIAN_POINT('',(0.0463079275278788,-0.136221778410901,-0.00349));
#12883=CARTESIAN_POINT('',(0.0463079275278788,-0.134555661132456,-0.00349));
#12884=CARTESIAN_POINT('',(0.0463079275278788,-0.132889543854011,-0.00349));
#12885=CARTESIAN_POINT('',(0.0571882896217184,-0.132887044824582,-0.00348999999999976));
#12886=CARTESIAN_POINT('',(0.0463109977685639,-0.132628573395777,-0.00349));
#12887=CARTESIAN_POINT('',(0.0492809082490458,-0.132700695132862,-0.00348999999999998));
#12888=CARTESIAN_POINT('',(0.0463283957991128,-0.132371696591791,-0.00349));
#12889=CARTESIAN_POINT('',(0.0465842491895374,-0.132336900530693,-0.00349));
#12890=CARTESIAN_POINT('',(0.0468401025799621,-0.132302104469596,-0.00349));
#12891=CARTESIAN_POINT('',(0.0468401025799621,-0.131898879526286,-0.00349));
#12892=CARTESIAN_POINT('',(0.0468401025799621,-0.131495654582977,-0.00349));
#12893=CARTESIAN_POINT('',(0.0460142078356714,-0.131495654582977,-0.00349));
#12894=CARTESIAN_POINT('',(0.0306885897492369,-0.0967773729159186,-0.00349));
#12895=CARTESIAN_POINT('',(0.0292435298001187,-0.0967773729159186,-0.00349));
#12896=CARTESIAN_POINT('',(0.0283889794761004,-0.0977404050774769,-0.00349));
#12897=CARTESIAN_POINT('',(0.0306885897492369,-0.0967773729159186,-0.00349));
#12898=CARTESIAN_POINT('',(0.0283889794761004,-0.0977404050774769,-0.00349));
#12899=CARTESIAN_POINT('',(0.0283889794761004,-0.0977404050774769,-0.00349));
#12900=CARTESIAN_POINT('',(0.0275344291520823,-0.0987034372390351,-0.00349));
#12901=CARTESIAN_POINT('',(0.0275344291520823,-0.100238557581583,-0.00349));
#12902=CARTESIAN_POINT('',(0.0275344291520823,-0.100238557581583,-0.00349));
#12903=CARTESIAN_POINT('',(0.0275344291520823,-0.100379788653097,-0.00349));
#12904=CARTESIAN_POINT('',(0.0275344291520823,-0.100521019724612,-0.00349));
#12905=CARTESIAN_POINT('',(0.0275344291520823,-0.100521019724612,-0.00349));
#12906=CARTESIAN_POINT('',(0.0275344291520823,-0.101996782080581,-0.00349));
#12907=CARTESIAN_POINT('',(0.0284145648151429,-0.102979259099811,-0.00349));
#12908=CARTESIAN_POINT('',(0.0284145648151429,-0.102979259099811,-0.00349));
#12909=CARTESIAN_POINT('',(0.0284145648151429,-0.102979259099811,-0.00349));
#12910=CARTESIAN_POINT('',(0.0292947004782036,-0.103961736119042,-0.00349));
#12911=CARTESIAN_POINT('',(0.0304961879996376,-0.103961736119042,-0.00349));
#12912=CARTESIAN_POINT('',(0.0304961879996376,-0.103961736119042,-0.00349));
#12913=CARTESIAN_POINT('',(0.0304961879996376,-0.103961736119042,-0.00349));
#12914=CARTESIAN_POINT('',(0.0318900772706709,-0.103961736119042,-0.00349));
#12915=CARTESIAN_POINT('',(0.0326105604181066,-0.103117419930641,-0.00349));
#12916=CARTESIAN_POINT('',(0.0326105604181066,-0.103117419930641,-0.00349));
#12917=CARTESIAN_POINT('',(0.0326105604181066,-0.103117419930641,-0.00349));
#12918=CARTESIAN_POINT('',(0.0333310435655423,-0.102273103742239,-0.00349));
#12919=CARTESIAN_POINT('',(0.0333310435655423,-0.100864886681342,-0.00349));
#12920=CARTESIAN_POINT('',(0.0333310435655423,-0.100864886681342,-0.00349));
#12921=CARTESIAN_POINT('',(0.0333310435655423,-0.10047189587365,-0.00349));
#12922=CARTESIAN_POINT('',(0.0333310435655423,-0.100078905065958,-0.00349));
#12923=CARTESIAN_POINT('',(0.0310856742111759,-0.100078905065958,-0.00349));
#12924=CARTESIAN_POINT('',(0.0288403048568095,-0.100078905065958,-0.00349));
#12925=CARTESIAN_POINT('',(0.0288300707211925,-0.100062530448971,-0.00349));
#12926=CARTESIAN_POINT('',(0.0288198365855755,-0.100046155831983,-0.00349));
#12927=CARTESIAN_POINT('',(0.0288198365855755,-0.100046155831983,-0.00349));
#12928=CARTESIAN_POINT('',(0.0288403048568095,-0.0990493510228892,-0.00349));
#12929=CARTESIAN_POINT('',(0.0293264262986162,-0.0984066473061426,-0.00349));
#12930=CARTESIAN_POINT('',(0.0293264262986162,-0.0984066473061426,-0.00349));
#12931=CARTESIAN_POINT('',(0.0293264262986162,-0.0984066473061426,-0.00349));
#12932=CARTESIAN_POINT('',(0.029812547740423,-0.0977639435893959,-0.00349));
#12933=CARTESIAN_POINT('',(0.0306885897492369,-0.0977639435893959,-0.00349));
#12934=CARTESIAN_POINT('',(0.0306885897492369,-0.0977639435893959,-0.00349));
#12935=CARTESIAN_POINT('',(0.0306885897492369,-0.0977639435893959,-0.00349));
#12936=CARTESIAN_POINT('',(0.0313271998117367,-0.0977639435893959,-0.00349));
#12937=CARTESIAN_POINT('',(0.0318102510128584,-0.0979461112033783,-0.00349));
#12938=CARTESIAN_POINT('',(0.0318102510128584,-0.0979461112033783,-0.00349));
#12939=CARTESIAN_POINT('',(0.0309228393747632,-0.100376881359167,-0.00349));
#12940=CARTESIAN_POINT('',(0.0326456766201458,-0.0984470524943508,-0.00349));
#12941=CARTESIAN_POINT('',(0.0328919991475737,-0.0980382184239311,-0.00349));
#12942=CARTESIAN_POINT('',(0.033138641815943,-0.0976288529992518,-0.00349));
#12943=CARTESIAN_POINT('',(0.033138641815943,-0.0976288529992518,-0.00349));
#12944=CARTESIAN_POINT('',(0.0327681661066082,-0.0972706582526573,-0.00349));
#12945=CARTESIAN_POINT('',(0.0321571882102742,-0.097024015584288,-0.00349));
#12946=CARTESIAN_POINT('',(0.0321571882102742,-0.097024015584288,-0.00349));
#12947=CARTESIAN_POINT('',(0.0321571882102742,-0.097024015584288,-0.00349));
#12948=CARTESIAN_POINT('',(0.0315462103139402,-0.0967773729159186,-0.00349));
#12949=CARTESIAN_POINT('',(0.0306885897492369,-0.0967773729159186,-0.00349));
#12950=CARTESIAN_POINT('',(0.0640856445081428,-0.136242246682135,-0.00349));
#12951=CARTESIAN_POINT('',(0.0645594849872093,-0.136242246682135,-0.00349));
#12952=CARTESIAN_POINT('',(0.0636118040290765,-0.136242246682135,-0.00349));
#12953=CARTESIAN_POINT('',(0.0635094626729066,-0.136657752588184,-0.00349));
#12954=CARTESIAN_POINT('',(0.0634071213167368,-0.137073258494234,-0.00349));
#12955=CARTESIAN_POINT('',(0.0634071213167368,-0.137073258494234,-0.00349));
#12956=CARTESIAN_POINT('',(0.0631778766789163,-0.137290222169314,-0.00349));
#12957=CARTESIAN_POINT('',(0.0628288926543771,-0.137421219105211,-0.00349));
#12958=CARTESIAN_POINT('',(0.0628288926543771,-0.137421219105211,-0.00349));
#12959=CARTESIAN_POINT('',(0.0628288926543771,-0.137421219105211,-0.00349));
#12960=CARTESIAN_POINT('',(0.062479908629838,-0.137552216041109,-0.00349));
#12961=CARTESIAN_POINT('',(0.0620377939711842,-0.137552216041109,-0.00349));
#12962=CARTESIAN_POINT('',(0.0620377939711842,-0.137552216041109,-0.00349));
#12963=CARTESIAN_POINT('',(0.0620377939711842,-0.137552216041109,-0.00349));
#12964=CARTESIAN_POINT('',(0.06136643467471,-0.137552216041109,-0.00349));
#12965=CARTESIAN_POINT('',(0.0610409891620899,-0.137258496348901,-0.00349));
#12966=CARTESIAN_POINT('',(0.0610409891620899,-0.137258496348901,-0.00349));
#12967=CARTESIAN_POINT('',(0.0610409891620899,-0.137258496348901,-0.00349));
#12968=CARTESIAN_POINT('',(0.0607155436494698,-0.136964776656694,-0.00349));
#12969=CARTESIAN_POINT('',(0.0607155436494698,-0.136549270750644,-0.00349));
#12970=CARTESIAN_POINT('',(0.0607155436494698,-0.136549270750644,-0.00349));
#12971=CARTESIAN_POINT('',(0.0607155436494698,-0.136549270750644,-0.00349));
#12972=CARTESIAN_POINT('',(0.0607155436494698,-0.136139905325965,-0.00349));
#12973=CARTESIAN_POINT('',(0.0610031228603071,-0.135903496793213,-0.00349));
#12974=CARTESIAN_POINT('',(0.0610031228603071,-0.135903496793213,-0.00349));
#12975=CARTESIAN_POINT('',(0.0610031228603071,-0.135903496793213,-0.00349));
#12976=CARTESIAN_POINT('',(0.0612907020711443,-0.13566708826046,-0.00349));
#12977=CARTESIAN_POINT('',(0.0621728845613284,-0.135480826992231,-0.00349));
#12978=CARTESIAN_POINT('',(0.0621728845613284,-0.135480826992231,-0.00349));
#12979=CARTESIAN_POINT('',(0.0621728845613284,-0.135480826992231,-0.00349));
#12980=CARTESIAN_POINT('',(0.0634849007474259,-0.135198364849202,-0.00349));
#12981=CARTESIAN_POINT('',(0.0641245342234874,-0.134716337061642,-0.00349));
#12982=CARTESIAN_POINT('',(0.0641245342234874,-0.134716337061642,-0.00349));
#12983=CARTESIAN_POINT('',(0.0641245342234874,-0.134716337061642,-0.00349));
#12984=CARTESIAN_POINT('',(0.0647641676995489,-0.134234309274082,-0.00349));
#12985=CARTESIAN_POINT('',(0.0647641676995489,-0.133421718906094,-0.00349));
#12986=CARTESIAN_POINT('',(0.0647641676995489,-0.133421718906094,-0.00349));
#12987=CARTESIAN_POINT('',(0.0647641676995489,-0.133421718906094,-0.00349));
#12988=CARTESIAN_POINT('',(0.0647641676995489,-0.132500646700565,-0.00349));
#12989=CARTESIAN_POINT('',(0.0640191226266325,-0.131930605346699,-0.00349));
#12990=CARTESIAN_POINT('',(0.0640191226266325,-0.131930605346699,-0.00349));
#12991=CARTESIAN_POINT('',(0.0640191226266325,-0.131930605346699,-0.00349));
#12992=CARTESIAN_POINT('',(0.063274077553716,-0.131360563992833,-0.00349));
#12993=CARTESIAN_POINT('',(0.0620705432051586,-0.131360563992833,-0.00349));
#12994=CARTESIAN_POINT('',(0.0620705432051586,-0.131360563992833,-0.00349));
#12995=CARTESIAN_POINT('',(0.0620705432051586,-0.131360563992833,-0.00349));
#12996=CARTESIAN_POINT('',(0.0612845615897742,-0.131360563992833,-0.00349));
#12997=CARTESIAN_POINT('',(0.060657209076453,-0.131543755020377,-0.00349));
#12998=CARTESIAN_POINT('',(0.060657209076453,-0.131543755020377,-0.00349));
#12999=CARTESIAN_POINT('',(0.0616851525532168,-0.13518679882813,-0.00349));
#13000=CARTESIAN_POINT('',(0.0595386225644248,-0.13206994239936,-0.00349));
#13001=CARTESIAN_POINT('',(0.0595345243992698,-0.132860888274283,-0.00349));
#13002=CARTESIAN_POINT('',(0.059530430745023,-0.133650963543914,-0.00349));
#13003=CARTESIAN_POINT('',(0.0600042712240894,-0.133650963543914,-0.00349));
#13004=CARTESIAN_POINT('',(0.0604781117031558,-0.133650963543914,-0.00349));
#13005=CARTESIAN_POINT('',(0.0605968276763128,-0.133187357200465,-0.00349));
#13006=CARTESIAN_POINT('',(0.0607155436494698,-0.132723750857015,-0.00349));
#13007=CARTESIAN_POINT('',(0.0607155436494698,-0.132723750857015,-0.00349));
#13008=CARTESIAN_POINT('',(0.0609325073245499,-0.132525208626046,-0.00349));
#13009=CARTESIAN_POINT('',(0.0613060532745698,-0.132436171646178,-0.00349));
#13010=CARTESIAN_POINT('',(0.0613060532745698,-0.132436171646178,-0.00349));
#13011=CARTESIAN_POINT('',(0.0620651382890893,-0.135632395071523,-0.00349));
#13012=CARTESIAN_POINT('',(0.0620705432051586,-0.13234713466631,-0.00349));
#13013=CARTESIAN_POINT('',(0.0620705432051586,-0.13234713466631,-0.00349));
#13014=CARTESIAN_POINT('',(0.0627419025016328,-0.13234713466631,-0.00349));
#13015=CARTESIAN_POINT('',(0.0631226123465846,-0.13261833926016,-0.00349));
#13016=CARTESIAN_POINT('',(0.0631226123465846,-0.13261833926016,-0.00349));
#13017=CARTESIAN_POINT('',(0.0631226123465846,-0.13261833926016,-0.00349));
#13018=CARTESIAN_POINT('',(0.0635033221915364,-0.132889543854011,-0.00349));
#13019=CARTESIAN_POINT('',(0.0635033221915364,-0.133331658512664,-0.00349));
#13020=CARTESIAN_POINT('',(0.0635033221915364,-0.133331658512664,-0.00349));
#13021=CARTESIAN_POINT('',(0.0626460793312764,-0.133351100041143,-0.00349));
#13022=CARTESIAN_POINT('',(0.0631870874009716,-0.134016322185441,-0.00349));
#13023=CARTESIAN_POINT('',(0.0631870874009716,-0.134016322185441,-0.00349));
#13024=CARTESIAN_POINT('',(0.0628708526104068,-0.134285479952167,-0.00349));
#13025=CARTESIAN_POINT('',(0.0619866232930993,-0.134481975356013,-0.00349));
#13026=CARTESIAN_POINT('',(0.0619866232930993,-0.134481975356013,-0.00349));
#13027=CARTESIAN_POINT('',(0.0619866232930993,-0.134481975356013,-0.00349));
#13028=CARTESIAN_POINT('',(0.0607278246122102,-0.134758297017672,-0.00349));
#13029=CARTESIAN_POINT('',(0.0600881911361487,-0.135231114083177,-0.00349));
#13030=CARTESIAN_POINT('',(0.0600881911361487,-0.135231114083177,-0.00349));
#13031=CARTESIAN_POINT('',(0.0600881911361487,-0.135231114083177,-0.00349));
#13032=CARTESIAN_POINT('',(0.0594485576600871,-0.135703931148681,-0.00349));
#13033=CARTESIAN_POINT('',(0.0594485576600871,-0.1365103810353,-0.00349));
#13034=CARTESIAN_POINT('',(0.0594485576600871,-0.1365103810353,-0.00349));
#13035=CARTESIAN_POINT('',(0.0594485576600871,-0.1365103810353,-0.00349));
#13036=CARTESIAN_POINT('',(0.0594485576600871,-0.137355720637263,-0.00349));
#13037=CARTESIAN_POINT('',(0.0601680173939611,-0.137950323916609,-0.00349));
#13038=CARTESIAN_POINT('',(0.0601680173939611,-0.137950323916609,-0.00349));
#13039=CARTESIAN_POINT('',(0.0601680173939611,-0.137950323916609,-0.00349));
#13040=CARTESIAN_POINT('',(0.0608874771278352,-0.138544927195956,-0.00349));
#13041=CARTESIAN_POINT('',(0.0620377939711842,-0.138544927195956,-0.00349));
#13042=CARTESIAN_POINT('',(0.0620377939711842,-0.138544927195956,-0.00349));
#13043=CARTESIAN_POINT('',(0.0620377939711842,-0.138544927195956,-0.00349));
#13044=CARTESIAN_POINT('',(0.062825822413692,-0.138544927195956,-0.00349));
#13045=CARTESIAN_POINT('',(0.0634521515134515,-0.138340244483617,-0.00349));
#13046=CARTESIAN_POINT('',(0.0634521515134515,-0.138340244483617,-0.00349));
#13047=CARTESIAN_POINT('',(0.0634521515134515,-0.138340244483617,-0.00349));
#13048=CARTESIAN_POINT('',(0.064078480613211,-0.138135561771277,-0.00349));
#13049=CARTESIAN_POINT('',(0.0644939865192605,-0.137771226543312,-0.00349));
#13050=CARTESIAN_POINT('',(0.0644939865192605,-0.137771226543312,-0.00349));
#13051=CARTESIAN_POINT('',(0.0645267357532349,-0.137006736612723,-0.00349));
#13052=CARTESIAN_POINT('',(0.0482247811289401,-0.132391141449463,-0.00349));
#13053=CARTESIAN_POINT('',(0.0477038636260356,-0.132302104469596,-0.00349));
#13054=CARTESIAN_POINT('',(0.0487456986318446,-0.132480178429331,-0.00349));
#13055=CARTESIAN_POINT('',(0.0487456986318446,-0.134952745594395,-0.00349));
#13056=CARTESIAN_POINT('',(0.0487456986318446,-0.137425312759458,-0.00349));
#13057=CARTESIAN_POINT('',(0.0482247811289401,-0.137514349739326,-0.00349));
#13058=CARTESIAN_POINT('',(0.0477038636260356,-0.137603386719194,-0.00349));
#13059=CARTESIAN_POINT('',(0.0477038636260356,-0.138009681903188,-0.00349));
#13060=CARTESIAN_POINT('',(0.0477038636260355,-0.138415977087182,-0.00349));
#13061=CARTESIAN_POINT('',(0.0487876585878742,-0.138415977087182,-0.00349));
#13062=CARTESIAN_POINT('',(0.0498714535497129,-0.138415977087182,-0.00349));
#13063=CARTESIAN_POINT('',(0.0499164837464276,-0.137901200065648,-0.00349));
#13064=CARTESIAN_POINT('',(0.0499615139431424,-0.137386423044114,-0.00349));
#13065=CARTESIAN_POINT('',(0.0499615139431424,-0.137386423044114,-0.00349));
#13066=CARTESIAN_POINT('',(0.050305380899873,-0.137937019540307,-0.00349));
#13067=CARTESIAN_POINT('',(0.0508273218163393,-0.138240973368132,-0.00349));
#13068=CARTESIAN_POINT('',(0.0508273218163393,-0.138240973368132,-0.00349));
#13069=CARTESIAN_POINT('',(0.0508273218163393,-0.138240973368132,-0.00349));
#13070=CARTESIAN_POINT('',(0.0513492627328055,-0.138544927195956,-0.00349));
#13071=CARTESIAN_POINT('',(0.0520144815479095,-0.138544927195956,-0.00349));
#13072=CARTESIAN_POINT('',(0.0520144815479095,-0.138544927195956,-0.00349));
#13073=CARTESIAN_POINT('',(0.0520144815479095,-0.138544927195956,-0.00349));
#13074=CARTESIAN_POINT('',(0.0531340959844076,-0.138544927195956,-0.00349));
#13075=CARTESIAN_POINT('',(0.0537481441214267,-0.137888919102908,-0.00349));
#13076=CARTESIAN_POINT('',(0.0537481441214267,-0.137888919102908,-0.00349));
#13077=CARTESIAN_POINT('',(0.0537481441214267,-0.137888919102908,-0.00349));
#13078=CARTESIAN_POINT('',(0.0543621922584458,-0.137232911009859,-0.00349));
#13079=CARTESIAN_POINT('',(0.0543621922584458,-0.135863583664306,-0.00349));
#13080=CARTESIAN_POINT('',(0.0543621922584458,-0.135863583664306,-0.00349));
#13081=CARTESIAN_POINT('',(0.0543621922584458,-0.134171881046819,-0.00349));
#13082=CARTESIAN_POINT('',(0.0543621922584458,-0.132480178429331,-0.00349));
#13083=CARTESIAN_POINT('',(0.0548831097613503,-0.132391141449463,-0.00349));
#13084=CARTESIAN_POINT('',(0.0554040272642548,-0.132302104469596,-0.00349));
#13085=CARTESIAN_POINT('',(0.0554040272642548,-0.131898879526286,-0.00349));
#13086=CARTESIAN_POINT('',(0.0554040272642548,-0.131495654582977,-0.00349));
#13087=CARTESIAN_POINT('',(0.0537317695044395,-0.131495654582977,-0.00349));
#13088=CARTESIAN_POINT('',(0.0520595117446242,-0.131495654582977,-0.00349));
#13089=CARTESIAN_POINT('',(0.0520595117446242,-0.131898879526286,-0.00349));
#13090=CARTESIAN_POINT('',(0.0520595117446242,-0.132302104469596,-0.00349));
#13091=CARTESIAN_POINT('',(0.0525804292475287,-0.132391141449463,-0.00349));
#13092=CARTESIAN_POINT('',(0.0531013467504332,-0.132480178429331,-0.00349));
#13093=CARTESIAN_POINT('',(0.0531013467504332,-0.134159600084078,-0.00349));
#13094=CARTESIAN_POINT('',(0.0531013467504332,-0.135839021738826,-0.00349));
#13095=CARTESIAN_POINT('',(0.0531013467504332,-0.135839021738826,-0.00349));
#13096=CARTESIAN_POINT('',(0.0531013467504332,-0.136753953462984,-0.00349));
#13097=CARTESIAN_POINT('',(0.0527400817631537,-0.137137733548621,-0.00349));
#13098=CARTESIAN_POINT('',(0.0527400817631537,-0.137137733548621,-0.00349));
#13099=CARTESIAN_POINT('',(0.0527400817631537,-0.137137733548621,-0.00349));
#13100=CARTESIAN_POINT('',(0.0523788167758741,-0.137521513634258,-0.00349));
#13101=CARTESIAN_POINT('',(0.051635818530081,-0.137521513634258,-0.00349));
#13102=CARTESIAN_POINT('',(0.051635818530081,-0.137521513634258,-0.00349));
#13103=CARTESIAN_POINT('',(0.051635818530081,-0.137521513634258,-0.00349));
#13104=CARTESIAN_POINT('',(0.0510934093423809,-0.137521513634258,-0.00349));
#13105=CARTESIAN_POINT('',(0.0506738097820845,-0.137259519762463,-0.00349));
#13106=CARTESIAN_POINT('',(0.0506738097820845,-0.137259519762463,-0.00349));
#13107=CARTESIAN_POINT('',(0.0516815538610436,-0.135654663086393,-0.00349));
#13108=CARTESIAN_POINT('',(0.0500068483632244,-0.136542968901567,-0.00349));
#13109=CARTESIAN_POINT('',(0.0500065441398571,-0.134511654349303,-0.00349));
#13110=CARTESIAN_POINT('',(0.0500065441398571,-0.132480178429331,-0.00349));
#13111=CARTESIAN_POINT('',(0.0505274616427616,-0.132391141449463,-0.00349));
#13112=CARTESIAN_POINT('',(0.0510483791456661,-0.132302104469596,-0.00349));
#13113=CARTESIAN_POINT('',(0.0510483791456661,-0.131898879526286,-0.00349));
#13114=CARTESIAN_POINT('',(0.0510483791456661,-0.131495654582977,-0.00349));
#13115=CARTESIAN_POINT('',(0.0493761213858508,-0.131495654582977,-0.00349));
#13116=CARTESIAN_POINT('',(0.0477038636260356,-0.131495654582977,-0.00349));
#13117=CARTESIAN_POINT('',(0.0477038636260356,-0.131898879526286,-0.00349));
#13118=CARTESIAN_POINT('',(0.0399474122419229,-0.122896933837587,-0.00349));
#13119=CARTESIAN_POINT('',(0.0405768115823675,-0.122896933837587,-0.00349));
#13120=CARTESIAN_POINT('',(0.0393180129014783,-0.122896933837587,-0.00349));
#13121=CARTESIAN_POINT('',(0.0393180129014783,-0.123539637554333,-0.00349));
#13122=CARTESIAN_POINT('',(0.0393180129014783,-0.12418234127108,-0.00349));
#13123=CARTESIAN_POINT('',(0.0399474122419229,-0.12418234127108,-0.00349));
#13124=CARTESIAN_POINT('',(0.0405768115823675,-0.12418234127108,-0.00349));
#13125=CARTESIAN_POINT('',(0.0405768115823675,-0.123539637554333,-0.00349));
#13126=CARTESIAN_POINT('',(0.0339757941094124,-0.123776046087086,-0.00349));
#13127=CARTESIAN_POINT('',(0.0339757941094124,-0.123369750903091,-0.00349));
#13128=CARTESIAN_POINT('',(0.0339757941094124,-0.12418234127108,-0.00349));
#13129=CARTESIAN_POINT('',(0.0351271343663231,-0.12418234127108,-0.00349));
#13130=CARTESIAN_POINT('',(0.0362784746232339,-0.12418234127108,-0.00349));
#13131=CARTESIAN_POINT('',(0.0362784746232339,-0.119685462080977,-0.00349));
#13132=CARTESIAN_POINT('',(0.0362784746232339,-0.115188582890874,-0.00349));
#13133=CARTESIAN_POINT('',(0.0367993921261384,-0.115099545911006,-0.00349));
#13134=CARTESIAN_POINT('',(0.0373203096290429,-0.115010508931138,-0.00349));
#13135=CARTESIAN_POINT('',(0.0373203096290429,-0.114607283987829,-0.00349));
#13136=CARTESIAN_POINT('',(0.0373203096290429,-0.11420405904452,-0.00349));
#13137=CARTESIAN_POINT('',(0.0356480518692276,-0.11420405904452,-0.00349));
#13138=CARTESIAN_POINT('',(0.0339757941094124,-0.11420405904452,-0.00349));
#13139=CARTESIAN_POINT('',(0.0339757941094124,-0.114607283987829,-0.00349));
#13140=CARTESIAN_POINT('',(0.0339757941094124,-0.115010508931138,-0.00349));
#13141=CARTESIAN_POINT('',(0.0344967116123169,-0.115099545911006,-0.00349));
#13142=CARTESIAN_POINT('',(0.0350176291152214,-0.115188582890874,-0.00349));
#13143=CARTESIAN_POINT('',(0.0350176291152214,-0.119190129917115,-0.00349));
#13144=CARTESIAN_POINT('',(0.0350176291152214,-0.123191676943356,-0.00349));
#13145=CARTESIAN_POINT('',(0.0344967116123169,-0.123280713923224,-0.00349));
#13146=CARTESIAN_POINT('',(0.0495951318880543,-0.100437099812552,-0.00349));
#13147=CARTESIAN_POINT('',(0.0495951318880543,-0.1019722201551,-0.00349));
#13148=CARTESIAN_POINT('',(0.0504271671137152,-0.102966978137071,-0.00349));
#13149=CARTESIAN_POINT('',(0.0495951318880543,-0.100437099812552,-0.00349));
#13150=CARTESIAN_POINT('',(0.0504271671137152,-0.102966978137071,-0.00349));
#13151=CARTESIAN_POINT('',(0.0504271671137152,-0.102966978137071,-0.00349));
#13152=CARTESIAN_POINT('',(0.051259202339376,-0.103961736119042,-0.00349));
#13153=CARTESIAN_POINT('',(0.0526858408443837,-0.103961736119042,-0.00349));
#13154=CARTESIAN_POINT('',(0.0526858408443837,-0.103961736119042,-0.00349));
#13155=CARTESIAN_POINT('',(0.0526858408443837,-0.103961736119042,-0.00349));
#13156=CARTESIAN_POINT('',(0.0541186198307615,-0.103961736119042,-0.00349));
#13157=CARTESIAN_POINT('',(0.0549527018835458,-0.102970048377756,-0.00349));
#13158=CARTESIAN_POINT('',(0.0549527018835458,-0.102970048377756,-0.00349));
#13159=CARTESIAN_POINT('',(0.0549527018835458,-0.102970048377756,-0.00349));
#13160=CARTESIAN_POINT('',(0.05578678393633,-0.10197836063647,-0.00349));
#13161=CARTESIAN_POINT('',(0.05578678393633,-0.100437099812552,-0.00349));
#13162=CARTESIAN_POINT('',(0.05578678393633,-0.100437099812552,-0.00349));
#13163=CARTESIAN_POINT('',(0.05578678393633,-0.100366484276795,-0.00349));
#13164=CARTESIAN_POINT('',(0.05578678393633,-0.100295868741038,-0.00349));
#13165=CARTESIAN_POINT('',(0.05578678393633,-0.100295868741038,-0.00349));
#13166=CARTESIAN_POINT('',(0.05578678393633,-0.0987484674357499,-0.00349));
#13167=CARTESIAN_POINT('',(0.0549557721242309,-0.0977629201758343,-0.00349));
#13168=CARTESIAN_POINT('',(0.0549557721242309,-0.0977629201758343,-0.00349));
#13169=CARTESIAN_POINT('',(0.0549557721242309,-0.0977629201758343,-0.00349));
#13170=CARTESIAN_POINT('',(0.0541247603121317,-0.0967773729159186,-0.00349));
#13171=CARTESIAN_POINT('',(0.0526981218071241,-0.0967773729159186,-0.00349));
#13172=CARTESIAN_POINT('',(0.0526981218071241,-0.0967773729159186,-0.00349));
#13173=CARTESIAN_POINT('',(0.0526981218071241,-0.0967773729159186,-0.00349));
#13174=CARTESIAN_POINT('',(0.051259202339376,-0.0967773729159186,-0.00349));
#13175=CARTESIAN_POINT('',(0.0504271671137152,-0.0977659904165193,-0.00349));
#13176=CARTESIAN_POINT('',(0.0504271671137152,-0.0977659904165193,-0.00349));
#13177=CARTESIAN_POINT('',(0.0504271671137152,-0.0977659904165193,-0.00349));
#13178=CARTESIAN_POINT('',(0.0495951318880543,-0.0987546079171201,-0.00349));
#13179=CARTESIAN_POINT('',(0.0495951318880543,-0.100295868741038,-0.00349));
#13180=CARTESIAN_POINT('',(0.0495951318880543,-0.100295868741038,-0.00349));
#13181=CARTESIAN_POINT('',(0.0495951318880543,-0.100366484276795,-0.00349));
#13182=CARTESIAN_POINT('',(0.0724040152970206,-0.0990105682062095,-0.00349));
#13183=CARTESIAN_POINT('',(0.0742344669751018,-0.0977375920288623,-0.00349));
#13184=CARTESIAN_POINT('',(0.0734079186416542,-0.0970209453436029,-0.00349));
#13185=CARTESIAN_POINT('',(0.0734079186416542,-0.0970209453436029,-0.00349));
#13186=CARTESIAN_POINT('',(0.0729187269591623,-0.0967773729159186,-0.00349));
#13187=CARTESIAN_POINT('',(0.0722719295881689,-0.0967773729159186,-0.00349));
#13188=CARTESIAN_POINT('',(0.0722719295881689,-0.0967773729159186,-0.00349));
#13189=CARTESIAN_POINT('',(0.0722719295881689,-0.0967773729159186,-0.00349));
#13190=CARTESIAN_POINT('',(0.0710049435987862,-0.0967773729159186,-0.00349));
#13191=CARTESIAN_POINT('',(0.0702916243462823,-0.0976953748807622,-0.00349));
#13192=CARTESIAN_POINT('',(0.0702916243462823,-0.0976953748807622,-0.00349));
#13193=CARTESIAN_POINT('',(0.0702916243462823,-0.0976953748807622,-0.00349));
#13194=CARTESIAN_POINT('',(0.0695783050937785,-0.0986133768456057,-0.00349));
#13195=CARTESIAN_POINT('',(0.0695783050937785,-0.100111654299932,-0.00349));
#13196=CARTESIAN_POINT('',(0.0695783050937785,-0.100111654299932,-0.00349));
#13197=CARTESIAN_POINT('',(0.0695783050937785,-0.100178176181443,-0.00349));
#13198=CARTESIAN_POINT('',(0.0695783050937785,-0.100244698062953,-0.00349));
#13199=CARTESIAN_POINT('',(0.0695783050937785,-0.100244698062953,-0.00349));
#13200=CARTESIAN_POINT('',(0.0695783050937785,-0.101914908995645,-0.00349));
#13201=CARTESIAN_POINT('',(0.0702916243462823,-0.102938322557343,-0.00349));
#13202=CARTESIAN_POINT('',(0.0702916243462823,-0.102938322557343,-0.00349));
#13203=CARTESIAN_POINT('',(0.0702916243462823,-0.102938322557343,-0.00349));
#13204=CARTESIAN_POINT('',(0.0710049435987862,-0.103961736119042,-0.00349));
#13205=CARTESIAN_POINT('',(0.0722842105509092,-0.103961736119042,-0.00349));
#13206=CARTESIAN_POINT('',(0.0722842105509092,-0.103961736119042,-0.00349));
#13207=CARTESIAN_POINT('',(0.0722842105509092,-0.103961736119042,-0.00349));
#13208=CARTESIAN_POINT('',(0.0728982586879283,-0.103961736119042,-0.00349));
#13209=CARTESIAN_POINT('',(0.0733690289263096,-0.103734538308345,-0.00349));
#13210=CARTESIAN_POINT('',(0.0733690289263096,-0.103734538308345,-0.00349));
#13211=CARTESIAN_POINT('',(0.0723956989732382,-0.101725824305862,-0.00349));
#13212=CARTESIAN_POINT('',(0.0741713851586812,-0.103079553628858,-0.00349));
#13213=CARTESIAN_POINT('',(0.0741713851586812,-0.104489817516878,-0.00349));
#13214=CARTESIAN_POINT('',(0.0741713851586812,-0.105900081404899,-0.00349));
#13215=CARTESIAN_POINT('',(0.0736504676557767,-0.105989118384766,-0.00349));
#13216=CARTESIAN_POINT('',(0.0731295501528722,-0.106078155364634,-0.00349));
#13217=CARTESIAN_POINT('',(0.0731295501528722,-0.106484450548629,-0.00349));
#13218=CARTESIAN_POINT('',(0.0731295501528722,-0.106890745732623,-0.00349));
#13219=CARTESIAN_POINT('',(0.0748018079126875,-0.106890745732623,-0.00349));
#13220=CARTESIAN_POINT('',(0.0754322306666937,-0.106890745732623,-0.00349));
#13221=CARTESIAN_POINT('',(0.0754322306666937,-0.10239386654252,-0.00349));
#13222=CARTESIAN_POINT('',(0.0754322306666937,-0.0978969873524168,-0.00349));
#13223=CARTESIAN_POINT('',(0.0759531481695982,-0.097807950372549,-0.00349));
#13224=CARTESIAN_POINT('',(0.0764740656725027,-0.0977189133926812,-0.00349));
#13225=CARTESIAN_POINT('',(0.0764740656725027,-0.097315688449372,-0.00349));
#13226=CARTESIAN_POINT('',(0.0764740656725027,-0.0969124635060628,-0.00349));
#13227=CARTESIAN_POINT('',(0.0754056219140896,-0.0969124635060628,-0.00349));
#13228=CARTESIAN_POINT('',(0.0743371781556764,-0.0969124635060628,-0.00349));
#13229=CARTESIAN_POINT('',(0.0742860074775914,-0.0973248991714273,-0.00349));
#13230=CARTESIAN_POINT('',(0.14965694125728,-0.0486095305358112,-0.00349));
#13231=CARTESIAN_POINT('',(0.147150868867519,-0.04860125,-0.00349));
#13232=CARTESIAN_POINT('',(0.150256758604965,-0.0486115124454512,-0.00349));
#13233=CARTESIAN_POINT('',(0.150250464160049,-0.050516502046463,-0.00349));
#13234=CARTESIAN_POINT('',(0.152155449161171,-0.0505240615107532,-0.00349));
#13235=CARTESIAN_POINT('',(0.151929823272467,-0.107381785464104,-0.00349));
#13236=CARTESIAN_POINT('',(0.151734076351832,-0.15671000946429,-0.00349));
#13237=CARTESIAN_POINT('',(0.149829091350709,-0.15670245,-0.00349));
#13238=CARTESIAN_POINT('',(0.149829091350709,-0.15860745,-0.00349));
#13239=CARTESIAN_POINT('',(0.126711823412948,-0.15860745,-0.00349));
#13240=CARTESIAN_POINT('',(0.1036021,-0.15860745,-0.00349));
#13241=CARTESIAN_POINT('',(0.1036021,-0.15670245,-0.00349));
#13242=CARTESIAN_POINT('',(0.1016971,-0.15670245,-0.00349));
#13243=CARTESIAN_POINT('',(0.1016971,-0.15305155,-0.00349));
#13244=CARTESIAN_POINT('',(0.1016971,-0.14940065,-0.00349));
#13245=CARTESIAN_POINT('',(0.0997921,-0.14940065,-0.00349));
#13246=CARTESIAN_POINT('',(0.0997921,-0.14749565,-0.00349));
#13247=CARTESIAN_POINT('',(0.0701869,-0.14749565,-0.00349));
#13248=CARTESIAN_POINT('',(0.0405817,-0.14749565,-0.00349));
#13249=CARTESIAN_POINT('',(0.0405817,-0.14940065,-0.00349));
#13250=CARTESIAN_POINT('',(0.0386767,-0.14940065,-0.00349));
#13251=CARTESIAN_POINT('',(0.0386767,-0.15305155,-0.00349));
#13252=CARTESIAN_POINT('',(0.0386767,-0.15670245,-0.00349));
#13253=CARTESIAN_POINT('',(0.0367717,-0.15670245,-0.00349));
#13254=CARTESIAN_POINT('',(0.0367717,-0.15860745,-0.00349));
#13255=CARTESIAN_POINT('',(0.02613655,-0.15860745,-0.00349));
#13256=CARTESIAN_POINT('',(0.0155014,-0.15860745,-0.00349));
#13257=CARTESIAN_POINT('',(0.0155014,-0.15670245,-0.00349));
#13258=CARTESIAN_POINT('',(0.0135964,-0.15670245,-0.00349));
#13259=CARTESIAN_POINT('',(0.0135964,-0.10360435,-0.00349));
#13260=CARTESIAN_POINT('',(0.0135964,-0.05050625,-0.00349));
#13261=CARTESIAN_POINT('',(0.0155014,-0.05050625,-0.00349));
#13262=CARTESIAN_POINT('',(0.0155014,-0.04860125,-0.00349));
#13263=CARTESIAN_POINT('',(0.0803736344337595,-0.04860125,-0.00349));
#13264=CARTESIAN_POINT('',(0.0181251648658266,-0.131898879526286,-0.00349));
#13265=CARTESIAN_POINT('',(0.0181251648658266,-0.131495654582977,-0.00349));
#13266=CARTESIAN_POINT('',(0.0181251648658266,-0.132302104469596,-0.00349));
#13267=CARTESIAN_POINT('',(0.0186460823687311,-0.132391141449463,-0.00349));
#13268=CARTESIAN_POINT('',(0.0191669998716356,-0.132480178429331,-0.00349));
#13269=CARTESIAN_POINT('',(0.0191669998716356,-0.13614911604802,-0.00349));
#13270=CARTESIAN_POINT('',(0.0191669998716356,-0.139818053666709,-0.00349));
#13271=CARTESIAN_POINT('',(0.0186460823687311,-0.139907090646577,-0.00349));
#13272=CARTESIAN_POINT('',(0.0181251648658266,-0.139996127626445,-0.00349));
#13273=CARTESIAN_POINT('',(0.0181251648658266,-0.140402422810439,-0.00349));
#13274=CARTESIAN_POINT('',(0.0181251648658266,-0.140808717994433,-0.00349));
#13275=CARTESIAN_POINT('',(0.0209487628825526,-0.140808717994433,-0.00349));
#13276=CARTESIAN_POINT('',(0.0214696803854572,-0.140808717994433,-0.00349));
#13277=CARTESIAN_POINT('',(0.0214696803854572,-0.140402422810439,-0.00349));
#13278=CARTESIAN_POINT('',(0.0214696803854572,-0.139996127626445,-0.00349));
#13279=CARTESIAN_POINT('',(0.0209487628825526,-0.139907090646577,-0.00349));
#13280=CARTESIAN_POINT('',(0.0204278453796481,-0.139818053666709,-0.00349));
#13281=CARTESIAN_POINT('',(0.0204278453796481,-0.13614911604802,-0.00349));
#13282=CARTESIAN_POINT('',(0.0204278453796481,-0.132480178429331,-0.00349));
#13283=CARTESIAN_POINT('',(0.0220458622206934,-0.132480178429331,-0.00349));
#13284=CARTESIAN_POINT('',(0.0236638790617386,-0.132480178429331,-0.00349));
#13285=CARTESIAN_POINT('',(0.0237119794991385,-0.133014400308538,-0.00349));
#13286=CARTESIAN_POINT('',(0.0237600799365383,-0.133548622187744,-0.00349));
#13287=CARTESIAN_POINT('',(0.02429737205643,-0.133548622187744,-0.00349));
#13288=CARTESIAN_POINT('',(0.0248346641763217,-0.133548622187744,-0.00349));
#13289=CARTESIAN_POINT('',(0.0248346641763217,-0.132522138385361,-0.00349));
#13290=CARTESIAN_POINT('',(0.0248346641763217,-0.131495654582977,-0.00349));
#13291=CARTESIAN_POINT('',(0.0214799145210741,-0.131495654582977,-0.00349));
#13292=CARTESIAN_POINT('',(0.0701388155239713,-0.0987079432262035,-0.00349));
#13293=CARTESIAN_POINT('',(0.0614545985237547,-0.0969124635060628,-0.00349));
#13294=CARTESIAN_POINT('',(0.0613653311127977,-0.0974180178286929,-0.00349));
#13295=CARTESIAN_POINT('',(0.066505768377571,-0.0981489423538733,-0.00349000000000002));
#13296=CARTESIAN_POINT('',(0.0613214504820069,-0.0978654505931831,-0.00349));
#13297=CARTESIAN_POINT('',(0.0589232750882466,-0.0997593797282708,-0.00349));
#13298=CARTESIAN_POINT('',(0.0604093639864646,-0.0970888055998337,-0.00349));
#13299=CARTESIAN_POINT('',(0.0592470823250509,-0.0991013422509514,-0.00349));
#13300=CARTESIAN_POINT('',(0.0592418281252427,-0.0967773749588179,-0.00349));
#13301=CARTESIAN_POINT('',(0.059241828120624,-0.0967773729159186,-0.00349));
#13302=CARTESIAN_POINT('',(0.0581611033994704,-0.0967773729159186,-0.00349));
#13303=CARTESIAN_POINT('',(0.0575982259405363,-0.097305454313755,-0.00349));
#13304=CARTESIAN_POINT('',(0.0575982259405363,-0.097305454313755,-0.00349));
#13305=CARTESIAN_POINT('',(0.0575982259405363,-0.097305454313755,-0.00349));
#13306=CARTESIAN_POINT('',(0.0570353484816021,-0.0978335357115915,-0.00349));
#13307=CARTESIAN_POINT('',(0.0570353484816021,-0.0987934976324646,-0.00349));
#13308=CARTESIAN_POINT('',(0.0570353484816021,-0.0987934976324646,-0.00349));
#13309=CARTESIAN_POINT('',(0.0570353484816021,-0.0987934976324646,-0.00349));
#13310=CARTESIAN_POINT('',(0.0570353484816021,-0.0997780214788185,-0.00349));
#13311=CARTESIAN_POINT('',(0.0578315642326035,-0.100312243358025,-0.00349));
#13312=CARTESIAN_POINT('',(0.0578315642326035,-0.100312243358025,-0.00349));
#13313=CARTESIAN_POINT('',(0.0578315642326035,-0.100312243358025,-0.00349));
#13314=CARTESIAN_POINT('',(0.058627779983605,-0.100846465237232,-0.00349));
#13315=CARTESIAN_POINT('',(0.0600155287732681,-0.100846465237232,-0.00349));
#13316=CARTESIAN_POINT('',(0.0600155287732681,-0.100846465237232,-0.00349));
#13317=CARTESIAN_POINT('',(0.0606653963849466,-0.100846465237232,-0.00349));
#13318=CARTESIAN_POINT('',(0.0613152639966251,-0.100846465237232,-0.00349));
#13319=CARTESIAN_POINT('',(0.0613152639966251,-0.101249690180541,-0.00349));
#13320=CARTESIAN_POINT('',(0.0613152639966251,-0.10165291512385,-0.00349));
#13321=CARTESIAN_POINT('',(0.0613152639966251,-0.10165291512385,-0.00349));
#13322=CARTESIAN_POINT('',(0.0613152639966251,-0.102260822779499,-0.00349));
#13323=CARTESIAN_POINT('',(0.0609314839109882,-0.102614923871847,-0.00349));
#13324=CARTESIAN_POINT('',(0.0609314839109882,-0.102614923871847,-0.00349));
#13325=CARTESIAN_POINT('',(0.0609314839109882,-0.102614923871847,-0.00349));
#13326=CARTESIAN_POINT('',(0.0605477038253513,-0.102969024964194,-0.00349));
#13327=CARTESIAN_POINT('',(0.0598620167390133,-0.102969024964194,-0.00349));
#13328=CARTESIAN_POINT('',(0.0598620167390133,-0.102969024964194,-0.00349));
#13329=CARTESIAN_POINT('',(0.0598620167390133,-0.102969024964194,-0.00349));
#13330=CARTESIAN_POINT('',(0.0593891996735086,-0.102969024964194,-0.00349));
#13331=CARTESIAN_POINT('',(0.059027934686229,-0.102848262163914,-0.00349));
#13332=CARTESIAN_POINT('',(0.059027934686229,-0.102848262163914,-0.00349));
#13333=CARTESIAN_POINT('',(0.059027934686229,-0.102848262163914,-0.00349));
#13334=CARTESIAN_POINT('',(0.0586666696989495,-0.102727499363633,-0.00349));
#13335=CARTESIAN_POINT('',(0.0584435655424992,-0.102516676169924,-0.00349));
#13336=CARTESIAN_POINT('',(0.0584435655424992,-0.102516676169924,-0.00349));
#13337=CARTESIAN_POINT('',(0.0583760202474271,-0.102151317528397,-0.00349));
#13338=CARTESIAN_POINT('',(0.058308474952355,-0.101785958886871,-0.00349));
#13339=CARTESIAN_POINT('',(0.0578223535105483,-0.101785958886871,-0.00349));
#13340=CARTESIAN_POINT('',(0.0573362320687415,-0.101785958886871,-0.00349));
#13341=CARTESIAN_POINT('',(0.0573362320687415,-0.102458341596907,-0.00349));
#13342=CARTESIAN_POINT('',(0.0573362320687415,-0.103130724306943,-0.00349));
#13343=CARTESIAN_POINT('',(0.0573362320687415,-0.103130724306943,-0.00349));
#13344=CARTESIAN_POINT('',(0.0578090491342462,-0.103507340497648,-0.00349));
#13345=CARTESIAN_POINT('',(0.0584804084307204,-0.103734538308345,-0.00349));
#13346=CARTESIAN_POINT('',(0.0584804084307204,-0.103734538308345,-0.00349));
#13347=CARTESIAN_POINT('',(0.0584804084307204,-0.103734538308345,-0.00349));
#13348=CARTESIAN_POINT('',(0.0591517677271946,-0.103961736119042,-0.00349));
#13349=CARTESIAN_POINT('',(0.0599397961697024,-0.103961736119042,-0.00349));
#13350=CARTESIAN_POINT('',(0.0599397961697024,-0.103961736119042,-0.00349));
#13351=CARTESIAN_POINT('',(0.0599397961697024,-0.103961736119042,-0.00349));
#13352=CARTESIAN_POINT('',(0.0611167217656556,-0.103961736119042,-0.00349));
#13353=CARTESIAN_POINT('',(0.0618453922215849,-0.103359968944763,-0.00349));
#13354=CARTESIAN_POINT('',(0.0618453922215849,-0.103359968944763,-0.00349));
#13355=CARTESIAN_POINT('',(0.0618453922215849,-0.103359968944763,-0.00349));
#13356=CARTESIAN_POINT('',(0.0625740626775142,-0.102758201770484,-0.00349));
#13357=CARTESIAN_POINT('',(0.0625740626775142,-0.101638587333986,-0.00349));
#13358=CARTESIAN_POINT('',(0.0625740626775142,-0.101638587333986,-0.00349));
#13359=CARTESIAN_POINT('',(0.0625740626775142,-0.0999724700555412,-0.00349));
#13360=CARTESIAN_POINT('',(0.0625740626775142,-0.0983063527770961,-0.00349));
#13361=CARTESIAN_POINT('',(0.0734544247712668,-0.0983038537476671,-0.00348999999999976));
#13362=CARTESIAN_POINT('',(0.0625771329181993,-0.098045382318863,-0.00349));
#13363=CARTESIAN_POINT('',(0.0655470433986762,-0.0981175040559476,-0.00348999999999998));
#13364=CARTESIAN_POINT('',(0.0625945309487482,-0.0977885055148767,-0.00349));
#13365=CARTESIAN_POINT('',(0.0628503843391728,-0.097753709453779,-0.00349));
#13366=CARTESIAN_POINT('',(0.0631062377295974,-0.0977189133926812,-0.00349));
#13367=CARTESIAN_POINT('',(0.0631062377295974,-0.097315688449372,-0.00349));
#13368=CARTESIAN_POINT('',(0.0631062377295974,-0.0969124635060628,-0.00349));
#13369=CARTESIAN_POINT('',(0.0622803429853068,-0.0969124635060628,-0.00349));
#13370=CARTESIAN_POINT('',(0.0483363332071652,-0.100111654299932,-0.00349));
#13371=CARTESIAN_POINT('',(0.0483363332071652,-0.0986133768456057,-0.00349));
#13372=CARTESIAN_POINT('',(0.0476168734732912,-0.0976953748807622,-0.00349));
#13373=CARTESIAN_POINT('',(0.0483363332071652,-0.100111654299932,-0.00349));
#13374=CARTESIAN_POINT('',(0.0476168734732912,-0.0976953748807622,-0.00349));
#13375=CARTESIAN_POINT('',(0.0476168734732912,-0.0976953748807622,-0.00349));
#13376=CARTESIAN_POINT('',(0.0468974137394172,-0.0967773729159186,-0.00349));
#13377=CARTESIAN_POINT('',(0.0456365682314047,-0.0967773729159186,-0.00349));
#13378=CARTESIAN_POINT('',(0.0456365682314047,-0.0967773729159186,-0.00349));
#13379=CARTESIAN_POINT('',(0.0456365682314047,-0.0967773729159186,-0.00349));
#13380=CARTESIAN_POINT('',(0.0449590684535603,-0.0967773729159186,-0.00349));
#13381=CARTESIAN_POINT('',(0.0444596426354514,-0.09703731996059,-0.00349));
#13382=CARTESIAN_POINT('',(0.0444596426354514,-0.09703731996059,-0.00349));
#13383=CARTESIAN_POINT('',(0.0444596426354514,-0.09703731996059,-0.00349));
#13384=CARTESIAN_POINT('',(0.0439602168173426,-0.0972972670052615,-0.00349));
#13385=CARTESIAN_POINT('',(0.0436286308233522,-0.0978007864776171,-0.00349));
#13386=CARTESIAN_POINT('',(0.0436286308233522,-0.0978007864776171,-0.00349));
#13387=CARTESIAN_POINT('',(0.0435713196638971,-0.0973566249918399,-0.00349));
#13388=CARTESIAN_POINT('',(0.0435140085044421,-0.0969124635060628,-0.00349));
#13389=CARTESIAN_POINT('',(0.0429695524896185,-0.0969124635060628,-0.00349));
#13390=CARTESIAN_POINT('',(0.0424250964747949,-0.0969124635060628,-0.00349));
#13391=CARTESIAN_POINT('',(0.0424250964747949,-0.101406272455481,-0.00349));
#13392=CARTESIAN_POINT('',(0.0424250964747949,-0.105900081404899,-0.00349));
#13393=CARTESIAN_POINT('',(0.0419041789718903,-0.105989118384766,-0.00349));
#13394=CARTESIAN_POINT('',(0.0413832614689859,-0.106078155364634,-0.00349));
#13395=CARTESIAN_POINT('',(0.0413832614689859,-0.106484450548629,-0.00349));
#13396=CARTESIAN_POINT('',(0.0413832614689859,-0.106890745732623,-0.00349));
#13397=CARTESIAN_POINT('',(0.0425346017258966,-0.106890745732623,-0.00349));
#13398=CARTESIAN_POINT('',(0.0436859419828074,-0.106890745732623,-0.00349));
#13399=CARTESIAN_POINT('',(0.0436859419828074,-0.104952400446766,-0.00349));
#13400=CARTESIAN_POINT('',(0.0436862107911178,-0.103013869147183,-0.00349));
#13401=CARTESIAN_POINT('',(0.0454815908884802,-0.101771476969825,-0.00349));
#13402=CARTESIAN_POINT('',(0.0444944386965491,-0.103718163691358,-0.00349));
#13403=CARTESIAN_POINT('',(0.0444944386965491,-0.103718163691358,-0.00349));
#13404=CARTESIAN_POINT('',(0.0449774898976708,-0.103961736119042,-0.00349));
#13405=CARTESIAN_POINT('',(0.0456242872686643,-0.103961736119042,-0.00349));
#13406=CARTESIAN_POINT('',(0.0456242872686643,-0.103961736119042,-0.00349));
#13407=CARTESIAN_POINT('',(0.0456242872686643,-0.103961736119042,-0.00349));
#13408=CARTESIAN_POINT('',(0.0469035542207874,-0.103961736119042,-0.00349));
#13409=CARTESIAN_POINT('',(0.0476199437139763,-0.102938322557343,-0.00349));
#13410=CARTESIAN_POINT('',(0.0476199437139763,-0.102938322557343,-0.00349));
#13411=CARTESIAN_POINT('',(0.0476199437139763,-0.102938322557343,-0.00349));
#13412=CARTESIAN_POINT('',(0.0483363332071652,-0.101914908995645,-0.00349));
#13413=CARTESIAN_POINT('',(0.0483363332071652,-0.100244698062953,-0.00349));
#13414=CARTESIAN_POINT('',(0.0483363332071652,-0.100244698062953,-0.00349));
#13415=CARTESIAN_POINT('',(0.0483363332071652,-0.100178176181443,-0.00349));
#13416=CARTESIAN_POINT('',(0.0387960719850121,-0.115099545911006,-0.00349));
#13417=CARTESIAN_POINT('',(0.0382741310685459,-0.115010508931138,-0.00349));
#13418=CARTESIAN_POINT('',(0.0393180129014783,-0.115188582890874,-0.00349));
#13419=CARTESIAN_POINT('',(0.0393180129014783,-0.117661150055937,-0.00349));
#13420=CARTESIAN_POINT('',(0.0393180129014783,-0.120133717221001,-0.00349));
#13421=CARTESIAN_POINT('',(0.0387960719850121,-0.120222754200869,-0.00349));
#13422=CARTESIAN_POINT('',(0.0382741310685459,-0.120311791180736,-0.00349));
#13423=CARTESIAN_POINT('',(0.0382741310685459,-0.120718086364731,-0.00349));
#13424=CARTESIAN_POINT('',(0.0382741310685459,-0.121124381548725,-0.00349));
#13425=CARTESIAN_POINT('',(0.0394254713254567,-0.121124381548725,-0.00349));
#13426=CARTESIAN_POINT('',(0.0405768115823675,-0.121124381548725,-0.00349));
#13427=CARTESIAN_POINT('',(0.0405768115823675,-0.118156482219799,-0.00349));
#13428=CARTESIAN_POINT('',(0.0405768115823675,-0.115188582890874,-0.00349));
#13429=CARTESIAN_POINT('',(0.0410987524988337,-0.115099545911006,-0.00349));
#13430=CARTESIAN_POINT('',(0.0416206934152999,-0.115010508931138,-0.00349));
#13431=CARTESIAN_POINT('',(0.0416206934152999,-0.114607283987829,-0.00349));
#13432=CARTESIAN_POINT('',(0.0416206934152999,-0.11420405904452,-0.00349));
#13433=CARTESIAN_POINT('',(0.0399474122419229,-0.11420405904452,-0.00349));
#13434=CARTESIAN_POINT('',(0.0382741310685459,-0.11420405904452,-0.00349));
#13435=CARTESIAN_POINT('',(0.0382741310685459,-0.114607283987829,-0.00349));
#13436=CARTESIAN_POINT('',(0.0447789476667014,-0.121959487015071,-0.00349));
#13437=CARTESIAN_POINT('',(0.0447789476667014,-0.122794592481417,-0.00349));
#13438=CARTESIAN_POINT('',(0.0447789476667014,-0.121124381548725,-0.00349));
#13439=CARTESIAN_POINT('',(0.0454349557597501,-0.121124381548725,-0.00349));
#13440=CARTESIAN_POINT('',(0.0460909638527988,-0.121124381548725,-0.00349));
#13441=CARTESIAN_POINT('',(0.0460909638527988,-0.120657704964591,-0.00349));
#13442=CARTESIAN_POINT('',(0.0460909638527988,-0.120191028380456,-0.00349));
#13443=CARTESIAN_POINT('',(0.0454349557597501,-0.120191028380456,-0.00349));
#13444=CARTESIAN_POINT('',(0.0447789476667014,-0.120191028380456,-0.00349));
#13445=CARTESIAN_POINT('',(0.0447789476667014,-0.118089960338289,-0.00349));
#13446=CARTESIAN_POINT('',(0.0447789476667014,-0.115988892296122,-0.00349));
#13447=CARTESIAN_POINT('',(0.0447789476667014,-0.115988892296122,-0.00349));
#13448=CARTESIAN_POINT('',(0.0447789476667014,-0.115501747440754,-0.00349));
#13449=CARTESIAN_POINT('',(0.0449805601383559,-0.115304228623346,-0.00349));
#13450=CARTESIAN_POINT('',(0.0449805601383559,-0.115304228623346,-0.00349));
#13451=CARTESIAN_POINT('',(0.0449805601383559,-0.115304228623346,-0.00349));
#13452=CARTESIAN_POINT('',(0.0451821726100105,-0.115106709805938,-0.00349));
#13453=CARTESIAN_POINT('',(0.0455158054311242,-0.115106709805938,-0.00349));
#13454=CARTESIAN_POINT('',(0.0455158054311242,-0.115106709805938,-0.00349));
#13455=CARTESIAN_POINT('',(0.0454869274174656,-0.117883328265434,-0.00349));
#13456=CARTESIAN_POINT('',(0.0458893350650451,-0.115135485107515,-0.00349));
#13457=CARTESIAN_POINT('',(0.0452670068999105,-0.119883006428552,-0.00349));
#13458=CARTESIAN_POINT('',(0.0462383784820045,-0.115194507477825,-0.00349));
#13459=CARTESIAN_POINT('',(0.046324302144866,-0.114763866262769,-0.00349));
#13460=CARTESIAN_POINT('',(0.0464102688840487,-0.114333009153294,-0.00349));
#13461=CARTESIAN_POINT('',(0.0464102688840487,-0.114333009153294,-0.00349));
#13462=CARTESIAN_POINT('',(0.0462321949243132,-0.11421634000726,-0.00349));
#13463=CARTESIAN_POINT('',(0.0458862811404591,-0.114142654230818,-0.00349));
#13464=CARTESIAN_POINT('',(0.0458862811404591,-0.114142654230818,-0.00349));
#13465=CARTESIAN_POINT('',(0.0451908922490197,-0.117380748242647,-0.00349));
#13466=CARTESIAN_POINT('',(0.0451944535727509,-0.114068968454376,-0.00349));
#13467=CARTESIAN_POINT('',(0.0451944535727509,-0.114068968454376,-0.00349));
#13468=CARTESIAN_POINT('',(0.044426893401477,-0.114068968454376,-0.00349));
#13469=CARTESIAN_POINT('',(0.0439735211936447,-0.114533598211387,-0.00349));
#13470=CARTESIAN_POINT('',(0.0439735211936447,-0.114533598211387,-0.00349));
#13471=CARTESIAN_POINT('',(0.0439735211936447,-0.114533598211387,-0.00349));
#13472=CARTESIAN_POINT('',(0.0435201489858123,-0.114998227968398,-0.00349));
#13473=CARTESIAN_POINT('',(0.0435201489858123,-0.115988892296122,-0.00349));
#13474=CARTESIAN_POINT('',(0.0435201489858123,-0.115988892296122,-0.00349));
#13475=CARTESIAN_POINT('',(0.0435201489858123,-0.118089960338289,-0.00349));
#13476=CARTESIAN_POINT('',(0.0435201489858123,-0.120191028380456,-0.00349));
#13477=CARTESIAN_POINT('',(0.0429726227303035,-0.120191028380456,-0.00349));
#13478=CARTESIAN_POINT('',(0.0424250964747949,-0.120191028380456,-0.00349));
#13479=CARTESIAN_POINT('',(0.0424250964747949,-0.120657704964591,-0.00349));
#13480=CARTESIAN_POINT('',(0.0424250964747949,-0.121124381548725,-0.00349));
#13481=CARTESIAN_POINT('',(0.0429726227303035,-0.121124381548725,-0.00349));
#13482=CARTESIAN_POINT('',(0.0435201489858123,-0.121124381548725,-0.00349));
#13483=CARTESIAN_POINT('',(0.0435201489858123,-0.121959487015071,-0.00349));
#13484=CARTESIAN_POINT('',(0.0435201489858123,-0.122794592481417,-0.00349));
#13485=CARTESIAN_POINT('',(0.0441495483262568,-0.122794592481417,-0.00349));
#13486=CARTESIAN_POINT('',(0.0576279049338256,-0.139145670956673,-0.00349));
#13487=CARTESIAN_POINT('',(0.05782337692411,-0.14004729830453,-0.00349));
#13488=CARTESIAN_POINT('',(0.0574324329435411,-0.138244043608817,-0.00349));
#13489=CARTESIAN_POINT('',(0.0571223386343465,-0.138244043608817,-0.00349));
#13490=CARTESIAN_POINT('',(0.0568122443251519,-0.138244043608817,-0.00349));
#13491=CARTESIAN_POINT('',(0.0568122443251519,-0.139858990209177,-0.00349));
#13492=CARTESIAN_POINT('',(0.0568122443251519,-0.141473936809537,-0.00349));
#13493=CARTESIAN_POINT('',(0.0573178106246309,-0.141473936809537,-0.00349));
#13494=CARTESIAN_POINT('',(0.05782337692411,-0.141473936809537,-0.00349));
#13495=CARTESIAN_POINT('',(0.05782337692411,-0.140760617557033,-0.00349));
#13496=CARTESIAN_POINT('',(0.0243905026905446,-0.120766186802131,-0.00349));
#13497=CARTESIAN_POINT('',(0.024867413410296,-0.120766186802131,-0.00349));
#13498=CARTESIAN_POINT('',(0.023913591970793,-0.120766186802131,-0.00349));
#13499=CARTESIAN_POINT('',(0.0237948759976361,-0.121431405617235,-0.00349));
#13500=CARTESIAN_POINT('',(0.0236761600244791,-0.122096624432339,-0.00349));
#13501=CARTESIAN_POINT('',(0.0236761600244791,-0.122096624432339,-0.00349));
#13502=CARTESIAN_POINT('',(0.0233896042272035,-0.122340196860023,-0.00349));
#13503=CARTESIAN_POINT('',(0.0229096232667669,-0.122499849375648,-0.00349));
#13504=CARTESIAN_POINT('',(0.0229096232667669,-0.122499849375648,-0.00349));
#13505=CARTESIAN_POINT('',(0.0229096232667669,-0.122499849375648,-0.00349));
#13506=CARTESIAN_POINT('',(0.0224296423063303,-0.122659501891273,-0.00349));
#13507=CARTESIAN_POINT('',(0.0217971727252006,-0.122659501891273,-0.00349));
#13508=CARTESIAN_POINT('',(0.0217971727252006,-0.122659501891273,-0.00349));
#13509=CARTESIAN_POINT('',(0.0217971727252006,-0.122659501891273,-0.00349));
#13510=CARTESIAN_POINT('',(0.0207921806076128,-0.122659501891273,-0.00349));
#13511=CARTESIAN_POINT('',(0.020254888487721,-0.122234785263168,-0.00349));
#13512=CARTESIAN_POINT('',(0.020254888487721,-0.122234785263168,-0.00349));
#13513=CARTESIAN_POINT('',(0.020254888487721,-0.122234785263168,-0.00349));
#13514=CARTESIAN_POINT('',(0.0197175963678294,-0.121810068635063,-0.00349));
#13515=CARTESIAN_POINT('',(0.0197175963678294,-0.121124381548725,-0.00349));
#13516=CARTESIAN_POINT('',(0.0197175963678294,-0.121124381548725,-0.00349));
#13517=CARTESIAN_POINT('',(0.0197175963678294,-0.121124381548725,-0.00349));
#13518=CARTESIAN_POINT('',(0.0197175963678294,-0.120516473893076,-0.00349));
#13519=CARTESIAN_POINT('',(0.0202640992097763,-0.120111202122644,-0.00349));
#13520=CARTESIAN_POINT('',(0.0202640992097763,-0.120111202122644,-0.00349));
#13521=CARTESIAN_POINT('',(0.0202640992097763,-0.120111202122644,-0.00349));
#13522=CARTESIAN_POINT('',(0.0208106020517234,-0.119705930352211,-0.00349));
#13523=CARTESIAN_POINT('',(0.0220325578443913,-0.119398906283701,-0.00349));
#13524=CARTESIAN_POINT('',(0.0220325578443913,-0.119398906283701,-0.00349));
#13525=CARTESIAN_POINT('',(0.0220325578443913,-0.119398906283701,-0.00349));
#13526=CARTESIAN_POINT('',(0.0235042265461137,-0.119032524228613,-0.00349));
#13527=CARTESIAN_POINT('',(0.0242687164767025,-0.118323298630356,-0.00349));
#13528=CARTESIAN_POINT('',(0.0242687164767025,-0.118323298630356,-0.00349));
#13529=CARTESIAN_POINT('',(0.0242687164767025,-0.118323298630356,-0.00349));
#13530=CARTESIAN_POINT('',(0.0250332064072912,-0.117614073032099,-0.00349));
#13531=CARTESIAN_POINT('',(0.0250332064072912,-0.116564050717797,-0.00349));
#13532=CARTESIAN_POINT('',(0.0250332064072912,-0.116564050717797,-0.00349));
#13533=CARTESIAN_POINT('',(0.0250332064072912,-0.116564050717797,-0.00349));
#13534=CARTESIAN_POINT('',(0.0250332064072912,-0.115438295799928,-0.00349));
#13535=CARTESIAN_POINT('',(0.0241152044424476,-0.114753632127152,-0.00349));
#13536=CARTESIAN_POINT('',(0.0241152044424476,-0.114753632127152,-0.00349));
#13537=CARTESIAN_POINT('',(0.0241152044424476,-0.114753632127152,-0.00349));
#13538=CARTESIAN_POINT('',(0.0231972024776041,-0.114068968454376,-0.00349));
#13539=CARTESIAN_POINT('',(0.0217132528131414,-0.114068968454376,-0.00349));
#13540=CARTESIAN_POINT('',(0.0217132528131414,-0.114068968454376,-0.00349));
#13541=CARTESIAN_POINT('',(0.0217132528131414,-0.114068968454376,-0.00349));
#13542=CARTESIAN_POINT('',(0.020638668573358,-0.114068968454376,-0.00349));
#13543=CARTESIAN_POINT('',(0.0198035631070121,-0.1144210227196,-0.00349));
#13544=CARTESIAN_POINT('',(0.0198035631070121,-0.1144210227196,-0.00349));
#13545=CARTESIAN_POINT('',(0.0198035631070121,-0.1144210227196,-0.00349));
#13546=CARTESIAN_POINT('',(0.0189684576406661,-0.114773076984824,-0.00349));
#13547=CARTESIAN_POINT('',(0.0184444698970765,-0.115342094925129,-0.00349));
#13548=CARTESIAN_POINT('',(0.0184444698970765,-0.115342094925129,-0.00349));
#13549=CARTESIAN_POINT('',(0.0184444698970765,-0.116208926211887,-0.00349));
#13550=CARTESIAN_POINT('',(0.0184444698970765,-0.117075757498646,-0.00349));
#13551=CARTESIAN_POINT('',(0.0189183103761429,-0.117075757498646,-0.00349));
#13552=CARTESIAN_POINT('',(0.0193921508552093,-0.117075757498646,-0.00349));
#13553=CARTESIAN_POINT('',(0.0195129136554897,-0.116407468442857,-0.00349));
#13554=CARTESIAN_POINT('',(0.019633397393364,-0.115738831081775,-0.00349));
#13555=CARTESIAN_POINT('',(0.0215625067139442,-0.11814660429331,-0.00349));
#13556=CARTESIAN_POINT('',(0.0205046013967755,-0.115246917463891,-0.00349));
#13557=CARTESIAN_POINT('',(0.0205046013967755,-0.115246917463891,-0.00349));
#13558=CARTESIAN_POINT('',(0.0210091442826928,-0.115055539127853,-0.00349));
#13559=CARTESIAN_POINT('',(0.0217132528131414,-0.115055539127853,-0.00349));
#13560=CARTESIAN_POINT('',(0.0217132528131414,-0.115055539127853,-0.00349));
#13561=CARTESIAN_POINT('',(0.0217132528131414,-0.115055539127853,-0.00349));
#13562=CARTESIAN_POINT('',(0.0226670742526444,-0.115055539127853,-0.00349));
#13563=CARTESIAN_POINT('',(0.0232197175759615,-0.115457740657601,-0.00349));
#13564=CARTESIAN_POINT('',(0.0232197175759615,-0.115457740657601,-0.00349));
#13565=CARTESIAN_POINT('',(0.0232197175759615,-0.115457740657601,-0.00349));
#13566=CARTESIAN_POINT('',(0.0237723608992787,-0.115859942187348,-0.00349));
#13567=CARTESIAN_POINT('',(0.0237723608992787,-0.116551769755056,-0.00349));
#13568=CARTESIAN_POINT('',(0.0237723608992787,-0.116551769755056,-0.00349));
#13569=CARTESIAN_POINT('',(0.0237723608992787,-0.116551769755056,-0.00349));
#13570=CARTESIAN_POINT('',(0.0237723608992787,-0.117190379817556,-0.00349));
#13571=CARTESIAN_POINT('',(0.0232934033524038,-0.117622260340593,-0.00349));
#13572=CARTESIAN_POINT('',(0.0232934033524038,-0.117622260340593,-0.00349));
#13573=CARTESIAN_POINT('',(0.0232934033524038,-0.117622260340593,-0.00349));
#13574=CARTESIAN_POINT('',(0.0228144458055289,-0.11805414086363,-0.00349));
#13575=CARTESIAN_POINT('',(0.0215986304942311,-0.118348883969399,-0.00349));
#13576=CARTESIAN_POINT('',(0.0215986304942311,-0.118348883969399,-0.00349));
#13577=CARTESIAN_POINT('',(0.0215986304942311,-0.118348883969399,-0.00349));
#13578=CARTESIAN_POINT('',(0.0201208213111385,-0.118700938234623,-0.00349));
#13579=CARTESIAN_POINT('',(0.0192887860854777,-0.119385601907399,-0.00349));
#13580=CARTESIAN_POINT('',(0.0192887860854777,-0.119385601907399,-0.00349));
#13581=CARTESIAN_POINT('',(0.0192887860854777,-0.119385601907399,-0.00349));
#13582=CARTESIAN_POINT('',(0.0184567508598168,-0.120070265580176,-0.00349));
#13583=CARTESIAN_POINT('',(0.0184567508598168,-0.121105960104614,-0.00349));
#13584=CARTESIAN_POINT('',(0.0184567508598168,-0.121105960104614,-0.00349));
#13585=CARTESIAN_POINT('',(0.0184567508598168,-0.121105960104614,-0.00349));
#13586=CARTESIAN_POINT('',(0.0184567508598168,-0.122198965788508,-0.00349));
#13587=CARTESIAN_POINT('',(0.0193849869602774,-0.122925589417314,-0.00349));
#13588=CARTESIAN_POINT('',(0.0193849869602774,-0.122925589417314,-0.00349));
#13589=CARTESIAN_POINT('',(0.0193849869602774,-0.122925589417314,-0.00349));
#13590=CARTESIAN_POINT('',(0.0203132230607379,-0.12365221304612,-0.00349));
#13591=CARTESIAN_POINT('',(0.0217971727252006,-0.12365221304612,-0.00349));
#13592=CARTESIAN_POINT('',(0.0217971727252006,-0.12365221304612,-0.00349));
#13593=CARTESIAN_POINT('',(0.0217971727252006,-0.12365221304612,-0.00349));
#13594=CARTESIAN_POINT('',(0.0227755560901844,-0.12365221304612,-0.00349));
#13595=CARTESIAN_POINT('',(0.023577912322556,-0.123316533397883,-0.00349));
#13596=CARTESIAN_POINT('',(0.023577912322556,-0.123316533397883,-0.00349));
#13597=CARTESIAN_POINT('',(0.023577912322556,-0.123316533397883,-0.00349));
#13598=CARTESIAN_POINT('',(0.0243802685549276,-0.122980853749646,-0.00349));
#13599=CARTESIAN_POINT('',(0.024867413410296,-0.122499849375648,-0.00349));
#13600=CARTESIAN_POINT('',(0.024867413410296,-0.122499849375648,-0.00349));
#13601=CARTESIAN_POINT('',(0.024867413410296,-0.121633018088889,-0.00349));
#13602=CARTESIAN_POINT('',(0.0265847013668261,-0.11244481113196,-0.00349));
#13603=CARTESIAN_POINT('',(0.0260627604503599,-0.112355774152093,-0.00349));
#13604=CARTESIAN_POINT('',(0.0271066422832923,-0.112533848111828,-0.00349));
#13605=CARTESIAN_POINT('',(0.0271066422832923,-0.116333782666415,-0.00349));
#13606=CARTESIAN_POINT('',(0.0271066422832923,-0.120133717221001,-0.00349));
#13607=CARTESIAN_POINT('',(0.0265847013668261,-0.120222754200869,-0.00349));
#13608=CARTESIAN_POINT('',(0.0260627604503599,-0.120311791180736,-0.00349));
#13609=CARTESIAN_POINT('',(0.0260627604503599,-0.120718086364731,-0.00349));
#13610=CARTESIAN_POINT('',(0.0260627604503599,-0.121124381548725,-0.00349));
#13611=CARTESIAN_POINT('',(0.0271250637274029,-0.121124381548725,-0.00349));
#13612=CARTESIAN_POINT('',(0.0281873670044459,-0.121124381548725,-0.00349));
#13613=CARTESIAN_POINT('',(0.028244678163901,-0.120702735161305,-0.00349));
#13614=CARTESIAN_POINT('',(0.0283023110085763,-0.120280858822971,-0.00349));
#13615=CARTESIAN_POINT('',(0.0302045793571446,-0.11892105638653,-0.00349));
#13616=CARTESIAN_POINT('',(0.0291432352710722,-0.121003618748445,-0.00349));
#13617=CARTESIAN_POINT('',(0.0291432352710722,-0.121003618748445,-0.00349));
#13618=CARTESIAN_POINT('',(0.0296385674349343,-0.121253331657499,-0.00349));
#13619=CARTESIAN_POINT('',(0.0302915052872979,-0.121253331657499,-0.00349));
#13620=CARTESIAN_POINT('',(0.0302915052872979,-0.121253331657499,-0.00349));
#13621=CARTESIAN_POINT('',(0.0302915052872979,-0.121253331657499,-0.00349));
#13622=CARTESIAN_POINT('',(0.0315769127207911,-0.121253331657499,-0.00349));
#13623=CARTESIAN_POINT('',(0.032290231973295,-0.120232988336486,-0.00349));
#13624=CARTESIAN_POINT('',(0.032290231973295,-0.120232988336486,-0.00349));
#13625=CARTESIAN_POINT('',(0.032290231973295,-0.120232988336486,-0.00349));
#13626=CARTESIAN_POINT('',(0.0330035512257989,-0.119212645015472,-0.00349));
#13627=CARTESIAN_POINT('',(0.0330035512257989,-0.11753629360141,-0.00349));
#13628=CARTESIAN_POINT('',(0.0330035512257989,-0.11753629360141,-0.00349));
#13629=CARTESIAN_POINT('',(0.0330035512257989,-0.1174697717199,-0.00349));
#13630=CARTESIAN_POINT('',(0.0330035512257989,-0.117403249838389,-0.00349));
#13631=CARTESIAN_POINT('',(0.0330035512257989,-0.117403249838389,-0.00349));
#13632=CARTESIAN_POINT('',(0.0330035512257989,-0.115904972384063,-0.00349));
#13633=CARTESIAN_POINT('',(0.0322871617326099,-0.114986970419219,-0.00349));
#13634=CARTESIAN_POINT('',(0.0322871617326099,-0.114986970419219,-0.00349));
#13635=CARTESIAN_POINT('',(0.0322871617326099,-0.114986970419219,-0.00349));
#13636=CARTESIAN_POINT('',(0.031570772239421,-0.114068968454376,-0.00349));
#13637=CARTESIAN_POINT('',(0.0303099267314084,-0.114068968454376,-0.00349));
#13638=CARTESIAN_POINT('',(0.0303099267314084,-0.114068968454376,-0.00349));
#13639=CARTESIAN_POINT('',(0.0303099267314084,-0.114068968454376,-0.00349));
#13640=CARTESIAN_POINT('',(0.0296713166689087,-0.114068968454376,-0.00349));
#13641=CARTESIAN_POINT('',(0.0291882654677869,-0.114283885302333,-0.00349));
#13642=CARTESIAN_POINT('',(0.0291882654677869,-0.114283885302333,-0.00349));
#13643=CARTESIAN_POINT('',(0.0300756397814639,-0.116279159288693,-0.00349));
#13644=CARTESIAN_POINT('',(0.0283654409641814,-0.114920448537709,-0.00349));
#13645=CARTESIAN_POINT('',(0.0283654409641814,-0.113727148324769,-0.00349));
#13646=CARTESIAN_POINT('',(0.0283654409641814,-0.112533848111828,-0.00349));
#13647=CARTESIAN_POINT('',(0.0288873818806476,-0.11244481113196,-0.00349));
#13648=CARTESIAN_POINT('',(0.0294093227971138,-0.112355774152093,-0.00349));
#13649=CARTESIAN_POINT('',(0.0294093227971138,-0.111949478968098,-0.00349));
#13650=CARTESIAN_POINT('',(0.0294093227971138,-0.111543183784104,-0.00349));
#13651=CARTESIAN_POINT('',(0.0277360416237368,-0.111543183784104,-0.00349));
#13652=CARTESIAN_POINT('',(0.0260627604503599,-0.111543183784104,-0.00349));
#13653=CARTESIAN_POINT('',(0.0260627604503599,-0.111949478968098,-0.00349));
#13654=CARTESIAN_POINT('',(0.0332655450975936,-0.134827889139867,-0.00349));
#13655=CARTESIAN_POINT('',(0.0332655450975936,-0.136498100072559,-0.00349));
#13656=CARTESIAN_POINT('',(0.0339952389670847,-0.137521513634258,-0.00349));
#13657=CARTESIAN_POINT('',(0.0332655450975936,-0.134827889139867,-0.00349));
#13658=CARTESIAN_POINT('',(0.0339952389670847,-0.137521513634258,-0.00349));
#13659=CARTESIAN_POINT('',(0.0339952389670847,-0.137521513634258,-0.00349));
#13660=CARTESIAN_POINT('',(0.0347249328365756,-0.138544927195956,-0.00349));
#13661=CARTESIAN_POINT('',(0.0360103402700689,-0.138544927195956,-0.00349));
#13662=CARTESIAN_POINT('',(0.0360103402700689,-0.138544927195956,-0.00349));
#13663=CARTESIAN_POINT('',(0.0360103402700689,-0.138544927195956,-0.00349));
#13664=CARTESIAN_POINT('',(0.0366632781224326,-0.138544927195956,-0.00349));
#13665=CARTESIAN_POINT('',(0.0371555400456095,-0.138289073805532,-0.00349));
#13666=CARTESIAN_POINT('',(0.0371555400456095,-0.138289073805532,-0.00349));
#13667=CARTESIAN_POINT('',(0.0361144699094594,-0.136310977062546,-0.00349));
#13668=CARTESIAN_POINT('',(0.0379790059823244,-0.137545822581608,-0.00349));
#13669=CARTESIAN_POINT('',(0.0380377225357936,-0.13798102632346,-0.00349));
#13670=CARTESIAN_POINT('',(0.0380960571088104,-0.138415977087182,-0.00349));
#13671=CARTESIAN_POINT('',(0.0386261853337702,-0.138415977087182,-0.00349));
#13672=CARTESIAN_POINT('',(0.03915631355873,-0.138415977087182,-0.00349));
#13673=CARTESIAN_POINT('',(0.03915631355873,-0.135000846031794,-0.00349));
#13674=CARTESIAN_POINT('',(0.03915631355873,-0.131585714976407,-0.00349));
#13675=CARTESIAN_POINT('',(0.03915631355873,-0.131585714976407,-0.00349));
#13676=CARTESIAN_POINT('',(0.03915631355873,-0.130240949556335,-0.00349));
#13677=CARTESIAN_POINT('',(0.0384081982451284,-0.129470319144376,-0.00349));
#13678=CARTESIAN_POINT('',(0.0384081982451284,-0.129470319144376,-0.00349));
#13679=CARTESIAN_POINT('',(0.0384081982451284,-0.129470319144376,-0.00349));
#13680=CARTESIAN_POINT('',(0.0376600829315269,-0.128699688732417,-0.00349));
#13681=CARTESIAN_POINT('',(0.0362784746232339,-0.128699688732417,-0.00349));
#13682=CARTESIAN_POINT('',(0.0362784746232339,-0.128699688732417,-0.00349));
#13683=CARTESIAN_POINT('',(0.03633938758755,-0.133406017032468,-0.00349));
#13684=CARTESIAN_POINT('',(0.0351977499020803,-0.128837849563246,-0.00349));
#13685=CARTESIAN_POINT('',(0.0351977499020803,-0.128837849563246,-0.00349));
#13686=CARTESIAN_POINT('',(0.0346164509990356,-0.128976010394076,-0.00349));
#13687=CARTESIAN_POINT('',(0.0341743363403818,-0.129211395513266,-0.00349));
#13688=CARTESIAN_POINT('',(0.0341743363403818,-0.129211395513266,-0.00349));
#13689=CARTESIAN_POINT('',(0.0343370590966919,-0.129700587195758,-0.00349));
#13690=CARTESIAN_POINT('',(0.034499781853002,-0.13018977887825,-0.00349));
#13691=CARTESIAN_POINT('',(0.034499781853002,-0.13018977887825,-0.00349));
#13692=CARTESIAN_POINT('',(0.0348518361182262,-0.130005564437144,-0.00349));
#13693=CARTESIAN_POINT('',(0.0353318170786628,-0.129883778223302,-0.00349));
#13694=CARTESIAN_POINT('',(0.0353318170786628,-0.129883778223302,-0.00349));
#13695=CARTESIAN_POINT('',(0.0362891191673,-0.133556201511411,-0.00349));
#13696=CARTESIAN_POINT('',(0.0362661936604936,-0.12976199200946,-0.00349));
#13697=CARTESIAN_POINT('',(0.0362661936604936,-0.12976199200946,-0.00349));
#13698=CARTESIAN_POINT('',(0.0371094864353331,-0.12976199200946,-0.00349));
#13699=CARTESIAN_POINT('',(0.037503500656587,-0.130235832488526,-0.00349));
#13700=CARTESIAN_POINT('',(0.037503500656587,-0.130235832488526,-0.00349));
#13701=CARTESIAN_POINT('',(0.037503500656587,-0.130235832488526,-0.00349));
#13702=CARTESIAN_POINT('',(0.0378975148778409,-0.130709672967593,-0.00349));
#13703=CARTESIAN_POINT('',(0.0378975148778409,-0.131585714976407,-0.00349));
#13704=CARTESIAN_POINT('',(0.0378975148778409,-0.131585714976407,-0.00349));
#13705=CARTESIAN_POINT('',(0.0378975148778409,-0.131915254143274,-0.00349));
#13706=CARTESIAN_POINT('',(0.0378972227138359,-0.132245015974333,-0.00349));
#13707=CARTESIAN_POINT('',(0.0361182412555648,-0.133600814301248,-0.00349));
#13708=CARTESIAN_POINT('',(0.0370849245098523,-0.131584691562845,-0.00349));
#13709=CARTESIAN_POINT('',(0.0370849245098523,-0.131584691562845,-0.00349));
#13710=CARTESIAN_POINT('',(0.0366121074443476,-0.131360563992833,-0.00349));
#13711=CARTESIAN_POINT('',(0.0359980593073286,-0.131360563992833,-0.00349));
#13712=CARTESIAN_POINT('',(0.0359980593073286,-0.131360563992833,-0.00349));
#13713=CARTESIAN_POINT('',(0.0359980593073286,-0.131360563992833,-0.00349));
#13714=CARTESIAN_POINT('',(0.0347249328365756,-0.131360563992833,-0.00349));
#13715=CARTESIAN_POINT('',(0.0339952389670847,-0.132281636198362,-0.00349));
#13716=CARTESIAN_POINT('',(0.0339952389670847,-0.132281636198362,-0.00349));
#13717=CARTESIAN_POINT('',(0.0339952389670847,-0.132281636198362,-0.00349));
#13718=CARTESIAN_POINT('',(0.0332655450975936,-0.13320270840389,-0.00349));
#13719=CARTESIAN_POINT('',(0.0332655450975936,-0.134694845376847,-0.00349));
#13720=CARTESIAN_POINT('',(0.0332655450975936,-0.134694845376847,-0.00349));
#13721=CARTESIAN_POINT('',(0.0332655450975936,-0.134761367258357,-0.00349));
#13722=CARTESIAN_POINT('',(0.0408377820406006,-0.102973118618441,-0.00349));
#13723=CARTESIAN_POINT('',(0.0411478763497952,-0.103020195642279,-0.00349));
#13724=CARTESIAN_POINT('',(0.0405276877314059,-0.102926041594603,-0.00349));
#13725=CARTESIAN_POINT('',(0.0392095310639383,-0.0993881009118114,-0.00349));
#13726=CARTESIAN_POINT('',(0.0378910899607897,-0.0958502651597833,-0.00349));
#13727=CARTESIAN_POINT('',(0.0345402111418262,-0.0970864331102486,-0.00349));
#13728=CARTESIAN_POINT('',(0.0371371186014989,-0.0946353683312837,-0.00349));
#13729=CARTESIAN_POINT('',(0.0371371186014989,-0.0946353683312837,-0.00349));
#13730=CARTESIAN_POINT('',(0.036644856678322,-0.0941164976555026,-0.00349));
#13731=CARTESIAN_POINT('',(0.0358117980390994,-0.0941164976555026,-0.00349));
#13732=CARTESIAN_POINT('',(0.0358117980390994,-0.0941164976555026,-0.00349));
#13733=CARTESIAN_POINT('',(0.0358852795706671,-0.0968775243465782,-0.00349));
#13734=CARTESIAN_POINT('',(0.0354290796031738,-0.0941525696126718,-0.00349));
#13735=CARTESIAN_POINT('',(0.0360821999077547,-0.0988128910770805,-0.00349));
#13736=CARTESIAN_POINT('',(0.0350646535435719,-0.0942184275792289,-0.00349));
#13737=CARTESIAN_POINT('',(0.0351281577798849,-0.0947151945890962,-0.00349));
#13738=CARTESIAN_POINT('',(0.0351916094207101,-0.09521155016652,-0.00349));
#13739=CARTESIAN_POINT('',(0.0351916094207101,-0.09521155016652,-0.00349));
#13740=CARTESIAN_POINT('',(0.035154766532489,-0.0952176906478902,-0.00349));
#13741=CARTESIAN_POINT('',(0.0354198306449689,-0.0951982457902179,-0.00349));
#13742=CARTESIAN_POINT('',(0.0354198306449689,-0.0951982457902179,-0.00349));
#13743=CARTESIAN_POINT('',(0.0360359408457269,-0.102613212458386,-0.00349));
#13744=CARTESIAN_POINT('',(0.0357544868796443,-0.0951788009325456,-0.00349));
#13745=CARTESIAN_POINT('',(0.0357544868796443,-0.0951788009325456,-0.00349));
#13746=CARTESIAN_POINT('',(0.0361577118229535,-0.0951788009325456,-0.00349));
#13747=CARTESIAN_POINT('',(0.0364074247320079,-0.0955277849570848,-0.00349));
#13748=CARTESIAN_POINT('',(0.0364074247320079,-0.0955277849570848,-0.00349));
#13749=CARTESIAN_POINT('',(0.0331700253242197,-0.0977986074372975,-0.00349));
#13750=CARTESIAN_POINT('',(0.0368431159692463,-0.0963312776321811,-0.00349));
#13751=CARTESIAN_POINT('',(0.0369928172892994,-0.0966893593496126,-0.00349));
#13752=CARTESIAN_POINT('',(0.0371422356693074,-0.097047554096207,-0.00349));
#13753=CARTESIAN_POINT('',(0.0360011295480136,-0.0999827041911582,-0.00349));
#13754=CARTESIAN_POINT('',(0.0348600234267199,-0.102917854286109,-0.00349));
#13755=CARTESIAN_POINT('',(0.0345427652225933,-0.102969024964194,-0.00349));
#13756=CARTESIAN_POINT('',(0.0342255070184668,-0.103020195642279,-0.00349));
#13757=CARTESIAN_POINT('',(0.0342255070184668,-0.103426490826274,-0.00349));
#13758=CARTESIAN_POINT('',(0.0342255070184668,-0.103832786010268,-0.00349));
#13759=CARTESIAN_POINT('',(0.0356234899437469,-0.103832786010268,-0.00349));
#13760=CARTESIAN_POINT('',(0.037021472869027,-0.103832786010268,-0.00349));
#13761=CARTESIAN_POINT('',(0.037021472869027,-0.103426490826274,-0.00349));
#13762=CARTESIAN_POINT('',(0.037021472869027,-0.103020195642279,-0.00349));
#13763=CARTESIAN_POINT('',(0.0366315523020199,-0.102956744001454,-0.00349));
#13764=CARTESIAN_POINT('',(0.0362416317350127,-0.102893292360629,-0.00349));
#13765=CARTESIAN_POINT('',(0.0368393052550446,-0.101185215126154,-0.00349));
#13766=CARTESIAN_POINT('',(0.0374369787750765,-0.0994771378916792,-0.00349));
#13767=CARTESIAN_POINT('',(0.0375526245075485,-0.0990360466465871,-0.00349));
#13768=CARTESIAN_POINT('',(0.0376682702400205,-0.0985949554014951,-0.00349));
#13769=CARTESIAN_POINT('',(0.037686691684131,-0.0985949554014951,-0.00349));
#13770=CARTESIAN_POINT('',(0.0377051131282415,-0.0985949554014951,-0.00349));
#13771=CARTESIAN_POINT('',(0.0384255962756773,-0.100744123881062,-0.00349));
#13772=CARTESIAN_POINT('',(0.039146079423113,-0.102893292360629,-0.00349));
#13773=CARTESIAN_POINT('',(0.0387520652018591,-0.102956744001454,-0.00349));
#13774=CARTESIAN_POINT('',(0.0383580509806052,-0.103020195642279,-0.00349));
#13775=CARTESIAN_POINT('',(0.0383580509806052,-0.103426490826274,-0.00349));
#13776=CARTESIAN_POINT('',(0.0383580509806052,-0.103832786010268,-0.00349));
#13777=CARTESIAN_POINT('',(0.0397529636652002,-0.103832786010268,-0.00349));
#13778=CARTESIAN_POINT('',(0.0411478763497952,-0.103832786010268,-0.00349));
#13779=CARTESIAN_POINT('',(0.0411478763497952,-0.103426490826274,-0.00349));
#13780=CARTESIAN_POINT('',(0.0259153888974753,-0.135020290889467,-0.00349));
#13781=CARTESIAN_POINT('',(0.0259153888974753,-0.136555411232014,-0.00349));
#13782=CARTESIAN_POINT('',(0.0267474241231361,-0.137550169213985,-0.00349));
#13783=CARTESIAN_POINT('',(0.0259153888974753,-0.135020290889467,-0.00349));
#13784=CARTESIAN_POINT('',(0.0267474241231361,-0.137550169213985,-0.00349));
#13785=CARTESIAN_POINT('',(0.0267474241231361,-0.137550169213985,-0.00349));
#13786=CARTESIAN_POINT('',(0.027579459348797,-0.138544927195956,-0.00349));
#13787=CARTESIAN_POINT('',(0.0290060978538047,-0.138544927195956,-0.00349));
#13788=CARTESIAN_POINT('',(0.0290060978538047,-0.138544927195956,-0.00349));
#13789=CARTESIAN_POINT('',(0.0290060978538047,-0.138544927195956,-0.00349));
#13790=CARTESIAN_POINT('',(0.0304388768401825,-0.138544927195956,-0.00349));
#13791=CARTESIAN_POINT('',(0.0312729588929668,-0.13755323945467,-0.00349));
#13792=CARTESIAN_POINT('',(0.0312729588929668,-0.13755323945467,-0.00349));
#13793=CARTESIAN_POINT('',(0.0312729588929668,-0.13755323945467,-0.00349));
#13794=CARTESIAN_POINT('',(0.032107040945751,-0.136561551713385,-0.00349));
#13795=CARTESIAN_POINT('',(0.032107040945751,-0.135020290889467,-0.00349));
#13796=CARTESIAN_POINT('',(0.032107040945751,-0.135020290889467,-0.00349));
#13797=CARTESIAN_POINT('',(0.032107040945751,-0.13494967535371,-0.00349));
#13798=CARTESIAN_POINT('',(0.032107040945751,-0.134879059817952,-0.00349));
#13799=CARTESIAN_POINT('',(0.032107040945751,-0.134879059817952,-0.00349));
#13800=CARTESIAN_POINT('',(0.032107040945751,-0.133331658512664,-0.00349));
#13801=CARTESIAN_POINT('',(0.0312760291336519,-0.132346111252749,-0.00349));
#13802=CARTESIAN_POINT('',(0.0312760291336519,-0.132346111252749,-0.00349));
#13803=CARTESIAN_POINT('',(0.0312760291336519,-0.132346111252749,-0.00349));
#13804=CARTESIAN_POINT('',(0.0304450173215526,-0.131360563992833,-0.00349));
#13805=CARTESIAN_POINT('',(0.029018378816545,-0.131360563992833,-0.00349));
#13806=CARTESIAN_POINT('',(0.029018378816545,-0.131360563992833,-0.00349));
#13807=CARTESIAN_POINT('',(0.029018378816545,-0.131360563992833,-0.00349));
#13808=CARTESIAN_POINT('',(0.027579459348797,-0.131360563992833,-0.00349));
#13809=CARTESIAN_POINT('',(0.0267474241231361,-0.132349181493434,-0.00349));
#13810=CARTESIAN_POINT('',(0.0267474241231361,-0.132349181493434,-0.00349));
#13811=CARTESIAN_POINT('',(0.0267474241231361,-0.132349181493434,-0.00349));
#13812=CARTESIAN_POINT('',(0.0259153888974753,-0.133337798994034,-0.00349));
#13813=CARTESIAN_POINT('',(0.0259153888974753,-0.134879059817952,-0.00349));
#13814=CARTESIAN_POINT('',(0.0259153888974753,-0.134879059817952,-0.00349));
#13815=CARTESIAN_POINT('',(0.0259153888974753,-0.13494967535371,-0.00349));
#13816=CARTESIAN_POINT('',(0.148652997989092,-0.05060125,0.01351));
#13817=CARTESIAN_POINT('',(0.126762776410878,-0.05060125,0.01351));
#13818=CARTESIAN_POINT('',(0.126762776410878,-0.05060125,0.01351));
#13819=CARTESIAN_POINT('',(0.126762776410878,-0.05060125,0.00151));
#13820=CARTESIAN_POINT('',(0.148652997989092,-0.05060125,0.01351));
#13821=CARTESIAN_POINT('',(0.0155964,-0.05060125,0.01351));
#13822=CARTESIAN_POINT('',(0.0155964,-0.05060125,0.01351));
#13823=CARTESIAN_POINT('',(0.0155964,-0.05060125,0.00151));
#13824=CARTESIAN_POINT('',(0.148652997989092,-0.05060125,0.00151));
#13825=CARTESIAN_POINT('',(0.14994479734876,-0.10360435,0.01351));
#13826=CARTESIAN_POINT('',(0.14994479734876,-0.10360435,0.01351));
#13827=CARTESIAN_POINT('',(0.150143563666371,-0.0535152379618489,0.01351));
#13828=CARTESIAN_POINT('',(0.149734467586855,-0.15660745,0.01351));
#13829=CARTESIAN_POINT('',(0.150143563666371,-0.0535152379618489,0.00151));
#13830=CARTESIAN_POINT('',(0.150143563666371,-0.0535152379618489,0.00151));
#13831=CARTESIAN_POINT('',(0.14994479734876,-0.10360435,0.00151));
#13832=CARTESIAN_POINT('',(0.149734467586855,-0.15660745,0.00151));
#13833=CARTESIAN_POINT('',(0.149734467586855,-0.15660745,0.01351));
#13834=CARTESIAN_POINT('',(0.0828797068235203,-0.10360435,0.01351));
#13835=CARTESIAN_POINT('',(0.151944780236468,-0.103612630535811,0.01351));
#13836=CARTESIAN_POINT('',(0.151734076351832,-0.15671000946429,0.01351));
#13837=CARTESIAN_POINT('',(0.152143520276043,-0.0535301405629847,0.01351));
#13838=CARTESIAN_POINT('',(0.150238535274921,-0.0535225810986945,0.01351));
#13839=CARTESIAN_POINT('',(0.151143742317842,-0.0518463874316479,0.01351));
#13840=CARTESIAN_POINT('',(0.152048548667494,-0.0535227974261391,0.01351));
#13841=CARTESIAN_POINT('',(0.126715783793427,-0.15660745,0.01351));
#13842=CARTESIAN_POINT('',(0.1036971,-0.15660745,0.01351));
#13843=CARTESIAN_POINT('',(0.1036971,-0.15105155,0.01351));
#13844=CARTESIAN_POINT('',(0.1036971,-0.14549565,0.01351));
#13845=CARTESIAN_POINT('',(0.0701869,-0.14549565,0.01351));
#13846=CARTESIAN_POINT('',(0.0366767,-0.14549565,0.01351));
#13847=CARTESIAN_POINT('',(0.0366767,-0.15105155,0.01351));
#13848=CARTESIAN_POINT('',(0.0366767,-0.15660745,0.01351));
#13849=CARTESIAN_POINT('',(0.02613655,-0.15660745,0.01351));
#13850=CARTESIAN_POINT('',(0.0155964,-0.15660745,0.01351));
#13851=CARTESIAN_POINT('',(0.0155964,-0.10360435,0.01351));
#13852=CARTESIAN_POINT('',(0.126762655277331,-0.0516147753173803,0.01351));
#13853=CARTESIAN_POINT('',(0.12676278614849,-0.0505197753252009,0.01351));
#13854=CARTESIAN_POINT('',(0.124857786162096,-0.0505195476452398,0.01351));
#13855=CARTESIAN_POINT('',(0.124858013842057,-0.0486145476588456,0.01351));
#13856=CARTESIAN_POINT('',(0.0828797068235203,-0.0486095305358113,0.01351));
#13857=CARTESIAN_POINT('',(0.0155016276799612,-0.0486014777071746,0.01351));
#13858=CARTESIAN_POINT('',(0.0155014,-0.0505064776935687,0.01351));
#13859=CARTESIAN_POINT('',(0.0135964,-0.0505064776935687,0.01351));
#13860=CARTESIAN_POINT('',(0.0135964,-0.10360435,0.01351));
#13861=CARTESIAN_POINT('',(0.0135964,-0.15670245,0.01351));
#13862=CARTESIAN_POINT('',(0.0155014,-0.15670245,0.01351));
#13863=CARTESIAN_POINT('',(0.0155014,-0.15860745,0.01351));
#13864=CARTESIAN_POINT('',(0.02613655,-0.15860745,0.01351));
#13865=CARTESIAN_POINT('',(0.0367717,-0.15860745,0.01351));
#13866=CARTESIAN_POINT('',(0.0367717,-0.15670245,0.01351));
#13867=CARTESIAN_POINT('',(0.0386767,-0.15670245,0.01351));
#13868=CARTESIAN_POINT('',(0.0386767,-0.15305155,0.01351));
#13869=CARTESIAN_POINT('',(0.0386767,-0.14940065,0.01351));
#13870=CARTESIAN_POINT('',(0.0405817,-0.14940065,0.01351));
#13871=CARTESIAN_POINT('',(0.0405817,-0.14749565,0.01351));
#13872=CARTESIAN_POINT('',(0.0701869,-0.14749565,0.01351));
#13873=CARTESIAN_POINT('',(0.0997921,-0.14749565,0.01351));
#13874=CARTESIAN_POINT('',(0.0997921,-0.14940065,0.01351));
#13875=CARTESIAN_POINT('',(0.1016971,-0.14940065,0.01351));
#13876=CARTESIAN_POINT('',(0.1016971,-0.15305155,0.01351));
#13877=CARTESIAN_POINT('',(0.1016971,-0.15670245,0.01351));
#13878=CARTESIAN_POINT('',(0.1036021,-0.15670245,0.01351));
#13879=CARTESIAN_POINT('',(0.1036021,-0.15860745,0.01351));
#13880=CARTESIAN_POINT('',(0.126711823412948,-0.15860745,0.01351));
#13881=CARTESIAN_POINT('',(0.149829091350709,-0.15860745,0.01351));
#13882=CARTESIAN_POINT('',(0.149829091350709,-0.15670245,0.01351));
#13883=CARTESIAN_POINT('',(0.0803736344337595,-0.04860125,-0.00349));
#13884=CARTESIAN_POINT('',(0.0155014,-0.04860125,0.00151));
#13885=CARTESIAN_POINT('',(0.0155014,-0.04860125,0.00151));
#13886=CARTESIAN_POINT('',(0.0803736344337595,-0.04860125,0.00151));
#13887=CARTESIAN_POINT('',(0.147150868867519,-0.04860125,0.00151));
#13888=CARTESIAN_POINT('',(0.147150868867519,-0.04860125,-0.00349));
#13889=CARTESIAN_POINT('',(0.0135964,-0.10360435,-0.00349));
#13890=CARTESIAN_POINT('',(0.0135964,-0.0505064776935687,0.00151));
#13891=CARTESIAN_POINT('',(0.0135964,-0.05050625,0.00151));
#13892=CARTESIAN_POINT('',(0.0135964,-0.05050625,-0.00349));
#13893=CARTESIAN_POINT('',(0.0135964,-0.15670245,-0.00349));
#13894=CARTESIAN_POINT('',(0.02613655,-0.15860745,-0.00349));
#13895=CARTESIAN_POINT('',(0.0367717,-0.15860745,-0.00349));
#13896=CARTESIAN_POINT('',(0.0155014,-0.15860745,-0.00349));
#13897=CARTESIAN_POINT('',(0.0386767,-0.15305155,-0.00349));
#13898=CARTESIAN_POINT('',(0.0386767,-0.14940065,0.01351));
#13899=CARTESIAN_POINT('',(0.0386767,-0.15670245,-0.00349));
#13900=CARTESIAN_POINT('',(0.0701869,-0.14749565,-0.00349));
#13901=CARTESIAN_POINT('',(0.0997921,-0.14749565,0.01351));
#13902=CARTESIAN_POINT('',(0.0405817,-0.14749565,-0.00349));
#13903=CARTESIAN_POINT('',(0.1016971,-0.15305155,-0.00349));
#13904=CARTESIAN_POINT('',(0.1016971,-0.15670245,-0.00349));
#13905=CARTESIAN_POINT('',(0.1016971,-0.14940065,-0.00349));
#13906=CARTESIAN_POINT('',(0.126711823412948,-0.15860745,-0.00349));
#13907=CARTESIAN_POINT('',(0.149829091350709,-0.15860745,0.01351));
#13908=CARTESIAN_POINT('',(0.1036021,-0.15860745,-0.00349));
#13909=CARTESIAN_POINT('',(0.151929823272467,-0.107381785464104,-0.00349));
#13910=CARTESIAN_POINT('',(0.151929823272467,-0.107381785464104,0.00151));
#13911=CARTESIAN_POINT('',(0.152155449161171,-0.0505240615107532,0.00151));
#13912=CARTESIAN_POINT('',(0.152143520276043,-0.0535301405629847,0.00151));
#13913=CARTESIAN_POINT('',(0.152143520276043,-0.0535301405629847,0.01351));
#13914=CARTESIAN_POINT('',(0.151734076351832,-0.15671000946429,-0.00349));
#13915=CARTESIAN_POINT('',(0.152155449161171,-0.0505240615107532,-0.00349));
#13916=CARTESIAN_POINT('',(0.14965694125728,-0.0486095305358112,-0.00349));
#13917=CARTESIAN_POINT('',(0.14965694125728,-0.0486095305358112,0.00151));
#13918=CARTESIAN_POINT('',(0.150256758604965,-0.0486115124454512,0.00151));
#13919=CARTESIAN_POINT('',(0.150256758604965,-0.0486115124454512,-0.00349));
#13920=CARTESIAN_POINT('',(0.126715783793427,-0.15660745,0.01351));
#13921=CARTESIAN_POINT('',(0.126715783793427,-0.15660745,0.00151));
#13922=CARTESIAN_POINT('',(0.1036971,-0.15660745,0.00151));
#13923=CARTESIAN_POINT('',(0.1036971,-0.15660745,0.01351));
#13924=CARTESIAN_POINT('',(0.1036971,-0.15105155,0.01351));
#13925=CARTESIAN_POINT('',(0.1036971,-0.15105155,0.00151));
#13926=CARTESIAN_POINT('',(0.1036971,-0.14549565,0.00151));
#13927=CARTESIAN_POINT('',(0.1036971,-0.14549565,0.01351));
#13928=CARTESIAN_POINT('',(0.0701869,-0.14549565,0.01351));
#13929=CARTESIAN_POINT('',(0.0701869,-0.14549565,0.00151));
#13930=CARTESIAN_POINT('',(0.0366767,-0.14549565,0.00151));
#13931=CARTESIAN_POINT('',(0.0366767,-0.14549565,0.01351));
#13932=CARTESIAN_POINT('',(0.0366767,-0.15105155,0.01351));
#13933=CARTESIAN_POINT('',(0.0366767,-0.15105155,0.00151));
#13934=CARTESIAN_POINT('',(0.0366767,-0.15660745,0.00151));
#13935=CARTESIAN_POINT('',(0.0366767,-0.15660745,0.01351));
#13936=CARTESIAN_POINT('',(0.02613655,-0.15660745,0.01351));
#13937=CARTESIAN_POINT('',(0.02613655,-0.15660745,0.00151));
#13938=CARTESIAN_POINT('',(0.0155964,-0.15660745,0.00151));
#13939=CARTESIAN_POINT('',(0.0155964,-0.15660745,0.01351));
#13940=CARTESIAN_POINT('',(0.0828797068235203,-0.0486095305358113,0.01351));
#13941=CARTESIAN_POINT('',(0.124858013842057,-0.0486145476588456,0.00151));
#13942=CARTESIAN_POINT('',(0.124858013842057,-0.0486145476588456,0.00151));
#13943=CARTESIAN_POINT('',(0.0828797068235203,-0.0486095305358113,0.00151));
#13944=CARTESIAN_POINT('',(0.0155016276799612,-0.0486014777071746,0.01351));
#13945=CARTESIAN_POINT('',(0.0155964,-0.10360435,0.01351));
#13946=CARTESIAN_POINT('',(0.0155964,-0.10360435,0.00151));
#13947=CARTESIAN_POINT('',(0.0828881663964725,-0.10360435,0.00151));
#13948=CARTESIAN_POINT('',(0.124857786162096,-0.0505195476452398,0.00151));
#13949=CARTESIAN_POINT('',(0.12676278614849,-0.0505197753252009,0.00151));
#13950=CARTESIAN_POINT('',(0.126762655277331,-0.0516147753173803,0.00151));
#13951=CARTESIAN_POINT('',(0.152048548667494,-0.0535227974261391,0.00151));
#13952=CARTESIAN_POINT('',(0.151143742317842,-0.0518463874316479,0.00151));
#13953=CARTESIAN_POINT('',(0.150238535274921,-0.0535225810986945,0.00151));
#13954=CARTESIAN_POINT('',(0.150250464160049,-0.050516502046463,0.00151));
#13955=CARTESIAN_POINT('',(0.13374,-0.0895,0.00151));
#13956=CARTESIAN_POINT('',(0.13374,-0.0911,0.00151));
#13957=CARTESIAN_POINT('',(0.0261921,-0.1460408,0.00151));
#13958=CARTESIAN_POINT('',(0.0261921,-0.1476408,0.00151));
#13959=CARTESIAN_POINT('',(0.1134991,-0.1460408,0.00151));
#13960=CARTESIAN_POINT('',(0.1134991,-0.1476408,0.00151));
#13961=CARTESIAN_POINT('',(0.1134991,-0.1460408,-0.00149));
#13962=CARTESIAN_POINT('',(0.1134991,-0.1460408,-0.00149));
#13963=CARTESIAN_POINT('',(0.1134991,-0.1476408,-0.00149));
#13964=CARTESIAN_POINT('',(0.0828796796587809,-0.10360429198555,-0.00149));
#13965=CARTESIAN_POINT('',(0.0261921,-0.1460408,-0.00149));
#13966=CARTESIAN_POINT('',(0.0261921,-0.1460408,-0.00149));
#13967=CARTESIAN_POINT('',(0.0261921,-0.1476408,-0.00149));
#13968=CARTESIAN_POINT('',(0.0828796796587809,-0.10360429198555,-0.00149));
#13969=CARTESIAN_POINT('',(0.13374,-0.0895,-0.00149));
#13970=CARTESIAN_POINT('',(0.13374,-0.0895,-0.00149));
#13971=CARTESIAN_POINT('',(0.13374,-0.0911,-0.00149));
#13972=CARTESIAN_POINT('',(0.0828796796587809,-0.10360429198555,-0.00149));
#13973=CARTESIAN_POINT('',(0.126762655277331,-0.0516147753173803,0.00751));
#13974=CARTESIAN_POINT('',(0.12676278614849,-0.0505197753252009,0.01351));
#13975=CARTESIAN_POINT('',(0.150250464160049,-0.050516502046463,-0.00349));
#13976=CARTESIAN_POINT('',(0.152048548667494,-0.0535227974261391,0.00751));
#13977=CARTESIAN_POINT('',(0.151143742317842,-0.0518463874316479,0.00751));
#13978=CARTESIAN_POINT('',(0.124857786162096,-0.0505195476452398,0.01351));
#13979=CARTESIAN_POINT('',(0.0155014,-0.0505064776935687,-0.00349));
#13980=CARTESIAN_POINT('',(0.0155014,-0.0486014776935687,0.00151));
#13981=CARTESIAN_POINT('',(0.0150027101151706,-0.0486014776935687,0.00151));
#13982=CARTESIAN_POINT('',(0.0140092993050164,-0.0490141986458105,0.00151));
#13983=CARTESIAN_POINT('',(0.0135964596191081,-0.0500075601187344,0.00151));
#13984=CARTESIAN_POINT('',(0.0135964000136074,-0.0505062500000017,0.00151));
#13985=CARTESIAN_POINT('',(0.0155014,-0.05050625,-0.00349));
#13986=CARTESIAN_POINT('',(0.149829091350709,-0.15670245,-0.00349));
#13987=CARTESIAN_POINT('',(0.1036021,-0.15670245,-0.00349));
#13988=CARTESIAN_POINT('',(0.0997921,-0.14940065,-0.00349));
#13989=CARTESIAN_POINT('',(0.0405817,-0.14940065,-0.00349));
#13990=CARTESIAN_POINT('',(0.0367717,-0.15670245,-0.00349));
#13991=CARTESIAN_POINT('',(0.0155014,-0.15670245,-0.00349));
#13992=CARTESIAN_POINT('',(0.150238535274921,-0.0535225810986945,0.00751));
#13993=CARTESIAN_POINT('',(0.0181251648658266,-0.131898879526286,-0.00249));
#13994=CARTESIAN_POINT('',(0.0181251648658266,-0.131495654582977,-0.00249));
#13995=CARTESIAN_POINT('',(0.0181251648658266,-0.131495654582977,-0.00249));
#13996=CARTESIAN_POINT('',(0.0181251648658266,-0.131898879526286,-0.00249));
#13997=CARTESIAN_POINT('',(0.0181251648658266,-0.132302104469596,-0.00249));
#13998=CARTESIAN_POINT('',(0.0181251648658266,-0.132302104469596,-0.00249));
#13999=CARTESIAN_POINT('',(0.0214799145210741,-0.131495654582977,-0.00249));
#14000=CARTESIAN_POINT('',(0.0248346641763217,-0.131495654582977,-0.00249));
#14001=CARTESIAN_POINT('',(0.0248346641763217,-0.131495654582977,-0.00249));
#14002=CARTESIAN_POINT('',(0.0214799145210741,-0.131495654582977,-0.00249));
#14003=CARTESIAN_POINT('',(0.0248346641763217,-0.132522138385361,-0.00249));
#14004=CARTESIAN_POINT('',(0.0248346641763217,-0.133548622187744,-0.00249));
#14005=CARTESIAN_POINT('',(0.0248346641763217,-0.133548622187744,-0.00249));
#14006=CARTESIAN_POINT('',(0.0248346641763217,-0.132522138385361,-0.00249));
#14007=CARTESIAN_POINT('',(0.02429737205643,-0.133548622187744,-0.00249));
#14008=CARTESIAN_POINT('',(0.0237600799365383,-0.133548622187744,-0.00249));
#14009=CARTESIAN_POINT('',(0.0237600799365383,-0.133548622187744,-0.00249));
#14010=CARTESIAN_POINT('',(0.02429737205643,-0.133548622187744,-0.00249));
#14011=CARTESIAN_POINT('',(0.0237119794991385,-0.133014400308538,-0.00249));
#14012=CARTESIAN_POINT('',(0.0236638790617386,-0.132480178429331,-0.00249));
#14013=CARTESIAN_POINT('',(0.0236638790617386,-0.132480178429331,-0.00249));
#14014=CARTESIAN_POINT('',(0.0237119794991385,-0.133014400308538,-0.00249));
#14015=CARTESIAN_POINT('',(0.0220458622206934,-0.132480178429331,-0.00249));
#14016=CARTESIAN_POINT('',(0.0204278453796481,-0.132480178429331,-0.00249));
#14017=CARTESIAN_POINT('',(0.0204278453796481,-0.132480178429331,-0.00249));
#14018=CARTESIAN_POINT('',(0.0220458622206934,-0.132480178429331,-0.00249));
#14019=CARTESIAN_POINT('',(0.0204278453796481,-0.13614911604802,-0.00249));
#14020=CARTESIAN_POINT('',(0.0204278453796481,-0.139818053666709,-0.00249));
#14021=CARTESIAN_POINT('',(0.0204278453796481,-0.139818053666709,-0.00249));
#14022=CARTESIAN_POINT('',(0.0204278453796481,-0.13614911604802,-0.00249));
#14023=CARTESIAN_POINT('',(0.0209487628825526,-0.139907090646577,-0.00249));
#14024=CARTESIAN_POINT('',(0.0214696803854572,-0.139996127626445,-0.00249));
#14025=CARTESIAN_POINT('',(0.0214696803854572,-0.139996127626445,-0.00249));
#14026=CARTESIAN_POINT('',(0.0209487628825526,-0.139907090646577,-0.00249));
#14027=CARTESIAN_POINT('',(0.0214696803854572,-0.140402422810439,-0.00249));
#14028=CARTESIAN_POINT('',(0.0214696803854572,-0.140808717994433,-0.00249));
#14029=CARTESIAN_POINT('',(0.0214696803854572,-0.140808717994433,-0.00249));
#14030=CARTESIAN_POINT('',(0.0214696803854572,-0.140402422810439,-0.00249));
#14031=CARTESIAN_POINT('',(0.0209487628825526,-0.140808717994433,-0.00249));
#14032=CARTESIAN_POINT('',(0.0181251648658266,-0.140808717994433,-0.00249));
#14033=CARTESIAN_POINT('',(0.0181251648658266,-0.140808717994433,-0.00249));
#14034=CARTESIAN_POINT('',(0.0209487628825526,-0.140808717994433,-0.00249));
#14035=CARTESIAN_POINT('',(0.0181251648658266,-0.140402422810439,-0.00249));
#14036=CARTESIAN_POINT('',(0.0181251648658266,-0.139996127626445,-0.00249));
#14037=CARTESIAN_POINT('',(0.0181251648658266,-0.139996127626445,-0.00249));
#14038=CARTESIAN_POINT('',(0.0181251648658266,-0.140402422810439,-0.00249));
#14039=CARTESIAN_POINT('',(0.0186460823687311,-0.139907090646577,-0.00249));
#14040=CARTESIAN_POINT('',(0.0191669998716356,-0.139818053666709,-0.00249));
#14041=CARTESIAN_POINT('',(0.0191669998716356,-0.139818053666709,-0.00249));
#14042=CARTESIAN_POINT('',(0.0186460823687311,-0.139907090646577,-0.00249));
#14043=CARTESIAN_POINT('',(0.0191669998716356,-0.13614911604802,-0.00249));
#14044=CARTESIAN_POINT('',(0.0191669998716356,-0.132480178429331,-0.00249));
#14045=CARTESIAN_POINT('',(0.0191669998716356,-0.132480178429331,-0.00249));
#14046=CARTESIAN_POINT('',(0.0191669998716356,-0.13614911604802,-0.00249));
#14047=CARTESIAN_POINT('',(0.0186460823687311,-0.132391141449463,-0.00249));
#14048=CARTESIAN_POINT('',(0.0186460823687311,-0.132391141449463,-0.00249));
#14049=CARTESIAN_POINT('',(0.0828759320800245,-0.10360435,-0.00249));
#14050=CARTESIAN_POINT('',(0.070839150601791,-0.100111654299932,-0.00249));
#14051=CARTESIAN_POINT('',(0.070839150601791,-0.100111654299932,-0.00349));
#14052=CARTESIAN_POINT('',(0.070839150601791,-0.0994157330779773,-0.00249));
#14053=CARTESIAN_POINT('',(0.070839150601791,-0.0994157330779773,-0.00349));
#14054=CARTESIAN_POINT('',(0.0709820873625749,-0.098856608135436,-0.00249));
#14055=CARTESIAN_POINT('',(0.0709820873625749,-0.098856608135436,-0.00349));
#14056=CARTESIAN_POINT('',(0.0712679608841427,-0.0984342794723084,-0.00249));
#14057=CARTESIAN_POINT('',(0.0712679608841427,-0.0984342794723084,-0.00349));
#14058=CARTESIAN_POINT('',(0.070839150601791,-0.100111654299932,-0.00349));
#14059=CARTESIAN_POINT('',(0.070839150601791,-0.0990677724669998,-0.00349));
#14060=CARTESIAN_POINT('',(0.0712679608841427,-0.0984342794723084,-0.00349));
#14061=CARTESIAN_POINT('',(0.070839150601791,-0.100111654299932,-0.00349));
#14062=CARTESIAN_POINT('',(0.0712679608841427,-0.0984342794723084,-0.00349));
#14063=CARTESIAN_POINT('',(0.070839150601791,-0.100111654299932,-0.00249));
#14064=CARTESIAN_POINT('',(0.070839150601791,-0.100111654299932,-0.00249));
#14065=CARTESIAN_POINT('',(0.070839150601791,-0.100111654299932,-0.00249));
#14066=CARTESIAN_POINT('',(0.070839150601791,-0.0990677724669998,-0.00249));
#14067=CARTESIAN_POINT('',(0.0712679608841427,-0.0984342794723084,-0.00249));
#14068=CARTESIAN_POINT('',(0.0712679608841427,-0.0984342794723084,-0.00249));
#14069=CARTESIAN_POINT('',(0.0712679608841427,-0.0984342794723084,-0.00249));
#14070=CARTESIAN_POINT('',(0.070839150601791,-0.100178176181443,-0.00249));
#14071=CARTESIAN_POINT('',(0.070839150601791,-0.100178176181443,-0.00349));
#14072=CARTESIAN_POINT('',(0.070839150601791,-0.100244698062953,-0.00349));
#14073=CARTESIAN_POINT('',(0.070839150601791,-0.100244698062953,-0.00249));
#14074=CARTESIAN_POINT('',(0.070839150601791,-0.100244698062953,-0.00249));
#14075=CARTESIAN_POINT('',(0.070839150601791,-0.100178176181443,-0.00249));
#14076=CARTESIAN_POINT('',(0.0712710311248278,-0.102190207243742,-0.00249));
#14077=CARTESIAN_POINT('',(0.0712710311248278,-0.102190207243742,-0.00349));
#14078=CARTESIAN_POINT('',(0.0709831107761366,-0.101691463701341,-0.00249));
#14079=CARTESIAN_POINT('',(0.0709831107761366,-0.101691463701341,-0.00349));
#14080=CARTESIAN_POINT('',(0.070839150601791,-0.101042960641078,-0.00249));
#14081=CARTESIAN_POINT('',(0.070839150601791,-0.101042960641078,-0.00349));
#14082=CARTESIAN_POINT('',(0.070839150601791,-0.100244698062953,-0.00249));
#14083=CARTESIAN_POINT('',(0.070839150601791,-0.100244698062953,-0.00349));
#14084=CARTESIAN_POINT('',(0.0712710311248278,-0.102190207243742,-0.00349));
#14085=CARTESIAN_POINT('',(0.070839150601791,-0.10144209193014,-0.00349));
#14086=CARTESIAN_POINT('',(0.070839150601791,-0.100244698062953,-0.00349));
#14087=CARTESIAN_POINT('',(0.0712710311248278,-0.102190207243742,-0.00349));
#14088=CARTESIAN_POINT('',(0.0712710311248278,-0.102190207243742,-0.00249));
#14089=CARTESIAN_POINT('',(0.0712710311248278,-0.102190207243742,-0.00249));
#14090=CARTESIAN_POINT('',(0.0712710311248278,-0.102190207243742,-0.00249));
#14091=CARTESIAN_POINT('',(0.070839150601791,-0.10144209193014,-0.00249));
#14092=CARTESIAN_POINT('',(0.070839150601791,-0.100244698062953,-0.00249));
#14093=CARTESIAN_POINT('',(0.0726035155821592,-0.102938322557343,-0.00249));
#14094=CARTESIAN_POINT('',(0.0726035155821592,-0.102938322557343,-0.00349));
#14095=CARTESIAN_POINT('',(0.0720031129592961,-0.102938322557343,-0.00249));
#14096=CARTESIAN_POINT('',(0.0720031129592961,-0.102938322557343,-0.00349));
#14097=CARTESIAN_POINT('',(0.0715589514735189,-0.102688950786143,-0.00249));
#14098=CARTESIAN_POINT('',(0.0715589514735189,-0.102688950786143,-0.00349));
#14099=CARTESIAN_POINT('',(0.0712710311248278,-0.102190207243742,-0.00249));
#14100=CARTESIAN_POINT('',(0.0712710311248278,-0.102190207243742,-0.00349));
#14101=CARTESIAN_POINT('',(0.0726035155821592,-0.102938322557343,-0.00349));
#14102=CARTESIAN_POINT('',(0.0717029116478645,-0.102938322557343,-0.00349));
#14103=CARTESIAN_POINT('',(0.0712710311248278,-0.102190207243742,-0.00349));
#14104=CARTESIAN_POINT('',(0.0726035155821592,-0.102938322557343,-0.00349));
#14105=CARTESIAN_POINT('',(0.0726035155821592,-0.102938322557343,-0.00249));
#14106=CARTESIAN_POINT('',(0.0726035155821592,-0.102938322557343,-0.00249));
#14107=CARTESIAN_POINT('',(0.0726035155821592,-0.102938322557343,-0.00249));
#14108=CARTESIAN_POINT('',(0.0717029116478645,-0.102938322557343,-0.00249));
#14109=CARTESIAN_POINT('',(0.0712710311248278,-0.102190207243742,-0.00249));
#14110=CARTESIAN_POINT('',(0.0735378921639898,-0.102682469166919,-0.00249));
#14111=CARTESIAN_POINT('',(0.0735378921639898,-0.102682469166919,-0.00349));
#14112=CARTESIAN_POINT('',(0.0732779451193185,-0.102853038093869,-0.00249));
#14113=CARTESIAN_POINT('',(0.0732779451193185,-0.102853038093869,-0.00349));
#14114=CARTESIAN_POINT('',(0.0729664862587083,-0.102938322557343,-0.00249));
#14115=CARTESIAN_POINT('',(0.0729664862587083,-0.102938322557343,-0.00349));
#14116=CARTESIAN_POINT('',(0.0726035155821592,-0.102938322557343,-0.00249));
#14117=CARTESIAN_POINT('',(0.0726035155821592,-0.102938322557343,-0.00349));
#14118=CARTESIAN_POINT('',(0.0735378921639898,-0.102682469166919,-0.00349));
#14119=CARTESIAN_POINT('',(0.0731479715969828,-0.102938322557343,-0.00349));
#14120=CARTESIAN_POINT('',(0.0726035155821592,-0.102938322557343,-0.00349));
#14121=CARTESIAN_POINT('',(0.0735378921639898,-0.102682469166919,-0.00349));
#14122=CARTESIAN_POINT('',(0.0735378921639898,-0.102682469166919,-0.00249));
#14123=CARTESIAN_POINT('',(0.0735378921639898,-0.102682469166919,-0.00249));
#14124=CARTESIAN_POINT('',(0.0735378921639898,-0.102682469166919,-0.00249));
#14125=CARTESIAN_POINT('',(0.0731479715969828,-0.102938322557343,-0.00249));
#14126=CARTESIAN_POINT('',(0.0726035155821592,-0.102938322557343,-0.00249));
#14127=CARTESIAN_POINT('',(0.0724613754983591,-0.101064681162415,-0.00249));
#14128=CARTESIAN_POINT('',(0.0724613754983591,-0.101064681162415,-0.00349));
#14129=CARTESIAN_POINT('',(0.0741710230302709,-0.101990445508751,-0.00349));
#14130=CARTESIAN_POINT('',(0.0741713851586812,-0.101990641599211,-0.00249));
#14131=CARTESIAN_POINT('',(0.0741710230302709,-0.101990445508751,-0.00249000025));
#14132=CARTESIAN_POINT('',(0.0724613754983591,-0.101064681162415,-0.00249));
#14133=CARTESIAN_POINT('',(0.0741713851586812,-0.100385929134467,-0.00249));
#14134=CARTESIAN_POINT('',(0.0741713851586812,-0.100385929134467,-0.00349));
#14135=CARTESIAN_POINT('',(0.0741713851586812,-0.0987812166697242,-0.00349));
#14136=CARTESIAN_POINT('',(0.0741713851586812,-0.0987812166697242,-0.00249));
#14137=CARTESIAN_POINT('',(0.0741713851586812,-0.0987812166697242,-0.00249));
#14138=CARTESIAN_POINT('',(0.0741713851586812,-0.100385929134467,-0.00249));
#14139=CARTESIAN_POINT('',(0.0735378921639898,-0.0980566398680417,-0.00249));
#14140=CARTESIAN_POINT('',(0.0735378921639898,-0.0980566398680417,-0.00349));
#14141=CARTESIAN_POINT('',(0.0737937455544145,-0.0982272087949914,-0.00249));
#14142=CARTESIAN_POINT('',(0.0737937455544145,-0.0982272087949914,-0.00349));
#14143=CARTESIAN_POINT('',(0.0740049098859783,-0.0984687343955523,-0.00249));
#14144=CARTESIAN_POINT('',(0.0740049098859783,-0.0984687343955523,-0.00349));
#14145=CARTESIAN_POINT('',(0.0741713851586812,-0.0987812166697242,-0.00249));
#14146=CARTESIAN_POINT('',(0.0741713851586812,-0.0987812166697242,-0.00349));
#14147=CARTESIAN_POINT('',(0.0735378921639898,-0.0980566398680417,-0.00349));
#14148=CARTESIAN_POINT('',(0.0739216722496268,-0.0983124932584663,-0.00349));
#14149=CARTESIAN_POINT('',(0.0741713851586812,-0.0987812166697242,-0.00349));
#14150=CARTESIAN_POINT('',(0.0735378921639898,-0.0980566398680417,-0.00349));
#14151=CARTESIAN_POINT('',(0.0735378921639898,-0.0980566398680417,-0.00249));
#14152=CARTESIAN_POINT('',(0.0735378921639898,-0.0980566398680417,-0.00249));
#14153=CARTESIAN_POINT('',(0.0735378921639898,-0.0980566398680417,-0.00249));
#14154=CARTESIAN_POINT('',(0.0739216722496268,-0.0983124932584663,-0.00249));
#14155=CARTESIAN_POINT('',(0.0741713851586812,-0.0987812166697242,-0.00249));
#14156=CARTESIAN_POINT('',(0.0725912346194188,-0.0978007864776171,-0.00249));
#14157=CARTESIAN_POINT('',(0.0725912346194188,-0.0978007864776171,-0.00349));
#14158=CARTESIAN_POINT('',(0.0729664862587082,-0.0978007864776171,-0.00249));
#14159=CARTESIAN_POINT('',(0.0729664862587082,-0.0978007864776171,-0.00349));
#14160=CARTESIAN_POINT('',(0.0732820387735652,-0.097886070941092,-0.00249));
#14161=CARTESIAN_POINT('',(0.0732820387735652,-0.097886070941092,-0.00349));
#14162=CARTESIAN_POINT('',(0.0735378921639898,-0.0980566398680417,-0.00249));
#14163=CARTESIAN_POINT('',(0.0735378921639898,-0.0980566398680417,-0.00349));
#14164=CARTESIAN_POINT('',(0.0725912346194188,-0.0978007864776171,-0.00349));
#14165=CARTESIAN_POINT('',(0.0731541120783529,-0.0978007864776171,-0.00349));
#14166=CARTESIAN_POINT('',(0.0735378921639898,-0.0980566398680417,-0.00349));
#14167=CARTESIAN_POINT('',(0.0725912346194188,-0.0978007864776171,-0.00349));
#14168=CARTESIAN_POINT('',(0.0725912346194188,-0.0978007864776171,-0.00249));
#14169=CARTESIAN_POINT('',(0.0725912346194188,-0.0978007864776171,-0.00249));
#14170=CARTESIAN_POINT('',(0.0725912346194188,-0.0978007864776171,-0.00249));
#14171=CARTESIAN_POINT('',(0.0731541120783529,-0.0978007864776171,-0.00249));
#14172=CARTESIAN_POINT('',(0.0735378921639898,-0.0980566398680417,-0.00249));
#14173=CARTESIAN_POINT('',(0.0724040152970206,-0.0990105682062095,-0.00249));
#14174=CARTESIAN_POINT('',(0.0742348367995065,-0.0977373348367918,-0.00249));
#14175=CARTESIAN_POINT('',(0.0742344669751018,-0.0977375920288623,-0.00249000025));
#14176=CARTESIAN_POINT('',(0.0724040152970206,-0.0990105682062095,-0.00249));
#14177=CARTESIAN_POINT('',(0.0734079186416542,-0.0970209453436029,-0.00249));
#14178=CARTESIAN_POINT('',(0.0734079186416542,-0.0970209453436029,-0.00249));
#14179=CARTESIAN_POINT('',(0.0742860074775914,-0.0973248991714273,-0.00249));
#14180=CARTESIAN_POINT('',(0.0743371781556764,-0.0969124635060628,-0.00249));
#14181=CARTESIAN_POINT('',(0.0743371781556764,-0.0969124635060628,-0.00249));
#14182=CARTESIAN_POINT('',(0.0742860074775914,-0.0973248991714273,-0.00249));
#14183=CARTESIAN_POINT('',(0.0754056219140896,-0.0969124635060628,-0.00249));
#14184=CARTESIAN_POINT('',(0.0764740656725027,-0.0969124635060628,-0.00249));
#14185=CARTESIAN_POINT('',(0.0764740656725027,-0.0969124635060628,-0.00249));
#14186=CARTESIAN_POINT('',(0.0754056219140896,-0.0969124635060628,-0.00249));
#14187=CARTESIAN_POINT('',(0.0764740656725027,-0.097315688449372,-0.00249));
#14188=CARTESIAN_POINT('',(0.0764740656725027,-0.0977189133926812,-0.00249));
#14189=CARTESIAN_POINT('',(0.0764740656725027,-0.0977189133926812,-0.00249));
#14190=CARTESIAN_POINT('',(0.0764740656725027,-0.097315688449372,-0.00249));
#14191=CARTESIAN_POINT('',(0.0759531481695982,-0.097807950372549,-0.00249));
#14192=CARTESIAN_POINT('',(0.0754322306666937,-0.0978969873524168,-0.00249));
#14193=CARTESIAN_POINT('',(0.0754322306666937,-0.0978969873524168,-0.00249));
#14194=CARTESIAN_POINT('',(0.0759531481695982,-0.097807950372549,-0.00249));
#14195=CARTESIAN_POINT('',(0.0754322306666937,-0.10239386654252,-0.00249));
#14196=CARTESIAN_POINT('',(0.0754322306666937,-0.106890745732623,-0.00249));
#14197=CARTESIAN_POINT('',(0.0754322306666937,-0.106890745732623,-0.00249));
#14198=CARTESIAN_POINT('',(0.0754322306666937,-0.10239386654252,-0.00249));
#14199=CARTESIAN_POINT('',(0.0748018079126875,-0.106890745732623,-0.00249));
#14200=CARTESIAN_POINT('',(0.0731295501528722,-0.106890745732623,-0.00249));
#14201=CARTESIAN_POINT('',(0.0731295501528722,-0.106890745732623,-0.00249));
#14202=CARTESIAN_POINT('',(0.0748018079126875,-0.106890745732623,-0.00249));
#14203=CARTESIAN_POINT('',(0.0731295501528722,-0.106484450548629,-0.00249));
#14204=CARTESIAN_POINT('',(0.0731295501528722,-0.106078155364634,-0.00249));
#14205=CARTESIAN_POINT('',(0.0731295501528722,-0.106078155364634,-0.00249));
#14206=CARTESIAN_POINT('',(0.0731295501528722,-0.106484450548629,-0.00249));
#14207=CARTESIAN_POINT('',(0.0736504676557767,-0.105989118384766,-0.00249));
#14208=CARTESIAN_POINT('',(0.0741713851586812,-0.105900081404899,-0.00249));
#14209=CARTESIAN_POINT('',(0.0741713851586812,-0.105900081404899,-0.00249));
#14210=CARTESIAN_POINT('',(0.0736504676557767,-0.105989118384766,-0.00249));
#14211=CARTESIAN_POINT('',(0.0741713851586812,-0.104489817516878,-0.00249));
#14212=CARTESIAN_POINT('',(0.0741713851586812,-0.103078718369248,-0.00249));
#14213=CARTESIAN_POINT('',(0.0741713851586812,-0.103079553628858,-0.00249));
#14214=CARTESIAN_POINT('',(0.0741713851586812,-0.104489817516878,-0.00249));
#14215=CARTESIAN_POINT('',(0.0723956989732382,-0.101725824305862,-0.00249));
#14216=CARTESIAN_POINT('',(0.0733690289263096,-0.103734538308345,-0.00249));
#14217=CARTESIAN_POINT('',(0.0733690289263096,-0.103734538308345,-0.00249));
#14218=CARTESIAN_POINT('',(0.0723956989732382,-0.101725824305862,-0.00249));
#14219=CARTESIAN_POINT('',(0.0722842105509092,-0.103961736119042,-0.00249));
#14220=CARTESIAN_POINT('',(0.0722842105509092,-0.103961736119042,-0.00349));
#14221=CARTESIAN_POINT('',(0.0726935759755886,-0.103961736119042,-0.00249));
#14222=CARTESIAN_POINT('',(0.0726935759755886,-0.103961736119042,-0.00349));
#14223=CARTESIAN_POINT('',(0.0730551821007221,-0.103886003515476,-0.00249));
#14224=CARTESIAN_POINT('',(0.0730551821007221,-0.103886003515476,-0.00349));
#14225=CARTESIAN_POINT('',(0.0733690289263096,-0.103734538308345,-0.00249));
#14226=CARTESIAN_POINT('',(0.0733690289263096,-0.103734538308345,-0.00349));
#14227=CARTESIAN_POINT('',(0.0722842105509092,-0.103961736119042,-0.00249));
#14228=CARTESIAN_POINT('',(0.0722842105509092,-0.103961736119042,-0.00249));
#14229=CARTESIAN_POINT('',(0.0722842105509092,-0.103961736119042,-0.00249));
#14230=CARTESIAN_POINT('',(0.0728982586879283,-0.103961736119042,-0.00249));
#14231=CARTESIAN_POINT('',(0.0733690289263096,-0.103734538308345,-0.00249));
#14232=CARTESIAN_POINT('',(0.0702916243462823,-0.102938322557343,-0.00249));
#14233=CARTESIAN_POINT('',(0.0702916243462823,-0.102938322557343,-0.00349));
#14234=CARTESIAN_POINT('',(0.0707671705146182,-0.103620598265142,-0.00249));
#14235=CARTESIAN_POINT('',(0.0707671705146182,-0.103620598265142,-0.00349));
#14236=CARTESIAN_POINT('',(0.0714313659161605,-0.103961736119042,-0.00249));
#14237=CARTESIAN_POINT('',(0.0714313659161605,-0.103961736119042,-0.00349));
#14238=CARTESIAN_POINT('',(0.0722842105509092,-0.103961736119042,-0.00249));
#14239=CARTESIAN_POINT('',(0.0722842105509092,-0.103961736119042,-0.00349));
#14240=CARTESIAN_POINT('',(0.0702916243462823,-0.102938322557343,-0.00249));
#14241=CARTESIAN_POINT('',(0.0702916243462823,-0.102938322557343,-0.00249));
#14242=CARTESIAN_POINT('',(0.0702916243462823,-0.102938322557343,-0.00249));
#14243=CARTESIAN_POINT('',(0.0710049435987862,-0.103961736119042,-0.00249));
#14244=CARTESIAN_POINT('',(0.0722842105509092,-0.103961736119042,-0.00249));
#14245=CARTESIAN_POINT('',(0.0695783050937785,-0.100244698062953,-0.00249));
#14246=CARTESIAN_POINT('',(0.0695783050937785,-0.100244698062953,-0.00349));
#14247=CARTESIAN_POINT('',(0.0695783050937785,-0.101358172018081,-0.00249));
#14248=CARTESIAN_POINT('',(0.0695783050937785,-0.101358172018081,-0.00349));
#14249=CARTESIAN_POINT('',(0.0698160781779464,-0.102256046849544,-0.00249));
#14250=CARTESIAN_POINT('',(0.0698160781779464,-0.102256046849544,-0.00349));
#14251=CARTESIAN_POINT('',(0.0702916243462823,-0.102938322557343,-0.00249));
#14252=CARTESIAN_POINT('',(0.0702916243462823,-0.102938322557343,-0.00349));
#14253=CARTESIAN_POINT('',(0.0695783050937785,-0.100244698062953,-0.00249));
#14254=CARTESIAN_POINT('',(0.0695783050937785,-0.100244698062953,-0.00249));
#14255=CARTESIAN_POINT('',(0.0695783050937785,-0.100244698062953,-0.00249));
#14256=CARTESIAN_POINT('',(0.0695783050937785,-0.101914908995645,-0.00249));
#14257=CARTESIAN_POINT('',(0.0702916243462823,-0.102938322557343,-0.00249));
#14258=CARTESIAN_POINT('',(0.0695783050937785,-0.100178176181443,-0.00249));
#14259=CARTESIAN_POINT('',(0.0695783050937785,-0.100111654299932,-0.00249));
#14260=CARTESIAN_POINT('',(0.0695783050937785,-0.100111654299932,-0.00249));
#14261=CARTESIAN_POINT('',(0.0695783050937785,-0.100178176181443,-0.00249));
#14262=CARTESIAN_POINT('',(0.0702916243462823,-0.0976953748807622,-0.00249));
#14263=CARTESIAN_POINT('',(0.0702916243462823,-0.0976953748807622,-0.00349));
#14264=CARTESIAN_POINT('',(0.0698160781779464,-0.0983073761906579,-0.00249));
#14265=CARTESIAN_POINT('',(0.0698160781779464,-0.0983073761906579,-0.00349));
#14266=CARTESIAN_POINT('',(0.0695783050937785,-0.0991128026637145,-0.00249));
#14267=CARTESIAN_POINT('',(0.0695783050937785,-0.0991128026637145,-0.00349));
#14268=CARTESIAN_POINT('',(0.0695783050937785,-0.100111654299932,-0.00249));
#14269=CARTESIAN_POINT('',(0.0695783050937785,-0.100111654299932,-0.00349));
#14270=CARTESIAN_POINT('',(0.0702916243462823,-0.0976953748807622,-0.00249));
#14271=CARTESIAN_POINT('',(0.0702916243462823,-0.0976953748807622,-0.00249));
#14272=CARTESIAN_POINT('',(0.0702916243462823,-0.0976953748807622,-0.00249));
#14273=CARTESIAN_POINT('',(0.0695783050937785,-0.0986133768456057,-0.00249));
#14274=CARTESIAN_POINT('',(0.0695783050937785,-0.100111654299932,-0.00249));
#14275=CARTESIAN_POINT('',(0.0722719295881689,-0.0967773729159186,-0.00249));
#14276=CARTESIAN_POINT('',(0.0722719295881689,-0.0967773729159186,-0.00349));
#14277=CARTESIAN_POINT('',(0.0714272722619138,-0.0967773729159186,-0.00249));
#14278=CARTESIAN_POINT('',(0.0714272722619138,-0.0967773729159186,-0.00349));
#14279=CARTESIAN_POINT('',(0.0707671705146182,-0.0970833735708665,-0.00249));
#14280=CARTESIAN_POINT('',(0.0707671705146182,-0.0970833735708665,-0.00349));
#14281=CARTESIAN_POINT('',(0.0702916243462823,-0.0976953748807622,-0.00249));
#14282=CARTESIAN_POINT('',(0.0702916243462823,-0.0976953748807622,-0.00349));
#14283=CARTESIAN_POINT('',(0.0722719295881689,-0.0967773729159186,-0.00249));
#14284=CARTESIAN_POINT('',(0.0722719295881689,-0.0967773729159186,-0.00249));
#14285=CARTESIAN_POINT('',(0.0722719295881689,-0.0967773729159186,-0.00249));
#14286=CARTESIAN_POINT('',(0.0710049435987862,-0.0967773729159186,-0.00249));
#14287=CARTESIAN_POINT('',(0.0702916243462823,-0.0976953748807622,-0.00249));
#14288=CARTESIAN_POINT('',(0.0734079186416542,-0.0970209453436029,-0.00249));
#14289=CARTESIAN_POINT('',(0.0734079186416542,-0.0970209453436029,-0.00349));
#14290=CARTESIAN_POINT('',(0.0730817908533263,-0.0968585637251467,-0.00249));
#14291=CARTESIAN_POINT('',(0.0730817908533263,-0.0968585637251467,-0.00349));
#14292=CARTESIAN_POINT('',(0.0727031278354978,-0.0967773729159186,-0.00249));
#14293=CARTESIAN_POINT('',(0.0727031278354978,-0.0967773729159186,-0.00349));
#14294=CARTESIAN_POINT('',(0.0722719295881689,-0.0967773729159186,-0.00249));
#14295=CARTESIAN_POINT('',(0.0722719295881689,-0.0967773729159186,-0.00349));
#14296=CARTESIAN_POINT('',(0.0734079186416542,-0.0970209453436029,-0.00249));
#14297=CARTESIAN_POINT('',(0.0729187269591623,-0.0967773729159186,-0.00249));
#14298=CARTESIAN_POINT('',(0.0722719295881689,-0.0967773729159186,-0.00249));
#14299=CARTESIAN_POINT('',(0.0712679608841427,-0.0984342794723084,-0.00249));
#14300=CARTESIAN_POINT('',(0.0712679608841427,-0.0984342794723084,-0.00349));
#14301=CARTESIAN_POINT('',(0.0715538344057104,-0.0980119508091809,-0.00249));
#14302=CARTESIAN_POINT('',(0.0715538344057104,-0.0980119508091809,-0.00349));
#14303=CARTESIAN_POINT('',(0.0719949256508025,-0.0978007864776171,-0.00249));
#14304=CARTESIAN_POINT('',(0.0719949256508025,-0.0978007864776171,-0.00349));
#14305=CARTESIAN_POINT('',(0.0725912346194188,-0.0978007864776171,-0.00249));
#14306=CARTESIAN_POINT('',(0.0725912346194188,-0.0978007864776171,-0.00349));
#14307=CARTESIAN_POINT('',(0.0712679608841427,-0.0984342794723084,-0.00349));
#14308=CARTESIAN_POINT('',(0.0716967711664943,-0.0978007864776171,-0.00349));
#14309=CARTESIAN_POINT('',(0.0725912346194188,-0.0978007864776171,-0.00349));
#14310=CARTESIAN_POINT('',(0.0712679608841427,-0.0984342794723084,-0.00249));
#14311=CARTESIAN_POINT('',(0.0716967711664943,-0.0978007864776171,-0.00249));
#14312=CARTESIAN_POINT('',(0.0725912346194188,-0.0978007864776171,-0.00249));
#14313=CARTESIAN_POINT('',(0.0828759320800245,-0.10360435,-0.00249));
#14314=CARTESIAN_POINT('',(0.0594544976007074,-0.100068511428201,-0.00249));
#14315=CARTESIAN_POINT('',(0.0594544976007074,-0.100068511428201,-0.00349));
#14316=CARTESIAN_POINT('',(0.0594280893888531,-0.0978335357115915,-0.00349));
#14317=CARTESIAN_POINT('',(0.060572265750832,-0.0981344192987308,-0.00349));
#14318=CARTESIAN_POINT('',(0.0594280893888531,-0.0978335357115915,-0.00249));
#14319=CARTESIAN_POINT('',(0.0594280893888531,-0.0978335357115915,-0.00249));
#14320=CARTESIAN_POINT('',(0.0594544976007074,-0.100068511428201,-0.00249));
#14321=CARTESIAN_POINT('',(0.060572265750832,-0.0981344192987308,-0.00249));
#14322=CARTESIAN_POINT('',(0.060572265750832,-0.0981344192987308,-0.00249));
#14323=CARTESIAN_POINT('',(0.0585776327190817,-0.0980730144850289,-0.00249));
#14324=CARTESIAN_POINT('',(0.0585776327190817,-0.0980730144850289,-0.00349));
#14325=CARTESIAN_POINT('',(0.0587652585387264,-0.097913361969404,-0.00249));
#14326=CARTESIAN_POINT('',(0.0587652585387264,-0.097913361969404,-0.00349));
#14327=CARTESIAN_POINT('',(0.0590487440953169,-0.0978335357115915,-0.00249));
#14328=CARTESIAN_POINT('',(0.0590487440953169,-0.0978335357115915,-0.00349));
#14329=CARTESIAN_POINT('',(0.0594280893888531,-0.0978335357115915,-0.00249));
#14330=CARTESIAN_POINT('',(0.0594280893888531,-0.0978335357115915,-0.00349));
#14331=CARTESIAN_POINT('',(0.0585776327190817,-0.0980730144850289,-0.00349));
#14332=CARTESIAN_POINT('',(0.0588590714485488,-0.0978335357115915,-0.00349));
#14333=CARTESIAN_POINT('',(0.0594280893888531,-0.0978335357115915,-0.00349));
#14334=CARTESIAN_POINT('',(0.0585776327190817,-0.0980730144850289,-0.00349));
#14335=CARTESIAN_POINT('',(0.0585776327190817,-0.0980730144850289,-0.00249));
#14336=CARTESIAN_POINT('',(0.0585776327190817,-0.0980730144850289,-0.00249));
#14337=CARTESIAN_POINT('',(0.0585776327190817,-0.0980730144850289,-0.00249));
#14338=CARTESIAN_POINT('',(0.0588590714485488,-0.0978335357115915,-0.00249));
#14339=CARTESIAN_POINT('',(0.0594280893888531,-0.0978335357115915,-0.00249));
#14340=CARTESIAN_POINT('',(0.0582961939896146,-0.0987668888798604,-0.00249));
#14341=CARTESIAN_POINT('',(0.0582961939896146,-0.0987668888798604,-0.00349));
#14342=CARTESIAN_POINT('',(0.0582961939896146,-0.0984639584655977,-0.00249));
#14343=CARTESIAN_POINT('',(0.0582961939896146,-0.0984639584655977,-0.00349));
#14344=CARTESIAN_POINT('',(0.058390006899437,-0.0982326670006538,-0.00249));
#14345=CARTESIAN_POINT('',(0.058390006899437,-0.0982326670006538,-0.00349));
#14346=CARTESIAN_POINT('',(0.0585776327190817,-0.0980730144850289,-0.00249));
#14347=CARTESIAN_POINT('',(0.0585776327190817,-0.0980730144850289,-0.00349));
#14348=CARTESIAN_POINT('',(0.0582961939896146,-0.0987668888798604,-0.00349));
#14349=CARTESIAN_POINT('',(0.0582961939896146,-0.0983124932584663,-0.00349));
#14350=CARTESIAN_POINT('',(0.0585776327190817,-0.0980730144850289,-0.00349));
#14351=CARTESIAN_POINT('',(0.0582961939896146,-0.0987668888798604,-0.00349));
#14352=CARTESIAN_POINT('',(0.0582961939896146,-0.0987668888798604,-0.00249));
#14353=CARTESIAN_POINT('',(0.0582961939896146,-0.0987668888798604,-0.00249));
#14354=CARTESIAN_POINT('',(0.0582961939896146,-0.0987668888798604,-0.00249));
#14355=CARTESIAN_POINT('',(0.0582961939896146,-0.0983124932584663,-0.00249));
#14356=CARTESIAN_POINT('',(0.0585776327190817,-0.0980730144850289,-0.00249));
#14357=CARTESIAN_POINT('',(0.058746495956762,-0.0996367904073041,-0.00249));
#14358=CARTESIAN_POINT('',(0.058746495956762,-0.0996367904073041,-0.00349));
#14359=CARTESIAN_POINT('',(0.0584462946453304,-0.0993979939095745,-0.00249));
#14360=CARTESIAN_POINT('',(0.0584462946453304,-0.0993979939095745,-0.00349));
#14361=CARTESIAN_POINT('',(0.0582961939896146,-0.0991080267337599,-0.00249));
#14362=CARTESIAN_POINT('',(0.0582961939896146,-0.0991080267337599,-0.00349));
#14363=CARTESIAN_POINT('',(0.0582961939896146,-0.0987668888798604,-0.00249));
#14364=CARTESIAN_POINT('',(0.0582961939896146,-0.0987668888798604,-0.00349));
#14365=CARTESIAN_POINT('',(0.058746495956762,-0.0996367904073041,-0.00349));
#14366=CARTESIAN_POINT('',(0.0582961939896146,-0.0992785956607097,-0.00349));
#14367=CARTESIAN_POINT('',(0.0582961939896146,-0.0987668888798604,-0.00349));
#14368=CARTESIAN_POINT('',(0.058746495956762,-0.0996367904073041,-0.00349));
#14369=CARTESIAN_POINT('',(0.058746495956762,-0.0996367904073041,-0.00249));
#14370=CARTESIAN_POINT('',(0.058746495956762,-0.0996367904073041,-0.00249));
#14371=CARTESIAN_POINT('',(0.058746495956762,-0.0996367904073041,-0.00249));
#14372=CARTESIAN_POINT('',(0.0582961939896146,-0.0992785956607097,-0.00249));
#14373=CARTESIAN_POINT('',(0.0582961939896146,-0.0987668888798604,-0.00249));
#14374=CARTESIAN_POINT('',(0.0599704985765533,-0.0999949851538986,-0.00249));
#14375=CARTESIAN_POINT('',(0.0599704985765533,-0.0999949851538986,-0.00349));
#14376=CARTESIAN_POINT('',(0.0594546981414573,-0.0999949851538986,-0.00249));
#14377=CARTESIAN_POINT('',(0.0594546981414573,-0.0999949851538986,-0.00349));
#14378=CARTESIAN_POINT('',(0.0590466972681935,-0.0998755869050338,-0.00249));
#14379=CARTESIAN_POINT('',(0.0590466972681935,-0.0998755869050338,-0.00349));
#14380=CARTESIAN_POINT('',(0.058746495956762,-0.0996367904073041,-0.00249));
#14381=CARTESIAN_POINT('',(0.058746495956762,-0.0996367904073041,-0.00349));
#14382=CARTESIAN_POINT('',(0.0599704985765533,-0.0999949851538986,-0.00349));
#14383=CARTESIAN_POINT('',(0.0591967979239093,-0.0999949851538986,-0.00349));
#14384=CARTESIAN_POINT('',(0.058746495956762,-0.0996367904073041,-0.00349));
#14385=CARTESIAN_POINT('',(0.0599704985765533,-0.0999949851538986,-0.00349));
#14386=CARTESIAN_POINT('',(0.0599704985765533,-0.0999949851538986,-0.00249));
#14387=CARTESIAN_POINT('',(0.0599704985765533,-0.0999949851538986,-0.00249));
#14388=CARTESIAN_POINT('',(0.0599704985765533,-0.0999949851538986,-0.00249));
#14389=CARTESIAN_POINT('',(0.0591967979239093,-0.0999949851538986,-0.00249));
#14390=CARTESIAN_POINT('',(0.058746495956762,-0.0996367904073041,-0.00249));
#14391=CARTESIAN_POINT('',(0.0606428812865892,-0.0999949851538986,-0.00249));
#14392=CARTESIAN_POINT('',(0.0606428812865892,-0.0999949851538986,-0.00349));
#14393=CARTESIAN_POINT('',(0.0613152639966251,-0.0999949851538986,-0.00349));
#14394=CARTESIAN_POINT('',(0.0613152639966251,-0.0999949851538986,-0.00249));
#14395=CARTESIAN_POINT('',(0.0613152639966251,-0.0999949851538986,-0.00249));
#14396=CARTESIAN_POINT('',(0.0606428812865892,-0.0999949851538986,-0.00249));
#14397=CARTESIAN_POINT('',(0.0613152639966251,-0.0994259672135943,-0.00249));
#14398=CARTESIAN_POINT('',(0.0613152639966251,-0.0994259672135943,-0.00349));
#14399=CARTESIAN_POINT('',(0.0613152639966251,-0.0988569492732899,-0.00349));
#14400=CARTESIAN_POINT('',(0.0613152639966251,-0.0988569492732899,-0.00249));
#14401=CARTESIAN_POINT('',(0.0613152639966251,-0.0988569492732899,-0.00249));
#14402=CARTESIAN_POINT('',(0.0613152639966251,-0.0994259672135943,-0.00249));
#14403=CARTESIAN_POINT('',(0.0701388155239713,-0.0987079432262035,-0.00249));
#14404=CARTESIAN_POINT('',(0.0614545985237547,-0.0969124635060628,-0.00249));
#14405=CARTESIAN_POINT('',(0.0614545985237547,-0.0969124635060628,-0.00249));
#14406=CARTESIAN_POINT('',(0.0701388155239713,-0.0987079432262035,-0.00249));
#14407=CARTESIAN_POINT('',(0.0613653311127977,-0.0974180178286929,-0.00249));
#14408=CARTESIAN_POINT('',(0.0613654112611483,-0.0974180298055419,-0.00249));
#14409=CARTESIAN_POINT('',(0.0622803429853068,-0.0969124635060628,-0.00249));
#14410=CARTESIAN_POINT('',(0.0631062377295974,-0.0969124635060628,-0.00249));
#14411=CARTESIAN_POINT('',(0.0631062377295974,-0.0969124635060628,-0.00249));
#14412=CARTESIAN_POINT('',(0.0622803429853068,-0.0969124635060628,-0.00249));
#14413=CARTESIAN_POINT('',(0.0631062377295974,-0.097315688449372,-0.00249));
#14414=CARTESIAN_POINT('',(0.0631062377295974,-0.0977189133926812,-0.00249));
#14415=CARTESIAN_POINT('',(0.0631062377295974,-0.0977189133926812,-0.00249));
#14416=CARTESIAN_POINT('',(0.0631062377295974,-0.097315688449372,-0.00249));
#14417=CARTESIAN_POINT('',(0.0628503843391728,-0.097753709453779,-0.00249));
#14418=CARTESIAN_POINT('',(0.0625945309487482,-0.0977885055148767,-0.00249));
#14419=CARTESIAN_POINT('',(0.0625945309487482,-0.0977885055148767,-0.00249));
#14420=CARTESIAN_POINT('',(0.0628503843391728,-0.097753709453779,-0.00249));
#14421=CARTESIAN_POINT('',(0.0655467861484247,-0.098117638012559,-0.00249));
#14422=CARTESIAN_POINT('',(0.0625771329181993,-0.098045382318863,-0.00249));
#14423=CARTESIAN_POINT('',(0.0625771329181993,-0.098045382318863,-0.00249));
#14424=CARTESIAN_POINT('',(0.0655470433986762,-0.0981175040559476,-0.00248999999999998));
#14425=CARTESIAN_POINT('',(0.0734553989124708,-0.0983034345043667,-0.00249));
#14426=CARTESIAN_POINT('',(0.0625740626775142,-0.0983063527770961,-0.00249));
#14427=CARTESIAN_POINT('',(0.0625740626775142,-0.0983063527770961,-0.00249));
#14428=CARTESIAN_POINT('',(0.0734544247712668,-0.0983038537476671,-0.00248999999999976));
#14429=CARTESIAN_POINT('',(0.0625740626775142,-0.0999724700555412,-0.00249));
#14430=CARTESIAN_POINT('',(0.0625740626775142,-0.101638587333986,-0.00249));
#14431=CARTESIAN_POINT('',(0.0625740626775142,-0.101638587333986,-0.00249));
#14432=CARTESIAN_POINT('',(0.0625740626775142,-0.0999724700555412,-0.00249));
#14433=CARTESIAN_POINT('',(0.0618453922215849,-0.103359968944763,-0.00249));
#14434=CARTESIAN_POINT('',(0.0618453922215849,-0.103359968944763,-0.00349));
#14435=CARTESIAN_POINT('',(0.0623311725255378,-0.102958790828577,-0.00249));
#14436=CARTESIAN_POINT('',(0.0623311725255378,-0.102958790828577,-0.00349));
#14437=CARTESIAN_POINT('',(0.0625740626775142,-0.102384996958318,-0.00249));
#14438=CARTESIAN_POINT('',(0.0625740626775142,-0.102384996958318,-0.00349));
#14439=CARTESIAN_POINT('',(0.0625740626775142,-0.101638587333986,-0.00249));
#14440=CARTESIAN_POINT('',(0.0625740626775142,-0.101638587333986,-0.00349));
#14441=CARTESIAN_POINT('',(0.0618453922215849,-0.103359968944763,-0.00249));
#14442=CARTESIAN_POINT('',(0.0618453922215849,-0.103359968944763,-0.00249));
#14443=CARTESIAN_POINT('',(0.0618453922215849,-0.103359968944763,-0.00249));
#14444=CARTESIAN_POINT('',(0.0625740626775142,-0.102758201770484,-0.00249));
#14445=CARTESIAN_POINT('',(0.0625740626775142,-0.101638587333986,-0.00249));
#14446=CARTESIAN_POINT('',(0.0599397961697024,-0.103961736119042,-0.00249));
#14447=CARTESIAN_POINT('',(0.0599397961697024,-0.103961736119042,-0.00349));
#14448=CARTESIAN_POINT('',(0.0607244132336712,-0.103961736119042,-0.00249));
#14449=CARTESIAN_POINT('',(0.0607244132336712,-0.103961736119042,-0.00349));
#14450=CARTESIAN_POINT('',(0.061359611917632,-0.103761147060949,-0.00249));
#14451=CARTESIAN_POINT('',(0.061359611917632,-0.103761147060949,-0.00349));
#14452=CARTESIAN_POINT('',(0.0618453922215849,-0.103359968944763,-0.00249));
#14453=CARTESIAN_POINT('',(0.0618453922215849,-0.103359968944763,-0.00349));
#14454=CARTESIAN_POINT('',(0.0599397961697024,-0.103961736119042,-0.00249));
#14455=CARTESIAN_POINT('',(0.0599397961697024,-0.103961736119042,-0.00249));
#14456=CARTESIAN_POINT('',(0.0599397961697024,-0.103961736119042,-0.00249));
#14457=CARTESIAN_POINT('',(0.0611167217656556,-0.103961736119042,-0.00249));
#14458=CARTESIAN_POINT('',(0.0618453922215849,-0.103359968944763,-0.00249));
#14459=CARTESIAN_POINT('',(0.0584804084307204,-0.103734538308345,-0.00249));
#14460=CARTESIAN_POINT('',(0.0584804084307204,-0.103734538308345,-0.00349));
#14461=CARTESIAN_POINT('',(0.0589279812950365,-0.103886003515476,-0.00249));
#14462=CARTESIAN_POINT('',(0.0589279812950365,-0.103886003515476,-0.00349));
#14463=CARTESIAN_POINT('',(0.0594144438746972,-0.103961736119042,-0.00249));
#14464=CARTESIAN_POINT('',(0.0594144438746972,-0.103961736119042,-0.00349));
#14465=CARTESIAN_POINT('',(0.0599397961697024,-0.103961736119042,-0.00249));
#14466=CARTESIAN_POINT('',(0.0599397961697024,-0.103961736119042,-0.00349));
#14467=CARTESIAN_POINT('',(0.0584804084307204,-0.103734538308345,-0.00249));
#14468=CARTESIAN_POINT('',(0.0584804084307204,-0.103734538308345,-0.00249));
#14469=CARTESIAN_POINT('',(0.0584804084307204,-0.103734538308345,-0.00249));
#14470=CARTESIAN_POINT('',(0.0591517677271946,-0.103961736119042,-0.00249));
#14471=CARTESIAN_POINT('',(0.0599397961697024,-0.103961736119042,-0.00249));
#14472=CARTESIAN_POINT('',(0.0573362320687415,-0.103130724306943,-0.00249));
#14473=CARTESIAN_POINT('',(0.0573362320687415,-0.103130724306943,-0.00349));
#14474=CARTESIAN_POINT('',(0.0576514434457446,-0.103381801767413,-0.00249));
#14475=CARTESIAN_POINT('',(0.0576514434457446,-0.103381801767413,-0.00349));
#14476=CARTESIAN_POINT('',(0.0580328355664043,-0.103583073101213,-0.00249));
#14477=CARTESIAN_POINT('',(0.0580328355664043,-0.103583073101213,-0.00349));
#14478=CARTESIAN_POINT('',(0.0584804084307204,-0.103734538308345,-0.00249));
#14479=CARTESIAN_POINT('',(0.0584804084307204,-0.103734538308345,-0.00349));
#14480=CARTESIAN_POINT('',(0.0573362320687415,-0.103130724306943,-0.00249));
#14481=CARTESIAN_POINT('',(0.0573362320687415,-0.103130724306943,-0.00249));
#14482=CARTESIAN_POINT('',(0.0573362320687415,-0.103130724306943,-0.00249));
#14483=CARTESIAN_POINT('',(0.0578090491342462,-0.103507340497648,-0.00249));
#14484=CARTESIAN_POINT('',(0.0584804084307204,-0.103734538308345,-0.00249));
#14485=CARTESIAN_POINT('',(0.0573362320687415,-0.102458341596907,-0.00249));
#14486=CARTESIAN_POINT('',(0.0573362320687415,-0.101785958886871,-0.00249));
#14487=CARTESIAN_POINT('',(0.0573362320687415,-0.101785958886871,-0.00249));
#14488=CARTESIAN_POINT('',(0.0573362320687415,-0.102458341596907,-0.00249));
#14489=CARTESIAN_POINT('',(0.0578223535105483,-0.101785958886871,-0.00249));
#14490=CARTESIAN_POINT('',(0.058308474952355,-0.101785958886871,-0.00249));
#14491=CARTESIAN_POINT('',(0.058308474952355,-0.101785958886871,-0.00249));
#14492=CARTESIAN_POINT('',(0.0578223535105483,-0.101785958886871,-0.00249));
#14493=CARTESIAN_POINT('',(0.0583760202474271,-0.102151317528397,-0.00249));
#14494=CARTESIAN_POINT('',(0.0584435655424992,-0.102516676169924,-0.00249));
#14495=CARTESIAN_POINT('',(0.0584435655424992,-0.102516676169924,-0.00249));
#14496=CARTESIAN_POINT('',(0.0583760202474271,-0.102151317528397,-0.00249));
#14497=CARTESIAN_POINT('',(0.059027934686229,-0.102848262163914,-0.00249));
#14498=CARTESIAN_POINT('',(0.059027934686229,-0.102848262163914,-0.00349));
#14499=CARTESIAN_POINT('',(0.058787091361376,-0.102767753630394,-0.00249));
#14500=CARTESIAN_POINT('',(0.058787091361376,-0.102767753630394,-0.00349));
#14501=CARTESIAN_POINT('',(0.0585923016467994,-0.10265722496573,-0.00249));
#14502=CARTESIAN_POINT('',(0.0585923016467994,-0.10265722496573,-0.00349));
#14503=CARTESIAN_POINT('',(0.0584435655424992,-0.102516676169924,-0.00249));
#14504=CARTESIAN_POINT('',(0.0584435655424992,-0.102516676169924,-0.00349));
#14505=CARTESIAN_POINT('',(0.059027934686229,-0.102848262163914,-0.00249));
#14506=CARTESIAN_POINT('',(0.059027934686229,-0.102848262163914,-0.00249));
#14507=CARTESIAN_POINT('',(0.059027934686229,-0.102848262163914,-0.00249));
#14508=CARTESIAN_POINT('',(0.0586666696989495,-0.102727499363633,-0.00249));
#14509=CARTESIAN_POINT('',(0.0584435655424992,-0.102516676169924,-0.00249));
#14510=CARTESIAN_POINT('',(0.0598620167390133,-0.102969024964194,-0.00249));
#14511=CARTESIAN_POINT('',(0.0598620167390133,-0.102969024964194,-0.00349));
#14512=CARTESIAN_POINT('',(0.0595468053620102,-0.102969024964194,-0.00249));
#14513=CARTESIAN_POINT('',(0.0595468053620102,-0.102969024964194,-0.00349));
#14514=CARTESIAN_POINT('',(0.0592687780110821,-0.102928770697434,-0.00249));
#14515=CARTESIAN_POINT('',(0.0592687780110821,-0.102928770697434,-0.00349));
#14516=CARTESIAN_POINT('',(0.059027934686229,-0.102848262163914,-0.00249));
#14517=CARTESIAN_POINT('',(0.059027934686229,-0.102848262163914,-0.00349));
#14518=CARTESIAN_POINT('',(0.0598620167390133,-0.102969024964194,-0.00249));
#14519=CARTESIAN_POINT('',(0.0598620167390133,-0.102969024964194,-0.00249));
#14520=CARTESIAN_POINT('',(0.0598620167390133,-0.102969024964194,-0.00249));
#14521=CARTESIAN_POINT('',(0.0593891996735086,-0.102969024964194,-0.00249));
#14522=CARTESIAN_POINT('',(0.059027934686229,-0.102848262163914,-0.00249));
#14523=CARTESIAN_POINT('',(0.0609314839109882,-0.102614923871847,-0.00249));
#14524=CARTESIAN_POINT('',(0.0609314839109882,-0.102614923871847,-0.00349));
#14525=CARTESIAN_POINT('',(0.0606756305205636,-0.102850991266745,-0.00249));
#14526=CARTESIAN_POINT('',(0.0606756305205636,-0.102850991266745,-0.00349));
#14527=CARTESIAN_POINT('',(0.0603191414632386,-0.102969024964194,-0.00249));
#14528=CARTESIAN_POINT('',(0.0603191414632386,-0.102969024964194,-0.00349));
#14529=CARTESIAN_POINT('',(0.0598620167390133,-0.102969024964194,-0.00249));
#14530=CARTESIAN_POINT('',(0.0598620167390133,-0.102969024964194,-0.00349));
#14531=CARTESIAN_POINT('',(0.0609314839109882,-0.102614923871847,-0.00249));
#14532=CARTESIAN_POINT('',(0.0609314839109882,-0.102614923871847,-0.00249));
#14533=CARTESIAN_POINT('',(0.0609314839109882,-0.102614923871847,-0.00249));
#14534=CARTESIAN_POINT('',(0.0605477038253513,-0.102969024964194,-0.00249));
#14535=CARTESIAN_POINT('',(0.0598620167390133,-0.102969024964194,-0.00249));
#14536=CARTESIAN_POINT('',(0.0613152639966251,-0.10165291512385,-0.00249));
#14537=CARTESIAN_POINT('',(0.0613152639966251,-0.10165291512385,-0.00349));
#14538=CARTESIAN_POINT('',(0.0613152639966251,-0.102058186894283,-0.00249));
#14539=CARTESIAN_POINT('',(0.0613152639966251,-0.102058186894283,-0.00349));
#14540=CARTESIAN_POINT('',(0.0611873373014128,-0.102378856476948,-0.00249));
#14541=CARTESIAN_POINT('',(0.0611873373014128,-0.102378856476948,-0.00349));
#14542=CARTESIAN_POINT('',(0.0609314839109882,-0.102614923871847,-0.00249));
#14543=CARTESIAN_POINT('',(0.0609314839109882,-0.102614923871847,-0.00349));
#14544=CARTESIAN_POINT('',(0.0613152639966251,-0.10165291512385,-0.00249));
#14545=CARTESIAN_POINT('',(0.0613152639966251,-0.10165291512385,-0.00249));
#14546=CARTESIAN_POINT('',(0.0613152639966251,-0.10165291512385,-0.00249));
#14547=CARTESIAN_POINT('',(0.0613152639966251,-0.102260822779499,-0.00249));
#14548=CARTESIAN_POINT('',(0.0609314839109882,-0.102614923871847,-0.00249));
#14549=CARTESIAN_POINT('',(0.0613152639966251,-0.101249690180541,-0.00249));
#14550=CARTESIAN_POINT('',(0.0613152639966251,-0.100846465237232,-0.00249));
#14551=CARTESIAN_POINT('',(0.0613152639966251,-0.100846465237232,-0.00249));
#14552=CARTESIAN_POINT('',(0.0613152639966251,-0.101249690180541,-0.00249));
#14553=CARTESIAN_POINT('',(0.0606653963849466,-0.100846465237232,-0.00249));
#14554=CARTESIAN_POINT('',(0.0600155287732681,-0.100846465237232,-0.00249));
#14555=CARTESIAN_POINT('',(0.0600155287732681,-0.100846465237232,-0.00249));
#14556=CARTESIAN_POINT('',(0.0606653963849466,-0.100846465237232,-0.00249));
#14557=CARTESIAN_POINT('',(0.0578315642326035,-0.100312243358025,-0.00249));
#14558=CARTESIAN_POINT('',(0.0578315642326035,-0.100312243358025,-0.00349));
#14559=CARTESIAN_POINT('',(0.0583623747332712,-0.100668391277496,-0.00249));
#14560=CARTESIAN_POINT('',(0.0583623747332712,-0.100668391277496,-0.00349));
#14561=CARTESIAN_POINT('',(0.0590903629134927,-0.100846465237232,-0.00249));
#14562=CARTESIAN_POINT('',(0.0590903629134927,-0.100846465237232,-0.00349));
#14563=CARTESIAN_POINT('',(0.0600155287732681,-0.100846465237232,-0.00249));
#14564=CARTESIAN_POINT('',(0.0600155287732681,-0.100846465237232,-0.00349));
#14565=CARTESIAN_POINT('',(0.0578315642326035,-0.100312243358025,-0.00249));
#14566=CARTESIAN_POINT('',(0.0578315642326035,-0.100312243358025,-0.00249));
#14567=CARTESIAN_POINT('',(0.0578315642326035,-0.100312243358025,-0.00249));
#14568=CARTESIAN_POINT('',(0.058627779983605,-0.100846465237232,-0.00249));
#14569=CARTESIAN_POINT('',(0.0600155287732681,-0.100846465237232,-0.00249));
#14570=CARTESIAN_POINT('',(0.0570353484816021,-0.0987934976324646,-0.00249));
#14571=CARTESIAN_POINT('',(0.0570353484816021,-0.0987934976324646,-0.00349));
#14572=CARTESIAN_POINT('',(0.0570353484816021,-0.0994498468633672,-0.00249));
#14573=CARTESIAN_POINT('',(0.0570353484816021,-0.0994498468633672,-0.00349));
#14574=CARTESIAN_POINT('',(0.0573007537319359,-0.099956095438554,-0.00249));
#14575=CARTESIAN_POINT('',(0.0573007537319359,-0.099956095438554,-0.00349));
#14576=CARTESIAN_POINT('',(0.0578315642326035,-0.100312243358025,-0.00249));
#14577=CARTESIAN_POINT('',(0.0578315642326035,-0.100312243358025,-0.00349));
#14578=CARTESIAN_POINT('',(0.0570353484816021,-0.0987934976324646,-0.00249));
#14579=CARTESIAN_POINT('',(0.0570353484816021,-0.0987934976324646,-0.00249));
#14580=CARTESIAN_POINT('',(0.0570353484816021,-0.0987934976324646,-0.00249));
#14581=CARTESIAN_POINT('',(0.0570353484816021,-0.0997780214788185,-0.00249));
#14582=CARTESIAN_POINT('',(0.0578315642326035,-0.100312243358025,-0.00249));
#14583=CARTESIAN_POINT('',(0.0575982259405363,-0.097305454313755,-0.00249));
#14584=CARTESIAN_POINT('',(0.0575982259405363,-0.097305454313755,-0.00349));
#14585=CARTESIAN_POINT('',(0.0572229743012468,-0.0976575085789793,-0.00249));
#14586=CARTESIAN_POINT('',(0.0572229743012468,-0.0976575085789793,-0.00349));
#14587=CARTESIAN_POINT('',(0.0570353484816021,-0.0981535230185492,-0.00249));
#14588=CARTESIAN_POINT('',(0.0570353484816021,-0.0981535230185492,-0.00349));
#14589=CARTESIAN_POINT('',(0.0570353484816021,-0.0987934976324646,-0.00249));
#14590=CARTESIAN_POINT('',(0.0570353484816021,-0.0987934976324646,-0.00349));
#14591=CARTESIAN_POINT('',(0.0575982259405363,-0.097305454313755,-0.00249));
#14592=CARTESIAN_POINT('',(0.0575982259405363,-0.097305454313755,-0.00249));
#14593=CARTESIAN_POINT('',(0.0575982259405363,-0.097305454313755,-0.00249));
#14594=CARTESIAN_POINT('',(0.0570353484816021,-0.0978335357115915,-0.00249));
#14595=CARTESIAN_POINT('',(0.0570353484816021,-0.0987934976324646,-0.00249));
#14596=CARTESIAN_POINT('',(0.059241828120624,-0.0967773729159186,-0.00249));
#14597=CARTESIAN_POINT('',(0.059241828120624,-0.0967773729159186,-0.00349));
#14598=CARTESIAN_POINT('',(0.0585213449731883,-0.0967773729159186,-0.00249));
#14599=CARTESIAN_POINT('',(0.0585213449731883,-0.0967773729159186,-0.00349));
#14600=CARTESIAN_POINT('',(0.0579734775798257,-0.0969534000485307,-0.00249));
#14601=CARTESIAN_POINT('',(0.0579734775798257,-0.0969534000485307,-0.00349));
#14602=CARTESIAN_POINT('',(0.0575982259405363,-0.097305454313755,-0.00249));
#14603=CARTESIAN_POINT('',(0.0575982259405363,-0.097305454313755,-0.00349));
#14604=CARTESIAN_POINT('',(0.059241828120624,-0.0967773729159186,-0.00249));
#14605=CARTESIAN_POINT('',(0.0592418281252427,-0.0967773749588179,-0.00249));
#14606=CARTESIAN_POINT('',(0.059241828120624,-0.0967773729159186,-0.00249));
#14607=CARTESIAN_POINT('',(0.0581611033994704,-0.0967773729159186,-0.00249));
#14608=CARTESIAN_POINT('',(0.0575982259405363,-0.097305454313755,-0.00249));
#14609=CARTESIAN_POINT('',(0.0592470823250509,-0.0991013422509514,-0.00249));
#14610=CARTESIAN_POINT('',(0.060409542994522,-0.097088490638675,-0.00249));
#14611=CARTESIAN_POINT('',(0.0604093639864646,-0.0970888055998337,-0.00249));
#14612=CARTESIAN_POINT('',(0.0592470823250509,-0.0991013422509514,-0.00249));
#14613=CARTESIAN_POINT('',(0.0589232750882466,-0.0997593797282708,-0.00249));
#14614=CARTESIAN_POINT('',(0.0613214508812227,-0.0978654510963071,-0.00249));
#14615=CARTESIAN_POINT('',(0.0613214504820069,-0.0978654505931831,-0.00249));
#14616=CARTESIAN_POINT('',(0.0589232750882466,-0.0997593797282708,-0.00249));
#14617=CARTESIAN_POINT('',(0.0665040005897989,-0.0981487792220543,-0.00249));
#14618=CARTESIAN_POINT('',(0.066505768377571,-0.0981489423538733,-0.00249));
#14619=CARTESIAN_POINT('',(0.060572265750832,-0.0981344192987308,-0.00249));
#14620=CARTESIAN_POINT('',(0.060572265750832,-0.0981344192987308,-0.00349));
#14621=CARTESIAN_POINT('',(0.0609174972589783,-0.0983350083568237,-0.00249));
#14622=CARTESIAN_POINT('',(0.0609174972589783,-0.0983350083568237,-0.00349));
#14623=CARTESIAN_POINT('',(0.0611651633409093,-0.0985758516816767,-0.00249));
#14624=CARTESIAN_POINT('',(0.0611651633409093,-0.0985758516816767,-0.00349));
#14625=CARTESIAN_POINT('',(0.0613152639966251,-0.0988569492732899,-0.00249));
#14626=CARTESIAN_POINT('',(0.0613152639966251,-0.0988569492732899,-0.00349));
#14627=CARTESIAN_POINT('',(0.060572265750832,-0.0981344192987308,-0.00349));
#14628=CARTESIAN_POINT('',(0.0610901130130514,-0.0984353028858701,-0.00349));
#14629=CARTESIAN_POINT('',(0.0613152639966251,-0.0988569492732899,-0.00349));
#14630=CARTESIAN_POINT('',(0.060572265750832,-0.0981344192987308,-0.00249));
#14631=CARTESIAN_POINT('',(0.0610901130130514,-0.0984353028858701,-0.00249));
#14632=CARTESIAN_POINT('',(0.0613152639966251,-0.0988569492732899,-0.00249));
#14633=CARTESIAN_POINT('',(0.0828759320800245,-0.10360435,-0.00249));
#14634=CARTESIAN_POINT('',(0.0508559773960668,-0.100295868741038,-0.00249));
#14635=CARTESIAN_POINT('',(0.0508559773960668,-0.100295868741038,-0.00349));
#14636=CARTESIAN_POINT('',(0.0508559773960668,-0.0995631046308619,-0.00249));
#14637=CARTESIAN_POINT('',(0.0508559773960668,-0.0995631046308619,-0.00349));
#14638=CARTESIAN_POINT('',(0.0510105128438833,-0.0989579260780442,-0.00249));
#14639=CARTESIAN_POINT('',(0.0510105128438833,-0.0989579260780442,-0.00349));
#14640=CARTESIAN_POINT('',(0.0513195837395162,-0.0984803330825849,-0.00249));
#14641=CARTESIAN_POINT('',(0.0513195837395162,-0.0984803330825849,-0.00349));
#14642=CARTESIAN_POINT('',(0.0508559773960668,-0.100295868741038,-0.00349));
#14643=CARTESIAN_POINT('',(0.0508559773960668,-0.0991967225757738,-0.00349));
#14644=CARTESIAN_POINT('',(0.0513195837395162,-0.0984803330825849,-0.00349));
#14645=CARTESIAN_POINT('',(0.0508559773960668,-0.100295868741038,-0.00349));
#14646=CARTESIAN_POINT('',(0.0513195837395162,-0.0984803330825849,-0.00349));
#14647=CARTESIAN_POINT('',(0.0508559773960668,-0.100295868741038,-0.00249));
#14648=CARTESIAN_POINT('',(0.0508559773960668,-0.100295868741038,-0.00249));
#14649=CARTESIAN_POINT('',(0.0508559773960668,-0.100295868741038,-0.00249));
#14650=CARTESIAN_POINT('',(0.0508559773960668,-0.0991967225757738,-0.00249));
#14651=CARTESIAN_POINT('',(0.0513195837395162,-0.0984803330825849,-0.00249));
#14652=CARTESIAN_POINT('',(0.0513195837395162,-0.0984803330825849,-0.00249));
#14653=CARTESIAN_POINT('',(0.0513195837395162,-0.0984803330825849,-0.00249));
#14654=CARTESIAN_POINT('',(0.0508559773960668,-0.100366484276795,-0.00249));
#14655=CARTESIAN_POINT('',(0.0508559773960668,-0.100366484276795,-0.00349));
#14656=CARTESIAN_POINT('',(0.0508559773960668,-0.100437099812552,-0.00349));
#14657=CARTESIAN_POINT('',(0.0508559773960668,-0.100437099812552,-0.00249));
#14658=CARTESIAN_POINT('',(0.0508559773960668,-0.100437099812552,-0.00249));
#14659=CARTESIAN_POINT('',(0.0508559773960668,-0.100366484276795,-0.00249));
#14660=CARTESIAN_POINT('',(0.0513165134988311,-0.102246494989635,-0.00249));
#14661=CARTESIAN_POINT('',(0.0513165134988311,-0.102246494989635,-0.00349));
#14662=CARTESIAN_POINT('',(0.0510094894303216,-0.101764808339929,-0.00249));
#14663=CARTESIAN_POINT('',(0.0510094894303216,-0.101764808339929,-0.00349));
#14664=CARTESIAN_POINT('',(0.0508559773960668,-0.101161676614235,-0.00249));
#14665=CARTESIAN_POINT('',(0.0508559773960668,-0.101161676614235,-0.00349));
#14666=CARTESIAN_POINT('',(0.0508559773960668,-0.100437099812552,-0.00249));
#14667=CARTESIAN_POINT('',(0.0508559773960668,-0.100437099812552,-0.00349));
#14668=CARTESIAN_POINT('',(0.0513165134988311,-0.102246494989635,-0.00349));
#14669=CARTESIAN_POINT('',(0.0508559773960668,-0.101523965015076,-0.00349));
#14670=CARTESIAN_POINT('',(0.0508559773960668,-0.100437099812552,-0.00349));
#14671=CARTESIAN_POINT('',(0.0513165134988311,-0.102246494989635,-0.00349));
#14672=CARTESIAN_POINT('',(0.0513165134988311,-0.102246494989635,-0.00249));
#14673=CARTESIAN_POINT('',(0.0513165134988311,-0.102246494989635,-0.00249));
#14674=CARTESIAN_POINT('',(0.0513165134988311,-0.102246494989635,-0.00249));
#14675=CARTESIAN_POINT('',(0.0508559773960668,-0.101523965015076,-0.00249));
#14676=CARTESIAN_POINT('',(0.0508559773960668,-0.100437099812552,-0.00249));
#14677=CARTESIAN_POINT('',(0.0526858408443837,-0.102969024964194,-0.00249));
#14678=CARTESIAN_POINT('',(0.0526858408443837,-0.102969024964194,-0.00349));
#14679=CARTESIAN_POINT('',(0.0520799800158582,-0.102969024964194,-0.00249));
#14680=CARTESIAN_POINT('',(0.0520799800158582,-0.102969024964194,-0.00349));
#14681=CARTESIAN_POINT('',(0.0516235375673406,-0.102728181639341,-0.00249));
#14682=CARTESIAN_POINT('',(0.0516235375673406,-0.102728181639341,-0.00349));
#14683=CARTESIAN_POINT('',(0.0513165134988311,-0.102246494989635,-0.00249));
#14684=CARTESIAN_POINT('',(0.0513165134988311,-0.102246494989635,-0.00349));
#14685=CARTESIAN_POINT('',(0.0526858408443837,-0.102969024964194,-0.00349));
#14686=CARTESIAN_POINT('',(0.0517770496015954,-0.102969024964194,-0.00349));
#14687=CARTESIAN_POINT('',(0.0513165134988311,-0.102246494989635,-0.00349));
#14688=CARTESIAN_POINT('',(0.0526858408443837,-0.102969024964194,-0.00349));
#14689=CARTESIAN_POINT('',(0.0526858408443837,-0.102969024964194,-0.00249));
#14690=CARTESIAN_POINT('',(0.0526858408443837,-0.102969024964194,-0.00249));
#14691=CARTESIAN_POINT('',(0.0526858408443837,-0.102969024964194,-0.00249));
#14692=CARTESIAN_POINT('',(0.0517770496015954,-0.102969024964194,-0.00249));
#14693=CARTESIAN_POINT('',(0.0513165134988311,-0.102246494989635,-0.00249));
#14694=CARTESIAN_POINT('',(0.0540602852577447,-0.102246494989635,-0.00249));
#14695=CARTESIAN_POINT('',(0.0540602852577447,-0.102246494989635,-0.00349));
#14696=CARTESIAN_POINT('',(0.0537484852592806,-0.102728181639341,-0.00249));
#14697=CARTESIAN_POINT('',(0.0537484852592806,-0.102728181639341,-0.00349));
#14698=CARTESIAN_POINT('',(0.0532903371214936,-0.102969024964194,-0.00249));
#14699=CARTESIAN_POINT('',(0.0532903371214936,-0.102969024964194,-0.00349));
#14700=CARTESIAN_POINT('',(0.0526858408443837,-0.102969024964194,-0.00249));
#14701=CARTESIAN_POINT('',(0.0526858408443837,-0.102969024964194,-0.00349));
#14702=CARTESIAN_POINT('',(0.0540602852577447,-0.102246494989635,-0.00349));
#14703=CARTESIAN_POINT('',(0.0535925852600485,-0.102969024964194,-0.00349));
#14704=CARTESIAN_POINT('',(0.0526858408443837,-0.102969024964194,-0.00349));
#14705=CARTESIAN_POINT('',(0.0540602852577447,-0.102246494989635,-0.00349));
#14706=CARTESIAN_POINT('',(0.0540602852577447,-0.102246494989635,-0.00249));
#14707=CARTESIAN_POINT('',(0.0540602852577447,-0.102246494989635,-0.00249));
#14708=CARTESIAN_POINT('',(0.0540602852577447,-0.102246494989635,-0.00249));
#14709=CARTESIAN_POINT('',(0.0535925852600485,-0.102969024964194,-0.00249));
#14710=CARTESIAN_POINT('',(0.0526858408443837,-0.102969024964194,-0.00249));
#14711=CARTESIAN_POINT('',(0.0545279852554409,-0.100437099812552,-0.00249));
#14712=CARTESIAN_POINT('',(0.0545279852554409,-0.100437099812552,-0.00349));
#14713=CARTESIAN_POINT('',(0.0545279852554409,-0.101161676614235,-0.00249));
#14714=CARTESIAN_POINT('',(0.0545279852554409,-0.101161676614235,-0.00349));
#14715=CARTESIAN_POINT('',(0.0543720852562088,-0.101764808339929,-0.00249));
#14716=CARTESIAN_POINT('',(0.0543720852562088,-0.101764808339929,-0.00349));
#14717=CARTESIAN_POINT('',(0.0540602852577447,-0.102246494989635,-0.00249));
#14718=CARTESIAN_POINT('',(0.0540602852577447,-0.102246494989635,-0.00349));
#14719=CARTESIAN_POINT('',(0.0545279852554409,-0.100437099812552,-0.00349));
#14720=CARTESIAN_POINT('',(0.0545279852554409,-0.101523965015076,-0.00349));
#14721=CARTESIAN_POINT('',(0.0540602852577447,-0.102246494989635,-0.00349));
#14722=CARTESIAN_POINT('',(0.0545279852554409,-0.100437099812552,-0.00349));
#14723=CARTESIAN_POINT('',(0.0545279852554409,-0.100437099812552,-0.00249));
#14724=CARTESIAN_POINT('',(0.0545279852554409,-0.100437099812552,-0.00249));
#14725=CARTESIAN_POINT('',(0.0545279852554409,-0.100437099812552,-0.00249));
#14726=CARTESIAN_POINT('',(0.0545279852554409,-0.101523965015076,-0.00249));
#14727=CARTESIAN_POINT('',(0.0540602852577447,-0.102246494989635,-0.00249));
#14728=CARTESIAN_POINT('',(0.0545279852554409,-0.100366484276795,-0.00249));
#14729=CARTESIAN_POINT('',(0.0545279852554409,-0.100366484276795,-0.00349));
#14730=CARTESIAN_POINT('',(0.0545279852554409,-0.100295868741038,-0.00349));
#14731=CARTESIAN_POINT('',(0.0545279852554409,-0.100295868741038,-0.00249));
#14732=CARTESIAN_POINT('',(0.0545279852554409,-0.100295868741038,-0.00249));
#14733=CARTESIAN_POINT('',(0.0545279852554409,-0.100366484276795,-0.00249));
#14734=CARTESIAN_POINT('',(0.0540602852577447,-0.0984803330825849,-0.00249));
#14735=CARTESIAN_POINT('',(0.0540602852577447,-0.0984803330825849,-0.00349));
#14736=CARTESIAN_POINT('',(0.0543720852562088,-0.0989579260780442,-0.00249));
#14737=CARTESIAN_POINT('',(0.0543720852562088,-0.0989579260780442,-0.00349));
#14738=CARTESIAN_POINT('',(0.0545279852554409,-0.0995631046308619,-0.00249));
#14739=CARTESIAN_POINT('',(0.0545279852554409,-0.0995631046308619,-0.00349));
#14740=CARTESIAN_POINT('',(0.0545279852554409,-0.100295868741038,-0.00249));
#14741=CARTESIAN_POINT('',(0.0545279852554409,-0.100295868741038,-0.00349));
#14742=CARTESIAN_POINT('',(0.0540602852577447,-0.0984803330825849,-0.00349));
#14743=CARTESIAN_POINT('',(0.0545279852554409,-0.0991967225757738,-0.00349));
#14744=CARTESIAN_POINT('',(0.0545279852554409,-0.100295868741038,-0.00349));
#14745=CARTESIAN_POINT('',(0.0540602852577447,-0.0984803330825849,-0.00349));
#14746=CARTESIAN_POINT('',(0.0540602852577447,-0.0984803330825849,-0.00249));
#14747=CARTESIAN_POINT('',(0.0540602852577447,-0.0984803330825849,-0.00249));
#14748=CARTESIAN_POINT('',(0.0540602852577447,-0.0984803330825849,-0.00249));
#14749=CARTESIAN_POINT('',(0.0545279852554409,-0.0991967225757738,-0.00249));
#14750=CARTESIAN_POINT('',(0.0545279852554409,-0.100295868741038,-0.00249));
#14751=CARTESIAN_POINT('',(0.0526981218071241,-0.0977639435893959,-0.00249));
#14752=CARTESIAN_POINT('',(0.0526981218071241,-0.0977639435893959,-0.00349));
#14753=CARTESIAN_POINT('',(0.0532944307757404,-0.0977639435893959,-0.00249));
#14754=CARTESIAN_POINT('',(0.0532944307757404,-0.0977639435893959,-0.00349));
#14755=CARTESIAN_POINT('',(0.0537484852592806,-0.0980027400871256,-0.00249));
#14756=CARTESIAN_POINT('',(0.0537484852592806,-0.0980027400871256,-0.00349));
#14757=CARTESIAN_POINT('',(0.0540602852577447,-0.0984803330825849,-0.00249));
#14758=CARTESIAN_POINT('',(0.0540602852577447,-0.0984803330825849,-0.00349));
#14759=CARTESIAN_POINT('',(0.0526981218071241,-0.0977639435893959,-0.00349));
#14760=CARTESIAN_POINT('',(0.0535925852600485,-0.0977639435893959,-0.00349));
#14761=CARTESIAN_POINT('',(0.0540602852577447,-0.0984803330825849,-0.00349));
#14762=CARTESIAN_POINT('',(0.0526981218071241,-0.0977639435893959,-0.00349));
#14763=CARTESIAN_POINT('',(0.0526981218071241,-0.0977639435893959,-0.00249));
#14764=CARTESIAN_POINT('',(0.0526981218071241,-0.0977639435893959,-0.00249));
#14765=CARTESIAN_POINT('',(0.0526981218071241,-0.0977639435893959,-0.00249));
#14766=CARTESIAN_POINT('',(0.0535925852600485,-0.0977639435893959,-0.00249));
#14767=CARTESIAN_POINT('',(0.0540602852577447,-0.0984803330825849,-0.00249));
#14768=CARTESIAN_POINT('',(0.0495951318880543,-0.100437099812552,-0.00249));
#14769=CARTESIAN_POINT('',(0.0495951318880543,-0.100437099812552,-0.00349));
#14770=CARTESIAN_POINT('',(0.0495951318880543,-0.101460513374251,-0.00249));
#14771=CARTESIAN_POINT('',(0.0495951318880543,-0.101460513374251,-0.00349));
#14772=CARTESIAN_POINT('',(0.0498724769632746,-0.10230380614909,-0.00249));
#14773=CARTESIAN_POINT('',(0.0498724769632746,-0.10230380614909,-0.00349));
#14774=CARTESIAN_POINT('',(0.0504271671137152,-0.102966978137071,-0.00249));
#14775=CARTESIAN_POINT('',(0.0504271671137152,-0.102966978137071,-0.00349));
#14776=CARTESIAN_POINT('',(0.0495951318880543,-0.100437099812552,-0.00249));
#14777=CARTESIAN_POINT('',(0.0495951318880543,-0.100437099812552,-0.00249));
#14778=CARTESIAN_POINT('',(0.0495951318880543,-0.100437099812552,-0.00249));
#14779=CARTESIAN_POINT('',(0.0495951318880543,-0.1019722201551,-0.00249));
#14780=CARTESIAN_POINT('',(0.0504271671137152,-0.102966978137071,-0.00249));
#14781=CARTESIAN_POINT('',(0.0504271671137152,-0.102966978137071,-0.00249));
#14782=CARTESIAN_POINT('',(0.0504271671137152,-0.102966978137071,-0.00249));
#14783=CARTESIAN_POINT('',(0.0495951318880543,-0.100366484276795,-0.00249));
#14784=CARTESIAN_POINT('',(0.0495951318880543,-0.100295868741038,-0.00249));
#14785=CARTESIAN_POINT('',(0.0495951318880543,-0.100295868741038,-0.00249));
#14786=CARTESIAN_POINT('',(0.0495951318880543,-0.100366484276795,-0.00249));
#14787=CARTESIAN_POINT('',(0.0504271671137152,-0.0977659904165193,-0.00249));
#14788=CARTESIAN_POINT('',(0.0504271671137152,-0.0977659904165193,-0.00349));
#14789=CARTESIAN_POINT('',(0.0498724769632746,-0.0984250687502532,-0.00249));
#14790=CARTESIAN_POINT('',(0.0498724769632746,-0.0984250687502532,-0.00349));
#14791=CARTESIAN_POINT('',(0.0495951318880543,-0.0992683615250927,-0.00249));
#14792=CARTESIAN_POINT('',(0.0495951318880543,-0.0992683615250927,-0.00349));
#14793=CARTESIAN_POINT('',(0.0495951318880543,-0.100295868741038,-0.00249));
#14794=CARTESIAN_POINT('',(0.0495951318880543,-0.100295868741038,-0.00349));
#14795=CARTESIAN_POINT('',(0.0504271671137152,-0.0977659904165193,-0.00249));
#14796=CARTESIAN_POINT('',(0.0504271671137152,-0.0977659904165193,-0.00249));
#14797=CARTESIAN_POINT('',(0.0504271671137152,-0.0977659904165193,-0.00249));
#14798=CARTESIAN_POINT('',(0.0495951318880543,-0.0987546079171201,-0.00249));
#14799=CARTESIAN_POINT('',(0.0495951318880543,-0.100295868741038,-0.00249));
#14800=CARTESIAN_POINT('',(0.0526981218071241,-0.0967773729159186,-0.00249));
#14801=CARTESIAN_POINT('',(0.0526981218071241,-0.0967773729159186,-0.00349));
#14802=CARTESIAN_POINT('',(0.0517388421619587,-0.0967773729159186,-0.00249));
#14803=CARTESIAN_POINT('',(0.0517388421619587,-0.0967773729159186,-0.00349));
#14804=CARTESIAN_POINT('',(0.0509818572641557,-0.0971069120827855,-0.00249));
#14805=CARTESIAN_POINT('',(0.0509818572641557,-0.0971069120827855,-0.00349));
#14806=CARTESIAN_POINT('',(0.0504271671137152,-0.0977659904165193,-0.00249));
#14807=CARTESIAN_POINT('',(0.0504271671137152,-0.0977659904165193,-0.00349));
#14808=CARTESIAN_POINT('',(0.0526981218071241,-0.0967773729159186,-0.00249));
#14809=CARTESIAN_POINT('',(0.0526981218071241,-0.0967773729159186,-0.00249));
#14810=CARTESIAN_POINT('',(0.0526981218071241,-0.0967773729159186,-0.00249));
#14811=CARTESIAN_POINT('',(0.051259202339376,-0.0967773729159186,-0.00249));
#14812=CARTESIAN_POINT('',(0.0504271671137152,-0.0977659904165193,-0.00249));
#14813=CARTESIAN_POINT('',(0.0549557721242309,-0.0977629201758343,-0.00249));
#14814=CARTESIAN_POINT('',(0.0549557721242309,-0.0977629201758343,-0.00349));
#14815=CARTESIAN_POINT('',(0.0544017642494981,-0.0971058886692238,-0.00249));
#14816=CARTESIAN_POINT('',(0.0544017642494981,-0.0971058886692238,-0.00349));
#14817=CARTESIAN_POINT('',(0.0536492141437958,-0.0967773729159186,-0.00249));
#14818=CARTESIAN_POINT('',(0.0536492141437958,-0.0967773729159186,-0.00349));
#14819=CARTESIAN_POINT('',(0.0526981218071241,-0.0967773729159186,-0.00249));
#14820=CARTESIAN_POINT('',(0.0526981218071241,-0.0967773729159186,-0.00349));
#14821=CARTESIAN_POINT('',(0.0549557721242309,-0.0977629201758343,-0.00249));
#14822=CARTESIAN_POINT('',(0.0549557721242309,-0.0977629201758343,-0.00249));
#14823=CARTESIAN_POINT('',(0.0549557721242309,-0.0977629201758343,-0.00249));
#14824=CARTESIAN_POINT('',(0.0541247603121317,-0.0967773729159186,-0.00249));
#14825=CARTESIAN_POINT('',(0.0526981218071241,-0.0967773729159186,-0.00249));
#14826=CARTESIAN_POINT('',(0.05578678393633,-0.100295868741038,-0.00249));
#14827=CARTESIAN_POINT('',(0.05578678393633,-0.100295868741038,-0.00349));
#14828=CARTESIAN_POINT('',(0.05578678393633,-0.0992642678708459,-0.00249));
#14829=CARTESIAN_POINT('',(0.05578678393633,-0.0992642678708459,-0.00349));
#14830=CARTESIAN_POINT('',(0.0555097799989636,-0.0984199516824447,-0.00249));
#14831=CARTESIAN_POINT('',(0.0555097799989636,-0.0984199516824447,-0.00349));
#14832=CARTESIAN_POINT('',(0.0549557721242309,-0.0977629201758343,-0.00249));
#14833=CARTESIAN_POINT('',(0.0549557721242309,-0.0977629201758343,-0.00349));
#14834=CARTESIAN_POINT('',(0.05578678393633,-0.100295868741038,-0.00249));
#14835=CARTESIAN_POINT('',(0.05578678393633,-0.100295868741038,-0.00249));
#14836=CARTESIAN_POINT('',(0.05578678393633,-0.100295868741038,-0.00249));
#14837=CARTESIAN_POINT('',(0.05578678393633,-0.0987484674357499,-0.00249));
#14838=CARTESIAN_POINT('',(0.0549557721242309,-0.0977629201758343,-0.00249));
#14839=CARTESIAN_POINT('',(0.05578678393633,-0.100366484276795,-0.00249));
#14840=CARTESIAN_POINT('',(0.05578678393633,-0.100437099812552,-0.00249));
#14841=CARTESIAN_POINT('',(0.05578678393633,-0.100437099812552,-0.00249));
#14842=CARTESIAN_POINT('',(0.05578678393633,-0.100366484276795,-0.00249));
#14843=CARTESIAN_POINT('',(0.0549527018835458,-0.102970048377756,-0.00249));
#14844=CARTESIAN_POINT('',(0.0549527018835458,-0.102970048377756,-0.00349));
#14845=CARTESIAN_POINT('',(0.0555087565854019,-0.102308923216899,-0.00249));
#14846=CARTESIAN_POINT('',(0.0555087565854019,-0.102308923216899,-0.00349));
#14847=CARTESIAN_POINT('',(0.05578678393633,-0.101464607028498,-0.00249));
#14848=CARTESIAN_POINT('',(0.05578678393633,-0.101464607028498,-0.00349));
#14849=CARTESIAN_POINT('',(0.05578678393633,-0.100437099812552,-0.00249));
#14850=CARTESIAN_POINT('',(0.05578678393633,-0.100437099812552,-0.00349));
#14851=CARTESIAN_POINT('',(0.0549527018835458,-0.102970048377756,-0.00249));
#14852=CARTESIAN_POINT('',(0.0549527018835458,-0.102970048377756,-0.00249));
#14853=CARTESIAN_POINT('',(0.0549527018835458,-0.102970048377756,-0.00249));
#14854=CARTESIAN_POINT('',(0.05578678393633,-0.10197836063647,-0.00249));
#14855=CARTESIAN_POINT('',(0.05578678393633,-0.100437099812552,-0.00249));
#14856=CARTESIAN_POINT('',(0.0526858408443837,-0.103961736119042,-0.00249));
#14857=CARTESIAN_POINT('',(0.0526858408443837,-0.103961736119042,-0.00349));
#14858=CARTESIAN_POINT('',(0.0536410268353022,-0.103961736119042,-0.00249));
#14859=CARTESIAN_POINT('',(0.0536410268353022,-0.103961736119042,-0.00349));
#14860=CARTESIAN_POINT('',(0.0543966471816896,-0.103631173538613,-0.00249));
#14861=CARTESIAN_POINT('',(0.0543966471816896,-0.103631173538613,-0.00349));
#14862=CARTESIAN_POINT('',(0.0549527018835458,-0.102970048377756,-0.00249));
#14863=CARTESIAN_POINT('',(0.0549527018835458,-0.102970048377756,-0.00349));
#14864=CARTESIAN_POINT('',(0.0526858408443837,-0.103961736119042,-0.00249));
#14865=CARTESIAN_POINT('',(0.0526858408443837,-0.103961736119042,-0.00249));
#14866=CARTESIAN_POINT('',(0.0526858408443837,-0.103961736119042,-0.00249));
#14867=CARTESIAN_POINT('',(0.0541186198307615,-0.103961736119042,-0.00249));
#14868=CARTESIAN_POINT('',(0.0549527018835458,-0.102970048377756,-0.00249));
#14869=CARTESIAN_POINT('',(0.0504271671137152,-0.102966978137071,-0.00249));
#14870=CARTESIAN_POINT('',(0.0504271671137152,-0.102966978137071,-0.00349));
#14871=CARTESIAN_POINT('',(0.0509818572641557,-0.103630150125052,-0.00249));
#14872=CARTESIAN_POINT('',(0.0509818572641557,-0.103630150125052,-0.00349));
#14873=CARTESIAN_POINT('',(0.0517347485077119,-0.103961736119042,-0.00249));
#14874=CARTESIAN_POINT('',(0.0517347485077119,-0.103961736119042,-0.00349));
#14875=CARTESIAN_POINT('',(0.0526858408443837,-0.103961736119042,-0.00249));
#14876=CARTESIAN_POINT('',(0.0526858408443837,-0.103961736119042,-0.00349));
#14877=CARTESIAN_POINT('',(0.0504271671137152,-0.102966978137071,-0.00249));
#14878=CARTESIAN_POINT('',(0.051259202339376,-0.103961736119042,-0.00249));
#14879=CARTESIAN_POINT('',(0.0526858408443837,-0.103961736119042,-0.00249));
#14880=CARTESIAN_POINT('',(0.0513195837395162,-0.0984803330825849,-0.00249));
#14881=CARTESIAN_POINT('',(0.0513195837395162,-0.0984803330825849,-0.00349));
#14882=CARTESIAN_POINT('',(0.0516286546351491,-0.0980027400871256,-0.00249));
#14883=CARTESIAN_POINT('',(0.0516286546351491,-0.0980027400871256,-0.00349));
#14884=CARTESIAN_POINT('',(0.0520881673243518,-0.0977639435893959,-0.00249));
#14885=CARTESIAN_POINT('',(0.0520881673243518,-0.0977639435893959,-0.00349));
#14886=CARTESIAN_POINT('',(0.0526981218071241,-0.0977639435893959,-0.00249));
#14887=CARTESIAN_POINT('',(0.0526981218071241,-0.0977639435893959,-0.00349));
#14888=CARTESIAN_POINT('',(0.0513195837395162,-0.0984803330825849,-0.00349));
#14889=CARTESIAN_POINT('',(0.0517831900829656,-0.0977639435893959,-0.00349));
#14890=CARTESIAN_POINT('',(0.0526981218071241,-0.0977639435893959,-0.00349));
#14891=CARTESIAN_POINT('',(0.0513195837395162,-0.0984803330825849,-0.00249));
#14892=CARTESIAN_POINT('',(0.0517831900829656,-0.0977639435893959,-0.00249));
#14893=CARTESIAN_POINT('',(0.0526981218071241,-0.0977639435893959,-0.00249));
#14894=CARTESIAN_POINT('',(0.0828759320800245,-0.10360435,-0.00249));
#14895=CARTESIAN_POINT('',(0.0470693472177825,-0.100244698062953,-0.00249));
#14896=CARTESIAN_POINT('',(0.0470693472177825,-0.100244698062953,-0.00349));
#14897=CARTESIAN_POINT('',(0.0470693472177825,-0.101042960641078,-0.00249));
#14898=CARTESIAN_POINT('',(0.0470693472177825,-0.101042960641078,-0.00349));
#14899=CARTESIAN_POINT('',(0.0469243636298752,-0.101691463701341,-0.00249));
#14900=CARTESIAN_POINT('',(0.0469243636298752,-0.101691463701341,-0.00349));
#14901=CARTESIAN_POINT('',(0.0466343964540607,-0.102190207243742,-0.00249));
#14902=CARTESIAN_POINT('',(0.0466343964540607,-0.102190207243742,-0.00349));
#14903=CARTESIAN_POINT('',(0.0470693472177825,-0.100244698062953,-0.00349));
#14904=CARTESIAN_POINT('',(0.0470693472177825,-0.10144209193014,-0.00349));
#14905=CARTESIAN_POINT('',(0.0466343964540607,-0.102190207243742,-0.00349));
#14906=CARTESIAN_POINT('',(0.0470693472177825,-0.100244698062953,-0.00349));
#14907=CARTESIAN_POINT('',(0.0466343964540607,-0.102190207243742,-0.00349));
#14908=CARTESIAN_POINT('',(0.0470693472177825,-0.100244698062953,-0.00249));
#14909=CARTESIAN_POINT('',(0.0470693472177825,-0.100244698062953,-0.00249));
#14910=CARTESIAN_POINT('',(0.0470693472177825,-0.100244698062953,-0.00249));
#14911=CARTESIAN_POINT('',(0.0470693472177825,-0.10144209193014,-0.00249));
#14912=CARTESIAN_POINT('',(0.0466343964540607,-0.102190207243742,-0.00249));
#14913=CARTESIAN_POINT('',(0.0466343964540607,-0.102190207243742,-0.00249));
#14914=CARTESIAN_POINT('',(0.0466343964540607,-0.102190207243742,-0.00249));
#14915=CARTESIAN_POINT('',(0.0470693472177825,-0.100178176181443,-0.00249));
#14916=CARTESIAN_POINT('',(0.0470693472177825,-0.100178176181443,-0.00349));
#14917=CARTESIAN_POINT('',(0.0470693472177825,-0.100111654299932,-0.00349));
#14918=CARTESIAN_POINT('',(0.0470693472177825,-0.100111654299932,-0.00249));
#14919=CARTESIAN_POINT('',(0.0470693472177825,-0.100111654299932,-0.00249));
#14920=CARTESIAN_POINT('',(0.0470693472177825,-0.100178176181443,-0.00249));
#14921=CARTESIAN_POINT('',(0.0466374666947458,-0.0984342794723084,-0.00249));
#14922=CARTESIAN_POINT('',(0.0466374666947458,-0.0984342794723084,-0.00349));
#14923=CARTESIAN_POINT('',(0.0469253870434369,-0.098856608135436,-0.00249));
#14924=CARTESIAN_POINT('',(0.0469253870434369,-0.098856608135436,-0.00349));
#14925=CARTESIAN_POINT('',(0.0470693472177825,-0.0994157330779773,-0.00249));
#14926=CARTESIAN_POINT('',(0.0470693472177825,-0.0994157330779773,-0.00349));
#14927=CARTESIAN_POINT('',(0.0470693472177825,-0.100111654299932,-0.00249));
#14928=CARTESIAN_POINT('',(0.0470693472177825,-0.100111654299932,-0.00349));
#14929=CARTESIAN_POINT('',(0.0466374666947458,-0.0984342794723084,-0.00349));
#14930=CARTESIAN_POINT('',(0.0470693472177825,-0.0990677724669998,-0.00349));
#14931=CARTESIAN_POINT('',(0.0470693472177825,-0.100111654299932,-0.00349));
#14932=CARTESIAN_POINT('',(0.0466374666947458,-0.0984342794723084,-0.00349));
#14933=CARTESIAN_POINT('',(0.0466374666947458,-0.0984342794723084,-0.00249));
#14934=CARTESIAN_POINT('',(0.0466374666947458,-0.0984342794723084,-0.00249));
#14935=CARTESIAN_POINT('',(0.0466374666947458,-0.0984342794723084,-0.00249));
#14936=CARTESIAN_POINT('',(0.0470693472177825,-0.0990677724669998,-0.00249));
#14937=CARTESIAN_POINT('',(0.0470693472177825,-0.100111654299932,-0.00249));
#14938=CARTESIAN_POINT('',(0.0453172632001547,-0.0978007864776171,-0.00249));
#14939=CARTESIAN_POINT('',(0.0453172632001547,-0.0978007864776171,-0.00349));
#14940=CARTESIAN_POINT('',(0.0459094785145242,-0.0978007864776171,-0.00249));
#14941=CARTESIAN_POINT('',(0.0459094785145242,-0.0978007864776171,-0.00349));
#14942=CARTESIAN_POINT('',(0.0463495463460546,-0.0980119508091809,-0.00249));
#14943=CARTESIAN_POINT('',(0.0463495463460546,-0.0980119508091809,-0.00349));
#14944=CARTESIAN_POINT('',(0.0466374666947458,-0.0984342794723084,-0.00249));
#14945=CARTESIAN_POINT('',(0.0466374666947458,-0.0984342794723084,-0.00349));
#14946=CARTESIAN_POINT('',(0.0453172632001547,-0.0978007864776171,-0.00349));
#14947=CARTESIAN_POINT('',(0.046205586171709,-0.0978007864776171,-0.00349));
#14948=CARTESIAN_POINT('',(0.0466374666947458,-0.0984342794723084,-0.00349));
#14949=CARTESIAN_POINT('',(0.0453172632001547,-0.0978007864776171,-0.00349));
#14950=CARTESIAN_POINT('',(0.0453172632001547,-0.0978007864776171,-0.00249));
#14951=CARTESIAN_POINT('',(0.0453172632001547,-0.0978007864776171,-0.00249));
#14952=CARTESIAN_POINT('',(0.0453172632001547,-0.0978007864776171,-0.00249));
#14953=CARTESIAN_POINT('',(0.046205586171709,-0.0978007864776171,-0.00249));
#14954=CARTESIAN_POINT('',(0.0466374666947458,-0.0984342794723084,-0.00249));
#14955=CARTESIAN_POINT('',(0.0443296691131157,-0.0980822252070842,-0.00249));
#14956=CARTESIAN_POINT('',(0.0443296691131157,-0.0980822252070842,-0.00349));
#14957=CARTESIAN_POINT('',(0.0446005325691119,-0.0978945993874395,-0.00249));
#14958=CARTESIAN_POINT('',(0.0446005325691119,-0.0978945993874395,-0.00349));
#14959=CARTESIAN_POINT('',(0.0449297305981249,-0.0978007864776171,-0.00249));
#14960=CARTESIAN_POINT('',(0.0449297305981249,-0.0978007864776171,-0.00349));
#14961=CARTESIAN_POINT('',(0.0453172632001547,-0.0978007864776171,-0.00249));
#14962=CARTESIAN_POINT('',(0.0453172632001547,-0.0978007864776171,-0.00349));
#14963=CARTESIAN_POINT('',(0.0443296691131157,-0.0980822252070842,-0.00349));
#14964=CARTESIAN_POINT('',(0.04473596429711,-0.0978007864776171,-0.00349));
#14965=CARTESIAN_POINT('',(0.0453172632001547,-0.0978007864776171,-0.00349));
#14966=CARTESIAN_POINT('',(0.0443296691131157,-0.0980822252070842,-0.00349));
#14967=CARTESIAN_POINT('',(0.0443296691131157,-0.0980822252070842,-0.00249));
#14968=CARTESIAN_POINT('',(0.0443296691131157,-0.0980822252070842,-0.00249));
#14969=CARTESIAN_POINT('',(0.0443296691131157,-0.0980822252070842,-0.00249));
#14970=CARTESIAN_POINT('',(0.04473596429711,-0.0978007864776171,-0.00249));
#14971=CARTESIAN_POINT('',(0.0453172632001547,-0.0978007864776171,-0.00249));
#14972=CARTESIAN_POINT('',(0.0436859419828074,-0.0988446683105495,-0.00249));
#14973=CARTESIAN_POINT('',(0.0436859419828074,-0.0988446683105495,-0.00349));
#14974=CARTESIAN_POINT('',(0.0438442299470168,-0.098523998727884,-0.00249));
#14975=CARTESIAN_POINT('',(0.0438442299470168,-0.098523998727884,-0.00349));
#14976=CARTESIAN_POINT('',(0.0440588056571195,-0.0982698510267289,-0.00249));
#14977=CARTESIAN_POINT('',(0.0440588056571195,-0.0982698510267289,-0.00349));
#14978=CARTESIAN_POINT('',(0.0443296691131157,-0.0980822252070842,-0.00249));
#14979=CARTESIAN_POINT('',(0.0443296691131157,-0.0980822252070842,-0.00349));
#14980=CARTESIAN_POINT('',(0.0436859419828074,-0.0988446683105495,-0.00349));
#14981=CARTESIAN_POINT('',(0.0439233739291214,-0.0983636639365512,-0.00349));
#14982=CARTESIAN_POINT('',(0.0443296691131157,-0.0980822252070842,-0.00349));
#14983=CARTESIAN_POINT('',(0.0436859419828074,-0.0988446683105495,-0.00349));
#14984=CARTESIAN_POINT('',(0.0436859419828074,-0.0988446683105495,-0.00249));
#14985=CARTESIAN_POINT('',(0.0436859419828074,-0.0988446683105495,-0.00249));
#14986=CARTESIAN_POINT('',(0.0436859419828074,-0.0988446683105495,-0.00249));
#14987=CARTESIAN_POINT('',(0.0439233739291214,-0.0983636639365512,-0.00249));
#14988=CARTESIAN_POINT('',(0.0443296691131157,-0.0980822252070842,-0.00249));
#14989=CARTESIAN_POINT('',(0.0436859419828074,-0.100373648171727,-0.00249));
#14990=CARTESIAN_POINT('',(0.0436859419828074,-0.100373648171727,-0.00349));
#14991=CARTESIAN_POINT('',(0.0436859419828074,-0.101902628032904,-0.00349));
#14992=CARTESIAN_POINT('',(0.0436859419828074,-0.101902628032904,-0.00249));
#14993=CARTESIAN_POINT('',(0.0436859419828074,-0.101902628032904,-0.00249));
#14994=CARTESIAN_POINT('',(0.0436859419828074,-0.100373648171727,-0.00249));
#14995=CARTESIAN_POINT('',(0.0443225052181839,-0.102656883827876,-0.00249));
#14996=CARTESIAN_POINT('',(0.0443225052181839,-0.102656883827876,-0.00349));
#14997=CARTESIAN_POINT('',(0.0440564176921422,-0.102469258008232,-0.00249));
#14998=CARTESIAN_POINT('',(0.0440564176921422,-0.102469258008232,-0.00349));
#14999=CARTESIAN_POINT('',(0.0438442299470168,-0.102217839409908,-0.00249));
#15000=CARTESIAN_POINT('',(0.0438442299470168,-0.102217839409908,-0.00349));
#15001=CARTESIAN_POINT('',(0.0436859419828074,-0.101902628032904,-0.00249));
#15002=CARTESIAN_POINT('',(0.0436859419828074,-0.101902628032904,-0.00349));
#15003=CARTESIAN_POINT('',(0.0443225052181839,-0.102656883827876,-0.00349));
#15004=CARTESIAN_POINT('',(0.0439233739291214,-0.102375445098409,-0.00349));
#15005=CARTESIAN_POINT('',(0.0436859419828074,-0.101902628032904,-0.00349));
#15006=CARTESIAN_POINT('',(0.0443225052181839,-0.102656883827876,-0.00349));
#15007=CARTESIAN_POINT('',(0.0443225052181839,-0.102656883827876,-0.00249));
#15008=CARTESIAN_POINT('',(0.0443225052181839,-0.102656883827876,-0.00249));
#15009=CARTESIAN_POINT('',(0.0443225052181839,-0.102656883827876,-0.00249));
#15010=CARTESIAN_POINT('',(0.0439233739291214,-0.102375445098409,-0.00249));
#15011=CARTESIAN_POINT('',(0.0436859419828074,-0.101902628032904,-0.00249));
#15012=CARTESIAN_POINT('',(0.0453049822374144,-0.102938322557343,-0.00249));
#15013=CARTESIAN_POINT('',(0.0453049822374144,-0.102938322557343,-0.00349));
#15014=CARTESIAN_POINT('',(0.044916085083969,-0.102938322557343,-0.00249));
#15015=CARTESIAN_POINT('',(0.044916085083969,-0.102938322557343,-0.00349));
#15016=CARTESIAN_POINT('',(0.0445885927442255,-0.102844509647521,-0.00249));
#15017=CARTESIAN_POINT('',(0.0445885927442255,-0.102844509647521,-0.00349));
#15018=CARTESIAN_POINT('',(0.0443225052181839,-0.102656883827876,-0.00249));
#15019=CARTESIAN_POINT('',(0.0443225052181839,-0.102656883827876,-0.00349));
#15020=CARTESIAN_POINT('',(0.0453049822374144,-0.102938322557343,-0.00349));
#15021=CARTESIAN_POINT('',(0.0447216365072463,-0.102938322557343,-0.00349));
#15022=CARTESIAN_POINT('',(0.0443225052181839,-0.102656883827876,-0.00349));
#15023=CARTESIAN_POINT('',(0.0453049822374144,-0.102938322557343,-0.00349));
#15024=CARTESIAN_POINT('',(0.0453049822374144,-0.102938322557343,-0.00249));
#15025=CARTESIAN_POINT('',(0.0453049822374144,-0.102938322557343,-0.00249));
#15026=CARTESIAN_POINT('',(0.0453049822374144,-0.102938322557343,-0.00249));
#15027=CARTESIAN_POINT('',(0.0447216365072463,-0.102938322557343,-0.00249));
#15028=CARTESIAN_POINT('',(0.0443225052181839,-0.102656883827876,-0.00249));
#15029=CARTESIAN_POINT('',(0.0483363332071652,-0.100111654299932,-0.00249));
#15030=CARTESIAN_POINT('',(0.0483363332071652,-0.100111654299932,-0.00349));
#15031=CARTESIAN_POINT('',(0.0483363332071652,-0.0991128026637145,-0.00249));
#15032=CARTESIAN_POINT('',(0.0483363332071652,-0.0991128026637145,-0.00349));
#15033=CARTESIAN_POINT('',(0.0480965132958739,-0.0983073761906579,-0.00249));
#15034=CARTESIAN_POINT('',(0.0480965132958739,-0.0983073761906579,-0.00349));
#15035=CARTESIAN_POINT('',(0.0476168734732912,-0.0976953748807622,-0.00249));
#15036=CARTESIAN_POINT('',(0.0476168734732912,-0.0976953748807622,-0.00349));
#15037=CARTESIAN_POINT('',(0.0483363332071652,-0.100111654299932,-0.00249));
#15038=CARTESIAN_POINT('',(0.0483363332071652,-0.100111654299932,-0.00249));
#15039=CARTESIAN_POINT('',(0.0483363332071652,-0.100111654299932,-0.00249));
#15040=CARTESIAN_POINT('',(0.0483363332071652,-0.0986133768456057,-0.00249));
#15041=CARTESIAN_POINT('',(0.0476168734732912,-0.0976953748807622,-0.00249));
#15042=CARTESIAN_POINT('',(0.0476168734732912,-0.0976953748807622,-0.00249));
#15043=CARTESIAN_POINT('',(0.0476168734732912,-0.0976953748807622,-0.00249));
#15044=CARTESIAN_POINT('',(0.0483363332071652,-0.100178176181443,-0.00249));
#15045=CARTESIAN_POINT('',(0.0483363332071652,-0.100244698062953,-0.00249));
#15046=CARTESIAN_POINT('',(0.0483363332071652,-0.100244698062953,-0.00249));
#15047=CARTESIAN_POINT('',(0.0483363332071652,-0.100178176181443,-0.00249));
#15048=CARTESIAN_POINT('',(0.0476199437139763,-0.102938322557343,-0.00249));
#15049=CARTESIAN_POINT('',(0.0476199437139763,-0.102938322557343,-0.00349));
#15050=CARTESIAN_POINT('',(0.0480975367094356,-0.102256046849544,-0.00249));
#15051=CARTESIAN_POINT('',(0.0480975367094356,-0.102256046849544,-0.00349));
#15052=CARTESIAN_POINT('',(0.0483363332071652,-0.101358172018081,-0.00249));
#15053=CARTESIAN_POINT('',(0.0483363332071652,-0.101358172018081,-0.00349));
#15054=CARTESIAN_POINT('',(0.0483363332071652,-0.100244698062953,-0.00249));
#15055=CARTESIAN_POINT('',(0.0483363332071652,-0.100244698062953,-0.00349));
#15056=CARTESIAN_POINT('',(0.0476199437139763,-0.102938322557343,-0.00249));
#15057=CARTESIAN_POINT('',(0.0476199437139763,-0.102938322557343,-0.00249));
#15058=CARTESIAN_POINT('',(0.0476199437139763,-0.102938322557343,-0.00249));
#15059=CARTESIAN_POINT('',(0.0483363332071652,-0.101914908995645,-0.00249));
#15060=CARTESIAN_POINT('',(0.0483363332071652,-0.100244698062953,-0.00249));
#15061=CARTESIAN_POINT('',(0.0456242872686643,-0.103961736119042,-0.00249));
#15062=CARTESIAN_POINT('',(0.0456242872686643,-0.103961736119042,-0.00349));
#15063=CARTESIAN_POINT('',(0.046477131903413,-0.103961736119042,-0.00249));
#15064=CARTESIAN_POINT('',(0.046477131903413,-0.103961736119042,-0.00349));
#15065=CARTESIAN_POINT('',(0.047142350718517,-0.103620598265142,-0.00249));
#15066=CARTESIAN_POINT('',(0.047142350718517,-0.103620598265142,-0.00349));
#15067=CARTESIAN_POINT('',(0.0476199437139763,-0.102938322557343,-0.00249));
#15068=CARTESIAN_POINT('',(0.0476199437139763,-0.102938322557343,-0.00349));
#15069=CARTESIAN_POINT('',(0.0456242872686643,-0.103961736119042,-0.00249));
#15070=CARTESIAN_POINT('',(0.0456242872686643,-0.103961736119042,-0.00249));
#15071=CARTESIAN_POINT('',(0.0456242872686643,-0.103961736119042,-0.00249));
#15072=CARTESIAN_POINT('',(0.0469035542207874,-0.103961736119042,-0.00249));
#15073=CARTESIAN_POINT('',(0.0476199437139763,-0.102938322557343,-0.00249));
#15074=CARTESIAN_POINT('',(0.0444944386965491,-0.103718163691358,-0.00249));
#15075=CARTESIAN_POINT('',(0.0444944386965491,-0.103718163691358,-0.00349));
#15076=CARTESIAN_POINT('',(0.0448164728306303,-0.103880545309814,-0.00249));
#15077=CARTESIAN_POINT('',(0.0448164728306303,-0.103880545309814,-0.00349));
#15078=CARTESIAN_POINT('',(0.0451930890213353,-0.103961736119042,-0.00249));
#15079=CARTESIAN_POINT('',(0.0451930890213353,-0.103961736119042,-0.00349));
#15080=CARTESIAN_POINT('',(0.0456242872686643,-0.103961736119042,-0.00249));
#15081=CARTESIAN_POINT('',(0.0456242872686643,-0.103961736119042,-0.00349));
#15082=CARTESIAN_POINT('',(0.0444944386965491,-0.103718163691358,-0.00249));
#15083=CARTESIAN_POINT('',(0.0444944386965491,-0.103718163691358,-0.00249));
#15084=CARTESIAN_POINT('',(0.0444944386965491,-0.103718163691358,-0.00249));
#15085=CARTESIAN_POINT('',(0.0449774898976708,-0.103961736119042,-0.00249));
#15086=CARTESIAN_POINT('',(0.0456242872686643,-0.103961736119042,-0.00249));
#15087=CARTESIAN_POINT('',(0.0454815908884802,-0.101771476969825,-0.00249));
#15088=CARTESIAN_POINT('',(0.0436859419828074,-0.103014055160909,-0.00249));
#15089=CARTESIAN_POINT('',(0.0436862107911178,-0.103013869147183,-0.00249000025));
#15090=CARTESIAN_POINT('',(0.0454815908884802,-0.101771476969825,-0.00249));
#15091=CARTESIAN_POINT('',(0.0436859419828074,-0.104952400446766,-0.00249));
#15092=CARTESIAN_POINT('',(0.0436859419828074,-0.106890745732623,-0.00249));
#15093=CARTESIAN_POINT('',(0.0436859419828074,-0.106890745732623,-0.00249));
#15094=CARTESIAN_POINT('',(0.0436859419828074,-0.104952400446766,-0.00249));
#15095=CARTESIAN_POINT('',(0.0425346017258966,-0.106890745732623,-0.00249));
#15096=CARTESIAN_POINT('',(0.0413832614689859,-0.106890745732623,-0.00249));
#15097=CARTESIAN_POINT('',(0.0413832614689859,-0.106890745732623,-0.00249));
#15098=CARTESIAN_POINT('',(0.0425346017258966,-0.106890745732623,-0.00249));
#15099=CARTESIAN_POINT('',(0.0413832614689859,-0.106484450548629,-0.00249));
#15100=CARTESIAN_POINT('',(0.0413832614689859,-0.106078155364634,-0.00249));
#15101=CARTESIAN_POINT('',(0.0413832614689859,-0.106078155364634,-0.00249));
#15102=CARTESIAN_POINT('',(0.0413832614689859,-0.106484450548629,-0.00249));
#15103=CARTESIAN_POINT('',(0.0419041789718903,-0.105989118384766,-0.00249));
#15104=CARTESIAN_POINT('',(0.0424250964747949,-0.105900081404899,-0.00249));
#15105=CARTESIAN_POINT('',(0.0424250964747949,-0.105900081404899,-0.00249));
#15106=CARTESIAN_POINT('',(0.0419041789718903,-0.105989118384766,-0.00249));
#15107=CARTESIAN_POINT('',(0.0424250964747949,-0.101406272455481,-0.00249));
#15108=CARTESIAN_POINT('',(0.0424250964747949,-0.0969124635060628,-0.00249));
#15109=CARTESIAN_POINT('',(0.0424250964747949,-0.0969124635060628,-0.00249));
#15110=CARTESIAN_POINT('',(0.0424250964747949,-0.101406272455481,-0.00249));
#15111=CARTESIAN_POINT('',(0.0429695524896185,-0.0969124635060628,-0.00249));
#15112=CARTESIAN_POINT('',(0.0435140085044421,-0.0969124635060628,-0.00249));
#15113=CARTESIAN_POINT('',(0.0435140085044421,-0.0969124635060628,-0.00249));
#15114=CARTESIAN_POINT('',(0.0429695524896185,-0.0969124635060628,-0.00249));
#15115=CARTESIAN_POINT('',(0.0435713196638971,-0.0973566249918399,-0.00249));
#15116=CARTESIAN_POINT('',(0.0436286308233522,-0.0978007864776171,-0.00249));
#15117=CARTESIAN_POINT('',(0.0436286308233522,-0.0978007864776171,-0.00249));
#15118=CARTESIAN_POINT('',(0.0435713196638971,-0.0973566249918399,-0.00249));
#15119=CARTESIAN_POINT('',(0.0444596426354514,-0.09703731996059,-0.00249));
#15120=CARTESIAN_POINT('',(0.0444596426354514,-0.09703731996059,-0.00349));
#15121=CARTESIAN_POINT('',(0.0441266920900455,-0.097210617990371,-0.00249));
#15122=CARTESIAN_POINT('',(0.0441266920900455,-0.097210617990371,-0.00349));
#15123=CARTESIAN_POINT('',(0.0438496881526791,-0.09746510682938,-0.00249));
#15124=CARTESIAN_POINT('',(0.0438496881526791,-0.09746510682938,-0.00349));
#15125=CARTESIAN_POINT('',(0.0436286308233522,-0.0978007864776171,-0.00249));
#15126=CARTESIAN_POINT('',(0.0436286308233522,-0.0978007864776171,-0.00349));
#15127=CARTESIAN_POINT('',(0.0444596426354514,-0.09703731996059,-0.00249));
#15128=CARTESIAN_POINT('',(0.0444596426354514,-0.09703731996059,-0.00249));
#15129=CARTESIAN_POINT('',(0.0444596426354514,-0.09703731996059,-0.00249));
#15130=CARTESIAN_POINT('',(0.0439602168173426,-0.0972972670052615,-0.00249));
#15131=CARTESIAN_POINT('',(0.0436286308233522,-0.0978007864776171,-0.00249));
#15132=CARTESIAN_POINT('',(0.0456365682314047,-0.0967773729159186,-0.00249));
#15133=CARTESIAN_POINT('',(0.0456365682314047,-0.0967773729159186,-0.00349));
#15134=CARTESIAN_POINT('',(0.0451849017128417,-0.0967773729159186,-0.00249));
#15135=CARTESIAN_POINT('',(0.0451849017128417,-0.0967773729159186,-0.00349));
#15136=CARTESIAN_POINT('',(0.0447925931808573,-0.0968640219308091,-0.00249));
#15137=CARTESIAN_POINT('',(0.0447925931808573,-0.0968640219308091,-0.00349));
#15138=CARTESIAN_POINT('',(0.0444596426354514,-0.09703731996059,-0.00249));
#15139=CARTESIAN_POINT('',(0.0444596426354514,-0.09703731996059,-0.00349));
#15140=CARTESIAN_POINT('',(0.0456365682314047,-0.0967773729159186,-0.00249));
#15141=CARTESIAN_POINT('',(0.0456365682314047,-0.0967773729159186,-0.00249));
#15142=CARTESIAN_POINT('',(0.0456365682314047,-0.0967773729159186,-0.00249));
#15143=CARTESIAN_POINT('',(0.0449590684535603,-0.0967773729159186,-0.00249));
#15144=CARTESIAN_POINT('',(0.0444596426354514,-0.09703731996059,-0.00249));
#15145=CARTESIAN_POINT('',(0.0476168734732912,-0.0976953748807622,-0.00249));
#15146=CARTESIAN_POINT('',(0.0476168734732912,-0.0976953748807622,-0.00349));
#15147=CARTESIAN_POINT('',(0.0471372336507085,-0.0970833735708665,-0.00249));
#15148=CARTESIAN_POINT('',(0.0471372336507085,-0.0970833735708665,-0.00349));
#15149=CARTESIAN_POINT('',(0.046477131903413,-0.0967773729159186,-0.00249));
#15150=CARTESIAN_POINT('',(0.046477131903413,-0.0967773729159186,-0.00349));
#15151=CARTESIAN_POINT('',(0.0456365682314047,-0.0967773729159186,-0.00249));
#15152=CARTESIAN_POINT('',(0.0456365682314047,-0.0967773729159186,-0.00349));
#15153=CARTESIAN_POINT('',(0.0476168734732912,-0.0976953748807622,-0.00249));
#15154=CARTESIAN_POINT('',(0.0468974137394172,-0.0967773729159186,-0.00249));
#15155=CARTESIAN_POINT('',(0.0456365682314047,-0.0967773729159186,-0.00249));
#15156=CARTESIAN_POINT('',(0.0466343964540607,-0.102190207243742,-0.00249));
#15157=CARTESIAN_POINT('',(0.0466343964540607,-0.102190207243742,-0.00349));
#15158=CARTESIAN_POINT('',(0.0463444292782461,-0.102688950786143,-0.00249));
#15159=CARTESIAN_POINT('',(0.0463444292782461,-0.102688950786143,-0.00349));
#15160=CARTESIAN_POINT('',(0.0459012912060307,-0.102938322557343,-0.00249));
#15161=CARTESIAN_POINT('',(0.0459012912060307,-0.102938322557343,-0.00349));
#15162=CARTESIAN_POINT('',(0.0453049822374144,-0.102938322557343,-0.00249));
#15163=CARTESIAN_POINT('',(0.0453049822374144,-0.102938322557343,-0.00349));
#15164=CARTESIAN_POINT('',(0.0466343964540607,-0.102190207243742,-0.00349));
#15165=CARTESIAN_POINT('',(0.0461994456903388,-0.102938322557343,-0.00349));
#15166=CARTESIAN_POINT('',(0.0453049822374144,-0.102938322557343,-0.00349));
#15167=CARTESIAN_POINT('',(0.0466343964540607,-0.102190207243742,-0.00249));
#15168=CARTESIAN_POINT('',(0.0461994456903388,-0.102938322557343,-0.00249));
#15169=CARTESIAN_POINT('',(0.0453049822374144,-0.102938322557343,-0.00249));
#15170=CARTESIAN_POINT('',(0.0828759320800245,-0.10360435,-0.00249));
#15171=CARTESIAN_POINT('',(0.0339757941094124,-0.123776046087086,-0.00249));
#15172=CARTESIAN_POINT('',(0.0339757941094124,-0.123369750903091,-0.00249));
#15173=CARTESIAN_POINT('',(0.0339757941094124,-0.123369750903091,-0.00249));
#15174=CARTESIAN_POINT('',(0.0339757941094124,-0.123776046087086,-0.00249));
#15175=CARTESIAN_POINT('',(0.0339757941094124,-0.12418234127108,-0.00249));
#15176=CARTESIAN_POINT('',(0.0339757941094124,-0.12418234127108,-0.00249));
#15177=CARTESIAN_POINT('',(0.0344967116123169,-0.123280713923224,-0.00249));
#15178=CARTESIAN_POINT('',(0.0350176291152214,-0.123191676943356,-0.00249));
#15179=CARTESIAN_POINT('',(0.0350176291152214,-0.123191676943356,-0.00249));
#15180=CARTESIAN_POINT('',(0.0344967116123169,-0.123280713923224,-0.00249));
#15181=CARTESIAN_POINT('',(0.0350176291152214,-0.119190129917115,-0.00249));
#15182=CARTESIAN_POINT('',(0.0350176291152214,-0.115188582890874,-0.00249));
#15183=CARTESIAN_POINT('',(0.0350176291152214,-0.115188582890874,-0.00249));
#15184=CARTESIAN_POINT('',(0.0350176291152214,-0.119190129917115,-0.00249));
#15185=CARTESIAN_POINT('',(0.0344967116123169,-0.115099545911006,-0.00249));
#15186=CARTESIAN_POINT('',(0.0339757941094124,-0.115010508931138,-0.00249));
#15187=CARTESIAN_POINT('',(0.0339757941094124,-0.115010508931138,-0.00249));
#15188=CARTESIAN_POINT('',(0.0344967116123169,-0.115099545911006,-0.00249));
#15189=CARTESIAN_POINT('',(0.0339757941094124,-0.114607283987829,-0.00249));
#15190=CARTESIAN_POINT('',(0.0339757941094124,-0.11420405904452,-0.00249));
#15191=CARTESIAN_POINT('',(0.0339757941094124,-0.11420405904452,-0.00249));
#15192=CARTESIAN_POINT('',(0.0339757941094124,-0.114607283987829,-0.00249));
#15193=CARTESIAN_POINT('',(0.0356480518692276,-0.11420405904452,-0.00249));
#15194=CARTESIAN_POINT('',(0.0373203096290429,-0.11420405904452,-0.00249));
#15195=CARTESIAN_POINT('',(0.0373203096290429,-0.11420405904452,-0.00249));
#15196=CARTESIAN_POINT('',(0.0356480518692276,-0.11420405904452,-0.00249));
#15197=CARTESIAN_POINT('',(0.0373203096290429,-0.114607283987829,-0.00249));
#15198=CARTESIAN_POINT('',(0.0373203096290429,-0.115010508931138,-0.00249));
#15199=CARTESIAN_POINT('',(0.0373203096290429,-0.115010508931138,-0.00249));
#15200=CARTESIAN_POINT('',(0.0373203096290429,-0.114607283987829,-0.00249));
#15201=CARTESIAN_POINT('',(0.0367993921261384,-0.115099545911006,-0.00249));
#15202=CARTESIAN_POINT('',(0.0362784746232339,-0.115188582890874,-0.00249));
#15203=CARTESIAN_POINT('',(0.0362784746232339,-0.115188582890874,-0.00249));
#15204=CARTESIAN_POINT('',(0.0367993921261384,-0.115099545911006,-0.00249));
#15205=CARTESIAN_POINT('',(0.0362784746232339,-0.119685462080977,-0.00249));
#15206=CARTESIAN_POINT('',(0.0362784746232339,-0.12418234127108,-0.00249));
#15207=CARTESIAN_POINT('',(0.0362784746232339,-0.12418234127108,-0.00249));
#15208=CARTESIAN_POINT('',(0.0362784746232339,-0.119685462080977,-0.00249));
#15209=CARTESIAN_POINT('',(0.0351271343663231,-0.12418234127108,-0.00249));
#15210=CARTESIAN_POINT('',(0.0351271343663231,-0.12418234127108,-0.00249));
#15211=CARTESIAN_POINT('',(0.0828759320800245,-0.10360435,-0.00249));
#15212=CARTESIAN_POINT('',(0.0387960719850121,-0.115099545911006,-0.00249));
#15213=CARTESIAN_POINT('',(0.0382741310685459,-0.115010508931138,-0.00249));
#15214=CARTESIAN_POINT('',(0.0382741310685459,-0.115010508931138,-0.00249));
#15215=CARTESIAN_POINT('',(0.0387960719850121,-0.115099545911006,-0.00249));
#15216=CARTESIAN_POINT('',(0.0393180129014783,-0.115188582890874,-0.00249));
#15217=CARTESIAN_POINT('',(0.0393180129014783,-0.115188582890874,-0.00249));
#15218=CARTESIAN_POINT('',(0.0382741310685459,-0.114607283987829,-0.00249));
#15219=CARTESIAN_POINT('',(0.0382741310685459,-0.11420405904452,-0.00249));
#15220=CARTESIAN_POINT('',(0.0382741310685459,-0.11420405904452,-0.00249));
#15221=CARTESIAN_POINT('',(0.0382741310685459,-0.114607283987829,-0.00249));
#15222=CARTESIAN_POINT('',(0.0399474122419229,-0.11420405904452,-0.00249));
#15223=CARTESIAN_POINT('',(0.0416206934152999,-0.11420405904452,-0.00249));
#15224=CARTESIAN_POINT('',(0.0416206934152999,-0.11420405904452,-0.00249));
#15225=CARTESIAN_POINT('',(0.0399474122419229,-0.11420405904452,-0.00249));
#15226=CARTESIAN_POINT('',(0.0416206934152999,-0.114607283987829,-0.00249));
#15227=CARTESIAN_POINT('',(0.0416206934152999,-0.115010508931138,-0.00249));
#15228=CARTESIAN_POINT('',(0.0416206934152999,-0.115010508931138,-0.00249));
#15229=CARTESIAN_POINT('',(0.0416206934152999,-0.114607283987829,-0.00249));
#15230=CARTESIAN_POINT('',(0.0410987524988337,-0.115099545911006,-0.00249));
#15231=CARTESIAN_POINT('',(0.0405768115823675,-0.115188582890874,-0.00249));
#15232=CARTESIAN_POINT('',(0.0405768115823675,-0.115188582890874,-0.00249));
#15233=CARTESIAN_POINT('',(0.0410987524988337,-0.115099545911006,-0.00249));
#15234=CARTESIAN_POINT('',(0.0405768115823675,-0.118156482219799,-0.00249));
#15235=CARTESIAN_POINT('',(0.0405768115823675,-0.121124381548725,-0.00249));
#15236=CARTESIAN_POINT('',(0.0405768115823675,-0.121124381548725,-0.00249));
#15237=CARTESIAN_POINT('',(0.0405768115823675,-0.118156482219799,-0.00249));
#15238=CARTESIAN_POINT('',(0.0394254713254567,-0.121124381548725,-0.00249));
#15239=CARTESIAN_POINT('',(0.0382741310685459,-0.121124381548725,-0.00249));
#15240=CARTESIAN_POINT('',(0.0382741310685459,-0.121124381548725,-0.00249));
#15241=CARTESIAN_POINT('',(0.0394254713254567,-0.121124381548725,-0.00249));
#15242=CARTESIAN_POINT('',(0.0382741310685459,-0.120718086364731,-0.00249));
#15243=CARTESIAN_POINT('',(0.0382741310685459,-0.120311791180736,-0.00249));
#15244=CARTESIAN_POINT('',(0.0382741310685459,-0.120311791180736,-0.00249));
#15245=CARTESIAN_POINT('',(0.0382741310685459,-0.120718086364731,-0.00249));
#15246=CARTESIAN_POINT('',(0.0387960719850121,-0.120222754200869,-0.00249));
#15247=CARTESIAN_POINT('',(0.0393180129014783,-0.120133717221001,-0.00249));
#15248=CARTESIAN_POINT('',(0.0393180129014783,-0.120133717221001,-0.00249));
#15249=CARTESIAN_POINT('',(0.0387960719850121,-0.120222754200869,-0.00249));
#15250=CARTESIAN_POINT('',(0.0393180129014783,-0.117661150055937,-0.00249));
#15251=CARTESIAN_POINT('',(0.0393180129014783,-0.117661150055937,-0.00249));
#15252=CARTESIAN_POINT('',(0.0828759320800245,-0.10360435,-0.00249));
#15253=CARTESIAN_POINT('',(0.0399474122419229,-0.122896933837587,-0.00249));
#15254=CARTESIAN_POINT('',(0.0405768115823675,-0.122896933837587,-0.00249));
#15255=CARTESIAN_POINT('',(0.0405768115823675,-0.122896933837587,-0.00249));
#15256=CARTESIAN_POINT('',(0.0399474122419229,-0.122896933837587,-0.00249));
#15257=CARTESIAN_POINT('',(0.0393180129014783,-0.122896933837587,-0.00249));
#15258=CARTESIAN_POINT('',(0.0393180129014783,-0.122896933837587,-0.00249));
#15259=CARTESIAN_POINT('',(0.0405768115823675,-0.123539637554333,-0.00249));
#15260=CARTESIAN_POINT('',(0.0405768115823675,-0.12418234127108,-0.00249));
#15261=CARTESIAN_POINT('',(0.0405768115823675,-0.12418234127108,-0.00249));
#15262=CARTESIAN_POINT('',(0.0405768115823675,-0.123539637554333,-0.00249));
#15263=CARTESIAN_POINT('',(0.0399474122419229,-0.12418234127108,-0.00249));
#15264=CARTESIAN_POINT('',(0.0393180129014783,-0.12418234127108,-0.00249));
#15265=CARTESIAN_POINT('',(0.0393180129014783,-0.12418234127108,-0.00249));
#15266=CARTESIAN_POINT('',(0.0399474122419229,-0.12418234127108,-0.00249));
#15267=CARTESIAN_POINT('',(0.0393180129014783,-0.123539637554333,-0.00249));
#15268=CARTESIAN_POINT('',(0.0393180129014783,-0.123539637554333,-0.00249));
#15269=CARTESIAN_POINT('',(0.0828759320800245,-0.10360435,-0.00249));
#15270=CARTESIAN_POINT('',(0.0447789476667014,-0.121959487015071,-0.00249));
#15271=CARTESIAN_POINT('',(0.0447789476667014,-0.122794592481417,-0.00249));
#15272=CARTESIAN_POINT('',(0.0447789476667014,-0.122794592481417,-0.00249));
#15273=CARTESIAN_POINT('',(0.0447789476667014,-0.121959487015071,-0.00249));
#15274=CARTESIAN_POINT('',(0.0447789476667014,-0.121124381548725,-0.00249));
#15275=CARTESIAN_POINT('',(0.0447789476667014,-0.121124381548725,-0.00249));
#15276=CARTESIAN_POINT('',(0.0441495483262568,-0.122794592481417,-0.00249));
#15277=CARTESIAN_POINT('',(0.0435201489858123,-0.122794592481417,-0.00249));
#15278=CARTESIAN_POINT('',(0.0435201489858123,-0.122794592481417,-0.00249));
#15279=CARTESIAN_POINT('',(0.0441495483262568,-0.122794592481417,-0.00249));
#15280=CARTESIAN_POINT('',(0.0435201489858123,-0.121959487015071,-0.00249));
#15281=CARTESIAN_POINT('',(0.0435201489858123,-0.121124381548725,-0.00249));
#15282=CARTESIAN_POINT('',(0.0435201489858123,-0.121124381548725,-0.00249));
#15283=CARTESIAN_POINT('',(0.0435201489858123,-0.121959487015071,-0.00249));
#15284=CARTESIAN_POINT('',(0.0429726227303035,-0.121124381548725,-0.00249));
#15285=CARTESIAN_POINT('',(0.0424250964747949,-0.121124381548725,-0.00249));
#15286=CARTESIAN_POINT('',(0.0424250964747949,-0.121124381548725,-0.00249));
#15287=CARTESIAN_POINT('',(0.0429726227303035,-0.121124381548725,-0.00249));
#15288=CARTESIAN_POINT('',(0.0424250964747949,-0.120657704964591,-0.00249));
#15289=CARTESIAN_POINT('',(0.0424250964747949,-0.120191028380456,-0.00249));
#15290=CARTESIAN_POINT('',(0.0424250964747949,-0.120191028380456,-0.00249));
#15291=CARTESIAN_POINT('',(0.0424250964747949,-0.120657704964591,-0.00249));
#15292=CARTESIAN_POINT('',(0.0429726227303035,-0.120191028380456,-0.00249));
#15293=CARTESIAN_POINT('',(0.0435201489858123,-0.120191028380456,-0.00249));
#15294=CARTESIAN_POINT('',(0.0435201489858123,-0.120191028380456,-0.00249));
#15295=CARTESIAN_POINT('',(0.0429726227303035,-0.120191028380456,-0.00249));
#15296=CARTESIAN_POINT('',(0.0435201489858123,-0.118089960338289,-0.00249));
#15297=CARTESIAN_POINT('',(0.0435201489858123,-0.115988892296122,-0.00249));
#15298=CARTESIAN_POINT('',(0.0435201489858123,-0.115988892296122,-0.00249));
#15299=CARTESIAN_POINT('',(0.0435201489858123,-0.118089960338289,-0.00249));
#15300=CARTESIAN_POINT('',(0.0439735211936447,-0.114533598211387,-0.00249));
#15301=CARTESIAN_POINT('',(0.0439735211936447,-0.114533598211387,-0.00349));
#15302=CARTESIAN_POINT('',(0.0436712730550897,-0.114843351382728,-0.00249));
#15303=CARTESIAN_POINT('',(0.0436712730550897,-0.114843351382728,-0.00349));
#15304=CARTESIAN_POINT('',(0.0435201489858123,-0.115328449410973,-0.00249));
#15305=CARTESIAN_POINT('',(0.0435201489858123,-0.115328449410973,-0.00349));
#15306=CARTESIAN_POINT('',(0.0435201489858123,-0.115988892296122,-0.00249));
#15307=CARTESIAN_POINT('',(0.0435201489858123,-0.115988892296122,-0.00349));
#15308=CARTESIAN_POINT('',(0.0439735211936447,-0.114533598211387,-0.00249));
#15309=CARTESIAN_POINT('',(0.0439735211936447,-0.114533598211387,-0.00249));
#15310=CARTESIAN_POINT('',(0.0439735211936447,-0.114533598211387,-0.00249));
#15311=CARTESIAN_POINT('',(0.0435201489858123,-0.114998227968398,-0.00249));
#15312=CARTESIAN_POINT('',(0.0435201489858123,-0.115988892296122,-0.00249));
#15313=CARTESIAN_POINT('',(0.0451944535727509,-0.114068968454376,-0.00249));
#15314=CARTESIAN_POINT('',(0.0451944535727509,-0.114068968454376,-0.00349));
#15315=CARTESIAN_POINT('',(0.0446827467919017,-0.114068968454376,-0.00249));
#15316=CARTESIAN_POINT('',(0.0446827467919017,-0.114068968454376,-0.00349));
#15317=CARTESIAN_POINT('',(0.0442757693321996,-0.114223845040046,-0.00249));
#15318=CARTESIAN_POINT('',(0.0442757693321996,-0.114223845040046,-0.00349));
#15319=CARTESIAN_POINT('',(0.0439735211936447,-0.114533598211387,-0.00249));
#15320=CARTESIAN_POINT('',(0.0439735211936447,-0.114533598211387,-0.00349));
#15321=CARTESIAN_POINT('',(0.0451944535727509,-0.114068968454376,-0.00249));
#15322=CARTESIAN_POINT('',(0.0451944535727509,-0.114068968454376,-0.00249));
#15323=CARTESIAN_POINT('',(0.0451944535727509,-0.114068968454376,-0.00249));
#15324=CARTESIAN_POINT('',(0.044426893401477,-0.114068968454376,-0.00249));
#15325=CARTESIAN_POINT('',(0.0439735211936447,-0.114533598211387,-0.00249));
#15326=CARTESIAN_POINT('',(0.0451908922490197,-0.117380748242647,-0.00249));
#15327=CARTESIAN_POINT('',(0.0458862811404591,-0.114142654230818,-0.00249));
#15328=CARTESIAN_POINT('',(0.0458862811404591,-0.114142654230818,-0.00249));
#15329=CARTESIAN_POINT('',(0.0451908922490197,-0.117380748242647,-0.00249));
#15330=CARTESIAN_POINT('',(0.0464102688840487,-0.114333009153294,-0.00249));
#15331=CARTESIAN_POINT('',(0.0464102688840487,-0.114333009153294,-0.00349));
#15332=CARTESIAN_POINT('',(0.0462915529108917,-0.114255229722605,-0.00249));
#15333=CARTESIAN_POINT('',(0.0462915529108917,-0.114255229722605,-0.00349));
#15334=CARTESIAN_POINT('',(0.0461168903296952,-0.11419177808178,-0.00249));
#15335=CARTESIAN_POINT('',(0.0461168903296952,-0.11419177808178,-0.00349));
#15336=CARTESIAN_POINT('',(0.0458862811404591,-0.114142654230818,-0.00249));
#15337=CARTESIAN_POINT('',(0.0458862811404591,-0.114142654230818,-0.00349));
#15338=CARTESIAN_POINT('',(0.0464102688840487,-0.114333009153294,-0.00249));
#15339=CARTESIAN_POINT('',(0.0464102688840487,-0.114333009153294,-0.00249));
#15340=CARTESIAN_POINT('',(0.0464102688840487,-0.114333009153294,-0.00249));
#15341=CARTESIAN_POINT('',(0.0462321949243132,-0.11421634000726,-0.00249));
#15342=CARTESIAN_POINT('',(0.0458862811404591,-0.114142654230818,-0.00249));
#15343=CARTESIAN_POINT('',(0.046324302144866,-0.114763866262769,-0.00249));
#15344=CARTESIAN_POINT('',(0.0462383784820045,-0.115194507477825,-0.00249));
#15345=CARTESIAN_POINT('',(0.0462383784820045,-0.115194507477825,-0.00249));
#15346=CARTESIAN_POINT('',(0.046324302144866,-0.114763866262769,-0.00249));
#15347=CARTESIAN_POINT('',(0.0452670068999105,-0.119883006428552,-0.00249));
#15348=CARTESIAN_POINT('',(0.0458893513811442,-0.115135365385666,-0.00249));
#15349=CARTESIAN_POINT('',(0.0458893350650451,-0.115135485107515,-0.00249));
#15350=CARTESIAN_POINT('',(0.0452670068999105,-0.119883006428552,-0.00249));
#15351=CARTESIAN_POINT('',(0.0454869274174656,-0.117883328265434,-0.00249));
#15352=CARTESIAN_POINT('',(0.0455158054311242,-0.115106709805938,-0.00249));
#15353=CARTESIAN_POINT('',(0.0455158054311242,-0.115106709805938,-0.00249));
#15354=CARTESIAN_POINT('',(0.0454869274174656,-0.117883328265434,-0.00249));
#15355=CARTESIAN_POINT('',(0.0449805601383559,-0.115304228623346,-0.00249));
#15356=CARTESIAN_POINT('',(0.0449805601383559,-0.115304228623346,-0.00349));
#15357=CARTESIAN_POINT('',(0.0451149684527923,-0.115172549411741,-0.00249));
#15358=CARTESIAN_POINT('',(0.0451149684527923,-0.115172549411741,-0.00349));
#15359=CARTESIAN_POINT('',(0.0452933835503817,-0.115106709805938,-0.00249));
#15360=CARTESIAN_POINT('',(0.0452933835503817,-0.115106709805938,-0.00349));
#15361=CARTESIAN_POINT('',(0.0455158054311242,-0.115106709805938,-0.00249));
#15362=CARTESIAN_POINT('',(0.0455158054311242,-0.115106709805938,-0.00349));
#15363=CARTESIAN_POINT('',(0.0449805601383559,-0.115304228623346,-0.00249));
#15364=CARTESIAN_POINT('',(0.0449805601383559,-0.115304228623346,-0.00249));
#15365=CARTESIAN_POINT('',(0.0449805601383559,-0.115304228623346,-0.00249));
#15366=CARTESIAN_POINT('',(0.0451821726100105,-0.115106709805938,-0.00249));
#15367=CARTESIAN_POINT('',(0.0455158054311242,-0.115106709805938,-0.00249));
#15368=CARTESIAN_POINT('',(0.0447789476667014,-0.115988892296122,-0.00249));
#15369=CARTESIAN_POINT('',(0.0447789476667014,-0.115988892296122,-0.00349));
#15370=CARTESIAN_POINT('',(0.0447789476667014,-0.11566412905921,-0.00249));
#15371=CARTESIAN_POINT('',(0.0447789476667014,-0.11566412905921,-0.00349));
#15372=CARTESIAN_POINT('',(0.0448461518239196,-0.115435907834951,-0.00249));
#15373=CARTESIAN_POINT('',(0.0448461518239196,-0.115435907834951,-0.00349));
#15374=CARTESIAN_POINT('',(0.0449805601383559,-0.115304228623346,-0.00249));
#15375=CARTESIAN_POINT('',(0.0449805601383559,-0.115304228623346,-0.00349));
#15376=CARTESIAN_POINT('',(0.0447789476667014,-0.115988892296122,-0.00249));
#15377=CARTESIAN_POINT('',(0.0447789476667014,-0.115988892296122,-0.00249));
#15378=CARTESIAN_POINT('',(0.0447789476667014,-0.115988892296122,-0.00249));
#15379=CARTESIAN_POINT('',(0.0447789476667014,-0.115501747440754,-0.00249));
#15380=CARTESIAN_POINT('',(0.0449805601383559,-0.115304228623346,-0.00249));
#15381=CARTESIAN_POINT('',(0.0447789476667014,-0.118089960338289,-0.00249));
#15382=CARTESIAN_POINT('',(0.0447789476667014,-0.120191028380456,-0.00249));
#15383=CARTESIAN_POINT('',(0.0447789476667014,-0.120191028380456,-0.00249));
#15384=CARTESIAN_POINT('',(0.0447789476667014,-0.118089960338289,-0.00249));
#15385=CARTESIAN_POINT('',(0.0454349557597501,-0.120191028380456,-0.00249));
#15386=CARTESIAN_POINT('',(0.0460909638527988,-0.120191028380456,-0.00249));
#15387=CARTESIAN_POINT('',(0.0460909638527988,-0.120191028380456,-0.00249));
#15388=CARTESIAN_POINT('',(0.0454349557597501,-0.120191028380456,-0.00249));
#15389=CARTESIAN_POINT('',(0.0460909638527988,-0.120657704964591,-0.00249));
#15390=CARTESIAN_POINT('',(0.0460909638527988,-0.121124381548725,-0.00249));
#15391=CARTESIAN_POINT('',(0.0460909638527988,-0.121124381548725,-0.00249));
#15392=CARTESIAN_POINT('',(0.0460909638527988,-0.120657704964591,-0.00249));
#15393=CARTESIAN_POINT('',(0.0454349557597501,-0.121124381548725,-0.00249));
#15394=CARTESIAN_POINT('',(0.0454349557597501,-0.121124381548725,-0.00249));
#15395=CARTESIAN_POINT('',(0.0828759320800245,-0.10360435,-0.00249));
#15396=CARTESIAN_POINT('',(0.0482247811289401,-0.132391141449463,-0.00249));
#15397=CARTESIAN_POINT('',(0.0477038636260356,-0.132302104469596,-0.00249));
#15398=CARTESIAN_POINT('',(0.0477038636260356,-0.132302104469596,-0.00249));
#15399=CARTESIAN_POINT('',(0.0482247811289401,-0.132391141449463,-0.00249));
#15400=CARTESIAN_POINT('',(0.0487456986318446,-0.132480178429331,-0.00249));
#15401=CARTESIAN_POINT('',(0.0487456986318446,-0.132480178429331,-0.00249));
#15402=CARTESIAN_POINT('',(0.0477038636260356,-0.131898879526286,-0.00249));
#15403=CARTESIAN_POINT('',(0.0477038636260356,-0.131495654582977,-0.00249));
#15404=CARTESIAN_POINT('',(0.0477038636260356,-0.131495654582977,-0.00249));
#15405=CARTESIAN_POINT('',(0.0477038636260356,-0.131898879526286,-0.00249));
#15406=CARTESIAN_POINT('',(0.0493761213858508,-0.131495654582977,-0.00249));
#15407=CARTESIAN_POINT('',(0.0510483791456661,-0.131495654582977,-0.00249));
#15408=CARTESIAN_POINT('',(0.0510483791456661,-0.131495654582977,-0.00249));
#15409=CARTESIAN_POINT('',(0.0493761213858508,-0.131495654582977,-0.00249));
#15410=CARTESIAN_POINT('',(0.0510483791456661,-0.131898879526286,-0.00249));
#15411=CARTESIAN_POINT('',(0.0510483791456661,-0.132302104469596,-0.00249));
#15412=CARTESIAN_POINT('',(0.0510483791456661,-0.132302104469596,-0.00249));
#15413=CARTESIAN_POINT('',(0.0510483791456661,-0.131898879526286,-0.00249));
#15414=CARTESIAN_POINT('',(0.0505274616427616,-0.132391141449463,-0.00249));
#15415=CARTESIAN_POINT('',(0.0500065441398571,-0.132480178429331,-0.00249));
#15416=CARTESIAN_POINT('',(0.0500065441398571,-0.132480178429331,-0.00249));
#15417=CARTESIAN_POINT('',(0.0505274616427616,-0.132391141449463,-0.00249));
#15418=CARTESIAN_POINT('',(0.0500065441398571,-0.134511654349303,-0.00249));
#15419=CARTESIAN_POINT('',(0.0500065441398571,-0.136543130269274,-0.00249));
#15420=CARTESIAN_POINT('',(0.0500068483632244,-0.136542968901567,-0.00249));
#15421=CARTESIAN_POINT('',(0.0500065441398571,-0.134511654349303,-0.00249));
#15422=CARTESIAN_POINT('',(0.0516815538610436,-0.135654663086393,-0.00249));
#15423=CARTESIAN_POINT('',(0.0506738097820845,-0.137259519762463,-0.00249));
#15424=CARTESIAN_POINT('',(0.0506738097820845,-0.137259519762463,-0.00249));
#15425=CARTESIAN_POINT('',(0.0516815538610436,-0.135654663086393,-0.00249));
#15426=CARTESIAN_POINT('',(0.051635818530081,-0.137521513634258,-0.00249));
#15427=CARTESIAN_POINT('',(0.051635818530081,-0.137521513634258,-0.00349));
#15428=CARTESIAN_POINT('',(0.0512742124049476,-0.137521513634258,-0.00249));
#15429=CARTESIAN_POINT('',(0.0512742124049476,-0.137521513634258,-0.00349));
#15430=CARTESIAN_POINT('',(0.0509535428222821,-0.13743418234366,-0.00249));
#15431=CARTESIAN_POINT('',(0.0509535428222821,-0.13743418234366,-0.00349));
#15432=CARTESIAN_POINT('',(0.0506738097820845,-0.137259519762463,-0.00249));
#15433=CARTESIAN_POINT('',(0.0506738097820845,-0.137259519762463,-0.00349));
#15434=CARTESIAN_POINT('',(0.051635818530081,-0.137521513634258,-0.00249));
#15435=CARTESIAN_POINT('',(0.051635818530081,-0.137521513634258,-0.00249));
#15436=CARTESIAN_POINT('',(0.051635818530081,-0.137521513634258,-0.00249));
#15437=CARTESIAN_POINT('',(0.0510934093423809,-0.137521513634258,-0.00249));
#15438=CARTESIAN_POINT('',(0.0506738097820845,-0.137259519762463,-0.00249));
#15439=CARTESIAN_POINT('',(0.0527400817631537,-0.137137733548621,-0.00249));
#15440=CARTESIAN_POINT('',(0.0527400817631537,-0.137137733548621,-0.00349));
#15441=CARTESIAN_POINT('',(0.0524992384383006,-0.137393586939046,-0.00249));
#15442=CARTESIAN_POINT('',(0.0524992384383006,-0.137393586939046,-0.00349));
#15443=CARTESIAN_POINT('',(0.0521311506939431,-0.137521513634258,-0.00249));
#15444=CARTESIAN_POINT('',(0.0521311506939431,-0.137521513634258,-0.00349));
#15445=CARTESIAN_POINT('',(0.051635818530081,-0.137521513634258,-0.00249));
#15446=CARTESIAN_POINT('',(0.051635818530081,-0.137521513634258,-0.00349));
#15447=CARTESIAN_POINT('',(0.0527400817631537,-0.137137733548621,-0.00249));
#15448=CARTESIAN_POINT('',(0.0527400817631537,-0.137137733548621,-0.00249));
#15449=CARTESIAN_POINT('',(0.0527400817631537,-0.137137733548621,-0.00249));
#15450=CARTESIAN_POINT('',(0.0523788167758741,-0.137521513634258,-0.00249));
#15451=CARTESIAN_POINT('',(0.051635818530081,-0.137521513634258,-0.00249));
#15452=CARTESIAN_POINT('',(0.0531013467504332,-0.135839021738826,-0.00249));
#15453=CARTESIAN_POINT('',(0.0531013467504332,-0.135839021738826,-0.00349));
#15454=CARTESIAN_POINT('',(0.0531013467504332,-0.136448976221598,-0.00249));
#15455=CARTESIAN_POINT('',(0.0531013467504332,-0.136448976221598,-0.00349));
#15456=CARTESIAN_POINT('',(0.0529809250880067,-0.136881880158196,-0.00249));
#15457=CARTESIAN_POINT('',(0.0529809250880067,-0.136881880158196,-0.00349));
#15458=CARTESIAN_POINT('',(0.0527400817631537,-0.137137733548621,-0.00249));
#15459=CARTESIAN_POINT('',(0.0527400817631537,-0.137137733548621,-0.00349));
#15460=CARTESIAN_POINT('',(0.0531013467504332,-0.135839021738826,-0.00249));
#15461=CARTESIAN_POINT('',(0.0531013467504332,-0.135839021738826,-0.00249));
#15462=CARTESIAN_POINT('',(0.0531013467504332,-0.135839021738826,-0.00249));
#15463=CARTESIAN_POINT('',(0.0531013467504332,-0.136753953462984,-0.00249));
#15464=CARTESIAN_POINT('',(0.0527400817631537,-0.137137733548621,-0.00249));
#15465=CARTESIAN_POINT('',(0.0531013467504332,-0.134159600084078,-0.00249));
#15466=CARTESIAN_POINT('',(0.0531013467504332,-0.132480178429331,-0.00249));
#15467=CARTESIAN_POINT('',(0.0531013467504332,-0.132480178429331,-0.00249));
#15468=CARTESIAN_POINT('',(0.0531013467504332,-0.134159600084078,-0.00249));
#15469=CARTESIAN_POINT('',(0.0525804292475287,-0.132391141449463,-0.00249));
#15470=CARTESIAN_POINT('',(0.0520595117446242,-0.132302104469596,-0.00249));
#15471=CARTESIAN_POINT('',(0.0520595117446242,-0.132302104469596,-0.00249));
#15472=CARTESIAN_POINT('',(0.0525804292475287,-0.132391141449463,-0.00249));
#15473=CARTESIAN_POINT('',(0.0520595117446242,-0.131898879526286,-0.00249));
#15474=CARTESIAN_POINT('',(0.0520595117446242,-0.131495654582977,-0.00249));
#15475=CARTESIAN_POINT('',(0.0520595117446242,-0.131495654582977,-0.00249));
#15476=CARTESIAN_POINT('',(0.0520595117446242,-0.131898879526286,-0.00249));
#15477=CARTESIAN_POINT('',(0.0537317695044395,-0.131495654582977,-0.00249));
#15478=CARTESIAN_POINT('',(0.0554040272642548,-0.131495654582977,-0.00249));
#15479=CARTESIAN_POINT('',(0.0554040272642548,-0.131495654582977,-0.00249));
#15480=CARTESIAN_POINT('',(0.0537317695044395,-0.131495654582977,-0.00249));
#15481=CARTESIAN_POINT('',(0.0554040272642548,-0.131898879526286,-0.00249));
#15482=CARTESIAN_POINT('',(0.0554040272642548,-0.132302104469596,-0.00249));
#15483=CARTESIAN_POINT('',(0.0554040272642548,-0.132302104469596,-0.00249));
#15484=CARTESIAN_POINT('',(0.0554040272642548,-0.131898879526286,-0.00249));
#15485=CARTESIAN_POINT('',(0.0548831097613503,-0.132391141449463,-0.00249));
#15486=CARTESIAN_POINT('',(0.0543621922584458,-0.132480178429331,-0.00249));
#15487=CARTESIAN_POINT('',(0.0543621922584458,-0.132480178429331,-0.00249));
#15488=CARTESIAN_POINT('',(0.0548831097613503,-0.132391141449463,-0.00249));
#15489=CARTESIAN_POINT('',(0.0543621922584458,-0.134171881046819,-0.00249));
#15490=CARTESIAN_POINT('',(0.0543621922584458,-0.135863583664306,-0.00249));
#15491=CARTESIAN_POINT('',(0.0543621922584458,-0.135863583664306,-0.00249));
#15492=CARTESIAN_POINT('',(0.0543621922584458,-0.134171881046819,-0.00249));
#15493=CARTESIAN_POINT('',(0.0537481441214267,-0.137888919102908,-0.00249));
#15494=CARTESIAN_POINT('',(0.0537481441214267,-0.137888919102908,-0.00349));
#15495=CARTESIAN_POINT('',(0.0541575095461061,-0.137451580374209,-0.00249));
#15496=CARTESIAN_POINT('',(0.0541575095461061,-0.137451580374209,-0.00349));
#15497=CARTESIAN_POINT('',(0.0543621922584458,-0.136776468561341,-0.00249));
#15498=CARTESIAN_POINT('',(0.0543621922584458,-0.136776468561341,-0.00349));
#15499=CARTESIAN_POINT('',(0.0543621922584458,-0.135863583664306,-0.00249));
#15500=CARTESIAN_POINT('',(0.0543621922584458,-0.135863583664306,-0.00349));
#15501=CARTESIAN_POINT('',(0.0537481441214267,-0.137888919102908,-0.00249));
#15502=CARTESIAN_POINT('',(0.0537481441214267,-0.137888919102908,-0.00249));
#15503=CARTESIAN_POINT('',(0.0537481441214267,-0.137888919102908,-0.00249));
#15504=CARTESIAN_POINT('',(0.0543621922584458,-0.137232911009859,-0.00249));
#15505=CARTESIAN_POINT('',(0.0543621922584458,-0.135863583664306,-0.00249));
#15506=CARTESIAN_POINT('',(0.0520144815479095,-0.138544927195956,-0.00249));
#15507=CARTESIAN_POINT('',(0.0520144815479095,-0.138544927195956,-0.00349));
#15508=CARTESIAN_POINT('',(0.0527608911722416,-0.138544927195956,-0.00249));
#15509=CARTESIAN_POINT('',(0.0527608911722416,-0.138544927195956,-0.00349));
#15510=CARTESIAN_POINT('',(0.0533387786967473,-0.138326257831607,-0.00249));
#15511=CARTESIAN_POINT('',(0.0533387786967473,-0.138326257831607,-0.00349));
#15512=CARTESIAN_POINT('',(0.0537481441214267,-0.137888919102908,-0.00249));
#15513=CARTESIAN_POINT('',(0.0537481441214267,-0.137888919102908,-0.00349));
#15514=CARTESIAN_POINT('',(0.0520144815479095,-0.138544927195956,-0.00249));
#15515=CARTESIAN_POINT('',(0.0520144815479095,-0.138544927195956,-0.00249));
#15516=CARTESIAN_POINT('',(0.0520144815479095,-0.138544927195956,-0.00249));
#15517=CARTESIAN_POINT('',(0.0531340959844076,-0.138544927195956,-0.00249));
#15518=CARTESIAN_POINT('',(0.0537481441214267,-0.137888919102908,-0.00249));
#15519=CARTESIAN_POINT('',(0.0508273218163393,-0.138240973368132,-0.00249));
#15520=CARTESIAN_POINT('',(0.0508273218163393,-0.138240973368132,-0.00349));
#15521=CARTESIAN_POINT('',(0.0511752824273168,-0.138443609253348,-0.00249));
#15522=CARTESIAN_POINT('',(0.0511752824273168,-0.138443609253348,-0.00349));
#15523=CARTESIAN_POINT('',(0.0515710023378402,-0.138544927195956,-0.00249));
#15524=CARTESIAN_POINT('',(0.0515710023378402,-0.138544927195956,-0.00349));
#15525=CARTESIAN_POINT('',(0.0520144815479095,-0.138544927195956,-0.00249));
#15526=CARTESIAN_POINT('',(0.0520144815479095,-0.138544927195956,-0.00349));
#15527=CARTESIAN_POINT('',(0.0508273218163393,-0.138240973368132,-0.00249));
#15528=CARTESIAN_POINT('',(0.0508273218163393,-0.138240973368132,-0.00249));
#15529=CARTESIAN_POINT('',(0.0508273218163393,-0.138240973368132,-0.00249));
#15530=CARTESIAN_POINT('',(0.0513492627328055,-0.138544927195956,-0.00249));
#15531=CARTESIAN_POINT('',(0.0520144815479095,-0.138544927195956,-0.00249));
#15532=CARTESIAN_POINT('',(0.0499615139431424,-0.137386423044114,-0.00249));
#15533=CARTESIAN_POINT('',(0.0499615139431424,-0.137386423044114,-0.00349));
#15534=CARTESIAN_POINT('',(0.0501907585809628,-0.137753487374909,-0.00249));
#15535=CARTESIAN_POINT('',(0.0501907585809628,-0.137753487374909,-0.00349));
#15536=CARTESIAN_POINT('',(0.0504793612053618,-0.138038337482916,-0.00249));
#15537=CARTESIAN_POINT('',(0.0504793612053618,-0.138038337482916,-0.00349));
#15538=CARTESIAN_POINT('',(0.0508273218163393,-0.138240973368132,-0.00249));
#15539=CARTESIAN_POINT('',(0.0508273218163393,-0.138240973368132,-0.00349));
#15540=CARTESIAN_POINT('',(0.0499615139431424,-0.137386423044114,-0.00249));
#15541=CARTESIAN_POINT('',(0.0499615139431424,-0.137386423044114,-0.00249));
#15542=CARTESIAN_POINT('',(0.0499615139431424,-0.137386423044114,-0.00249));
#15543=CARTESIAN_POINT('',(0.050305380899873,-0.137937019540307,-0.00249));
#15544=CARTESIAN_POINT('',(0.0508273218163393,-0.138240973368132,-0.00249));
#15545=CARTESIAN_POINT('',(0.0499164837464276,-0.137901200065648,-0.00249));
#15546=CARTESIAN_POINT('',(0.0498714535497129,-0.138415977087182,-0.00249));
#15547=CARTESIAN_POINT('',(0.0498714535497129,-0.138415977087182,-0.00249));
#15548=CARTESIAN_POINT('',(0.0499164837464276,-0.137901200065648,-0.00249));
#15549=CARTESIAN_POINT('',(0.0487876585878742,-0.138415977087182,-0.00249));
#15550=CARTESIAN_POINT('',(0.0477038636260355,-0.138415977087182,-0.00249));
#15551=CARTESIAN_POINT('',(0.0477038636260355,-0.138415977087182,-0.00249));
#15552=CARTESIAN_POINT('',(0.0487876585878742,-0.138415977087182,-0.00249));
#15553=CARTESIAN_POINT('',(0.0477038636260356,-0.138009681903188,-0.00249));
#15554=CARTESIAN_POINT('',(0.0477038636260356,-0.137603386719194,-0.00249));
#15555=CARTESIAN_POINT('',(0.0477038636260356,-0.137603386719194,-0.00249));
#15556=CARTESIAN_POINT('',(0.0477038636260356,-0.138009681903188,-0.00249));
#15557=CARTESIAN_POINT('',(0.0482247811289401,-0.137514349739326,-0.00249));
#15558=CARTESIAN_POINT('',(0.0487456986318446,-0.137425312759458,-0.00249));
#15559=CARTESIAN_POINT('',(0.0487456986318446,-0.137425312759458,-0.00249));
#15560=CARTESIAN_POINT('',(0.0482247811289401,-0.137514349739326,-0.00249));
#15561=CARTESIAN_POINT('',(0.0487456986318446,-0.134952745594395,-0.00249));
#15562=CARTESIAN_POINT('',(0.0487456986318446,-0.134952745594395,-0.00249));
#15563=CARTESIAN_POINT('',(0.0828759320800245,-0.10360435,-0.00249));
#15564=CARTESIAN_POINT('',(0.0576279049338256,-0.139145670956673,-0.00249));
#15565=CARTESIAN_POINT('',(0.05782337692411,-0.14004729830453,-0.00249));
#15566=CARTESIAN_POINT('',(0.05782337692411,-0.14004729830453,-0.00249));
#15567=CARTESIAN_POINT('',(0.0576279049338256,-0.139145670956673,-0.00249));
#15568=CARTESIAN_POINT('',(0.0574324329435411,-0.138244043608817,-0.00249));
#15569=CARTESIAN_POINT('',(0.0574324329435411,-0.138244043608817,-0.00249));
#15570=CARTESIAN_POINT('',(0.05782337692411,-0.140760617557033,-0.00249));
#15571=CARTESIAN_POINT('',(0.05782337692411,-0.141473936809537,-0.00249));
#15572=CARTESIAN_POINT('',(0.05782337692411,-0.141473936809537,-0.00249));
#15573=CARTESIAN_POINT('',(0.05782337692411,-0.140760617557033,-0.00249));
#15574=CARTESIAN_POINT('',(0.0573178106246309,-0.141473936809537,-0.00249));
#15575=CARTESIAN_POINT('',(0.0568122443251519,-0.141473936809537,-0.00249));
#15576=CARTESIAN_POINT('',(0.0568122443251519,-0.141473936809537,-0.00249));
#15577=CARTESIAN_POINT('',(0.0573178106246309,-0.141473936809537,-0.00249));
#15578=CARTESIAN_POINT('',(0.0568122443251519,-0.139858990209177,-0.00249));
#15579=CARTESIAN_POINT('',(0.0568122443251519,-0.138244043608817,-0.00249));
#15580=CARTESIAN_POINT('',(0.0568122443251519,-0.138244043608817,-0.00249));
#15581=CARTESIAN_POINT('',(0.0568122443251519,-0.139858990209177,-0.00249));
#15582=CARTESIAN_POINT('',(0.0571223386343465,-0.138244043608817,-0.00249));
#15583=CARTESIAN_POINT('',(0.0571223386343465,-0.138244043608817,-0.00249));
#15584=CARTESIAN_POINT('',(0.0828759320800245,-0.10360435,-0.00249));
#15585=CARTESIAN_POINT('',(0.0640856445081428,-0.136242246682135,-0.00249));
#15586=CARTESIAN_POINT('',(0.0645594849872093,-0.136242246682135,-0.00249));
#15587=CARTESIAN_POINT('',(0.0645594849872093,-0.136242246682135,-0.00249));
#15588=CARTESIAN_POINT('',(0.0640856445081428,-0.136242246682135,-0.00249));
#15589=CARTESIAN_POINT('',(0.0636118040290765,-0.136242246682135,-0.00249));
#15590=CARTESIAN_POINT('',(0.0636118040290765,-0.136242246682135,-0.00249));
#15591=CARTESIAN_POINT('',(0.0645267357532349,-0.137006736612723,-0.00249));
#15592=CARTESIAN_POINT('',(0.0644939865192605,-0.137771226543312,-0.00249));
#15593=CARTESIAN_POINT('',(0.0644939865192605,-0.137771226543312,-0.00249));
#15594=CARTESIAN_POINT('',(0.0645267357532349,-0.137006736612723,-0.00249));
#15595=CARTESIAN_POINT('',(0.0634521515134515,-0.138340244483617,-0.00249));
#15596=CARTESIAN_POINT('',(0.0634521515134515,-0.138340244483617,-0.00349));
#15597=CARTESIAN_POINT('',(0.0638697042466245,-0.138203789342057,-0.00249));
#15598=CARTESIAN_POINT('',(0.0638697042466245,-0.138203789342057,-0.00349));
#15599=CARTESIAN_POINT('',(0.0642169825818942,-0.138014116695289,-0.00249));
#15600=CARTESIAN_POINT('',(0.0642169825818942,-0.138014116695289,-0.00349));
#15601=CARTESIAN_POINT('',(0.0644939865192605,-0.137771226543312,-0.00249));
#15602=CARTESIAN_POINT('',(0.0644939865192605,-0.137771226543312,-0.00349));
#15603=CARTESIAN_POINT('',(0.0634521515134515,-0.138340244483617,-0.00249));
#15604=CARTESIAN_POINT('',(0.0634521515134515,-0.138340244483617,-0.00249));
#15605=CARTESIAN_POINT('',(0.0634521515134515,-0.138340244483617,-0.00249));
#15606=CARTESIAN_POINT('',(0.064078480613211,-0.138135561771277,-0.00249));
#15607=CARTESIAN_POINT('',(0.0644939865192605,-0.137771226543312,-0.00249));
#15608=CARTESIAN_POINT('',(0.0620377939711842,-0.138544927195956,-0.00249));
#15609=CARTESIAN_POINT('',(0.0620377939711842,-0.138544927195956,-0.00349));
#15610=CARTESIAN_POINT('',(0.0625631462661894,-0.138544927195956,-0.00249));
#15611=CARTESIAN_POINT('',(0.0625631462661894,-0.138544927195956,-0.00349));
#15612=CARTESIAN_POINT('',(0.0630345987802785,-0.138476699625176,-0.00249));
#15613=CARTESIAN_POINT('',(0.0630345987802785,-0.138476699625176,-0.00349));
#15614=CARTESIAN_POINT('',(0.0634521515134515,-0.138340244483617,-0.00249));
#15615=CARTESIAN_POINT('',(0.0634521515134515,-0.138340244483617,-0.00349));
#15616=CARTESIAN_POINT('',(0.0620377939711842,-0.138544927195956,-0.00249));
#15617=CARTESIAN_POINT('',(0.0620377939711842,-0.138544927195956,-0.00249));
#15618=CARTESIAN_POINT('',(0.0620377939711842,-0.138544927195956,-0.00249));
#15619=CARTESIAN_POINT('',(0.062825822413692,-0.138544927195956,-0.00249));
#15620=CARTESIAN_POINT('',(0.0634521515134515,-0.138340244483617,-0.00249));
#15621=CARTESIAN_POINT('',(0.0601680173939611,-0.137950323916609,-0.00249));
#15622=CARTESIAN_POINT('',(0.0601680173939611,-0.137950323916609,-0.00349));
#15623=CARTESIAN_POINT('',(0.0606476572165438,-0.138346726102841,-0.00249));
#15624=CARTESIAN_POINT('',(0.0606476572165438,-0.138346726102841,-0.00349));
#15625=CARTESIAN_POINT('',(0.0612709160756182,-0.138544927195956,-0.00249));
#15626=CARTESIAN_POINT('',(0.0612709160756182,-0.138544927195956,-0.00349));
#15627=CARTESIAN_POINT('',(0.0620377939711842,-0.138544927195956,-0.00249));
#15628=CARTESIAN_POINT('',(0.0620377939711842,-0.138544927195956,-0.00349));
#15629=CARTESIAN_POINT('',(0.0601680173939611,-0.137950323916609,-0.00249));
#15630=CARTESIAN_POINT('',(0.0601680173939611,-0.137950323916609,-0.00249));
#15631=CARTESIAN_POINT('',(0.0601680173939611,-0.137950323916609,-0.00249));
#15632=CARTESIAN_POINT('',(0.0608874771278352,-0.138544927195956,-0.00249));
#15633=CARTESIAN_POINT('',(0.0620377939711842,-0.138544927195956,-0.00249));
#15634=CARTESIAN_POINT('',(0.0594485576600871,-0.1365103810353,-0.00249));
#15635=CARTESIAN_POINT('',(0.0594485576600871,-0.1365103810353,-0.00349));
#15636=CARTESIAN_POINT('',(0.0594485576600871,-0.137073940769942,-0.00249));
#15637=CARTESIAN_POINT('',(0.0594485576600871,-0.137073940769942,-0.00349));
#15638=CARTESIAN_POINT('',(0.0596883775713784,-0.137553921730378,-0.00249));
#15639=CARTESIAN_POINT('',(0.0596883775713784,-0.137553921730378,-0.00349));
#15640=CARTESIAN_POINT('',(0.0601680173939611,-0.137950323916609,-0.00249));
#15641=CARTESIAN_POINT('',(0.0601680173939611,-0.137950323916609,-0.00349));
#15642=CARTESIAN_POINT('',(0.0594485576600871,-0.1365103810353,-0.00249));
#15643=CARTESIAN_POINT('',(0.0594485576600871,-0.1365103810353,-0.00249));
#15644=CARTESIAN_POINT('',(0.0594485576600871,-0.1365103810353,-0.00249));
#15645=CARTESIAN_POINT('',(0.0594485576600871,-0.137355720637263,-0.00249));
#15646=CARTESIAN_POINT('',(0.0601680173939611,-0.137950323916609,-0.00249));
#15647=CARTESIAN_POINT('',(0.0600881911361487,-0.135231114083177,-0.00249));
#15648=CARTESIAN_POINT('',(0.0600881911361487,-0.135231114083177,-0.00349));
#15649=CARTESIAN_POINT('',(0.0596617688187743,-0.13554632546018,-0.00249));
#15650=CARTESIAN_POINT('',(0.0596617688187743,-0.13554632546018,-0.00349));
#15651=CARTESIAN_POINT('',(0.0594485576600871,-0.135972747777554,-0.00249));
#15652=CARTESIAN_POINT('',(0.0594485576600871,-0.135972747777554,-0.00349));
#15653=CARTESIAN_POINT('',(0.0594485576600871,-0.1365103810353,-0.00249));
#15654=CARTESIAN_POINT('',(0.0594485576600871,-0.1365103810353,-0.00349));
#15655=CARTESIAN_POINT('',(0.0600881911361487,-0.135231114083177,-0.00249));
#15656=CARTESIAN_POINT('',(0.0600881911361487,-0.135231114083177,-0.00249));
#15657=CARTESIAN_POINT('',(0.0600881911361487,-0.135231114083177,-0.00249));
#15658=CARTESIAN_POINT('',(0.0594485576600871,-0.135703931148681,-0.00249));
#15659=CARTESIAN_POINT('',(0.0594485576600871,-0.1365103810353,-0.00249));
#15660=CARTESIAN_POINT('',(0.0619866232930993,-0.134481975356013,-0.00249));
#15661=CARTESIAN_POINT('',(0.0619866232930993,-0.134481975356013,-0.00349));
#15662=CARTESIAN_POINT('',(0.0611474241725066,-0.134666189797119,-0.00249));
#15663=CARTESIAN_POINT('',(0.0611474241725066,-0.134666189797119,-0.00349));
#15664=CARTESIAN_POINT('',(0.060514613453523,-0.134915902706174,-0.00249));
#15665=CARTESIAN_POINT('',(0.060514613453523,-0.134915902706174,-0.00349));
#15666=CARTESIAN_POINT('',(0.0600881911361487,-0.135231114083177,-0.00249));
#15667=CARTESIAN_POINT('',(0.0600881911361487,-0.135231114083177,-0.00349));
#15668=CARTESIAN_POINT('',(0.0619866232930993,-0.134481975356013,-0.00249));
#15669=CARTESIAN_POINT('',(0.0619866232930993,-0.134481975356013,-0.00249));
#15670=CARTESIAN_POINT('',(0.0619866232930993,-0.134481975356013,-0.00249));
#15671=CARTESIAN_POINT('',(0.0607278246122102,-0.134758297017672,-0.00249));
#15672=CARTESIAN_POINT('',(0.0600881911361487,-0.135231114083177,-0.00249));
#15673=CARTESIAN_POINT('',(0.0631870874009716,-0.134016322185441,-0.00249));
#15674=CARTESIAN_POINT('',(0.0631870874009716,-0.134016322185441,-0.00349));
#15675=CARTESIAN_POINT('',(0.0629762642072617,-0.134195760696592,-0.00249));
#15676=CARTESIAN_POINT('',(0.0629762642072617,-0.134195760696592,-0.00349));
#15677=CARTESIAN_POINT('',(0.0625761095046376,-0.134350978420116,-0.00249));
#15678=CARTESIAN_POINT('',(0.0625761095046376,-0.134350978420116,-0.00349));
#15679=CARTESIAN_POINT('',(0.0619866232930993,-0.134481975356013,-0.00249));
#15680=CARTESIAN_POINT('',(0.0619866232930993,-0.134481975356013,-0.00349));
#15681=CARTESIAN_POINT('',(0.0631870874009716,-0.134016322185441,-0.00249));
#15682=CARTESIAN_POINT('',(0.0631870874009716,-0.134016322185441,-0.00249));
#15683=CARTESIAN_POINT('',(0.0631870874009716,-0.134016322185441,-0.00249));
#15684=CARTESIAN_POINT('',(0.0628708526104068,-0.134285479952167,-0.00249));
#15685=CARTESIAN_POINT('',(0.0619866232930993,-0.134481975356013,-0.00249));
#15686=CARTESIAN_POINT('',(0.0626460793312764,-0.133351100041143,-0.00249));
#15687=CARTESIAN_POINT('',(0.0635033221915364,-0.133331658512664,-0.00249));
#15688=CARTESIAN_POINT('',(0.0635033221915364,-0.133331658512664,-0.00249));
#15689=CARTESIAN_POINT('',(0.0626460793312764,-0.133351100041143,-0.00249));
#15690=CARTESIAN_POINT('',(0.0631226123465846,-0.13261833926016,-0.00249));
#15691=CARTESIAN_POINT('',(0.0631226123465846,-0.13261833926016,-0.00349));
#15692=CARTESIAN_POINT('',(0.0633764189098858,-0.132799142322727,-0.00249));
#15693=CARTESIAN_POINT('',(0.0633764189098858,-0.132799142322727,-0.00349));
#15694=CARTESIAN_POINT('',(0.0635033221915364,-0.133036915406895,-0.00249));
#15695=CARTESIAN_POINT('',(0.0635033221915364,-0.133036915406895,-0.00349));
#15696=CARTESIAN_POINT('',(0.0635033221915364,-0.133331658512664,-0.00249));
#15697=CARTESIAN_POINT('',(0.0635033221915364,-0.133331658512664,-0.00349));
#15698=CARTESIAN_POINT('',(0.0631226123465846,-0.13261833926016,-0.00249));
#15699=CARTESIAN_POINT('',(0.0631226123465846,-0.13261833926016,-0.00249));
#15700=CARTESIAN_POINT('',(0.0631226123465846,-0.13261833926016,-0.00249));
#15701=CARTESIAN_POINT('',(0.0635033221915364,-0.132889543854011,-0.00249));
#15702=CARTESIAN_POINT('',(0.0635033221915364,-0.133331658512664,-0.00249));
#15703=CARTESIAN_POINT('',(0.0620705432051586,-0.13234713466631,-0.00249));
#15704=CARTESIAN_POINT('',(0.0620705432051586,-0.13234713466631,-0.00349));
#15705=CARTESIAN_POINT('',(0.0625181160694747,-0.13234713466631,-0.00249));
#15706=CARTESIAN_POINT('',(0.0625181160694747,-0.13234713466631,-0.00349));
#15707=CARTESIAN_POINT('',(0.0628688057832834,-0.132437536197594,-0.00249));
#15708=CARTESIAN_POINT('',(0.0628688057832834,-0.132437536197594,-0.00349));
#15709=CARTESIAN_POINT('',(0.0631226123465846,-0.13261833926016,-0.00249));
#15710=CARTESIAN_POINT('',(0.0631226123465846,-0.13261833926016,-0.00349));
#15711=CARTESIAN_POINT('',(0.0620705432051586,-0.13234713466631,-0.00249));
#15712=CARTESIAN_POINT('',(0.0620705432051586,-0.13234713466631,-0.00249));
#15713=CARTESIAN_POINT('',(0.0620705432051586,-0.13234713466631,-0.00249));
#15714=CARTESIAN_POINT('',(0.0627419025016328,-0.13234713466631,-0.00249));
#15715=CARTESIAN_POINT('',(0.0631226123465846,-0.13261833926016,-0.00249));
#15716=CARTESIAN_POINT('',(0.0620651382890893,-0.135632395071523,-0.00249));
#15717=CARTESIAN_POINT('',(0.0613060532745698,-0.132436171646178,-0.00249));
#15718=CARTESIAN_POINT('',(0.0613060532745698,-0.132436171646178,-0.00249));
#15719=CARTESIAN_POINT('',(0.0620651382890893,-0.135632395071523,-0.00249));
#15720=CARTESIAN_POINT('',(0.0607155436494698,-0.132723750857015,-0.00249));
#15721=CARTESIAN_POINT('',(0.0607155436494698,-0.132723750857015,-0.00349));
#15722=CARTESIAN_POINT('',(0.0608601860995232,-0.132591389369702,-0.00249));
#15723=CARTESIAN_POINT('',(0.0608601860995232,-0.132591389369702,-0.00349));
#15724=CARTESIAN_POINT('',(0.0610570226412232,-0.132495529632757,-0.00249));
#15725=CARTESIAN_POINT('',(0.0610570226412232,-0.132495529632757,-0.00349));
#15726=CARTESIAN_POINT('',(0.0613060532745698,-0.132436171646178,-0.00249));
#15727=CARTESIAN_POINT('',(0.0613060532745698,-0.132436171646178,-0.00349));
#15728=CARTESIAN_POINT('',(0.0607155436494698,-0.132723750857015,-0.00249));
#15729=CARTESIAN_POINT('',(0.0607155436494698,-0.132723750857015,-0.00249));
#15730=CARTESIAN_POINT('',(0.0607155436494698,-0.132723750857015,-0.00249));
#15731=CARTESIAN_POINT('',(0.0609325073245499,-0.132525208626046,-0.00249));
#15732=CARTESIAN_POINT('',(0.0613060532745698,-0.132436171646178,-0.00249));
#15733=CARTESIAN_POINT('',(0.0605968276763128,-0.133187357200465,-0.00249));
#15734=CARTESIAN_POINT('',(0.0604781117031558,-0.133650963543914,-0.00249));
#15735=CARTESIAN_POINT('',(0.0604781117031558,-0.133650963543914,-0.00249));
#15736=CARTESIAN_POINT('',(0.0605968276763128,-0.133187357200465,-0.00249));
#15737=CARTESIAN_POINT('',(0.0600042712240894,-0.133650963543914,-0.00249));
#15738=CARTESIAN_POINT('',(0.059530430745023,-0.133650963543914,-0.00249));
#15739=CARTESIAN_POINT('',(0.059530430745023,-0.133650963543914,-0.00249));
#15740=CARTESIAN_POINT('',(0.0600042712240894,-0.133650963543914,-0.00249));
#15741=CARTESIAN_POINT('',(0.0595345243992698,-0.132860888274283,-0.00249));
#15742=CARTESIAN_POINT('',(0.0595386225644248,-0.13206994239936,-0.00249));
#15743=CARTESIAN_POINT('',(0.0595386225644248,-0.13206994239936,-0.00249));
#15744=CARTESIAN_POINT('',(0.0595345243992698,-0.132860888274283,-0.00249));
#15745=CARTESIAN_POINT('',(0.0616851525532168,-0.13518679882813,-0.00249));
#15746=CARTESIAN_POINT('',(0.060657209076453,-0.131543755020377,-0.00249));
#15747=CARTESIAN_POINT('',(0.060657209076453,-0.131543755020377,-0.00249));
#15748=CARTESIAN_POINT('',(0.0616851525532168,-0.13518679882813,-0.00249));
#15749=CARTESIAN_POINT('',(0.0620705432051586,-0.131360563992833,-0.00249));
#15750=CARTESIAN_POINT('',(0.0620705432051586,-0.131360563992833,-0.00349));
#15751=CARTESIAN_POINT('',(0.061546555461569,-0.131360563992833,-0.00249));
#15752=CARTESIAN_POINT('',(0.061546555461569,-0.131360563992833,-0.00349));
#15753=CARTESIAN_POINT('',(0.0610754440853338,-0.131421627668681,-0.00249));
#15754=CARTESIAN_POINT('',(0.0610754440853338,-0.131421627668681,-0.00349));
#15755=CARTESIAN_POINT('',(0.060657209076453,-0.131543755020377,-0.00249));
#15756=CARTESIAN_POINT('',(0.060657209076453,-0.131543755020377,-0.00349));
#15757=CARTESIAN_POINT('',(0.0620705432051586,-0.131360563992833,-0.00249));
#15758=CARTESIAN_POINT('',(0.0620705432051586,-0.131360563992833,-0.00249));
#15759=CARTESIAN_POINT('',(0.0620705432051586,-0.131360563992833,-0.00249));
#15760=CARTESIAN_POINT('',(0.0612845615897742,-0.131360563992833,-0.00249));
#15761=CARTESIAN_POINT('',(0.060657209076453,-0.131543755020377,-0.00249));
#15762=CARTESIAN_POINT('',(0.0640191226266325,-0.131930605346699,-0.00249));
#15763=CARTESIAN_POINT('',(0.0640191226266325,-0.131930605346699,-0.00349));
#15764=CARTESIAN_POINT('',(0.0635224259113548,-0.131550577777455,-0.00249));
#15765=CARTESIAN_POINT('',(0.0635224259113548,-0.131550577777455,-0.00349));
#15766=CARTESIAN_POINT('',(0.0628728994375302,-0.131360563992833,-0.00249));
#15767=CARTESIAN_POINT('',(0.0628728994375302,-0.131360563992833,-0.00349));
#15768=CARTESIAN_POINT('',(0.0620705432051586,-0.131360563992833,-0.00249));
#15769=CARTESIAN_POINT('',(0.0620705432051586,-0.131360563992833,-0.00349));
#15770=CARTESIAN_POINT('',(0.0640191226266325,-0.131930605346699,-0.00249));
#15771=CARTESIAN_POINT('',(0.0640191226266325,-0.131930605346699,-0.00249));
#15772=CARTESIAN_POINT('',(0.0640191226266325,-0.131930605346699,-0.00249));
#15773=CARTESIAN_POINT('',(0.063274077553716,-0.131360563992833,-0.00249));
#15774=CARTESIAN_POINT('',(0.0620705432051586,-0.131360563992833,-0.00249));
#15775=CARTESIAN_POINT('',(0.0647641676995489,-0.133421718906094,-0.00249));
#15776=CARTESIAN_POINT('',(0.0647641676995489,-0.133421718906094,-0.00349));
#15777=CARTESIAN_POINT('',(0.0647641676995489,-0.132807670769075,-0.00249));
#15778=CARTESIAN_POINT('',(0.0647641676995489,-0.132807670769075,-0.00349));
#15779=CARTESIAN_POINT('',(0.0645158193419101,-0.132310632915943,-0.00249));
#15780=CARTESIAN_POINT('',(0.0645158193419101,-0.132310632915943,-0.00349));
#15781=CARTESIAN_POINT('',(0.0640191226266325,-0.131930605346699,-0.00249));
#15782=CARTESIAN_POINT('',(0.0640191226266325,-0.131930605346699,-0.00349));
#15783=CARTESIAN_POINT('',(0.0647641676995489,-0.133421718906094,-0.00249));
#15784=CARTESIAN_POINT('',(0.0647641676995489,-0.133421718906094,-0.00249));
#15785=CARTESIAN_POINT('',(0.0647641676995489,-0.133421718906094,-0.00249));
#15786=CARTESIAN_POINT('',(0.0647641676995489,-0.132500646700565,-0.00249));
#15787=CARTESIAN_POINT('',(0.0640191226266325,-0.131930605346699,-0.00249));
#15788=CARTESIAN_POINT('',(0.0641245342234874,-0.134716337061642,-0.00249));
#15789=CARTESIAN_POINT('',(0.0641245342234874,-0.134716337061642,-0.00349));
#15790=CARTESIAN_POINT('',(0.0645509565408617,-0.134394985203269,-0.00249));
#15791=CARTESIAN_POINT('',(0.0645509565408617,-0.134394985203269,-0.00349));
#15792=CARTESIAN_POINT('',(0.0647641676995489,-0.133963445818086,-0.00249));
#15793=CARTESIAN_POINT('',(0.0647641676995489,-0.133963445818086,-0.00349));
#15794=CARTESIAN_POINT('',(0.0647641676995489,-0.133421718906094,-0.00249));
#15795=CARTESIAN_POINT('',(0.0647641676995489,-0.133421718906094,-0.00349));
#15796=CARTESIAN_POINT('',(0.0641245342234874,-0.134716337061642,-0.00249));
#15797=CARTESIAN_POINT('',(0.0641245342234874,-0.134716337061642,-0.00249));
#15798=CARTESIAN_POINT('',(0.0641245342234874,-0.134716337061642,-0.00249));
#15799=CARTESIAN_POINT('',(0.0647641676995489,-0.134234309274082,-0.00249));
#15800=CARTESIAN_POINT('',(0.0647641676995489,-0.133421718906094,-0.00249));
#15801=CARTESIAN_POINT('',(0.0621728845613284,-0.135480826992231,-0.00249));
#15802=CARTESIAN_POINT('',(0.0621728845613284,-0.135480826992231,-0.00349));
#15803=CARTESIAN_POINT('',(0.0630475620187267,-0.135292518896878,-0.00249));
#15804=CARTESIAN_POINT('',(0.0630475620187267,-0.135292518896878,-0.00349));
#15805=CARTESIAN_POINT('',(0.0636981119061131,-0.135037688920016,-0.00249));
#15806=CARTESIAN_POINT('',(0.0636981119061131,-0.135037688920016,-0.00349));
#15807=CARTESIAN_POINT('',(0.0641245342234874,-0.134716337061642,-0.00249));
#15808=CARTESIAN_POINT('',(0.0641245342234874,-0.134716337061642,-0.00349));
#15809=CARTESIAN_POINT('',(0.0621728845613284,-0.135480826992231,-0.00249));
#15810=CARTESIAN_POINT('',(0.0621728845613284,-0.135480826992231,-0.00249));
#15811=CARTESIAN_POINT('',(0.0621728845613284,-0.135480826992231,-0.00249));
#15812=CARTESIAN_POINT('',(0.0634849007474259,-0.135198364849202,-0.00249));
#15813=CARTESIAN_POINT('',(0.0641245342234874,-0.134716337061642,-0.00249));
#15814=CARTESIAN_POINT('',(0.0610031228603071,-0.135903496793213,-0.00249));
#15815=CARTESIAN_POINT('',(0.0610031228603071,-0.135903496793213,-0.00349));
#15816=CARTESIAN_POINT('',(0.0611948423341986,-0.135745891104711,-0.00249));
#15817=CARTESIAN_POINT('',(0.0611948423341986,-0.135745891104711,-0.00349));
#15818=CARTESIAN_POINT('',(0.0615847629012057,-0.13560500117105,-0.00249));
#15819=CARTESIAN_POINT('',(0.0615847629012057,-0.13560500117105,-0.00349));
#15820=CARTESIAN_POINT('',(0.0621728845613284,-0.135480826992231,-0.00249));
#15821=CARTESIAN_POINT('',(0.0621728845613284,-0.135480826992231,-0.00349));
#15822=CARTESIAN_POINT('',(0.0610031228603071,-0.135903496793213,-0.00249));
#15823=CARTESIAN_POINT('',(0.0610031228603071,-0.135903496793213,-0.00249));
#15824=CARTESIAN_POINT('',(0.0610031228603071,-0.135903496793213,-0.00249));
#15825=CARTESIAN_POINT('',(0.0612907020711443,-0.13566708826046,-0.00249));
#15826=CARTESIAN_POINT('',(0.0621728845613284,-0.135480826992231,-0.00249));
#15827=CARTESIAN_POINT('',(0.0607155436494698,-0.136549270750644,-0.00249));
#15828=CARTESIAN_POINT('',(0.0607155436494698,-0.136549270750644,-0.00349));
#15829=CARTESIAN_POINT('',(0.0607155436494698,-0.136276360467525,-0.00249));
#15830=CARTESIAN_POINT('',(0.0607155436494698,-0.136276360467525,-0.00349));
#15831=CARTESIAN_POINT('',(0.0608114033864156,-0.136061102481714,-0.00249));
#15832=CARTESIAN_POINT('',(0.0608114033864156,-0.136061102481714,-0.00349));
#15833=CARTESIAN_POINT('',(0.0610031228603071,-0.135903496793213,-0.00249));
#15834=CARTESIAN_POINT('',(0.0610031228603071,-0.135903496793213,-0.00349));
#15835=CARTESIAN_POINT('',(0.0607155436494698,-0.136549270750644,-0.00249));
#15836=CARTESIAN_POINT('',(0.0607155436494698,-0.136549270750644,-0.00249));
#15837=CARTESIAN_POINT('',(0.0607155436494698,-0.136549270750644,-0.00249));
#15838=CARTESIAN_POINT('',(0.0607155436494698,-0.136139905325965,-0.00249));
#15839=CARTESIAN_POINT('',(0.0610031228603071,-0.135903496793213,-0.00249));
#15840=CARTESIAN_POINT('',(0.0610409891620899,-0.137258496348901,-0.00249));
#15841=CARTESIAN_POINT('',(0.0610409891620899,-0.137258496348901,-0.00349));
#15842=CARTESIAN_POINT('',(0.0608240254870098,-0.137062683220763,-0.00249));
#15843=CARTESIAN_POINT('',(0.0608240254870098,-0.137062683220763,-0.00349));
#15844=CARTESIAN_POINT('',(0.0607155436494698,-0.136826274688011,-0.00249));
#15845=CARTESIAN_POINT('',(0.0607155436494698,-0.136826274688011,-0.00349));
#15846=CARTESIAN_POINT('',(0.0607155436494698,-0.136549270750644,-0.00249));
#15847=CARTESIAN_POINT('',(0.0607155436494698,-0.136549270750644,-0.00349));
#15848=CARTESIAN_POINT('',(0.0610409891620899,-0.137258496348901,-0.00249));
#15849=CARTESIAN_POINT('',(0.0610409891620899,-0.137258496348901,-0.00249));
#15850=CARTESIAN_POINT('',(0.0610409891620899,-0.137258496348901,-0.00249));
#15851=CARTESIAN_POINT('',(0.0607155436494698,-0.136964776656694,-0.00249));
#15852=CARTESIAN_POINT('',(0.0607155436494698,-0.136549270750644,-0.00249));
#15853=CARTESIAN_POINT('',(0.0620377939711842,-0.137552216041109,-0.00249));
#15854=CARTESIAN_POINT('',(0.0620377939711842,-0.137552216041109,-0.00349));
#15855=CARTESIAN_POINT('',(0.0615902211068681,-0.137552216041109,-0.00249));
#15856=CARTESIAN_POINT('',(0.0615902211068681,-0.137552216041109,-0.00349));
#15857=CARTESIAN_POINT('',(0.06125795283717,-0.13745430947704,-0.00249));
#15858=CARTESIAN_POINT('',(0.06125795283717,-0.13745430947704,-0.00349));
#15859=CARTESIAN_POINT('',(0.0610409891620899,-0.137258496348901,-0.00249));
#15860=CARTESIAN_POINT('',(0.0610409891620899,-0.137258496348901,-0.00349));
#15861=CARTESIAN_POINT('',(0.0620377939711842,-0.137552216041109,-0.00249));
#15862=CARTESIAN_POINT('',(0.0620377939711842,-0.137552216041109,-0.00249));
#15863=CARTESIAN_POINT('',(0.0620377939711842,-0.137552216041109,-0.00249));
#15864=CARTESIAN_POINT('',(0.06136643467471,-0.137552216041109,-0.00249));
#15865=CARTESIAN_POINT('',(0.0610409891620899,-0.137258496348901,-0.00249));
#15866=CARTESIAN_POINT('',(0.0628288926543771,-0.137421219105211,-0.00249));
#15867=CARTESIAN_POINT('',(0.0628288926543771,-0.137421219105211,-0.00349));
#15868=CARTESIAN_POINT('',(0.0625962366380177,-0.13750855039581,-0.00249));
#15869=CARTESIAN_POINT('',(0.0625962366380177,-0.13750855039581,-0.00349));
#15870=CARTESIAN_POINT('',(0.0623325370769534,-0.137552216041109,-0.00249));
#15871=CARTESIAN_POINT('',(0.0623325370769534,-0.137552216041109,-0.00349));
#15872=CARTESIAN_POINT('',(0.0620377939711842,-0.137552216041109,-0.00249));
#15873=CARTESIAN_POINT('',(0.0620377939711842,-0.137552216041109,-0.00349));
#15874=CARTESIAN_POINT('',(0.0628288926543771,-0.137421219105211,-0.00249));
#15875=CARTESIAN_POINT('',(0.0628288926543771,-0.137421219105211,-0.00249));
#15876=CARTESIAN_POINT('',(0.0628288926543771,-0.137421219105211,-0.00249));
#15877=CARTESIAN_POINT('',(0.062479908629838,-0.137552216041109,-0.00249));
#15878=CARTESIAN_POINT('',(0.0620377939711842,-0.137552216041109,-0.00249));
#15879=CARTESIAN_POINT('',(0.0634071213167368,-0.137073258494234,-0.00249));
#15880=CARTESIAN_POINT('',(0.0634071213167368,-0.137073258494234,-0.00349));
#15881=CARTESIAN_POINT('',(0.0632542915581898,-0.137217900944287,-0.00249));
#15882=CARTESIAN_POINT('',(0.0632542915581898,-0.137217900944287,-0.00349));
#15883=CARTESIAN_POINT('',(0.0630615486707366,-0.137333887814613,-0.00249));
#15884=CARTESIAN_POINT('',(0.0630615486707366,-0.137333887814613,-0.00349));
#15885=CARTESIAN_POINT('',(0.0628288926543771,-0.137421219105211,-0.00249));
#15886=CARTESIAN_POINT('',(0.0628288926543771,-0.137421219105211,-0.00349));
#15887=CARTESIAN_POINT('',(0.0634071213167368,-0.137073258494234,-0.00249));
#15888=CARTESIAN_POINT('',(0.0634071213167368,-0.137073258494234,-0.00249));
#15889=CARTESIAN_POINT('',(0.0634071213167368,-0.137073258494234,-0.00249));
#15890=CARTESIAN_POINT('',(0.0631778766789163,-0.137290222169314,-0.00249));
#15891=CARTESIAN_POINT('',(0.0628288926543771,-0.137421219105211,-0.00249));
#15892=CARTESIAN_POINT('',(0.0635094626729066,-0.136657752588184,-0.00249));
#15893=CARTESIAN_POINT('',(0.0635094626729066,-0.136657752588184,-0.00249));
#15894=CARTESIAN_POINT('',(0.0828759320800245,-0.10360435,-0.00249));
#15895=CARTESIAN_POINT('',(0.0243905026905446,-0.120766186802131,-0.00249));
#15896=CARTESIAN_POINT('',(0.024867413410296,-0.120766186802131,-0.00249));
#15897=CARTESIAN_POINT('',(0.024867413410296,-0.120766186802131,-0.00249));
#15898=CARTESIAN_POINT('',(0.0243905026905446,-0.120766186802131,-0.00249));
#15899=CARTESIAN_POINT('',(0.023913591970793,-0.120766186802131,-0.00249));
#15900=CARTESIAN_POINT('',(0.023913591970793,-0.120766186802131,-0.00249));
#15901=CARTESIAN_POINT('',(0.024867413410296,-0.121633018088889,-0.00249));
#15902=CARTESIAN_POINT('',(0.024867413410296,-0.122499849375648,-0.00249));
#15903=CARTESIAN_POINT('',(0.024867413410296,-0.122499849375648,-0.00249));
#15904=CARTESIAN_POINT('',(0.024867413410296,-0.121633018088889,-0.00249));
#15905=CARTESIAN_POINT('',(0.023577912322556,-0.123316533397883,-0.00249));
#15906=CARTESIAN_POINT('',(0.023577912322556,-0.123316533397883,-0.00349));
#15907=CARTESIAN_POINT('',(0.0241128164774704,-0.123092746965725,-0.00249));
#15908=CARTESIAN_POINT('',(0.0241128164774704,-0.123092746965725,-0.00349));
#15909=CARTESIAN_POINT('',(0.0245426501733838,-0.122820518958313,-0.00249));
#15910=CARTESIAN_POINT('',(0.0245426501733838,-0.122820518958313,-0.00349));
#15911=CARTESIAN_POINT('',(0.024867413410296,-0.122499849375648,-0.00249));
#15912=CARTESIAN_POINT('',(0.024867413410296,-0.122499849375648,-0.00349));
#15913=CARTESIAN_POINT('',(0.023577912322556,-0.123316533397883,-0.00249));
#15914=CARTESIAN_POINT('',(0.023577912322556,-0.123316533397883,-0.00249));
#15915=CARTESIAN_POINT('',(0.023577912322556,-0.123316533397883,-0.00249));
#15916=CARTESIAN_POINT('',(0.0243802685549276,-0.122980853749646,-0.00249));
#15917=CARTESIAN_POINT('',(0.024867413410296,-0.122499849375648,-0.00249));
#15918=CARTESIAN_POINT('',(0.0217971727252006,-0.12365221304612,-0.00249));
#15919=CARTESIAN_POINT('',(0.0217971727252006,-0.12365221304612,-0.00349));
#15920=CARTESIAN_POINT('',(0.0224494283018565,-0.12365221304612,-0.00249));
#15921=CARTESIAN_POINT('',(0.0224494283018565,-0.12365221304612,-0.00349));
#15922=CARTESIAN_POINT('',(0.0230430081676416,-0.123540319830041,-0.00249));
#15923=CARTESIAN_POINT('',(0.0230430081676416,-0.123540319830041,-0.00349));
#15924=CARTESIAN_POINT('',(0.023577912322556,-0.123316533397883,-0.00249));
#15925=CARTESIAN_POINT('',(0.023577912322556,-0.123316533397883,-0.00349));
#15926=CARTESIAN_POINT('',(0.0217971727252006,-0.12365221304612,-0.00249));
#15927=CARTESIAN_POINT('',(0.0217971727252006,-0.12365221304612,-0.00249));
#15928=CARTESIAN_POINT('',(0.0217971727252006,-0.12365221304612,-0.00249));
#15929=CARTESIAN_POINT('',(0.0227755560901844,-0.12365221304612,-0.00249));
#15930=CARTESIAN_POINT('',(0.023577912322556,-0.123316533397883,-0.00249));
#15931=CARTESIAN_POINT('',(0.0193849869602774,-0.122925589417314,-0.00249));
#15932=CARTESIAN_POINT('',(0.0193849869602774,-0.122925589417314,-0.00349));
#15933=CARTESIAN_POINT('',(0.0200038110272511,-0.123410005169852,-0.00249));
#15934=CARTESIAN_POINT('',(0.0200038110272511,-0.123410005169852,-0.00349));
#15935=CARTESIAN_POINT('',(0.0208078729488921,-0.12365221304612,-0.00249));
#15936=CARTESIAN_POINT('',(0.0208078729488921,-0.12365221304612,-0.00349));
#15937=CARTESIAN_POINT('',(0.0217971727252006,-0.12365221304612,-0.00249));
#15938=CARTESIAN_POINT('',(0.0217971727252006,-0.12365221304612,-0.00349));
#15939=CARTESIAN_POINT('',(0.0193849869602774,-0.122925589417314,-0.00249));
#15940=CARTESIAN_POINT('',(0.0193849869602774,-0.122925589417314,-0.00249));
#15941=CARTESIAN_POINT('',(0.0193849869602774,-0.122925589417314,-0.00249));
#15942=CARTESIAN_POINT('',(0.0203132230607379,-0.12365221304612,-0.00249));
#15943=CARTESIAN_POINT('',(0.0217971727252006,-0.12365221304612,-0.00249));
#15944=CARTESIAN_POINT('',(0.0184567508598168,-0.121105960104614,-0.00249));
#15945=CARTESIAN_POINT('',(0.0184567508598168,-0.121105960104614,-0.00349));
#15946=CARTESIAN_POINT('',(0.0184567508598168,-0.121834630560544,-0.00249));
#15947=CARTESIAN_POINT('',(0.0184567508598168,-0.121834630560544,-0.00349));
#15948=CARTESIAN_POINT('',(0.0187661628933037,-0.122441173664777,-0.00249));
#15949=CARTESIAN_POINT('',(0.0187661628933037,-0.122441173664777,-0.00349));
#15950=CARTESIAN_POINT('',(0.0193849869602774,-0.122925589417314,-0.00249));
#15951=CARTESIAN_POINT('',(0.0193849869602774,-0.122925589417314,-0.00349));
#15952=CARTESIAN_POINT('',(0.0184567508598168,-0.121105960104614,-0.00249));
#15953=CARTESIAN_POINT('',(0.0184567508598168,-0.121105960104614,-0.00249));
#15954=CARTESIAN_POINT('',(0.0184567508598168,-0.121105960104614,-0.00249));
#15955=CARTESIAN_POINT('',(0.0184567508598168,-0.122198965788508,-0.00249));
#15956=CARTESIAN_POINT('',(0.0193849869602774,-0.122925589417314,-0.00249));
#15957=CARTESIAN_POINT('',(0.0192887860854777,-0.119385601907399,-0.00249));
#15958=CARTESIAN_POINT('',(0.0192887860854777,-0.119385601907399,-0.00349));
#15959=CARTESIAN_POINT('',(0.0187340959350371,-0.119842044355917,-0.00249));
#15960=CARTESIAN_POINT('',(0.0187340959350371,-0.119842044355917,-0.00349));
#15961=CARTESIAN_POINT('',(0.0184567508598168,-0.120415497088322,-0.00249));
#15962=CARTESIAN_POINT('',(0.0184567508598168,-0.120415497088322,-0.00349));
#15963=CARTESIAN_POINT('',(0.0184567508598168,-0.121105960104614,-0.00249));
#15964=CARTESIAN_POINT('',(0.0184567508598168,-0.121105960104614,-0.00349));
#15965=CARTESIAN_POINT('',(0.0192887860854777,-0.119385601907399,-0.00249));
#15966=CARTESIAN_POINT('',(0.0192887860854777,-0.119385601907399,-0.00249));
#15967=CARTESIAN_POINT('',(0.0192887860854777,-0.119385601907399,-0.00249));
#15968=CARTESIAN_POINT('',(0.0184567508598168,-0.120070265580176,-0.00249));
#15969=CARTESIAN_POINT('',(0.0184567508598168,-0.121105960104614,-0.00249));
#15970=CARTESIAN_POINT('',(0.0215986304942311,-0.118348883969399,-0.00249));
#15971=CARTESIAN_POINT('',(0.0215986304942311,-0.118348883969399,-0.00349));
#15972=CARTESIAN_POINT('',(0.0206134243721694,-0.118583586812882,-0.00249));
#15973=CARTESIAN_POINT('',(0.0206134243721694,-0.118583586812882,-0.00349));
#15974=CARTESIAN_POINT('',(0.0198434762359183,-0.118929159458882,-0.00249));
#15975=CARTESIAN_POINT('',(0.0198434762359183,-0.118929159458882,-0.00349));
#15976=CARTESIAN_POINT('',(0.0192887860854777,-0.119385601907399,-0.00249));
#15977=CARTESIAN_POINT('',(0.0192887860854777,-0.119385601907399,-0.00349));
#15978=CARTESIAN_POINT('',(0.0215986304942311,-0.118348883969399,-0.00249));
#15979=CARTESIAN_POINT('',(0.0215986304942311,-0.118348883969399,-0.00249));
#15980=CARTESIAN_POINT('',(0.0215986304942311,-0.118348883969399,-0.00249));
#15981=CARTESIAN_POINT('',(0.0201208213111385,-0.118700938234623,-0.00249));
#15982=CARTESIAN_POINT('',(0.0192887860854777,-0.119385601907399,-0.00249));
#15983=CARTESIAN_POINT('',(0.0232934033524038,-0.117622260340593,-0.00249));
#15984=CARTESIAN_POINT('',(0.0232934033524038,-0.117622260340593,-0.00349));
#15985=CARTESIAN_POINT('',(0.0229740983211539,-0.117910180689284,-0.00249));
#15986=CARTESIAN_POINT('',(0.0229740983211539,-0.117910180689284,-0.00349));
#15987=CARTESIAN_POINT('',(0.0224091740350963,-0.118152388565553,-0.00249));
#15988=CARTESIAN_POINT('',(0.0224091740350963,-0.118152388565553,-0.00349));
#15989=CARTESIAN_POINT('',(0.0215986304942311,-0.118348883969399,-0.00249));
#15990=CARTESIAN_POINT('',(0.0215986304942311,-0.118348883969399,-0.00349));
#15991=CARTESIAN_POINT('',(0.0232934033524038,-0.117622260340593,-0.00249));
#15992=CARTESIAN_POINT('',(0.0232934033524038,-0.117622260340593,-0.00249));
#15993=CARTESIAN_POINT('',(0.0232934033524038,-0.117622260340593,-0.00249));
#15994=CARTESIAN_POINT('',(0.0228144458055289,-0.11805414086363,-0.00249));
#15995=CARTESIAN_POINT('',(0.0215986304942311,-0.118348883969399,-0.00249));
#15996=CARTESIAN_POINT('',(0.0237723608992787,-0.116551769755056,-0.00249));
#15997=CARTESIAN_POINT('',(0.0237723608992787,-0.116551769755056,-0.00349));
#15998=CARTESIAN_POINT('',(0.0237723608992787,-0.116977509796723,-0.00249));
#15999=CARTESIAN_POINT('',(0.0237723608992787,-0.116977509796723,-0.00349));
#16000=CARTESIAN_POINT('',(0.0236127083836537,-0.117334339991902,-0.00249));
#16001=CARTESIAN_POINT('',(0.0236127083836537,-0.117334339991902,-0.00349));
#16002=CARTESIAN_POINT('',(0.0232934033524038,-0.117622260340593,-0.00249));
#16003=CARTESIAN_POINT('',(0.0232934033524038,-0.117622260340593,-0.00349));
#16004=CARTESIAN_POINT('',(0.0237723608992787,-0.116551769755056,-0.00249));
#16005=CARTESIAN_POINT('',(0.0237723608992787,-0.116551769755056,-0.00249));
#16006=CARTESIAN_POINT('',(0.0237723608992787,-0.116551769755056,-0.00249));
#16007=CARTESIAN_POINT('',(0.0237723608992787,-0.117190379817556,-0.00249));
#16008=CARTESIAN_POINT('',(0.0232934033524038,-0.117622260340593,-0.00249));
#16009=CARTESIAN_POINT('',(0.0232197175759615,-0.115457740657601,-0.00249));
#16010=CARTESIAN_POINT('',(0.0232197175759615,-0.115457740657601,-0.00349));
#16011=CARTESIAN_POINT('',(0.023588146458173,-0.115725875010766,-0.00249));
#16012=CARTESIAN_POINT('',(0.023588146458173,-0.115725875010766,-0.00349));
#16013=CARTESIAN_POINT('',(0.0237723608992787,-0.116090551376584,-0.00249));
#16014=CARTESIAN_POINT('',(0.0237723608992787,-0.116090551376584,-0.00349));
#16015=CARTESIAN_POINT('',(0.0237723608992787,-0.116551769755056,-0.00249));
#16016=CARTESIAN_POINT('',(0.0237723608992787,-0.116551769755056,-0.00349));
#16017=CARTESIAN_POINT('',(0.0232197175759615,-0.115457740657601,-0.00249));
#16018=CARTESIAN_POINT('',(0.0232197175759615,-0.115457740657601,-0.00249));
#16019=CARTESIAN_POINT('',(0.0232197175759615,-0.115457740657601,-0.00249));
#16020=CARTESIAN_POINT('',(0.0237723608992787,-0.115859942187348,-0.00249));
#16021=CARTESIAN_POINT('',(0.0237723608992787,-0.116551769755056,-0.00249));
#16022=CARTESIAN_POINT('',(0.0217132528131414,-0.115055539127853,-0.00249));
#16023=CARTESIAN_POINT('',(0.0217132528131414,-0.115055539127853,-0.00349));
#16024=CARTESIAN_POINT('',(0.02234913377281,-0.115055539127853,-0.00249));
#16025=CARTESIAN_POINT('',(0.02234913377281,-0.115055539127853,-0.00349));
#16026=CARTESIAN_POINT('',(0.0228512886937501,-0.115189606304436,-0.00249));
#16027=CARTESIAN_POINT('',(0.0228512886937501,-0.115189606304436,-0.00349));
#16028=CARTESIAN_POINT('',(0.0232197175759615,-0.115457740657601,-0.00249));
#16029=CARTESIAN_POINT('',(0.0232197175759615,-0.115457740657601,-0.00349));
#16030=CARTESIAN_POINT('',(0.0217132528131414,-0.115055539127853,-0.00249));
#16031=CARTESIAN_POINT('',(0.0217132528131414,-0.115055539127853,-0.00249));
#16032=CARTESIAN_POINT('',(0.0217132528131414,-0.115055539127853,-0.00249));
#16033=CARTESIAN_POINT('',(0.0226670742526444,-0.115055539127853,-0.00249));
#16034=CARTESIAN_POINT('',(0.0232197175759615,-0.115457740657601,-0.00249));
#16035=CARTESIAN_POINT('',(0.0205046013967755,-0.115246917463891,-0.00249));
#16036=CARTESIAN_POINT('',(0.0205046013967755,-0.115246917463891,-0.00349));
#16037=CARTESIAN_POINT('',(0.0208409633207204,-0.115119331906532,-0.00249));
#16038=CARTESIAN_POINT('',(0.0208409633207204,-0.115119331906532,-0.00349));
#16039=CARTESIAN_POINT('',(0.0212438471261757,-0.115055539127853,-0.00249));
#16040=CARTESIAN_POINT('',(0.0212438471261757,-0.115055539127853,-0.00349));
#16041=CARTESIAN_POINT('',(0.0217132528131414,-0.115055539127853,-0.00249));
#16042=CARTESIAN_POINT('',(0.0217132528131414,-0.115055539127853,-0.00349));
#16043=CARTESIAN_POINT('',(0.0205046013967755,-0.115246917463891,-0.00249));
#16044=CARTESIAN_POINT('',(0.0205046013967755,-0.115246917463891,-0.00249));
#16045=CARTESIAN_POINT('',(0.0205046013967755,-0.115246917463891,-0.00249));
#16046=CARTESIAN_POINT('',(0.0210091442826928,-0.115055539127853,-0.00249));
#16047=CARTESIAN_POINT('',(0.0217132528131414,-0.115055539127853,-0.00249));
#16048=CARTESIAN_POINT('',(0.0215625067139442,-0.11814660429331,-0.00249));
#16049=CARTESIAN_POINT('',(0.0196336764557701,-0.115739179387068,-0.00249));
#16050=CARTESIAN_POINT('',(0.0196334133448179,-0.115738818300798,-0.00249000024986207));
#16051=CARTESIAN_POINT('',(0.0215625067139442,-0.11814660429331,-0.00249));
#16052=CARTESIAN_POINT('',(0.0195129136554897,-0.116407468442857,-0.00249));
#16053=CARTESIAN_POINT('',(0.0193921508552093,-0.117075757498646,-0.00249));
#16054=CARTESIAN_POINT('',(0.0193921508552093,-0.117075757498646,-0.00249));
#16055=CARTESIAN_POINT('',(0.0195129136554897,-0.116407468442857,-0.00249));
#16056=CARTESIAN_POINT('',(0.0189183103761429,-0.117075757498646,-0.00249));
#16057=CARTESIAN_POINT('',(0.0184444698970765,-0.117075757498646,-0.00249));
#16058=CARTESIAN_POINT('',(0.0184444698970765,-0.117075757498646,-0.00249));
#16059=CARTESIAN_POINT('',(0.0189183103761429,-0.117075757498646,-0.00249));
#16060=CARTESIAN_POINT('',(0.0184444698970765,-0.116208926211887,-0.00249));
#16061=CARTESIAN_POINT('',(0.0184444698970765,-0.115342094925129,-0.00249));
#16062=CARTESIAN_POINT('',(0.0184444698970765,-0.115342094925129,-0.00249));
#16063=CARTESIAN_POINT('',(0.0184444698970765,-0.116208926211887,-0.00249));
#16064=CARTESIAN_POINT('',(0.0198035631070121,-0.1144210227196,-0.00249));
#16065=CARTESIAN_POINT('',(0.0198035631070121,-0.1144210227196,-0.00349));
#16066=CARTESIAN_POINT('',(0.0192468261294481,-0.114655725563083,-0.00249));
#16067=CARTESIAN_POINT('',(0.0192468261294481,-0.114655725563083,-0.00349));
#16068=CARTESIAN_POINT('',(0.0187937950594696,-0.114962749631593,-0.00249));
#16069=CARTESIAN_POINT('',(0.0187937950594696,-0.114962749631593,-0.00349));
#16070=CARTESIAN_POINT('',(0.0184444698970765,-0.115342094925129,-0.00249));
#16071=CARTESIAN_POINT('',(0.0184444698970765,-0.115342094925129,-0.00349));
#16072=CARTESIAN_POINT('',(0.0198035631070121,-0.1144210227196,-0.00249));
#16073=CARTESIAN_POINT('',(0.0198035631070121,-0.1144210227196,-0.00249));
#16074=CARTESIAN_POINT('',(0.0198035631070121,-0.1144210227196,-0.00249));
#16075=CARTESIAN_POINT('',(0.0189684576406661,-0.114773076984824,-0.00249));
#16076=CARTESIAN_POINT('',(0.0184444698970765,-0.115342094925129,-0.00249));
#16077=CARTESIAN_POINT('',(0.0217132528131414,-0.114068968454376,-0.00249));
#16078=CARTESIAN_POINT('',(0.0217132528131414,-0.114068968454376,-0.00349));
#16079=CARTESIAN_POINT('',(0.0209968633199525,-0.114068968454376,-0.00249));
#16080=CARTESIAN_POINT('',(0.0209968633199525,-0.114068968454376,-0.00349));
#16081=CARTESIAN_POINT('',(0.020360300084576,-0.114186319876117,-0.00249));
#16082=CARTESIAN_POINT('',(0.020360300084576,-0.114186319876117,-0.00349));
#16083=CARTESIAN_POINT('',(0.0198035631070121,-0.1144210227196,-0.00249));
#16084=CARTESIAN_POINT('',(0.0198035631070121,-0.1144210227196,-0.00349));
#16085=CARTESIAN_POINT('',(0.0217132528131414,-0.114068968454376,-0.00249));
#16086=CARTESIAN_POINT('',(0.0217132528131414,-0.114068968454376,-0.00249));
#16087=CARTESIAN_POINT('',(0.0217132528131414,-0.114068968454376,-0.00249));
#16088=CARTESIAN_POINT('',(0.020638668573358,-0.114068968454376,-0.00249));
#16089=CARTESIAN_POINT('',(0.0198035631070121,-0.1144210227196,-0.00249));
#16090=CARTESIAN_POINT('',(0.0241152044424476,-0.114753632127152,-0.00249));
#16091=CARTESIAN_POINT('',(0.0241152044424476,-0.114753632127152,-0.00349));
#16092=CARTESIAN_POINT('',(0.023503203132552,-0.114297189678635,-0.00249));
#16093=CARTESIAN_POINT('',(0.023503203132552,-0.114297189678635,-0.00349));
#16094=CARTESIAN_POINT('',(0.0227025525894499,-0.114068968454376,-0.00249));
#16095=CARTESIAN_POINT('',(0.0227025525894499,-0.114068968454376,-0.00349));
#16096=CARTESIAN_POINT('',(0.0217132528131414,-0.114068968454376,-0.00249));
#16097=CARTESIAN_POINT('',(0.0217132528131414,-0.114068968454376,-0.00349));
#16098=CARTESIAN_POINT('',(0.0241152044424476,-0.114753632127152,-0.00249));
#16099=CARTESIAN_POINT('',(0.0241152044424476,-0.114753632127152,-0.00249));
#16100=CARTESIAN_POINT('',(0.0241152044424476,-0.114753632127152,-0.00249));
#16101=CARTESIAN_POINT('',(0.0231972024776041,-0.114068968454376,-0.00249));
#16102=CARTESIAN_POINT('',(0.0217132528131414,-0.114068968454376,-0.00249));
#16103=CARTESIAN_POINT('',(0.0250332064072912,-0.116564050717797,-0.00249));
#16104=CARTESIAN_POINT('',(0.0250332064072912,-0.116564050717797,-0.00349));
#16105=CARTESIAN_POINT('',(0.0250332064072912,-0.115813547439218,-0.00249));
#16106=CARTESIAN_POINT('',(0.0250332064072912,-0.115813547439218,-0.00349));
#16107=CARTESIAN_POINT('',(0.0247272057523433,-0.11521007457567,-0.00249));
#16108=CARTESIAN_POINT('',(0.0247272057523433,-0.11521007457567,-0.00349));
#16109=CARTESIAN_POINT('',(0.0241152044424476,-0.114753632127152,-0.00249));
#16110=CARTESIAN_POINT('',(0.0241152044424476,-0.114753632127152,-0.00349));
#16111=CARTESIAN_POINT('',(0.0250332064072912,-0.116564050717797,-0.00249));
#16112=CARTESIAN_POINT('',(0.0250332064072912,-0.116564050717797,-0.00249));
#16113=CARTESIAN_POINT('',(0.0250332064072912,-0.116564050717797,-0.00249));
#16114=CARTESIAN_POINT('',(0.0250332064072912,-0.115438295799928,-0.00249));
#16115=CARTESIAN_POINT('',(0.0241152044424476,-0.114753632127152,-0.00249));
#16116=CARTESIAN_POINT('',(0.0242687164767025,-0.118323298630356,-0.00249));
#16117=CARTESIAN_POINT('',(0.0242687164767025,-0.118323298630356,-0.00349));
#16118=CARTESIAN_POINT('',(0.0247783764304283,-0.117850481564852,-0.00249));
#16119=CARTESIAN_POINT('',(0.0247783764304283,-0.117850481564852,-0.00349));
#16120=CARTESIAN_POINT('',(0.0250332064072912,-0.117264065593998,-0.00249));
#16121=CARTESIAN_POINT('',(0.0250332064072912,-0.117264065593998,-0.00349));
#16122=CARTESIAN_POINT('',(0.0250332064072912,-0.116564050717797,-0.00249));
#16123=CARTESIAN_POINT('',(0.0250332064072912,-0.116564050717797,-0.00349));
#16124=CARTESIAN_POINT('',(0.0242687164767025,-0.118323298630356,-0.00249));
#16125=CARTESIAN_POINT('',(0.0242687164767025,-0.118323298630356,-0.00249));
#16126=CARTESIAN_POINT('',(0.0242687164767025,-0.118323298630356,-0.00249));
#16127=CARTESIAN_POINT('',(0.0250332064072912,-0.117614073032099,-0.00249));
#16128=CARTESIAN_POINT('',(0.0250332064072912,-0.116564050717797,-0.00249));
#16129=CARTESIAN_POINT('',(0.0220325578443913,-0.119398906283701,-0.00249));
#16130=CARTESIAN_POINT('',(0.0220325578443913,-0.119398906283701,-0.00349));
#16131=CARTESIAN_POINT('',(0.0230136703122062,-0.119154651580309,-0.00249));
#16132=CARTESIAN_POINT('',(0.0230136703122062,-0.119154651580309,-0.00349));
#16133=CARTESIAN_POINT('',(0.0237590565229766,-0.118796115695861,-0.00249));
#16134=CARTESIAN_POINT('',(0.0237590565229766,-0.118796115695861,-0.00349));
#16135=CARTESIAN_POINT('',(0.0242687164767025,-0.118323298630356,-0.00249));
#16136=CARTESIAN_POINT('',(0.0242687164767025,-0.118323298630356,-0.00349));
#16137=CARTESIAN_POINT('',(0.0220325578443913,-0.119398906283701,-0.00249));
#16138=CARTESIAN_POINT('',(0.0220325578443913,-0.119398906283701,-0.00249));
#16139=CARTESIAN_POINT('',(0.0220325578443913,-0.119398906283701,-0.00249));
#16140=CARTESIAN_POINT('',(0.0235042265461137,-0.119032524228613,-0.00249));
#16141=CARTESIAN_POINT('',(0.0242687164767025,-0.118323298630356,-0.00249));
#16142=CARTESIAN_POINT('',(0.0202640992097763,-0.120111202122644,-0.00249));
#16143=CARTESIAN_POINT('',(0.0202640992097763,-0.120111202122644,-0.00349));
#16144=CARTESIAN_POINT('',(0.020628434437741,-0.119841020942355,-0.00249));
#16145=CARTESIAN_POINT('',(0.020628434437741,-0.119841020942355,-0.00349));
#16146=CARTESIAN_POINT('',(0.0212179206492793,-0.119603588996041,-0.00249));
#16147=CARTESIAN_POINT('',(0.0212179206492793,-0.119603588996041,-0.00349));
#16148=CARTESIAN_POINT('',(0.0220325578443913,-0.119398906283701,-0.00249));
#16149=CARTESIAN_POINT('',(0.0220325578443913,-0.119398906283701,-0.00349));
#16150=CARTESIAN_POINT('',(0.0202640992097763,-0.120111202122644,-0.00249));
#16151=CARTESIAN_POINT('',(0.0202640992097763,-0.120111202122644,-0.00249));
#16152=CARTESIAN_POINT('',(0.0202640992097763,-0.120111202122644,-0.00249));
#16153=CARTESIAN_POINT('',(0.0208106020517234,-0.119705930352211,-0.00249));
#16154=CARTESIAN_POINT('',(0.0220325578443913,-0.119398906283701,-0.00249));
#16155=CARTESIAN_POINT('',(0.0197175963678294,-0.121124381548725,-0.00249));
#16156=CARTESIAN_POINT('',(0.0197175963678294,-0.121124381548725,-0.00349));
#16157=CARTESIAN_POINT('',(0.0197175963678294,-0.120719109778292,-0.00249));
#16158=CARTESIAN_POINT('',(0.0197175963678294,-0.120719109778292,-0.00349));
#16159=CARTESIAN_POINT('',(0.0198997639818117,-0.120381383302932,-0.00249));
#16160=CARTESIAN_POINT('',(0.0198997639818117,-0.120381383302932,-0.00349));
#16161=CARTESIAN_POINT('',(0.0202640992097763,-0.120111202122644,-0.00249));
#16162=CARTESIAN_POINT('',(0.0202640992097763,-0.120111202122644,-0.00349));
#16163=CARTESIAN_POINT('',(0.0197175963678294,-0.121124381548725,-0.00249));
#16164=CARTESIAN_POINT('',(0.0197175963678294,-0.121124381548725,-0.00249));
#16165=CARTESIAN_POINT('',(0.0197175963678294,-0.121124381548725,-0.00249));
#16166=CARTESIAN_POINT('',(0.0197175963678294,-0.120516473893076,-0.00249));
#16167=CARTESIAN_POINT('',(0.0202640992097763,-0.120111202122644,-0.00249));
#16168=CARTESIAN_POINT('',(0.020254888487721,-0.122234785263168,-0.00249));
#16169=CARTESIAN_POINT('',(0.020254888487721,-0.122234785263168,-0.00349));
#16170=CARTESIAN_POINT('',(0.0198966937411266,-0.121951640844431,-0.00249));
#16171=CARTESIAN_POINT('',(0.0198966937411266,-0.121951640844431,-0.00349));
#16172=CARTESIAN_POINT('',(0.0197175963678294,-0.12158150627295,-0.00249));
#16173=CARTESIAN_POINT('',(0.0197175963678294,-0.12158150627295,-0.00349));
#16174=CARTESIAN_POINT('',(0.0197175963678294,-0.121124381548725,-0.00249));
#16175=CARTESIAN_POINT('',(0.0197175963678294,-0.121124381548725,-0.00349));
#16176=CARTESIAN_POINT('',(0.020254888487721,-0.122234785263168,-0.00249));
#16177=CARTESIAN_POINT('',(0.020254888487721,-0.122234785263168,-0.00249));
#16178=CARTESIAN_POINT('',(0.020254888487721,-0.122234785263168,-0.00249));
#16179=CARTESIAN_POINT('',(0.0197175963678294,-0.121810068635063,-0.00249));
#16180=CARTESIAN_POINT('',(0.0197175963678294,-0.121124381548725,-0.00249));
#16181=CARTESIAN_POINT('',(0.0217971727252006,-0.122659501891273,-0.00249));
#16182=CARTESIAN_POINT('',(0.0217971727252006,-0.122659501891273,-0.00349));
#16183=CARTESIAN_POINT('',(0.021127177980142,-0.122659501891273,-0.00249));
#16184=CARTESIAN_POINT('',(0.021127177980142,-0.122659501891273,-0.00349));
#16185=CARTESIAN_POINT('',(0.0206130832343155,-0.122517929681905,-0.00249));
#16186=CARTESIAN_POINT('',(0.0206130832343155,-0.122517929681905,-0.00349));
#16187=CARTESIAN_POINT('',(0.020254888487721,-0.122234785263168,-0.00249));
#16188=CARTESIAN_POINT('',(0.020254888487721,-0.122234785263168,-0.00349));
#16189=CARTESIAN_POINT('',(0.0217971727252006,-0.122659501891273,-0.00249));
#16190=CARTESIAN_POINT('',(0.0217971727252006,-0.122659501891273,-0.00249));
#16191=CARTESIAN_POINT('',(0.0217971727252006,-0.122659501891273,-0.00249));
#16192=CARTESIAN_POINT('',(0.0207921806076128,-0.122659501891273,-0.00249));
#16193=CARTESIAN_POINT('',(0.020254888487721,-0.122234785263168,-0.00249));
#16194=CARTESIAN_POINT('',(0.0229096232667669,-0.122499849375648,-0.00249));
#16195=CARTESIAN_POINT('',(0.0229096232667669,-0.122499849375648,-0.00349));
#16196=CARTESIAN_POINT('',(0.0225896359598092,-0.122606284386064,-0.00249));
#16197=CARTESIAN_POINT('',(0.0225896359598092,-0.122606284386064,-0.00349));
#16198=CARTESIAN_POINT('',(0.0222188191126204,-0.122659501891273,-0.00249));
#16199=CARTESIAN_POINT('',(0.0222188191126204,-0.122659501891273,-0.00349));
#16200=CARTESIAN_POINT('',(0.0217971727252006,-0.122659501891273,-0.00249));
#16201=CARTESIAN_POINT('',(0.0217971727252006,-0.122659501891273,-0.00349));
#16202=CARTESIAN_POINT('',(0.0229096232667669,-0.122499849375648,-0.00249));
#16203=CARTESIAN_POINT('',(0.0229096232667669,-0.122499849375648,-0.00249));
#16204=CARTESIAN_POINT('',(0.0229096232667669,-0.122499849375648,-0.00249));
#16205=CARTESIAN_POINT('',(0.0224296423063303,-0.122659501891273,-0.00249));
#16206=CARTESIAN_POINT('',(0.0217971727252006,-0.122659501891273,-0.00249));
#16207=CARTESIAN_POINT('',(0.0236761600244791,-0.122096624432339,-0.00249));
#16208=CARTESIAN_POINT('',(0.0236761600244791,-0.122096624432339,-0.00349));
#16209=CARTESIAN_POINT('',(0.0234851228262953,-0.122259006050795,-0.00249));
#16210=CARTESIAN_POINT('',(0.0234851228262953,-0.122259006050795,-0.00349));
#16211=CARTESIAN_POINT('',(0.0232296105737246,-0.122393414365231,-0.00249));
#16212=CARTESIAN_POINT('',(0.0232296105737246,-0.122393414365231,-0.00349));
#16213=CARTESIAN_POINT('',(0.0229096232667669,-0.122499849375648,-0.00249));
#16214=CARTESIAN_POINT('',(0.0229096232667669,-0.122499849375648,-0.00349));
#16215=CARTESIAN_POINT('',(0.0236761600244791,-0.122096624432339,-0.00249));
#16216=CARTESIAN_POINT('',(0.0236761600244791,-0.122096624432339,-0.00249));
#16217=CARTESIAN_POINT('',(0.0236761600244791,-0.122096624432339,-0.00249));
#16218=CARTESIAN_POINT('',(0.0233896042272035,-0.122340196860023,-0.00249));
#16219=CARTESIAN_POINT('',(0.0229096232667669,-0.122499849375648,-0.00249));
#16220=CARTESIAN_POINT('',(0.0237948759976361,-0.121431405617235,-0.00249));
#16221=CARTESIAN_POINT('',(0.0237948759976361,-0.121431405617235,-0.00249));
#16222=CARTESIAN_POINT('',(0.0828759320800245,-0.10360435,-0.00249));
#16223=CARTESIAN_POINT('',(0.0304961879996376,-0.102969024964194,-0.00249));
#16224=CARTESIAN_POINT('',(0.0304961879996376,-0.102969024964194,-0.00349));
#16225=CARTESIAN_POINT('',(0.0300745416122178,-0.102969024964194,-0.00249));
#16226=CARTESIAN_POINT('',(0.0300745416122178,-0.102969024964194,-0.00349));
#16227=CARTESIAN_POINT('',(0.0297143000385,-0.102791292142313,-0.00249));
#16228=CARTESIAN_POINT('',(0.0297143000385,-0.102791292142313,-0.00349));
#16229=CARTESIAN_POINT('',(0.029415463278484,-0.102435826498549,-0.00249));
#16230=CARTESIAN_POINT('',(0.029415463278484,-0.102435826498549,-0.00349));
#16231=CARTESIAN_POINT('',(0.0304961879996376,-0.102969024964194,-0.00349));
#16232=CARTESIAN_POINT('',(0.0298637184185079,-0.102969024964194,-0.00349));
#16233=CARTESIAN_POINT('',(0.029415463278484,-0.102435826498549,-0.00349));
#16234=CARTESIAN_POINT('',(0.0304961879996376,-0.102969024964194,-0.00349));
#16235=CARTESIAN_POINT('',(0.029415463278484,-0.102435826498549,-0.00349));
#16236=CARTESIAN_POINT('',(0.0304961879996376,-0.102969024964194,-0.00249));
#16237=CARTESIAN_POINT('',(0.0304961879996376,-0.102969024964194,-0.00249));
#16238=CARTESIAN_POINT('',(0.0304961879996376,-0.102969024964194,-0.00249));
#16239=CARTESIAN_POINT('',(0.0298637184185079,-0.102969024964194,-0.00249));
#16240=CARTESIAN_POINT('',(0.029415463278484,-0.102435826498549,-0.00249));
#16241=CARTESIAN_POINT('',(0.029415463278484,-0.102435826498549,-0.00249));
#16242=CARTESIAN_POINT('',(0.029415463278484,-0.102435826498549,-0.00249));
#16243=CARTESIAN_POINT('',(0.0316731135955908,-0.102470622559647,-0.00249));
#16244=CARTESIAN_POINT('',(0.0316731135955908,-0.102470622559647,-0.00349));
#16245=CARTESIAN_POINT('',(0.0314083906209648,-0.102802890829345,-0.00249));
#16246=CARTESIAN_POINT('',(0.0314083906209648,-0.102802890829345,-0.00349));
#16247=CARTESIAN_POINT('',(0.0310160820889804,-0.102969024964194,-0.00249));
#16248=CARTESIAN_POINT('',(0.0310160820889804,-0.102969024964194,-0.00349));
#16249=CARTESIAN_POINT('',(0.0304961879996376,-0.102969024964194,-0.00249));
#16250=CARTESIAN_POINT('',(0.0304961879996376,-0.102969024964194,-0.00349));
#16251=CARTESIAN_POINT('',(0.0316731135955908,-0.102470622559647,-0.00349));
#16252=CARTESIAN_POINT('',(0.0312760291336519,-0.102969024964194,-0.00349));
#16253=CARTESIAN_POINT('',(0.0304961879996376,-0.102969024964194,-0.00349));
#16254=CARTESIAN_POINT('',(0.0316731135955908,-0.102470622559647,-0.00349));
#16255=CARTESIAN_POINT('',(0.0316731135955908,-0.102470622559647,-0.00249));
#16256=CARTESIAN_POINT('',(0.0316731135955908,-0.102470622559647,-0.00249));
#16257=CARTESIAN_POINT('',(0.0316731135955908,-0.102470622559647,-0.00249));
#16258=CARTESIAN_POINT('',(0.0312760291336519,-0.102969024964194,-0.00249));
#16259=CARTESIAN_POINT('',(0.0304961879996376,-0.102969024964194,-0.00249));
#16260=CARTESIAN_POINT('',(0.0320701980575298,-0.101229221909307,-0.00249));
#16261=CARTESIAN_POINT('',(0.0320701980575298,-0.101229221909307,-0.00349));
#16262=CARTESIAN_POINT('',(0.0320701980575298,-0.101724554073169,-0.00249));
#16263=CARTESIAN_POINT('',(0.0320701980575298,-0.101724554073169,-0.00349));
#16264=CARTESIAN_POINT('',(0.0319378365702168,-0.102138354289949,-0.00249));
#16265=CARTESIAN_POINT('',(0.0319378365702168,-0.102138354289949,-0.00349));
#16266=CARTESIAN_POINT('',(0.0316731135955908,-0.102470622559647,-0.00249));
#16267=CARTESIAN_POINT('',(0.0316731135955908,-0.102470622559647,-0.00349));
#16268=CARTESIAN_POINT('',(0.0320701980575298,-0.101229221909307,-0.00349));
#16269=CARTESIAN_POINT('',(0.0320701980575298,-0.1019722201551,-0.00349));
#16270=CARTESIAN_POINT('',(0.0316731135955908,-0.102470622559647,-0.00349));
#16271=CARTESIAN_POINT('',(0.0320701980575298,-0.101229221909307,-0.00349));
#16272=CARTESIAN_POINT('',(0.0320701980575298,-0.101229221909307,-0.00249));
#16273=CARTESIAN_POINT('',(0.0320701980575298,-0.101229221909307,-0.00249));
#16274=CARTESIAN_POINT('',(0.0320701980575298,-0.101229221909307,-0.00249));
#16275=CARTESIAN_POINT('',(0.0320701980575298,-0.1019722201551,-0.00249));
#16276=CARTESIAN_POINT('',(0.0316731135955908,-0.102470622559647,-0.00249));
#16277=CARTESIAN_POINT('',(0.0320701980575298,-0.101146325410809,-0.00249));
#16278=CARTESIAN_POINT('',(0.0320701980575298,-0.101146325410809,-0.00349));
#16279=CARTESIAN_POINT('',(0.0320701980575298,-0.101063428912312,-0.00349));
#16280=CARTESIAN_POINT('',(0.0320701980575298,-0.101063428912312,-0.00249));
#16281=CARTESIAN_POINT('',(0.0320701980575298,-0.101063428912312,-0.00249));
#16282=CARTESIAN_POINT('',(0.0320701980575298,-0.101146325410809,-0.00249));
#16283=CARTESIAN_POINT('',(0.0304746963148419,-0.101063428912312,-0.00249));
#16284=CARTESIAN_POINT('',(0.0304746963148419,-0.101063428912312,-0.00349));
#16285=CARTESIAN_POINT('',(0.028879194572154,-0.101063428912312,-0.00349));
#16286=CARTESIAN_POINT('',(0.028879194572154,-0.101063428912312,-0.00249));
#16287=CARTESIAN_POINT('',(0.028879194572154,-0.101063428912312,-0.00249));
#16288=CARTESIAN_POINT('',(0.0304746963148419,-0.101063428912312,-0.00249));
#16289=CARTESIAN_POINT('',(0.0288720306772221,-0.101079803529299,-0.00249));
#16290=CARTESIAN_POINT('',(0.0288720306772221,-0.101079803529299,-0.00349));
#16291=CARTESIAN_POINT('',(0.0288648667822902,-0.101096178146286,-0.00349));
#16292=CARTESIAN_POINT('',(0.0288648667822902,-0.101096178146286,-0.00249));
#16293=CARTESIAN_POINT('',(0.0288648667822902,-0.101096178146286,-0.00249));
#16294=CARTESIAN_POINT('',(0.0288720306772221,-0.101079803529299,-0.00249));
#16295=CARTESIAN_POINT('',(0.0306885897492369,-0.0967773729159186,-0.00249));
#16296=CARTESIAN_POINT('',(0.0306885897492369,-0.0967773729159186,-0.00349));
#16297=CARTESIAN_POINT('',(0.0297252164498247,-0.0967773729159186,-0.00249));
#16298=CARTESIAN_POINT('',(0.0297252164498247,-0.0967773729159186,-0.00349));
#16299=CARTESIAN_POINT('',(0.0289586796921126,-0.097098383636438,-0.00249));
#16300=CARTESIAN_POINT('',(0.0289586796921126,-0.097098383636438,-0.00349));
#16301=CARTESIAN_POINT('',(0.0283889794761004,-0.0977404050774769,-0.00249));
#16302=CARTESIAN_POINT('',(0.0283889794761004,-0.0977404050774769,-0.00349));
#16303=CARTESIAN_POINT('',(0.0306885897492369,-0.0967773729159186,-0.00249));
#16304=CARTESIAN_POINT('',(0.0306885897492369,-0.0967773729159186,-0.00249));
#16305=CARTESIAN_POINT('',(0.0306885897492369,-0.0967773729159186,-0.00249));
#16306=CARTESIAN_POINT('',(0.0292435298001187,-0.0967773729159186,-0.00249));
#16307=CARTESIAN_POINT('',(0.0283889794761004,-0.0977404050774769,-0.00249));
#16308=CARTESIAN_POINT('',(0.0283889794761004,-0.0977404050774769,-0.00249));
#16309=CARTESIAN_POINT('',(0.0283889794761004,-0.0977404050774769,-0.00249));
#16310=CARTESIAN_POINT('',(0.0321571882102742,-0.097024015584288,-0.00249));
#16311=CARTESIAN_POINT('',(0.0321571882102742,-0.097024015584288,-0.00349));
#16312=CARTESIAN_POINT('',(0.0317498696127182,-0.0968595871387084,-0.00249));
#16313=CARTESIAN_POINT('',(0.0317498696127182,-0.0968595871387084,-0.00349));
#16314=CARTESIAN_POINT('',(0.0312603367923724,-0.0967773729159186,-0.00249));
#16315=CARTESIAN_POINT('',(0.0312603367923724,-0.0967773729159186,-0.00349));
#16316=CARTESIAN_POINT('',(0.0306885897492369,-0.0967773729159186,-0.00249));
#16317=CARTESIAN_POINT('',(0.0306885897492369,-0.0967773729159186,-0.00349));
#16318=CARTESIAN_POINT('',(0.0321571882102742,-0.097024015584288,-0.00249));
#16319=CARTESIAN_POINT('',(0.0321571882102742,-0.097024015584288,-0.00249));
#16320=CARTESIAN_POINT('',(0.0321571882102742,-0.097024015584288,-0.00249));
#16321=CARTESIAN_POINT('',(0.0315462103139402,-0.0967773729159186,-0.00249));
#16322=CARTESIAN_POINT('',(0.0306885897492369,-0.0967773729159186,-0.00249));
#16323=CARTESIAN_POINT('',(0.033138641815943,-0.0976288529992518,-0.00249));
#16324=CARTESIAN_POINT('',(0.033138641815943,-0.0976288529992518,-0.00349));
#16325=CARTESIAN_POINT('',(0.0328916580097198,-0.0973900565015221,-0.00249));
#16326=CARTESIAN_POINT('',(0.0328916580097198,-0.0973900565015221,-0.00349));
#16327=CARTESIAN_POINT('',(0.0325645068078302,-0.0971884440298675,-0.00249));
#16328=CARTESIAN_POINT('',(0.0325645068078302,-0.0971884440298675,-0.00349));
#16329=CARTESIAN_POINT('',(0.0321571882102742,-0.097024015584288,-0.00249));
#16330=CARTESIAN_POINT('',(0.0321571882102742,-0.097024015584288,-0.00349));
#16331=CARTESIAN_POINT('',(0.033138641815943,-0.0976288529992518,-0.00249));
#16332=CARTESIAN_POINT('',(0.033138641815943,-0.0976288529992518,-0.00249));
#16333=CARTESIAN_POINT('',(0.033138641815943,-0.0976288529992518,-0.00249));
#16334=CARTESIAN_POINT('',(0.0327681661066082,-0.0972706582526573,-0.00249));
#16335=CARTESIAN_POINT('',(0.0321571882102742,-0.097024015584288,-0.00249));
#16336=CARTESIAN_POINT('',(0.0328919991475737,-0.0980382184239311,-0.00249));
#16337=CARTESIAN_POINT('',(0.0326456766201458,-0.0984470524943508,-0.00249));
#16338=CARTESIAN_POINT('',(0.0326456766201458,-0.0984470524943508,-0.00249));
#16339=CARTESIAN_POINT('',(0.0328919991475737,-0.0980382184239311,-0.00249));
#16340=CARTESIAN_POINT('',(0.0309228393747632,-0.100376881359167,-0.00249));
#16341=CARTESIAN_POINT('',(0.0318102510128584,-0.0979461112033783,-0.00249));
#16342=CARTESIAN_POINT('',(0.0318102510128584,-0.0979461112033783,-0.00249));
#16343=CARTESIAN_POINT('',(0.0309228393747632,-0.100376881359167,-0.00249));
#16344=CARTESIAN_POINT('',(0.0306885897492369,-0.0977639435893959,-0.00249));
#16345=CARTESIAN_POINT('',(0.0306885897492369,-0.0977639435893959,-0.00349));
#16346=CARTESIAN_POINT('',(0.0311143297909035,-0.0977639435893959,-0.00249));
#16347=CARTESIAN_POINT('',(0.0311143297909035,-0.0977639435893959,-0.00349));
#16348=CARTESIAN_POINT('',(0.0314882168787773,-0.09782466612739,-0.00249));
#16349=CARTESIAN_POINT('',(0.0314882168787773,-0.09782466612739,-0.00349));
#16350=CARTESIAN_POINT('',(0.0318102510128584,-0.0979461112033783,-0.00249));
#16351=CARTESIAN_POINT('',(0.0318102510128584,-0.0979461112033783,-0.00349));
#16352=CARTESIAN_POINT('',(0.0306885897492369,-0.0977639435893959,-0.00249));
#16353=CARTESIAN_POINT('',(0.0306885897492369,-0.0977639435893959,-0.00249));
#16354=CARTESIAN_POINT('',(0.0306885897492369,-0.0977639435893959,-0.00249));
#16355=CARTESIAN_POINT('',(0.0313271998117367,-0.0977639435893959,-0.00249));
#16356=CARTESIAN_POINT('',(0.0318102510128584,-0.0979461112033783,-0.00249));
#16357=CARTESIAN_POINT('',(0.0293264262986162,-0.0984066473061426,-0.00249));
#16358=CARTESIAN_POINT('',(0.0293264262986162,-0.0984066473061426,-0.00349));
#16359=CARTESIAN_POINT('',(0.0296505072598208,-0.0979781781616448,-0.00249));
#16360=CARTESIAN_POINT('',(0.0296505072598208,-0.0979781781616448,-0.00349));
#16361=CARTESIAN_POINT('',(0.030104561743361,-0.0977639435893959,-0.00249));
#16362=CARTESIAN_POINT('',(0.030104561743361,-0.0977639435893959,-0.00349));
#16363=CARTESIAN_POINT('',(0.0306885897492369,-0.0977639435893959,-0.00249));
#16364=CARTESIAN_POINT('',(0.0306885897492369,-0.0977639435893959,-0.00349));
#16365=CARTESIAN_POINT('',(0.0293264262986162,-0.0984066473061426,-0.00249));
#16366=CARTESIAN_POINT('',(0.0293264262986162,-0.0984066473061426,-0.00249));
#16367=CARTESIAN_POINT('',(0.0293264262986162,-0.0984066473061426,-0.00249));
#16368=CARTESIAN_POINT('',(0.029812547740423,-0.0977639435893959,-0.00249));
#16369=CARTESIAN_POINT('',(0.0306885897492369,-0.0977639435893959,-0.00249));
#16370=CARTESIAN_POINT('',(0.0288198365855755,-0.100046155831983,-0.00249));
#16371=CARTESIAN_POINT('',(0.0288198365855755,-0.100046155831983,-0.00349));
#16372=CARTESIAN_POINT('',(0.0288334820997315,-0.0993816192925873,-0.00249));
#16373=CARTESIAN_POINT('',(0.0288334820997315,-0.0993816192925873,-0.00349));
#16374=CARTESIAN_POINT('',(0.0290023453374118,-0.0988351164506403,-0.00249));
#16375=CARTESIAN_POINT('',(0.0290023453374118,-0.0988351164506403,-0.00349));
#16376=CARTESIAN_POINT('',(0.0293264262986162,-0.0984066473061426,-0.00249));
#16377=CARTESIAN_POINT('',(0.0293264262986162,-0.0984066473061426,-0.00349));
#16378=CARTESIAN_POINT('',(0.0288198365855755,-0.100046155831983,-0.00249));
#16379=CARTESIAN_POINT('',(0.0288198365855755,-0.100046155831983,-0.00249));
#16380=CARTESIAN_POINT('',(0.0288198365855755,-0.100046155831983,-0.00249));
#16381=CARTESIAN_POINT('',(0.0288403048568095,-0.0990493510228892,-0.00249));
#16382=CARTESIAN_POINT('',(0.0293264262986162,-0.0984066473061426,-0.00249));
#16383=CARTESIAN_POINT('',(0.0288300707211925,-0.100062530448971,-0.00249));
#16384=CARTESIAN_POINT('',(0.0288403048568095,-0.100078905065958,-0.00249));
#16385=CARTESIAN_POINT('',(0.0288403048568095,-0.100078905065958,-0.00249));
#16386=CARTESIAN_POINT('',(0.0288300707211925,-0.100062530448971,-0.00249));
#16387=CARTESIAN_POINT('',(0.0310856742111759,-0.100078905065958,-0.00249));
#16388=CARTESIAN_POINT('',(0.0333310435655423,-0.100078905065958,-0.00249));
#16389=CARTESIAN_POINT('',(0.0333310435655423,-0.100078905065958,-0.00249));
#16390=CARTESIAN_POINT('',(0.0310856742111759,-0.100078905065958,-0.00249));
#16391=CARTESIAN_POINT('',(0.0333310435655423,-0.10047189587365,-0.00249));
#16392=CARTESIAN_POINT('',(0.0333310435655423,-0.100864886681342,-0.00249));
#16393=CARTESIAN_POINT('',(0.0333310435655423,-0.100864886681342,-0.00249));
#16394=CARTESIAN_POINT('',(0.0333310435655423,-0.10047189587365,-0.00249));
#16395=CARTESIAN_POINT('',(0.0326105604181066,-0.103117419930641,-0.00249));
#16396=CARTESIAN_POINT('',(0.0326105604181066,-0.103117419930641,-0.00349));
#16397=CARTESIAN_POINT('',(0.0330908825163971,-0.102554542471706,-0.00249));
#16398=CARTESIAN_POINT('',(0.0330908825163971,-0.102554542471706,-0.00349));
#16399=CARTESIAN_POINT('',(0.0333310435655423,-0.101803698055274,-0.00249));
#16400=CARTESIAN_POINT('',(0.0333310435655423,-0.101803698055274,-0.00349));
#16401=CARTESIAN_POINT('',(0.0333310435655423,-0.100864886681342,-0.00249));
#16402=CARTESIAN_POINT('',(0.0333310435655423,-0.100864886681342,-0.00349));
#16403=CARTESIAN_POINT('',(0.0326105604181066,-0.103117419930641,-0.00249));
#16404=CARTESIAN_POINT('',(0.0326105604181066,-0.103117419930641,-0.00249));
#16405=CARTESIAN_POINT('',(0.0326105604181066,-0.103117419930641,-0.00249));
#16406=CARTESIAN_POINT('',(0.0333310435655423,-0.102273103742239,-0.00249));
#16407=CARTESIAN_POINT('',(0.0333310435655423,-0.100864886681342,-0.00249));
#16408=CARTESIAN_POINT('',(0.0304961879996376,-0.103961736119042,-0.00249));
#16409=CARTESIAN_POINT('',(0.0304961879996376,-0.103961736119042,-0.00349));
#16410=CARTESIAN_POINT('',(0.0314254475136598,-0.103961736119042,-0.00249));
#16411=CARTESIAN_POINT('',(0.0314254475136598,-0.103961736119042,-0.00349));
#16412=CARTESIAN_POINT('',(0.0321302383198161,-0.103680297389575,-0.00249));
#16413=CARTESIAN_POINT('',(0.0321302383198161,-0.103680297389575,-0.00349));
#16414=CARTESIAN_POINT('',(0.0326105604181066,-0.103117419930641,-0.00249));
#16415=CARTESIAN_POINT('',(0.0326105604181066,-0.103117419930641,-0.00349));
#16416=CARTESIAN_POINT('',(0.0304961879996376,-0.103961736119042,-0.00249));
#16417=CARTESIAN_POINT('',(0.0304961879996376,-0.103961736119042,-0.00249));
#16418=CARTESIAN_POINT('',(0.0304961879996376,-0.103961736119042,-0.00249));
#16419=CARTESIAN_POINT('',(0.0318900772706709,-0.103961736119042,-0.00249));
#16420=CARTESIAN_POINT('',(0.0326105604181066,-0.103117419930641,-0.00249));
#16421=CARTESIAN_POINT('',(0.0284145648151429,-0.102979259099811,-0.00249));
#16422=CARTESIAN_POINT('',(0.0284145648151429,-0.102979259099811,-0.00349));
#16423=CARTESIAN_POINT('',(0.02900132192385,-0.103634243779298,-0.00249));
#16424=CARTESIAN_POINT('',(0.02900132192385,-0.103634243779298,-0.00349));
#16425=CARTESIAN_POINT('',(0.0296951963186816,-0.103961736119042,-0.00249));
#16426=CARTESIAN_POINT('',(0.0296951963186816,-0.103961736119042,-0.00349));
#16427=CARTESIAN_POINT('',(0.0304961879996376,-0.103961736119042,-0.00249));
#16428=CARTESIAN_POINT('',(0.0304961879996376,-0.103961736119042,-0.00349));
#16429=CARTESIAN_POINT('',(0.0284145648151429,-0.102979259099811,-0.00249));
#16430=CARTESIAN_POINT('',(0.0284145648151429,-0.102979259099811,-0.00249));
#16431=CARTESIAN_POINT('',(0.0284145648151429,-0.102979259099811,-0.00249));
#16432=CARTESIAN_POINT('',(0.0292947004782036,-0.103961736119042,-0.00249));
#16433=CARTESIAN_POINT('',(0.0304961879996376,-0.103961736119042,-0.00249));
#16434=CARTESIAN_POINT('',(0.0275344291520823,-0.100521019724612,-0.00249));
#16435=CARTESIAN_POINT('',(0.0275344291520823,-0.100521019724612,-0.00349));
#16436=CARTESIAN_POINT('',(0.0275344291520823,-0.101504861295258,-0.00249));
#16437=CARTESIAN_POINT('',(0.0275344291520823,-0.101504861295258,-0.00349));
#16438=CARTESIAN_POINT('',(0.0278278077064358,-0.102324274420324,-0.00249));
#16439=CARTESIAN_POINT('',(0.0278278077064358,-0.102324274420324,-0.00349));
#16440=CARTESIAN_POINT('',(0.0284145648151429,-0.102979259099811,-0.00249));
#16441=CARTESIAN_POINT('',(0.0284145648151429,-0.102979259099811,-0.00349));
#16442=CARTESIAN_POINT('',(0.0275344291520823,-0.100521019724612,-0.00249));
#16443=CARTESIAN_POINT('',(0.0275344291520823,-0.100521019724612,-0.00249));
#16444=CARTESIAN_POINT('',(0.0275344291520823,-0.100521019724612,-0.00249));
#16445=CARTESIAN_POINT('',(0.0275344291520823,-0.101996782080581,-0.00249));
#16446=CARTESIAN_POINT('',(0.0284145648151429,-0.102979259099811,-0.00249));
#16447=CARTESIAN_POINT('',(0.0275344291520823,-0.100379788653097,-0.00249));
#16448=CARTESIAN_POINT('',(0.0275344291520823,-0.100238557581583,-0.00249));
#16449=CARTESIAN_POINT('',(0.0275344291520823,-0.100238557581583,-0.00249));
#16450=CARTESIAN_POINT('',(0.0275344291520823,-0.100379788653097,-0.00249));
#16451=CARTESIAN_POINT('',(0.0283889794761004,-0.0977404050774769,-0.00249));
#16452=CARTESIAN_POINT('',(0.0283889794761004,-0.0977404050774769,-0.00349));
#16453=CARTESIAN_POINT('',(0.0278192792600883,-0.0983824265185157,-0.00249));
#16454=CARTESIAN_POINT('',(0.0278192792600883,-0.0983824265185157,-0.00349));
#16455=CARTESIAN_POINT('',(0.0275344291520823,-0.0992151440198843,-0.00249));
#16456=CARTESIAN_POINT('',(0.0275344291520823,-0.0992151440198843,-0.00349));
#16457=CARTESIAN_POINT('',(0.0275344291520823,-0.100238557581583,-0.00249));
#16458=CARTESIAN_POINT('',(0.0275344291520823,-0.100238557581583,-0.00349));
#16459=CARTESIAN_POINT('',(0.0283889794761004,-0.0977404050774769,-0.00249));
#16460=CARTESIAN_POINT('',(0.0275344291520823,-0.0987034372390351,-0.00249));
#16461=CARTESIAN_POINT('',(0.0275344291520823,-0.100238557581583,-0.00249));
#16462=CARTESIAN_POINT('',(0.029415463278484,-0.102435826498549,-0.00249));
#16463=CARTESIAN_POINT('',(0.029415463278484,-0.102435826498549,-0.00349));
#16464=CARTESIAN_POINT('',(0.0291166265184681,-0.102080360854786,-0.00249));
#16465=CARTESIAN_POINT('',(0.0291166265184681,-0.102080360854786,-0.00349));
#16466=CARTESIAN_POINT('',(0.0289330943530701,-0.101633811404032,-0.00249));
#16467=CARTESIAN_POINT('',(0.0289330943530701,-0.101633811404032,-0.00349));
#16468=CARTESIAN_POINT('',(0.0288648667822902,-0.101096178146286,-0.00249));
#16469=CARTESIAN_POINT('',(0.0288648667822902,-0.101096178146286,-0.00349));
#16470=CARTESIAN_POINT('',(0.029415463278484,-0.102435826498549,-0.00349));
#16471=CARTESIAN_POINT('',(0.0289672081384601,-0.101902628032904,-0.00349));
#16472=CARTESIAN_POINT('',(0.0288648667822902,-0.101096178146286,-0.00349));
#16473=CARTESIAN_POINT('',(0.029415463278484,-0.102435826498549,-0.00249));
#16474=CARTESIAN_POINT('',(0.0289672081384601,-0.101902628032904,-0.00249));
#16475=CARTESIAN_POINT('',(0.0288648667822902,-0.101096178146286,-0.00249));
#16476=CARTESIAN_POINT('',(0.0828759320800245,-0.10360435,-0.00249));
#16477=CARTESIAN_POINT('',(0.0317365652364161,-0.11753629360141,-0.00249));
#16478=CARTESIAN_POINT('',(0.0317365652364161,-0.11753629360141,-0.00349));
#16479=CARTESIAN_POINT('',(0.0317365652364161,-0.118325004319626,-0.00249));
#16480=CARTESIAN_POINT('',(0.0317365652364161,-0.118325004319626,-0.00349));
#16481=CARTESIAN_POINT('',(0.0315830532021614,-0.118971119414911,-0.00249));
#16482=CARTESIAN_POINT('',(0.0315830532021614,-0.118971119414911,-0.00349));
#16483=CARTESIAN_POINT('',(0.0312760291336519,-0.119474638887267,-0.00249));
#16484=CARTESIAN_POINT('',(0.0312760291336519,-0.119474638887267,-0.00349));
#16485=CARTESIAN_POINT('',(0.0317365652364161,-0.11753629360141,-0.00349));
#16486=CARTESIAN_POINT('',(0.0317365652364161,-0.118719359678734,-0.00349));
#16487=CARTESIAN_POINT('',(0.0312760291336519,-0.119474638887267,-0.00349));
#16488=CARTESIAN_POINT('',(0.0317365652364161,-0.11753629360141,-0.00349));
#16489=CARTESIAN_POINT('',(0.0312760291336519,-0.119474638887267,-0.00349));
#16490=CARTESIAN_POINT('',(0.0317365652364161,-0.11753629360141,-0.00249));
#16491=CARTESIAN_POINT('',(0.0317365652364161,-0.11753629360141,-0.00249));
#16492=CARTESIAN_POINT('',(0.0317365652364161,-0.11753629360141,-0.00249));
#16493=CARTESIAN_POINT('',(0.0317365652364161,-0.118719359678734,-0.00249));
#16494=CARTESIAN_POINT('',(0.0312760291336519,-0.119474638887267,-0.00249));
#16495=CARTESIAN_POINT('',(0.0312760291336519,-0.119474638887267,-0.00249));
#16496=CARTESIAN_POINT('',(0.0312760291336519,-0.119474638887267,-0.00249));
#16497=CARTESIAN_POINT('',(0.0317365652364161,-0.1174697717199,-0.00249));
#16498=CARTESIAN_POINT('',(0.0317365652364161,-0.1174697717199,-0.00349));
#16499=CARTESIAN_POINT('',(0.0317365652364161,-0.117403249838389,-0.00349));
#16500=CARTESIAN_POINT('',(0.0317365652364161,-0.117403249838389,-0.00249));
#16501=CARTESIAN_POINT('',(0.0317365652364161,-0.117403249838389,-0.00249));
#16502=CARTESIAN_POINT('',(0.0317365652364161,-0.1174697717199,-0.00249));
#16503=CARTESIAN_POINT('',(0.0312760291336519,-0.115707453566655,-0.00249));
#16504=CARTESIAN_POINT('',(0.0312760291336519,-0.115707453566655,-0.00349));
#16505=CARTESIAN_POINT('',(0.0315830532021614,-0.116142063192523,-0.00249));
#16506=CARTESIAN_POINT('',(0.0315830532021614,-0.116142063192523,-0.00349));
#16507=CARTESIAN_POINT('',(0.0317365652364161,-0.116707328616434,-0.00249));
#16508=CARTESIAN_POINT('',(0.0317365652364161,-0.116707328616434,-0.00349));
#16509=CARTESIAN_POINT('',(0.0317365652364161,-0.117403249838389,-0.00249));
#16510=CARTESIAN_POINT('',(0.0317365652364161,-0.117403249838389,-0.00349));
#16511=CARTESIAN_POINT('',(0.0312760291336519,-0.115707453566655,-0.00349));
#16512=CARTESIAN_POINT('',(0.0317365652364161,-0.116359368005457,-0.00349));
#16513=CARTESIAN_POINT('',(0.0317365652364161,-0.117403249838389,-0.00349));
#16514=CARTESIAN_POINT('',(0.0312760291336519,-0.115707453566655,-0.00349));
#16515=CARTESIAN_POINT('',(0.0312760291336519,-0.115707453566655,-0.00249));
#16516=CARTESIAN_POINT('',(0.0312760291336519,-0.115707453566655,-0.00249));
#16517=CARTESIAN_POINT('',(0.0312760291336519,-0.115707453566655,-0.00249));
#16518=CARTESIAN_POINT('',(0.0317365652364161,-0.116359368005457,-0.00249));
#16519=CARTESIAN_POINT('',(0.0317365652364161,-0.117403249838389,-0.00249));
#16520=CARTESIAN_POINT('',(0.0299210295779631,-0.115055539127853,-0.00249));
#16521=CARTESIAN_POINT('',(0.0299210295779631,-0.115055539127853,-0.00349));
#16522=CARTESIAN_POINT('',(0.0305173385465794,-0.115055539127853,-0.00249));
#16523=CARTESIAN_POINT('',(0.0305173385465794,-0.115055539127853,-0.00349));
#16524=CARTESIAN_POINT('',(0.0309690050651423,-0.115272843940787,-0.00249));
#16525=CARTESIAN_POINT('',(0.0309690050651423,-0.115272843940787,-0.00349));
#16526=CARTESIAN_POINT('',(0.0312760291336519,-0.115707453566655,-0.00249));
#16527=CARTESIAN_POINT('',(0.0312760291336519,-0.115707453566655,-0.00349));
#16528=CARTESIAN_POINT('',(0.0299210295779631,-0.115055539127853,-0.00349));
#16529=CARTESIAN_POINT('',(0.0308154930308875,-0.115055539127853,-0.00349));
#16530=CARTESIAN_POINT('',(0.0312760291336519,-0.115707453566655,-0.00349));
#16531=CARTESIAN_POINT('',(0.0299210295779631,-0.115055539127853,-0.00349));
#16532=CARTESIAN_POINT('',(0.0299210295779631,-0.115055539127853,-0.00249));
#16533=CARTESIAN_POINT('',(0.0299210295779631,-0.115055539127853,-0.00249));
#16534=CARTESIAN_POINT('',(0.0299210295779631,-0.115055539127853,-0.00249));
#16535=CARTESIAN_POINT('',(0.0308154930308875,-0.115055539127853,-0.00249));
#16536=CARTESIAN_POINT('',(0.0312760291336519,-0.115707453566655,-0.00249));
#16537=CARTESIAN_POINT('',(0.0289835827554473,-0.11528887741992,-0.00249));
#16538=CARTESIAN_POINT('',(0.0289835827554473,-0.11528887741992,-0.00349));
#16539=CARTESIAN_POINT('',(0.0292373893187485,-0.115133318558542,-0.00249));
#16540=CARTESIAN_POINT('',(0.0292373893187485,-0.115133318558542,-0.00349));
#16541=CARTESIAN_POINT('',(0.0295498715929204,-0.115055539127853,-0.00249));
#16542=CARTESIAN_POINT('',(0.0295498715929204,-0.115055539127853,-0.00349));
#16543=CARTESIAN_POINT('',(0.0299210295779631,-0.115055539127853,-0.00249));
#16544=CARTESIAN_POINT('',(0.0299210295779631,-0.115055539127853,-0.00349));
#16545=CARTESIAN_POINT('',(0.0289835827554473,-0.11528887741992,-0.00349));
#16546=CARTESIAN_POINT('',(0.0293642926003991,-0.115055539127853,-0.00349));
#16547=CARTESIAN_POINT('',(0.0299210295779631,-0.115055539127853,-0.00349));
#16548=CARTESIAN_POINT('',(0.0289835827554473,-0.11528887741992,-0.00349));
#16549=CARTESIAN_POINT('',(0.0289835827554473,-0.11528887741992,-0.00249));
#16550=CARTESIAN_POINT('',(0.0289835827554473,-0.11528887741992,-0.00249));
#16551=CARTESIAN_POINT('',(0.0289835827554473,-0.11528887741992,-0.00249));
#16552=CARTESIAN_POINT('',(0.0293642926003991,-0.115055539127853,-0.00249));
#16553=CARTESIAN_POINT('',(0.0299210295779631,-0.115055539127853,-0.00249));
#16554=CARTESIAN_POINT('',(0.0283654409641814,-0.115950002580778,-0.00249));
#16555=CARTESIAN_POINT('',(0.0283654409641814,-0.115950002580778,-0.00349));
#16556=CARTESIAN_POINT('',(0.0285237289283908,-0.115664811334918,-0.00249));
#16557=CARTESIAN_POINT('',(0.0285237289283908,-0.115664811334918,-0.00349));
#16558=CARTESIAN_POINT('',(0.0287297761921461,-0.115444436281299,-0.00249));
#16559=CARTESIAN_POINT('',(0.0287297761921461,-0.115444436281299,-0.00349));
#16560=CARTESIAN_POINT('',(0.0289835827554473,-0.11528887741992,-0.00249));
#16561=CARTESIAN_POINT('',(0.0289835827554473,-0.11528887741992,-0.00349));
#16562=CARTESIAN_POINT('',(0.0283654409641814,-0.115950002580778,-0.00349));
#16563=CARTESIAN_POINT('',(0.0286028729104955,-0.115522215711988,-0.00349));
#16564=CARTESIAN_POINT('',(0.0289835827554473,-0.11528887741992,-0.00349));
#16565=CARTESIAN_POINT('',(0.0283654409641814,-0.115950002580778,-0.00349));
#16566=CARTESIAN_POINT('',(0.0283654409641814,-0.115950002580778,-0.00249));
#16567=CARTESIAN_POINT('',(0.0283654409641814,-0.115950002580778,-0.00249));
#16568=CARTESIAN_POINT('',(0.0283654409641814,-0.115950002580778,-0.00249));
#16569=CARTESIAN_POINT('',(0.0286028729104955,-0.115522215711988,-0.00249));
#16570=CARTESIAN_POINT('',(0.0289835827554473,-0.11528887741992,-0.00249));
#16571=CARTESIAN_POINT('',(0.0283654409641814,-0.117635564716895,-0.00249));
#16572=CARTESIAN_POINT('',(0.0283654409641814,-0.117635564716895,-0.00349));
#16573=CARTESIAN_POINT('',(0.0283657790732824,-0.119320942175103,-0.00349));
#16574=CARTESIAN_POINT('',(0.0283654409641814,-0.119321126853012,-0.00249));
#16575=CARTESIAN_POINT('',(0.0283657790732824,-0.119320942175103,-0.00249));
#16576=CARTESIAN_POINT('',(0.0283654409641814,-0.117635564716895,-0.00249));
#16577=CARTESIAN_POINT('',(0.0299808092185043,-0.118438799723352,-0.00249));
#16578=CARTESIAN_POINT('',(0.0299808092185043,-0.118438799723352,-0.00349));
#16579=CARTESIAN_POINT('',(0.0289866529961323,-0.119986345668116,-0.00349));
#16580=CARTESIAN_POINT('',(0.0289866529961323,-0.119986345668116,-0.00249));
#16581=CARTESIAN_POINT('',(0.0289866529961323,-0.119986345668116,-0.00249));
#16582=CARTESIAN_POINT('',(0.0299808092185043,-0.118438799723352,-0.00249));
#16583=CARTESIAN_POINT('',(0.0299067017880993,-0.120229918095801,-0.00249));
#16584=CARTESIAN_POINT('',(0.0299067017880993,-0.120229918095801,-0.00349));
#16585=CARTESIAN_POINT('',(0.0295491893172126,-0.120229918095801,-0.00249));
#16586=CARTESIAN_POINT('',(0.0295491893172126,-0.120229918095801,-0.00349));
#16587=CARTESIAN_POINT('',(0.029242506386557,-0.120148727286573,-0.00249));
#16588=CARTESIAN_POINT('',(0.029242506386557,-0.120148727286573,-0.00349));
#16589=CARTESIAN_POINT('',(0.0289866529961323,-0.119986345668116,-0.00249));
#16590=CARTESIAN_POINT('',(0.0289866529961323,-0.119986345668116,-0.00349));
#16591=CARTESIAN_POINT('',(0.0299067017880993,-0.120229918095801,-0.00349));
#16592=CARTESIAN_POINT('',(0.0293704330817693,-0.120229918095801,-0.00349));
#16593=CARTESIAN_POINT('',(0.0289866529961323,-0.119986345668116,-0.00349));
#16594=CARTESIAN_POINT('',(0.0299067017880993,-0.120229918095801,-0.00349));
#16595=CARTESIAN_POINT('',(0.0299067017880993,-0.120229918095801,-0.00249));
#16596=CARTESIAN_POINT('',(0.0299067017880993,-0.120229918095801,-0.00249));
#16597=CARTESIAN_POINT('',(0.0299067017880993,-0.120229918095801,-0.00249));
#16598=CARTESIAN_POINT('',(0.0293704330817693,-0.120229918095801,-0.00249));
#16599=CARTESIAN_POINT('',(0.0289866529961323,-0.119986345668116,-0.00249));
#16600=CARTESIAN_POINT('',(0.0265847013668261,-0.11244481113196,-0.00249));
#16601=CARTESIAN_POINT('',(0.0260627604503599,-0.112355774152093,-0.00249));
#16602=CARTESIAN_POINT('',(0.0260627604503599,-0.112355774152093,-0.00249));
#16603=CARTESIAN_POINT('',(0.0265847013668261,-0.11244481113196,-0.00249));
#16604=CARTESIAN_POINT('',(0.0271066422832923,-0.112533848111828,-0.00249));
#16605=CARTESIAN_POINT('',(0.0271066422832923,-0.112533848111828,-0.00249));
#16606=CARTESIAN_POINT('',(0.0260627604503599,-0.111949478968098,-0.00249));
#16607=CARTESIAN_POINT('',(0.0260627604503599,-0.111543183784104,-0.00249));
#16608=CARTESIAN_POINT('',(0.0260627604503599,-0.111543183784104,-0.00249));
#16609=CARTESIAN_POINT('',(0.0260627604503599,-0.111949478968098,-0.00249));
#16610=CARTESIAN_POINT('',(0.0277360416237368,-0.111543183784104,-0.00249));
#16611=CARTESIAN_POINT('',(0.0294093227971138,-0.111543183784104,-0.00249));
#16612=CARTESIAN_POINT('',(0.0294093227971138,-0.111543183784104,-0.00249));
#16613=CARTESIAN_POINT('',(0.0277360416237368,-0.111543183784104,-0.00249));
#16614=CARTESIAN_POINT('',(0.0294093227971138,-0.111949478968098,-0.00249));
#16615=CARTESIAN_POINT('',(0.0294093227971138,-0.112355774152093,-0.00249));
#16616=CARTESIAN_POINT('',(0.0294093227971138,-0.112355774152093,-0.00249));
#16617=CARTESIAN_POINT('',(0.0294093227971138,-0.111949478968098,-0.00249));
#16618=CARTESIAN_POINT('',(0.0288873818806476,-0.11244481113196,-0.00249));
#16619=CARTESIAN_POINT('',(0.0283654409641814,-0.112533848111828,-0.00249));
#16620=CARTESIAN_POINT('',(0.0283654409641814,-0.112533848111828,-0.00249));
#16621=CARTESIAN_POINT('',(0.0288873818806476,-0.11244481113196,-0.00249));
#16622=CARTESIAN_POINT('',(0.0283654409641814,-0.113727148324769,-0.00249));
#16623=CARTESIAN_POINT('',(0.0283654409641814,-0.114921109925358,-0.00249));
#16624=CARTESIAN_POINT('',(0.0283654409641814,-0.114920448537709,-0.00249));
#16625=CARTESIAN_POINT('',(0.0283654409641814,-0.113727148324769,-0.00249));
#16626=CARTESIAN_POINT('',(0.0300756397814639,-0.116279159288693,-0.00249));
#16627=CARTESIAN_POINT('',(0.0291882654677869,-0.114283885302333,-0.00249));
#16628=CARTESIAN_POINT('',(0.0291882654677869,-0.114283885302333,-0.00249));
#16629=CARTESIAN_POINT('',(0.0300756397814639,-0.116279159288693,-0.00249));
#16630=CARTESIAN_POINT('',(0.0303099267314084,-0.114068968454376,-0.00249));
#16631=CARTESIAN_POINT('',(0.0303099267314084,-0.114068968454376,-0.00349));
#16632=CARTESIAN_POINT('',(0.0298841866897419,-0.114068968454376,-0.00249));
#16633=CARTESIAN_POINT('',(0.0298841866897419,-0.114068968454376,-0.00349));
#16634=CARTESIAN_POINT('',(0.0295102996018681,-0.114140607403695,-0.00249));
#16635=CARTESIAN_POINT('',(0.0295102996018681,-0.114140607403695,-0.00349));
#16636=CARTESIAN_POINT('',(0.0291882654677869,-0.114283885302333,-0.00249));
#16637=CARTESIAN_POINT('',(0.0291882654677869,-0.114283885302333,-0.00349));
#16638=CARTESIAN_POINT('',(0.0303099267314084,-0.114068968454376,-0.00249));
#16639=CARTESIAN_POINT('',(0.0303099267314084,-0.114068968454376,-0.00249));
#16640=CARTESIAN_POINT('',(0.0303099267314084,-0.114068968454376,-0.00249));
#16641=CARTESIAN_POINT('',(0.0296713166689087,-0.114068968454376,-0.00249));
#16642=CARTESIAN_POINT('',(0.0291882654677869,-0.114283885302333,-0.00249));
#16643=CARTESIAN_POINT('',(0.0322871617326099,-0.114986970419219,-0.00249));
#16644=CARTESIAN_POINT('',(0.0322871617326099,-0.114986970419219,-0.00349));
#16645=CARTESIAN_POINT('',(0.0318095687371506,-0.114374969109324,-0.00249));
#16646=CARTESIAN_POINT('',(0.0318095687371506,-0.114374969109324,-0.00349));
#16647=CARTESIAN_POINT('',(0.0311504904034168,-0.114068968454376,-0.00249));
#16648=CARTESIAN_POINT('',(0.0311504904034168,-0.114068968454376,-0.00349));
#16649=CARTESIAN_POINT('',(0.0303099267314084,-0.114068968454376,-0.00249));
#16650=CARTESIAN_POINT('',(0.0303099267314084,-0.114068968454376,-0.00349));
#16651=CARTESIAN_POINT('',(0.0322871617326099,-0.114986970419219,-0.00249));
#16652=CARTESIAN_POINT('',(0.0322871617326099,-0.114986970419219,-0.00249));
#16653=CARTESIAN_POINT('',(0.0322871617326099,-0.114986970419219,-0.00249));
#16654=CARTESIAN_POINT('',(0.031570772239421,-0.114068968454376,-0.00249));
#16655=CARTESIAN_POINT('',(0.0303099267314084,-0.114068968454376,-0.00249));
#16656=CARTESIAN_POINT('',(0.0330035512257989,-0.117403249838389,-0.00249));
#16657=CARTESIAN_POINT('',(0.0330035512257989,-0.117403249838389,-0.00349));
#16658=CARTESIAN_POINT('',(0.0330035512257989,-0.116404398202172,-0.00249));
#16659=CARTESIAN_POINT('',(0.0330035512257989,-0.116404398202172,-0.00349));
#16660=CARTESIAN_POINT('',(0.0327647547280692,-0.115598971729115,-0.00249));
#16661=CARTESIAN_POINT('',(0.0327647547280692,-0.115598971729115,-0.00349));
#16662=CARTESIAN_POINT('',(0.0322871617326099,-0.114986970419219,-0.00249));
#16663=CARTESIAN_POINT('',(0.0322871617326099,-0.114986970419219,-0.00349));
#16664=CARTESIAN_POINT('',(0.0330035512257989,-0.117403249838389,-0.00249));
#16665=CARTESIAN_POINT('',(0.0330035512257989,-0.117403249838389,-0.00249));
#16666=CARTESIAN_POINT('',(0.0330035512257989,-0.117403249838389,-0.00249));
#16667=CARTESIAN_POINT('',(0.0330035512257989,-0.115904972384063,-0.00249));
#16668=CARTESIAN_POINT('',(0.0322871617326099,-0.114986970419219,-0.00249));
#16669=CARTESIAN_POINT('',(0.0330035512257989,-0.1174697717199,-0.00249));
#16670=CARTESIAN_POINT('',(0.0330035512257989,-0.11753629360141,-0.00249));
#16671=CARTESIAN_POINT('',(0.0330035512257989,-0.11753629360141,-0.00249));
#16672=CARTESIAN_POINT('',(0.0330035512257989,-0.1174697717199,-0.00249));
#16673=CARTESIAN_POINT('',(0.032290231973295,-0.120232988336486,-0.00249));
#16674=CARTESIAN_POINT('',(0.032290231973295,-0.120232988336486,-0.00349));
#16675=CARTESIAN_POINT('',(0.0327657781416309,-0.11955275945581,-0.00249));
#16676=CARTESIAN_POINT('',(0.0327657781416309,-0.11955275945581,-0.00349));
#16677=CARTESIAN_POINT('',(0.0330035512257989,-0.118653861210785,-0.00249));
#16678=CARTESIAN_POINT('',(0.0330035512257989,-0.118653861210785,-0.00349));
#16679=CARTESIAN_POINT('',(0.0330035512257989,-0.11753629360141,-0.00249));
#16680=CARTESIAN_POINT('',(0.0330035512257989,-0.11753629360141,-0.00349));
#16681=CARTESIAN_POINT('',(0.032290231973295,-0.120232988336486,-0.00249));
#16682=CARTESIAN_POINT('',(0.032290231973295,-0.120232988336486,-0.00249));
#16683=CARTESIAN_POINT('',(0.032290231973295,-0.120232988336486,-0.00249));
#16684=CARTESIAN_POINT('',(0.0330035512257989,-0.119212645015472,-0.00249));
#16685=CARTESIAN_POINT('',(0.0330035512257989,-0.11753629360141,-0.00249));
#16686=CARTESIAN_POINT('',(0.0302915052872979,-0.121253331657499,-0.00249));
#16687=CARTESIAN_POINT('',(0.0302915052872979,-0.121253331657499,-0.00349));
#16688=CARTESIAN_POINT('',(0.0311484435762934,-0.121253331657499,-0.00249));
#16689=CARTESIAN_POINT('',(0.0311484435762934,-0.121253331657499,-0.00349));
#16690=CARTESIAN_POINT('',(0.0318146858049591,-0.120913217217161,-0.00249));
#16691=CARTESIAN_POINT('',(0.0318146858049591,-0.120913217217161,-0.00349));
#16692=CARTESIAN_POINT('',(0.032290231973295,-0.120232988336486,-0.00249));
#16693=CARTESIAN_POINT('',(0.032290231973295,-0.120232988336486,-0.00349));
#16694=CARTESIAN_POINT('',(0.0302915052872979,-0.121253331657499,-0.00249));
#16695=CARTESIAN_POINT('',(0.0302915052872979,-0.121253331657499,-0.00249));
#16696=CARTESIAN_POINT('',(0.0302915052872979,-0.121253331657499,-0.00249));
#16697=CARTESIAN_POINT('',(0.0315769127207911,-0.121253331657499,-0.00249));
#16698=CARTESIAN_POINT('',(0.032290231973295,-0.120232988336486,-0.00249));
#16699=CARTESIAN_POINT('',(0.0291432352710722,-0.121003618748445,-0.00249));
#16700=CARTESIAN_POINT('',(0.0291432352710722,-0.121003618748445,-0.00349));
#16701=CARTESIAN_POINT('',(0.0294734567136469,-0.121170094021148,-0.00249));
#16702=CARTESIAN_POINT('',(0.0294734567136469,-0.121170094021148,-0.00349));
#16703=CARTESIAN_POINT('',(0.0298562133857222,-0.121253331657499,-0.00249));
#16704=CARTESIAN_POINT('',(0.0298562133857222,-0.121253331657499,-0.00349));
#16705=CARTESIAN_POINT('',(0.0302915052872979,-0.121253331657499,-0.00249));
#16706=CARTESIAN_POINT('',(0.0302915052872979,-0.121253331657499,-0.00349));
#16707=CARTESIAN_POINT('',(0.0291432352710722,-0.121003618748445,-0.00249));
#16708=CARTESIAN_POINT('',(0.0291432352710722,-0.121003618748445,-0.00249));
#16709=CARTESIAN_POINT('',(0.0291432352710722,-0.121003618748445,-0.00249));
#16710=CARTESIAN_POINT('',(0.0296385674349343,-0.121253331657499,-0.00249));
#16711=CARTESIAN_POINT('',(0.0302915052872979,-0.121253331657499,-0.00249));
#16712=CARTESIAN_POINT('',(0.0302045793571446,-0.11892105638653,-0.00249));
#16713=CARTESIAN_POINT('',(0.0283019893233561,-0.120281088773885,-0.00249));
#16714=CARTESIAN_POINT('',(0.0283023110085763,-0.120280858822971,-0.00249000025));
#16715=CARTESIAN_POINT('',(0.0302045793571446,-0.11892105638653,-0.00249));
#16716=CARTESIAN_POINT('',(0.028244678163901,-0.120702735161305,-0.00249));
#16717=CARTESIAN_POINT('',(0.0281873670044459,-0.121124381548725,-0.00249));
#16718=CARTESIAN_POINT('',(0.0281873670044459,-0.121124381548725,-0.00249));
#16719=CARTESIAN_POINT('',(0.028244678163901,-0.120702735161305,-0.00249));
#16720=CARTESIAN_POINT('',(0.0271250637274029,-0.121124381548725,-0.00249));
#16721=CARTESIAN_POINT('',(0.0260627604503599,-0.121124381548725,-0.00249));
#16722=CARTESIAN_POINT('',(0.0260627604503599,-0.121124381548725,-0.00249));
#16723=CARTESIAN_POINT('',(0.0271250637274029,-0.121124381548725,-0.00249));
#16724=CARTESIAN_POINT('',(0.0260627604503599,-0.120718086364731,-0.00249));
#16725=CARTESIAN_POINT('',(0.0260627604503599,-0.120311791180736,-0.00249));
#16726=CARTESIAN_POINT('',(0.0260627604503599,-0.120311791180736,-0.00249));
#16727=CARTESIAN_POINT('',(0.0260627604503599,-0.120718086364731,-0.00249));
#16728=CARTESIAN_POINT('',(0.0265847013668261,-0.120222754200869,-0.00249));
#16729=CARTESIAN_POINT('',(0.0271066422832923,-0.120133717221001,-0.00249));
#16730=CARTESIAN_POINT('',(0.0271066422832923,-0.120133717221001,-0.00249));
#16731=CARTESIAN_POINT('',(0.0265847013668261,-0.120222754200869,-0.00249));
#16732=CARTESIAN_POINT('',(0.0271066422832923,-0.116333782666415,-0.00249));
#16733=CARTESIAN_POINT('',(0.0271066422832923,-0.116333782666415,-0.00249));
#16734=CARTESIAN_POINT('',(0.0312760291336519,-0.119474638887267,-0.00249));
#16735=CARTESIAN_POINT('',(0.0312760291336519,-0.119474638887267,-0.00349));
#16736=CARTESIAN_POINT('',(0.0309690050651423,-0.119978158359623,-0.00249));
#16737=CARTESIAN_POINT('',(0.0309690050651423,-0.119978158359623,-0.00349));
#16738=CARTESIAN_POINT('',(0.0305125626166248,-0.120229918095801,-0.00249));
#16739=CARTESIAN_POINT('',(0.0305125626166248,-0.120229918095801,-0.00349));
#16740=CARTESIAN_POINT('',(0.0299067017880993,-0.120229918095801,-0.00249));
#16741=CARTESIAN_POINT('',(0.0299067017880993,-0.120229918095801,-0.00349));
#16742=CARTESIAN_POINT('',(0.0312760291336519,-0.119474638887267,-0.00349));
#16743=CARTESIAN_POINT('',(0.0308154930308875,-0.120229918095801,-0.00349));
#16744=CARTESIAN_POINT('',(0.0299067017880993,-0.120229918095801,-0.00349));
#16745=CARTESIAN_POINT('',(0.0312760291336519,-0.119474638887267,-0.00249));
#16746=CARTESIAN_POINT('',(0.0308154930308875,-0.120229918095801,-0.00249));
#16747=CARTESIAN_POINT('',(0.0299067017880993,-0.120229918095801,-0.00249));
#16748=CARTESIAN_POINT('',(0.0828759320800245,-0.10360435,-0.00249));
#16749=CARTESIAN_POINT('',(0.0431883624510707,-0.134651702505121,-0.00249));
#16750=CARTESIAN_POINT('',(0.0431883624510707,-0.134651702505121,-0.00349));
#16751=CARTESIAN_POINT('',(0.0431619542392178,-0.132416726788506,-0.00349));
#16752=CARTESIAN_POINT('',(0.0443061306011966,-0.132717610375645,-0.00349));
#16753=CARTESIAN_POINT('',(0.0431619542392178,-0.132416726788506,-0.00249));
#16754=CARTESIAN_POINT('',(0.0431619542392178,-0.132416726788506,-0.00249));
#16755=CARTESIAN_POINT('',(0.0431883624510707,-0.134651702505121,-0.00249));
#16756=CARTESIAN_POINT('',(0.0443061306011966,-0.132717610375645,-0.00249));
#16757=CARTESIAN_POINT('',(0.0443061306011966,-0.132717610375645,-0.00249));
#16758=CARTESIAN_POINT('',(0.0423114975694464,-0.132656205561943,-0.00249));
#16759=CARTESIAN_POINT('',(0.0423114975694464,-0.132656205561943,-0.00349));
#16760=CARTESIAN_POINT('',(0.042499123389091,-0.132496553046318,-0.00249));
#16761=CARTESIAN_POINT('',(0.042499123389091,-0.132496553046318,-0.00349));
#16762=CARTESIAN_POINT('',(0.0427826089456815,-0.132416726788506,-0.00249));
#16763=CARTESIAN_POINT('',(0.0427826089456815,-0.132416726788506,-0.00349));
#16764=CARTESIAN_POINT('',(0.0431619542392178,-0.132416726788506,-0.00249));
#16765=CARTESIAN_POINT('',(0.0431619542392178,-0.132416726788506,-0.00349));
#16766=CARTESIAN_POINT('',(0.0423114975694464,-0.132656205561943,-0.00349));
#16767=CARTESIAN_POINT('',(0.0425929362989134,-0.132416726788506,-0.00349));
#16768=CARTESIAN_POINT('',(0.0431619542392178,-0.132416726788506,-0.00349));
#16769=CARTESIAN_POINT('',(0.0423114975694464,-0.132656205561943,-0.00349));
#16770=CARTESIAN_POINT('',(0.0423114975694464,-0.132656205561943,-0.00249));
#16771=CARTESIAN_POINT('',(0.0423114975694464,-0.132656205561943,-0.00249));
#16772=CARTESIAN_POINT('',(0.0423114975694464,-0.132656205561943,-0.00249));
#16773=CARTESIAN_POINT('',(0.0425929362989134,-0.132416726788506,-0.00249));
#16774=CARTESIAN_POINT('',(0.0431619542392178,-0.132416726788506,-0.00249));
#16775=CARTESIAN_POINT('',(0.0420300588399792,-0.133350079956775,-0.00249));
#16776=CARTESIAN_POINT('',(0.0420300588399792,-0.133350079956775,-0.00349));
#16777=CARTESIAN_POINT('',(0.0420300588399793,-0.133047149542512,-0.00249));
#16778=CARTESIAN_POINT('',(0.0420300588399793,-0.133047149542512,-0.00349));
#16779=CARTESIAN_POINT('',(0.0421238717498016,-0.132815858077568,-0.00249));
#16780=CARTESIAN_POINT('',(0.0421238717498016,-0.132815858077568,-0.00349));
#16781=CARTESIAN_POINT('',(0.0423114975694464,-0.132656205561943,-0.00249));
#16782=CARTESIAN_POINT('',(0.0423114975694464,-0.132656205561943,-0.00349));
#16783=CARTESIAN_POINT('',(0.0420300588399792,-0.133350079956775,-0.00349));
#16784=CARTESIAN_POINT('',(0.0420300588399792,-0.132895684335381,-0.00349));
#16785=CARTESIAN_POINT('',(0.0423114975694464,-0.132656205561943,-0.00349));
#16786=CARTESIAN_POINT('',(0.0420300588399792,-0.133350079956775,-0.00349));
#16787=CARTESIAN_POINT('',(0.0420300588399792,-0.133350079956775,-0.00249));
#16788=CARTESIAN_POINT('',(0.0420300588399792,-0.133350079956775,-0.00249));
#16789=CARTESIAN_POINT('',(0.0420300588399792,-0.133350079956775,-0.00249));
#16790=CARTESIAN_POINT('',(0.0420300588399792,-0.132895684335381,-0.00249));
#16791=CARTESIAN_POINT('',(0.0423114975694464,-0.132656205561943,-0.00249));
#16792=CARTESIAN_POINT('',(0.0424803608071266,-0.134219981484219,-0.00249));
#16793=CARTESIAN_POINT('',(0.0424803608071266,-0.134219981484219,-0.00349));
#16794=CARTESIAN_POINT('',(0.042180159495695,-0.133981184986489,-0.00249));
#16795=CARTESIAN_POINT('',(0.042180159495695,-0.133981184986489,-0.00349));
#16796=CARTESIAN_POINT('',(0.0420300588399793,-0.133691217810674,-0.00249));
#16797=CARTESIAN_POINT('',(0.0420300588399793,-0.133691217810674,-0.00349));
#16798=CARTESIAN_POINT('',(0.0420300588399792,-0.133350079956775,-0.00249));
#16799=CARTESIAN_POINT('',(0.0420300588399792,-0.133350079956775,-0.00349));
#16800=CARTESIAN_POINT('',(0.0424803608071266,-0.134219981484219,-0.00349));
#16801=CARTESIAN_POINT('',(0.0420300588399792,-0.133861786737624,-0.00349));
#16802=CARTESIAN_POINT('',(0.0420300588399792,-0.133350079956775,-0.00349));
#16803=CARTESIAN_POINT('',(0.0424803608071266,-0.134219981484219,-0.00349));
#16804=CARTESIAN_POINT('',(0.0424803608071266,-0.134219981484219,-0.00249));
#16805=CARTESIAN_POINT('',(0.0424803608071266,-0.134219981484219,-0.00249));
#16806=CARTESIAN_POINT('',(0.0424803608071266,-0.134219981484219,-0.00249));
#16807=CARTESIAN_POINT('',(0.0420300588399792,-0.133861786737624,-0.00249));
#16808=CARTESIAN_POINT('',(0.0420300588399792,-0.133350079956775,-0.00249));
#16809=CARTESIAN_POINT('',(0.0437043634269179,-0.134578176230813,-0.00249));
#16810=CARTESIAN_POINT('',(0.0437043634269179,-0.134578176230813,-0.00349));
#16811=CARTESIAN_POINT('',(0.0431885629918219,-0.134578176230813,-0.00249));
#16812=CARTESIAN_POINT('',(0.0431885629918219,-0.134578176230813,-0.00349));
#16813=CARTESIAN_POINT('',(0.0427805621185581,-0.134458777981948,-0.00249));
#16814=CARTESIAN_POINT('',(0.0427805621185581,-0.134458777981948,-0.00349));
#16815=CARTESIAN_POINT('',(0.0424803608071266,-0.134219981484219,-0.00249));
#16816=CARTESIAN_POINT('',(0.0424803608071266,-0.134219981484219,-0.00349));
#16817=CARTESIAN_POINT('',(0.0437043634269179,-0.134578176230813,-0.00349));
#16818=CARTESIAN_POINT('',(0.0429306627742739,-0.134578176230813,-0.00349));
#16819=CARTESIAN_POINT('',(0.0424803608071266,-0.134219981484219,-0.00349));
#16820=CARTESIAN_POINT('',(0.0437043634269179,-0.134578176230813,-0.00349));
#16821=CARTESIAN_POINT('',(0.0437043634269179,-0.134578176230813,-0.00249));
#16822=CARTESIAN_POINT('',(0.0437043634269179,-0.134578176230813,-0.00249));
#16823=CARTESIAN_POINT('',(0.0437043634269179,-0.134578176230813,-0.00249));
#16824=CARTESIAN_POINT('',(0.0429306627742739,-0.134578176230813,-0.00249));
#16825=CARTESIAN_POINT('',(0.0424803608071266,-0.134219981484219,-0.00249));
#16826=CARTESIAN_POINT('',(0.0443767461369539,-0.134578176230813,-0.00249));
#16827=CARTESIAN_POINT('',(0.0443767461369539,-0.134578176230813,-0.00349));
#16828=CARTESIAN_POINT('',(0.0450491288469897,-0.134578176230813,-0.00349));
#16829=CARTESIAN_POINT('',(0.0450491288469897,-0.134578176230813,-0.00249));
#16830=CARTESIAN_POINT('',(0.0450491288469897,-0.134578176230813,-0.00249));
#16831=CARTESIAN_POINT('',(0.0443767461369539,-0.134578176230813,-0.00249));
#16832=CARTESIAN_POINT('',(0.0450491288469897,-0.134009158290509,-0.00249));
#16833=CARTESIAN_POINT('',(0.0450491288469897,-0.134009158290509,-0.00349));
#16834=CARTESIAN_POINT('',(0.0450491288469897,-0.133440140350204,-0.00349));
#16835=CARTESIAN_POINT('',(0.0450491288469897,-0.133440140350204,-0.00249));
#16836=CARTESIAN_POINT('',(0.0450491288469897,-0.133440140350204,-0.00249));
#16837=CARTESIAN_POINT('',(0.0450491288469897,-0.134009158290509,-0.00249));
#16838=CARTESIAN_POINT('',(0.0538726803742973,-0.13329113430311,-0.00249));
#16839=CARTESIAN_POINT('',(0.0451884633741193,-0.131495654582977,-0.00249));
#16840=CARTESIAN_POINT('',(0.0451884633741193,-0.131495654582977,-0.00249));
#16841=CARTESIAN_POINT('',(0.0538726803742973,-0.13329113430311,-0.00249));
#16842=CARTESIAN_POINT('',(0.0450991959631624,-0.132001208905607,-0.00249));
#16843=CARTESIAN_POINT('',(0.045099276111513,-0.132001220882456,-0.00249));
#16844=CARTESIAN_POINT('',(0.0460142078356714,-0.131495654582977,-0.00249));
#16845=CARTESIAN_POINT('',(0.0468401025799621,-0.131495654582977,-0.00249));
#16846=CARTESIAN_POINT('',(0.0468401025799621,-0.131495654582977,-0.00249));
#16847=CARTESIAN_POINT('',(0.0460142078356714,-0.131495654582977,-0.00249));
#16848=CARTESIAN_POINT('',(0.0468401025799621,-0.131898879526286,-0.00249));
#16849=CARTESIAN_POINT('',(0.0468401025799621,-0.132302104469596,-0.00249));
#16850=CARTESIAN_POINT('',(0.0468401025799621,-0.132302104469596,-0.00249));
#16851=CARTESIAN_POINT('',(0.0468401025799621,-0.131898879526286,-0.00249));
#16852=CARTESIAN_POINT('',(0.0465842491895374,-0.132336900530693,-0.00249));
#16853=CARTESIAN_POINT('',(0.0463283957991128,-0.132371696591791,-0.00249));
#16854=CARTESIAN_POINT('',(0.0463283957991128,-0.132371696591791,-0.00249));
#16855=CARTESIAN_POINT('',(0.0465842491895374,-0.132336900530693,-0.00249));
#16856=CARTESIAN_POINT('',(0.0492806509987925,-0.132700829089474,-0.00249));
#16857=CARTESIAN_POINT('',(0.0463109977685639,-0.132628573395777,-0.00249));
#16858=CARTESIAN_POINT('',(0.0463109977685639,-0.132628573395777,-0.00249));
#16859=CARTESIAN_POINT('',(0.0492809082490458,-0.132700695132862,-0.00248999999999998));
#16860=CARTESIAN_POINT('',(0.0571892637629113,-0.132886625581283,-0.00249));
#16861=CARTESIAN_POINT('',(0.0463079275278788,-0.132889543854011,-0.00249));
#16862=CARTESIAN_POINT('',(0.0463079275278788,-0.132889543854011,-0.00249));
#16863=CARTESIAN_POINT('',(0.0571882896217184,-0.132887044824582,-0.00248999999999976));
#16864=CARTESIAN_POINT('',(0.0463079275278788,-0.134555661132456,-0.00249));
#16865=CARTESIAN_POINT('',(0.0463079275278788,-0.136221778410901,-0.00249));
#16866=CARTESIAN_POINT('',(0.0463079275278788,-0.136221778410901,-0.00249));
#16867=CARTESIAN_POINT('',(0.0463079275278788,-0.134555661132456,-0.00249));
#16868=CARTESIAN_POINT('',(0.0455792570719495,-0.137943160021678,-0.00249));
#16869=CARTESIAN_POINT('',(0.0455792570719495,-0.137943160021678,-0.00349));
#16870=CARTESIAN_POINT('',(0.0460650373759024,-0.137541981905492,-0.00249));
#16871=CARTESIAN_POINT('',(0.0460650373759024,-0.137541981905492,-0.00349));
#16872=CARTESIAN_POINT('',(0.0463079275278788,-0.136968188035233,-0.00249));
#16873=CARTESIAN_POINT('',(0.0463079275278788,-0.136968188035233,-0.00349));
#16874=CARTESIAN_POINT('',(0.0463079275278788,-0.136221778410901,-0.00249));
#16875=CARTESIAN_POINT('',(0.0463079275278788,-0.136221778410901,-0.00349));
#16876=CARTESIAN_POINT('',(0.0455792570719495,-0.137943160021678,-0.00249));
#16877=CARTESIAN_POINT('',(0.0455792570719495,-0.137943160021678,-0.00249));
#16878=CARTESIAN_POINT('',(0.0455792570719495,-0.137943160021678,-0.00249));
#16879=CARTESIAN_POINT('',(0.0463079275278788,-0.137341392847399,-0.00249));
#16880=CARTESIAN_POINT('',(0.0463079275278788,-0.136221778410901,-0.00249));
#16881=CARTESIAN_POINT('',(0.043673661020067,-0.138544927195956,-0.00249));
#16882=CARTESIAN_POINT('',(0.043673661020067,-0.138544927195956,-0.00349));
#16883=CARTESIAN_POINT('',(0.0444582780840358,-0.138544927195956,-0.00249));
#16884=CARTESIAN_POINT('',(0.0444582780840358,-0.138544927195956,-0.00349));
#16885=CARTESIAN_POINT('',(0.0450934767679967,-0.138344338137863,-0.00249));
#16886=CARTESIAN_POINT('',(0.0450934767679967,-0.138344338137863,-0.00349));
#16887=CARTESIAN_POINT('',(0.0455792570719495,-0.137943160021678,-0.00249));
#16888=CARTESIAN_POINT('',(0.0455792570719495,-0.137943160021678,-0.00349));
#16889=CARTESIAN_POINT('',(0.043673661020067,-0.138544927195956,-0.00249));
#16890=CARTESIAN_POINT('',(0.043673661020067,-0.138544927195956,-0.00249));
#16891=CARTESIAN_POINT('',(0.043673661020067,-0.138544927195956,-0.00249));
#16892=CARTESIAN_POINT('',(0.0448505866160202,-0.138544927195956,-0.00249));
#16893=CARTESIAN_POINT('',(0.0455792570719495,-0.137943160021678,-0.00249));
#16894=CARTESIAN_POINT('',(0.042214273281085,-0.138317729385259,-0.00249));
#16895=CARTESIAN_POINT('',(0.042214273281085,-0.138317729385259,-0.00349));
#16896=CARTESIAN_POINT('',(0.0426618461454011,-0.138469194592391,-0.00249));
#16897=CARTESIAN_POINT('',(0.0426618461454011,-0.138469194592391,-0.00349));
#16898=CARTESIAN_POINT('',(0.0431483087250618,-0.138544927195956,-0.00249));
#16899=CARTESIAN_POINT('',(0.0431483087250618,-0.138544927195956,-0.00349));
#16900=CARTESIAN_POINT('',(0.043673661020067,-0.138544927195956,-0.00249));
#16901=CARTESIAN_POINT('',(0.043673661020067,-0.138544927195956,-0.00349));
#16902=CARTESIAN_POINT('',(0.042214273281085,-0.138317729385259,-0.00249));
#16903=CARTESIAN_POINT('',(0.042214273281085,-0.138317729385259,-0.00249));
#16904=CARTESIAN_POINT('',(0.042214273281085,-0.138317729385259,-0.00249));
#16905=CARTESIAN_POINT('',(0.0428856325775592,-0.138544927195956,-0.00249));
#16906=CARTESIAN_POINT('',(0.043673661020067,-0.138544927195956,-0.00249));
#16907=CARTESIAN_POINT('',(0.0410700969191061,-0.137713915383857,-0.00249));
#16908=CARTESIAN_POINT('',(0.0410700969191061,-0.137713915383857,-0.00349));
#16909=CARTESIAN_POINT('',(0.0413853082961092,-0.137964992844327,-0.00249));
#16910=CARTESIAN_POINT('',(0.0413853082961092,-0.137964992844327,-0.00349));
#16911=CARTESIAN_POINT('',(0.0417667004167689,-0.138166264178128,-0.00249));
#16912=CARTESIAN_POINT('',(0.0417667004167689,-0.138166264178128,-0.00349));
#16913=CARTESIAN_POINT('',(0.042214273281085,-0.138317729385259,-0.00249));
#16914=CARTESIAN_POINT('',(0.042214273281085,-0.138317729385259,-0.00349));
#16915=CARTESIAN_POINT('',(0.0410700969191061,-0.137713915383857,-0.00249));
#16916=CARTESIAN_POINT('',(0.0410700969191061,-0.137713915383857,-0.00249));
#16917=CARTESIAN_POINT('',(0.0410700969191061,-0.137713915383857,-0.00249));
#16918=CARTESIAN_POINT('',(0.0415429139846108,-0.138090531574562,-0.00249));
#16919=CARTESIAN_POINT('',(0.042214273281085,-0.138317729385259,-0.00249));
#16920=CARTESIAN_POINT('',(0.0410700969191061,-0.137041532673821,-0.00249));
#16921=CARTESIAN_POINT('',(0.0410700969191061,-0.136369149963785,-0.00249));
#16922=CARTESIAN_POINT('',(0.0410700969191061,-0.136369149963785,-0.00249));
#16923=CARTESIAN_POINT('',(0.0410700969191061,-0.137041532673821,-0.00249));
#16924=CARTESIAN_POINT('',(0.0415562183609129,-0.136369149963785,-0.00249));
#16925=CARTESIAN_POINT('',(0.0420423398027197,-0.136369149963785,-0.00249));
#16926=CARTESIAN_POINT('',(0.0420423398027197,-0.136369149963785,-0.00249));
#16927=CARTESIAN_POINT('',(0.0415562183609129,-0.136369149963785,-0.00249));
#16928=CARTESIAN_POINT('',(0.0421098850977917,-0.136734508605312,-0.00249));
#16929=CARTESIAN_POINT('',(0.0421774303928638,-0.137099867246838,-0.00249));
#16930=CARTESIAN_POINT('',(0.0421774303928638,-0.137099867246838,-0.00249));
#16931=CARTESIAN_POINT('',(0.0421098850977917,-0.136734508605312,-0.00249));
#16932=CARTESIAN_POINT('',(0.0427617995365937,-0.137431453240828,-0.00249));
#16933=CARTESIAN_POINT('',(0.0427617995365937,-0.137431453240828,-0.00349));
#16934=CARTESIAN_POINT('',(0.0425209562117406,-0.137350944707308,-0.00249));
#16935=CARTESIAN_POINT('',(0.0425209562117406,-0.137350944707308,-0.00349));
#16936=CARTESIAN_POINT('',(0.042326166497164,-0.137240416042645,-0.00249));
#16937=CARTESIAN_POINT('',(0.042326166497164,-0.137240416042645,-0.00349));
#16938=CARTESIAN_POINT('',(0.0421774303928638,-0.137099867246838,-0.00249));
#16939=CARTESIAN_POINT('',(0.0421774303928638,-0.137099867246838,-0.00349));
#16940=CARTESIAN_POINT('',(0.0427617995365937,-0.137431453240828,-0.00249));
#16941=CARTESIAN_POINT('',(0.0427617995365937,-0.137431453240828,-0.00249));
#16942=CARTESIAN_POINT('',(0.0427617995365937,-0.137431453240828,-0.00249));
#16943=CARTESIAN_POINT('',(0.0424005345493141,-0.137310690440548,-0.00249));
#16944=CARTESIAN_POINT('',(0.0421774303928638,-0.137099867246838,-0.00249));
#16945=CARTESIAN_POINT('',(0.0435958815893779,-0.137552216041109,-0.00249));
#16946=CARTESIAN_POINT('',(0.0435958815893779,-0.137552216041109,-0.00349));
#16947=CARTESIAN_POINT('',(0.0432806702123748,-0.137552216041109,-0.00249));
#16948=CARTESIAN_POINT('',(0.0432806702123748,-0.137552216041109,-0.00349));
#16949=CARTESIAN_POINT('',(0.0430026428614467,-0.137511961774349,-0.00249));
#16950=CARTESIAN_POINT('',(0.0430026428614467,-0.137511961774349,-0.00349));
#16951=CARTESIAN_POINT('',(0.0427617995365937,-0.137431453240828,-0.00249));
#16952=CARTESIAN_POINT('',(0.0427617995365937,-0.137431453240828,-0.00349));
#16953=CARTESIAN_POINT('',(0.0435958815893779,-0.137552216041109,-0.00249));
#16954=CARTESIAN_POINT('',(0.0435958815893779,-0.137552216041109,-0.00249));
#16955=CARTESIAN_POINT('',(0.0435958815893779,-0.137552216041109,-0.00249));
#16956=CARTESIAN_POINT('',(0.0431230645238733,-0.137552216041109,-0.00249));
#16957=CARTESIAN_POINT('',(0.0427617995365937,-0.137431453240828,-0.00249));
#16958=CARTESIAN_POINT('',(0.0446653487613528,-0.137198114948761,-0.00249));
#16959=CARTESIAN_POINT('',(0.0446653487613528,-0.137198114948761,-0.00349));
#16960=CARTESIAN_POINT('',(0.0444094953709282,-0.13743418234366,-0.00249));
#16961=CARTESIAN_POINT('',(0.0444094953709282,-0.13743418234366,-0.00349));
#16962=CARTESIAN_POINT('',(0.0440530063136032,-0.137552216041109,-0.00249));
#16963=CARTESIAN_POINT('',(0.0440530063136032,-0.137552216041109,-0.00349));
#16964=CARTESIAN_POINT('',(0.0435958815893779,-0.137552216041109,-0.00249));
#16965=CARTESIAN_POINT('',(0.0435958815893779,-0.137552216041109,-0.00349));
#16966=CARTESIAN_POINT('',(0.0446653487613528,-0.137198114948761,-0.00249));
#16967=CARTESIAN_POINT('',(0.0446653487613528,-0.137198114948761,-0.00249));
#16968=CARTESIAN_POINT('',(0.0446653487613528,-0.137198114948761,-0.00249));
#16969=CARTESIAN_POINT('',(0.0442815686757159,-0.137552216041109,-0.00249));
#16970=CARTESIAN_POINT('',(0.0435958815893779,-0.137552216041109,-0.00249));
#16971=CARTESIAN_POINT('',(0.0450491288469897,-0.136236106200765,-0.00249));
#16972=CARTESIAN_POINT('',(0.0450491288469897,-0.136236106200765,-0.00349));
#16973=CARTESIAN_POINT('',(0.0450491288469897,-0.136641377971197,-0.00249));
#16974=CARTESIAN_POINT('',(0.0450491288469897,-0.136641377971197,-0.00349));
#16975=CARTESIAN_POINT('',(0.0449212021517774,-0.136962047553863,-0.00249));
#16976=CARTESIAN_POINT('',(0.0449212021517774,-0.136962047553863,-0.00349));
#16977=CARTESIAN_POINT('',(0.0446653487613528,-0.137198114948761,-0.00249));
#16978=CARTESIAN_POINT('',(0.0446653487613528,-0.137198114948761,-0.00349));
#16979=CARTESIAN_POINT('',(0.0450491288469897,-0.136236106200765,-0.00249));
#16980=CARTESIAN_POINT('',(0.0450491288469897,-0.136236106200765,-0.00249));
#16981=CARTESIAN_POINT('',(0.0450491288469897,-0.136236106200765,-0.00249));
#16982=CARTESIAN_POINT('',(0.0450491288469897,-0.136844013856413,-0.00249));
#16983=CARTESIAN_POINT('',(0.0446653487613528,-0.137198114948761,-0.00249));
#16984=CARTESIAN_POINT('',(0.0450491288469897,-0.135832881257455,-0.00249));
#16985=CARTESIAN_POINT('',(0.0450491288469897,-0.135429656314146,-0.00249));
#16986=CARTESIAN_POINT('',(0.0450491288469897,-0.135429656314146,-0.00249));
#16987=CARTESIAN_POINT('',(0.0450491288469897,-0.135832881257455,-0.00249));
#16988=CARTESIAN_POINT('',(0.0443992612353112,-0.135429656314146,-0.00249));
#16989=CARTESIAN_POINT('',(0.0437493936236327,-0.135429656314146,-0.00249));
#16990=CARTESIAN_POINT('',(0.0437493936236327,-0.135429656314146,-0.00249));
#16991=CARTESIAN_POINT('',(0.0443992612353112,-0.135429656314146,-0.00249));
#16992=CARTESIAN_POINT('',(0.0415654290829682,-0.13489543443494,-0.00249));
#16993=CARTESIAN_POINT('',(0.0415654290829682,-0.13489543443494,-0.00349));
#16994=CARTESIAN_POINT('',(0.0420962395836358,-0.135251582354411,-0.00249));
#16995=CARTESIAN_POINT('',(0.0420962395836358,-0.135251582354411,-0.00349));
#16996=CARTESIAN_POINT('',(0.0428242277638573,-0.135429656314146,-0.00249));
#16997=CARTESIAN_POINT('',(0.0428242277638573,-0.135429656314146,-0.00349));
#16998=CARTESIAN_POINT('',(0.0437493936236327,-0.135429656314146,-0.00249));
#16999=CARTESIAN_POINT('',(0.0437493936236327,-0.135429656314146,-0.00349));
#17000=CARTESIAN_POINT('',(0.0415654290829682,-0.13489543443494,-0.00249));
#17001=CARTESIAN_POINT('',(0.0415654290829682,-0.13489543443494,-0.00249));
#17002=CARTESIAN_POINT('',(0.0415654290829682,-0.13489543443494,-0.00249));
#17003=CARTESIAN_POINT('',(0.0423616448339696,-0.135429656314146,-0.00249));
#17004=CARTESIAN_POINT('',(0.0437493936236327,-0.135429656314146,-0.00249));
#17005=CARTESIAN_POINT('',(0.0407692133319668,-0.133376688709379,-0.00249));
#17006=CARTESIAN_POINT('',(0.0407692133319668,-0.133376688709379,-0.00349));
#17007=CARTESIAN_POINT('',(0.0407692133319668,-0.134033037940282,-0.00249));
#17008=CARTESIAN_POINT('',(0.0407692133319668,-0.134033037940282,-0.00349));
#17009=CARTESIAN_POINT('',(0.0410346185823006,-0.134539286515469,-0.00249));
#17010=CARTESIAN_POINT('',(0.0410346185823006,-0.134539286515469,-0.00349));
#17011=CARTESIAN_POINT('',(0.0415654290829682,-0.13489543443494,-0.00249));
#17012=CARTESIAN_POINT('',(0.0415654290829682,-0.13489543443494,-0.00349));
#17013=CARTESIAN_POINT('',(0.0407692133319668,-0.133376688709379,-0.00249));
#17014=CARTESIAN_POINT('',(0.0407692133319668,-0.133376688709379,-0.00249));
#17015=CARTESIAN_POINT('',(0.0407692133319668,-0.133376688709379,-0.00249));
#17016=CARTESIAN_POINT('',(0.0407692133319668,-0.134361212555733,-0.00249));
#17017=CARTESIAN_POINT('',(0.0415654290829682,-0.13489543443494,-0.00249));
#17018=CARTESIAN_POINT('',(0.0413320907909009,-0.131888645390669,-0.00249));
#17019=CARTESIAN_POINT('',(0.0413320907909009,-0.131888645390669,-0.00349));
#17020=CARTESIAN_POINT('',(0.0409568391516115,-0.132240699655894,-0.00249));
#17021=CARTESIAN_POINT('',(0.0409568391516115,-0.132240699655894,-0.00349));
#17022=CARTESIAN_POINT('',(0.0407692133319668,-0.132736714095464,-0.00249));
#17023=CARTESIAN_POINT('',(0.0407692133319668,-0.132736714095464,-0.00349));
#17024=CARTESIAN_POINT('',(0.0407692133319668,-0.133376688709379,-0.00249));
#17025=CARTESIAN_POINT('',(0.0407692133319668,-0.133376688709379,-0.00349));
#17026=CARTESIAN_POINT('',(0.0413320907909009,-0.131888645390669,-0.00249));
#17027=CARTESIAN_POINT('',(0.0413320907909009,-0.131888645390669,-0.00249));
#17028=CARTESIAN_POINT('',(0.0413320907909009,-0.131888645390669,-0.00249));
#17029=CARTESIAN_POINT('',(0.0407692133319668,-0.132416726788506,-0.00249));
#17030=CARTESIAN_POINT('',(0.0407692133319668,-0.133376688709379,-0.00249));
#17031=CARTESIAN_POINT('',(0.0429756929709887,-0.131360563992833,-0.00249));
#17032=CARTESIAN_POINT('',(0.0429756929709887,-0.131360563992833,-0.00349));
#17033=CARTESIAN_POINT('',(0.0422552098235529,-0.131360563992833,-0.00249));
#17034=CARTESIAN_POINT('',(0.0422552098235529,-0.131360563992833,-0.00349));
#17035=CARTESIAN_POINT('',(0.0417073424301904,-0.131536591125445,-0.00249));
#17036=CARTESIAN_POINT('',(0.0417073424301904,-0.131536591125445,-0.00349));
#17037=CARTESIAN_POINT('',(0.0413320907909009,-0.131888645390669,-0.00249));
#17038=CARTESIAN_POINT('',(0.0413320907909009,-0.131888645390669,-0.00349));
#17039=CARTESIAN_POINT('',(0.0429756929709887,-0.131360563992833,-0.00249));
#17040=CARTESIAN_POINT('',(0.0429756929756074,-0.131360566035732,-0.00249));
#17041=CARTESIAN_POINT('',(0.0429756929709887,-0.131360563992833,-0.00249));
#17042=CARTESIAN_POINT('',(0.0418949682498351,-0.131360563992833,-0.00249));
#17043=CARTESIAN_POINT('',(0.0413320907909009,-0.131888645390669,-0.00249));
#17044=CARTESIAN_POINT('',(0.0429809471754156,-0.133684533327865,-0.00249));
#17045=CARTESIAN_POINT('',(0.0441434078448866,-0.131671681715589,-0.00249));
#17046=CARTESIAN_POINT('',(0.0441432288368292,-0.131671996676748,-0.00249));
#17047=CARTESIAN_POINT('',(0.0429809471754156,-0.133684533327865,-0.00249));
#17048=CARTESIAN_POINT('',(0.0426571399386115,-0.134342570805185,-0.00249));
#17049=CARTESIAN_POINT('',(0.0450553157315872,-0.132448642173222,-0.00249));
#17050=CARTESIAN_POINT('',(0.0450553153323715,-0.132448641670098,-0.00249));
#17051=CARTESIAN_POINT('',(0.0426571399386115,-0.134342570805185,-0.00249));
#17052=CARTESIAN_POINT('',(0.0502378654401619,-0.13273197029897,-0.00249));
#17053=CARTESIAN_POINT('',(0.050239633227918,-0.132732133430787,-0.00249));
#17054=CARTESIAN_POINT('',(0.0443061306011966,-0.132717610375645,-0.00249));
#17055=CARTESIAN_POINT('',(0.0443061306011966,-0.132717610375645,-0.00349));
#17056=CARTESIAN_POINT('',(0.044651362109343,-0.132918199433738,-0.00249));
#17057=CARTESIAN_POINT('',(0.044651362109343,-0.132918199433738,-0.00349));
#17058=CARTESIAN_POINT('',(0.044899028191274,-0.133159042758591,-0.00249));
#17059=CARTESIAN_POINT('',(0.044899028191274,-0.133159042758591,-0.00349));
#17060=CARTESIAN_POINT('',(0.0450491288469897,-0.133440140350204,-0.00249));
#17061=CARTESIAN_POINT('',(0.0450491288469897,-0.133440140350204,-0.00349));
#17062=CARTESIAN_POINT('',(0.0443061306011966,-0.132717610375645,-0.00349));
#17063=CARTESIAN_POINT('',(0.0448239778634161,-0.133018493962785,-0.00349));
#17064=CARTESIAN_POINT('',(0.0450491288469897,-0.133440140350204,-0.00349));
#17065=CARTESIAN_POINT('',(0.0443061306011966,-0.132717610375645,-0.00249));
#17066=CARTESIAN_POINT('',(0.0448239778634161,-0.133018493962785,-0.00249));
#17067=CARTESIAN_POINT('',(0.0450491288469897,-0.133440140350204,-0.00249));
#17068=CARTESIAN_POINT('',(0.0828759320800245,-0.10360435,-0.00249));
#17069=CARTESIAN_POINT('',(0.0345263906056061,-0.134694845376847,-0.00249));
#17070=CARTESIAN_POINT('',(0.0345263906056061,-0.134694845376847,-0.00349));
#17071=CARTESIAN_POINT('',(0.0345263906056061,-0.133998924154892,-0.00249));
#17072=CARTESIAN_POINT('',(0.0345263906056061,-0.133998924154892,-0.00349));
#17073=CARTESIAN_POINT('',(0.0346734210206368,-0.13343979921235,-0.00249));
#17074=CARTESIAN_POINT('',(0.0346734210206368,-0.13343979921235,-0.00349));
#17075=CARTESIAN_POINT('',(0.0349674818506982,-0.133017470549223,-0.00249));
#17076=CARTESIAN_POINT('',(0.0349674818506982,-0.133017470549223,-0.00349));
#17077=CARTESIAN_POINT('',(0.0345263906056061,-0.134694845376847,-0.00349));
#17078=CARTESIAN_POINT('',(0.0345263906056061,-0.133650963543914,-0.00349));
#17079=CARTESIAN_POINT('',(0.0349674818506982,-0.133017470549223,-0.00349));
#17080=CARTESIAN_POINT('',(0.0345263906056061,-0.134694845376847,-0.00349));
#17081=CARTESIAN_POINT('',(0.0349674818506982,-0.133017470549223,-0.00349));
#17082=CARTESIAN_POINT('',(0.0345263906056061,-0.134694845376847,-0.00249));
#17083=CARTESIAN_POINT('',(0.0345263906056061,-0.134694845376847,-0.00249));
#17084=CARTESIAN_POINT('',(0.0345263906056061,-0.134694845376847,-0.00249));
#17085=CARTESIAN_POINT('',(0.0345263906056061,-0.133650963543914,-0.00249));
#17086=CARTESIAN_POINT('',(0.0349674818506982,-0.133017470549223,-0.00249));
#17087=CARTESIAN_POINT('',(0.0349674818506982,-0.133017470549223,-0.00249));
#17088=CARTESIAN_POINT('',(0.0349674818506982,-0.133017470549223,-0.00249));
#17089=CARTESIAN_POINT('',(0.0345263906056061,-0.134761367258357,-0.00249));
#17090=CARTESIAN_POINT('',(0.0345263906056061,-0.134761367258357,-0.00349));
#17091=CARTESIAN_POINT('',(0.0345263906056061,-0.134827889139867,-0.00349));
#17092=CARTESIAN_POINT('',(0.0345263906056061,-0.134827889139867,-0.00249));
#17093=CARTESIAN_POINT('',(0.0345263906056061,-0.134827889139867,-0.00249));
#17094=CARTESIAN_POINT('',(0.0345263906056061,-0.134761367258357,-0.00249));
#17095=CARTESIAN_POINT('',(0.0349736223320683,-0.136766234425724,-0.00249));
#17096=CARTESIAN_POINT('',(0.0349736223320683,-0.136766234425724,-0.00349));
#17097=CARTESIAN_POINT('',(0.0346754678477602,-0.136262714953369,-0.00249));
#17098=CARTESIAN_POINT('',(0.0346754678477602,-0.136262714953369,-0.00349));
#17099=CARTESIAN_POINT('',(0.0345263906056061,-0.135616599858083,-0.00249));
#17100=CARTESIAN_POINT('',(0.0345263906056061,-0.135616599858083,-0.00349));
#17101=CARTESIAN_POINT('',(0.0345263906056061,-0.134827889139867,-0.00249));
#17102=CARTESIAN_POINT('',(0.0345263906056061,-0.134827889139867,-0.00349));
#17103=CARTESIAN_POINT('',(0.0349736223320683,-0.136766234425724,-0.00349));
#17104=CARTESIAN_POINT('',(0.0345263906056061,-0.136010955217191,-0.00349));
#17105=CARTESIAN_POINT('',(0.0345263906056061,-0.134827889139867,-0.00349));
#17106=CARTESIAN_POINT('',(0.0349736223320683,-0.136766234425724,-0.00349));
#17107=CARTESIAN_POINT('',(0.0349736223320683,-0.136766234425724,-0.00249));
#17108=CARTESIAN_POINT('',(0.0349736223320683,-0.136766234425724,-0.00249));
#17109=CARTESIAN_POINT('',(0.0349736223320683,-0.136766234425724,-0.00249));
#17110=CARTESIAN_POINT('',(0.0345263906056061,-0.136010955217191,-0.00249));
#17111=CARTESIAN_POINT('',(0.0345263906056061,-0.134827889139867,-0.00249));
#17112=CARTESIAN_POINT('',(0.0363235048199487,-0.137521513634258,-0.00249));
#17113=CARTESIAN_POINT('',(0.0363235048199487,-0.137521513634258,-0.00349));
#17114=CARTESIAN_POINT('',(0.03572173764567,-0.137521513634258,-0.00249));
#17115=CARTESIAN_POINT('',(0.03572173764567,-0.137521513634258,-0.00349));
#17116=CARTESIAN_POINT('',(0.0352717768163765,-0.13726975389808,-0.00249));
#17117=CARTESIAN_POINT('',(0.0352717768163765,-0.13726975389808,-0.00349));
#17118=CARTESIAN_POINT('',(0.0349736223320683,-0.136766234425724,-0.00249));
#17119=CARTESIAN_POINT('',(0.0349736223320683,-0.136766234425724,-0.00349));
#17120=CARTESIAN_POINT('',(0.0363235048199487,-0.137521513634258,-0.00349));
#17121=CARTESIAN_POINT('',(0.0354208540585306,-0.137521513634258,-0.00349));
#17122=CARTESIAN_POINT('',(0.0349736223320683,-0.136766234425724,-0.00349));
#17123=CARTESIAN_POINT('',(0.0363235048199487,-0.137521513634258,-0.00349));
#17124=CARTESIAN_POINT('',(0.0363235048199487,-0.137521513634258,-0.00249));
#17125=CARTESIAN_POINT('',(0.0363235048199487,-0.137521513634258,-0.00249));
#17126=CARTESIAN_POINT('',(0.0363235048199487,-0.137521513634258,-0.00249));
#17127=CARTESIAN_POINT('',(0.0354208540585306,-0.137521513634258,-0.00249));
#17128=CARTESIAN_POINT('',(0.0349736223320683,-0.136766234425724,-0.00249));
#17129=CARTESIAN_POINT('',(0.0372640218831495,-0.137262590003148,-0.00249));
#17130=CARTESIAN_POINT('',(0.0372640218831495,-0.137262590003148,-0.00349));
#17131=CARTESIAN_POINT('',(0.0370040748384781,-0.137435205757221,-0.00249));
#17132=CARTESIAN_POINT('',(0.0370040748384781,-0.137435205757221,-0.00349));
#17133=CARTESIAN_POINT('',(0.0366905691507445,-0.137521513634258,-0.00249));
#17134=CARTESIAN_POINT('',(0.0366905691507445,-0.137521513634258,-0.00349));
#17135=CARTESIAN_POINT('',(0.0363235048199487,-0.137521513634258,-0.00249));
#17136=CARTESIAN_POINT('',(0.0363235048199487,-0.137521513634258,-0.00349));
#17137=CARTESIAN_POINT('',(0.0372640218831495,-0.137262590003148,-0.00349));
#17138=CARTESIAN_POINT('',(0.0368741013161424,-0.137521513634258,-0.00349));
#17139=CARTESIAN_POINT('',(0.0363235048199487,-0.137521513634258,-0.00349));
#17140=CARTESIAN_POINT('',(0.0372640218831495,-0.137262590003148,-0.00349));
#17141=CARTESIAN_POINT('',(0.0372640218831495,-0.137262590003148,-0.00249));
#17142=CARTESIAN_POINT('',(0.0372640218831495,-0.137262590003148,-0.00249));
#17143=CARTESIAN_POINT('',(0.0372640218831495,-0.137262590003148,-0.00249));
#17144=CARTESIAN_POINT('',(0.0368741013161424,-0.137521513634258,-0.00249));
#17145=CARTESIAN_POINT('',(0.0363235048199487,-0.137521513634258,-0.00249));
#17146=CARTESIAN_POINT('',(0.0361697283442015,-0.135641304425344,-0.00249));
#17147=CARTESIAN_POINT('',(0.0361697283442015,-0.135641304425344,-0.00349));
#17148=CARTESIAN_POINT('',(0.0378971173887292,-0.136561340004201,-0.00349));
#17149=CARTESIAN_POINT('',(0.0378975148778409,-0.136561551713385,-0.00249));
#17150=CARTESIAN_POINT('',(0.0378971173887292,-0.136561340004201,-0.00249000025));
#17151=CARTESIAN_POINT('',(0.0361697283442015,-0.135641304425344,-0.00249));
#17152=CARTESIAN_POINT('',(0.0378975148778409,-0.134969120211382,-0.00249));
#17153=CARTESIAN_POINT('',(0.0378975148778409,-0.134969120211382,-0.00349));
#17154=CARTESIAN_POINT('',(0.0378975148778409,-0.133376688709379,-0.00349));
#17155=CARTESIAN_POINT('',(0.0378975148778409,-0.133376688709379,-0.00249));
#17156=CARTESIAN_POINT('',(0.0378975148778409,-0.133376688709379,-0.00249));
#17157=CARTESIAN_POINT('',(0.0378975148778409,-0.134969120211382,-0.00249));
#17158=CARTESIAN_POINT('',(0.0372640218831495,-0.132643924599203,-0.00249));
#17159=CARTESIAN_POINT('',(0.0372640218831495,-0.132643924599203,-0.00349));
#17160=CARTESIAN_POINT('',(0.0375198752735742,-0.132817222628984,-0.00249));
#17161=CARTESIAN_POINT('',(0.0375198752735742,-0.132817222628984,-0.00349));
#17162=CARTESIAN_POINT('',(0.0377310396051379,-0.133061477332376,-0.00249));
#17163=CARTESIAN_POINT('',(0.0377310396051379,-0.133061477332376,-0.00349));
#17164=CARTESIAN_POINT('',(0.0378975148778409,-0.133376688709379,-0.00249));
#17165=CARTESIAN_POINT('',(0.0378975148778409,-0.133376688709379,-0.00349));
#17166=CARTESIAN_POINT('',(0.0372640218831495,-0.132643924599203,-0.00349));
#17167=CARTESIAN_POINT('',(0.0376478019687864,-0.132903871643874,-0.00349));
#17168=CARTESIAN_POINT('',(0.0378975148778409,-0.133376688709379,-0.00349));
#17169=CARTESIAN_POINT('',(0.0372640218831495,-0.132643924599203,-0.00349));
#17170=CARTESIAN_POINT('',(0.0372640218831495,-0.132643924599203,-0.00249));
#17171=CARTESIAN_POINT('',(0.0372640218831495,-0.132643924599203,-0.00249));
#17172=CARTESIAN_POINT('',(0.0372640218831495,-0.132643924599203,-0.00249));
#17173=CARTESIAN_POINT('',(0.0376478019687864,-0.132903871643874,-0.00249));
#17174=CARTESIAN_POINT('',(0.0378975148778409,-0.133376688709379,-0.00249));
#17175=CARTESIAN_POINT('',(0.0363112238572083,-0.132383977554532,-0.00249));
#17176=CARTESIAN_POINT('',(0.0363112238572083,-0.132383977554532,-0.00349));
#17177=CARTESIAN_POINT('',(0.0366905691507445,-0.132383977554532,-0.00249));
#17178=CARTESIAN_POINT('',(0.0366905691507445,-0.132383977554532,-0.00349));
#17179=CARTESIAN_POINT('',(0.0370081684927249,-0.132470626569422,-0.00249));
#17180=CARTESIAN_POINT('',(0.0370081684927249,-0.132470626569422,-0.00349));
#17181=CARTESIAN_POINT('',(0.0372640218831495,-0.132643924599203,-0.00249));
#17182=CARTESIAN_POINT('',(0.0372640218831495,-0.132643924599203,-0.00349));
#17183=CARTESIAN_POINT('',(0.0363112238572083,-0.132383977554532,-0.00349));
#17184=CARTESIAN_POINT('',(0.0368802417975126,-0.132383977554532,-0.00349));
#17185=CARTESIAN_POINT('',(0.0372640218831495,-0.132643924599203,-0.00349));
#17186=CARTESIAN_POINT('',(0.0363112238572083,-0.132383977554532,-0.00349));
#17187=CARTESIAN_POINT('',(0.0363112238572083,-0.132383977554532,-0.00249));
#17188=CARTESIAN_POINT('',(0.0363112238572083,-0.132383977554532,-0.00249));
#17189=CARTESIAN_POINT('',(0.0363112238572083,-0.132383977554532,-0.00249));
#17190=CARTESIAN_POINT('',(0.0368802417975126,-0.132383977554532,-0.00249));
#17191=CARTESIAN_POINT('',(0.0372640218831495,-0.132643924599203,-0.00249));
#17192=CARTESIAN_POINT('',(0.0332655450975936,-0.134827889139867,-0.00249));
#17193=CARTESIAN_POINT('',(0.0332655450975936,-0.134827889139867,-0.00349));
#17194=CARTESIAN_POINT('',(0.0332655450975936,-0.135941363094995,-0.00249));
#17195=CARTESIAN_POINT('',(0.0332655450975936,-0.135941363094995,-0.00349));
#17196=CARTESIAN_POINT('',(0.033508776387424,-0.136839237926459,-0.00249));
#17197=CARTESIAN_POINT('',(0.033508776387424,-0.136839237926459,-0.00349));
#17198=CARTESIAN_POINT('',(0.0339952389670847,-0.137521513634258,-0.00249));
#17199=CARTESIAN_POINT('',(0.0339952389670847,-0.137521513634258,-0.00349));
#17200=CARTESIAN_POINT('',(0.0332655450975936,-0.134827889139867,-0.00249));
#17201=CARTESIAN_POINT('',(0.0332655450975936,-0.134827889139867,-0.00249));
#17202=CARTESIAN_POINT('',(0.0332655450975936,-0.134827889139867,-0.00249));
#17203=CARTESIAN_POINT('',(0.0332655450975936,-0.136498100072559,-0.00249));
#17204=CARTESIAN_POINT('',(0.0339952389670847,-0.137521513634258,-0.00249));
#17205=CARTESIAN_POINT('',(0.0339952389670847,-0.137521513634258,-0.00249));
#17206=CARTESIAN_POINT('',(0.0339952389670847,-0.137521513634258,-0.00249));
#17207=CARTESIAN_POINT('',(0.0332655450975936,-0.134761367258357,-0.00249));
#17208=CARTESIAN_POINT('',(0.0332655450975936,-0.134694845376847,-0.00249));
#17209=CARTESIAN_POINT('',(0.0332655450975936,-0.134694845376847,-0.00249));
#17210=CARTESIAN_POINT('',(0.0332655450975936,-0.134761367258357,-0.00249));
#17211=CARTESIAN_POINT('',(0.0339952389670847,-0.132281636198362,-0.00249));
#17212=CARTESIAN_POINT('',(0.0339952389670847,-0.132281636198362,-0.00349));
#17213=CARTESIAN_POINT('',(0.033508776387424,-0.132895684335381,-0.00249));
#17214=CARTESIAN_POINT('',(0.033508776387424,-0.132895684335381,-0.00349));
#17215=CARTESIAN_POINT('',(0.0332655450975936,-0.133700087394876,-0.00249));
#17216=CARTESIAN_POINT('',(0.0332655450975936,-0.133700087394876,-0.00349));
#17217=CARTESIAN_POINT('',(0.0332655450975936,-0.134694845376847,-0.00249));
#17218=CARTESIAN_POINT('',(0.0332655450975936,-0.134694845376847,-0.00349));
#17219=CARTESIAN_POINT('',(0.0339952389670847,-0.132281636198362,-0.00249));
#17220=CARTESIAN_POINT('',(0.0339952389670847,-0.132281636198362,-0.00249));
#17221=CARTESIAN_POINT('',(0.0339952389670847,-0.132281636198362,-0.00249));
#17222=CARTESIAN_POINT('',(0.0332655450975936,-0.13320270840389,-0.00249));
#17223=CARTESIAN_POINT('',(0.0332655450975936,-0.134694845376847,-0.00249));
#17224=CARTESIAN_POINT('',(0.0359980593073286,-0.131360563992833,-0.00249));
#17225=CARTESIAN_POINT('',(0.0359980593073286,-0.131360563992833,-0.00349));
#17226=CARTESIAN_POINT('',(0.0351493083268266,-0.131360563992833,-0.00249));
#17227=CARTESIAN_POINT('',(0.0351493083268266,-0.131360563992833,-0.00349));
#17228=CARTESIAN_POINT('',(0.0344817015467453,-0.131667588061343,-0.00249));
#17229=CARTESIAN_POINT('',(0.0344817015467453,-0.131667588061343,-0.00349));
#17230=CARTESIAN_POINT('',(0.0339952389670847,-0.132281636198362,-0.00249));
#17231=CARTESIAN_POINT('',(0.0339952389670847,-0.132281636198362,-0.00349));
#17232=CARTESIAN_POINT('',(0.0359980593073286,-0.131360563992833,-0.00249));
#17233=CARTESIAN_POINT('',(0.0359980593073286,-0.131360563992833,-0.00249));
#17234=CARTESIAN_POINT('',(0.0359980593073286,-0.131360563992833,-0.00249));
#17235=CARTESIAN_POINT('',(0.0347249328365756,-0.131360563992833,-0.00249));
#17236=CARTESIAN_POINT('',(0.0339952389670847,-0.132281636198362,-0.00249));
#17237=CARTESIAN_POINT('',(0.0370849245098523,-0.131584691562845,-0.00249));
#17238=CARTESIAN_POINT('',(0.0370849245098523,-0.131584691562845,-0.00349));
#17239=CARTESIAN_POINT('',(0.0367697131328492,-0.131435273182837,-0.00249));
#17240=CARTESIAN_POINT('',(0.0367697131328492,-0.131435273182837,-0.00349));
#17241=CARTESIAN_POINT('',(0.0364074247320079,-0.131360563992833,-0.00249));
#17242=CARTESIAN_POINT('',(0.0364074247320079,-0.131360563992833,-0.00349));
#17243=CARTESIAN_POINT('',(0.0359980593073286,-0.131360563992833,-0.00249));
#17244=CARTESIAN_POINT('',(0.0359980593073286,-0.131360563992833,-0.00349));
#17245=CARTESIAN_POINT('',(0.0370849245098523,-0.131584691562845,-0.00249));
#17246=CARTESIAN_POINT('',(0.0370849245098523,-0.131584691562845,-0.00249));
#17247=CARTESIAN_POINT('',(0.0370849245098523,-0.131584691562845,-0.00249));
#17248=CARTESIAN_POINT('',(0.0366121074443476,-0.131360563992833,-0.00249));
#17249=CARTESIAN_POINT('',(0.0359980593073286,-0.131360563992833,-0.00249));
#17250=CARTESIAN_POINT('',(0.0361182412555648,-0.133600814301248,-0.00249));
#17251=CARTESIAN_POINT('',(0.0378975148778409,-0.132244793310141,-0.00249));
#17252=CARTESIAN_POINT('',(0.0378972227138359,-0.132245015974333,-0.00249000025));
#17253=CARTESIAN_POINT('',(0.0361182412555648,-0.133600814301248,-0.00249));
#17254=CARTESIAN_POINT('',(0.0378975148778409,-0.131915254143274,-0.00249));
#17255=CARTESIAN_POINT('',(0.0378975148778409,-0.131585714976407,-0.00249));
#17256=CARTESIAN_POINT('',(0.0378975148778409,-0.131585714976407,-0.00249));
#17257=CARTESIAN_POINT('',(0.0378975148778409,-0.131915254143274,-0.00249));
#17258=CARTESIAN_POINT('',(0.037503500656587,-0.130235832488526,-0.00249));
#17259=CARTESIAN_POINT('',(0.037503500656587,-0.130235832488526,-0.00349));
#17260=CARTESIAN_POINT('',(0.0377661768040896,-0.130551726141237,-0.00249));
#17261=CARTESIAN_POINT('',(0.0377661768040896,-0.130551726141237,-0.00349));
#17262=CARTESIAN_POINT('',(0.0378975148778409,-0.131001686970531,-0.00249));
#17263=CARTESIAN_POINT('',(0.0378975148778409,-0.131001686970531,-0.00349));
#17264=CARTESIAN_POINT('',(0.0378975148778409,-0.131585714976407,-0.00249));
#17265=CARTESIAN_POINT('',(0.0378975148778409,-0.131585714976407,-0.00349));
#17266=CARTESIAN_POINT('',(0.037503500656587,-0.130235832488526,-0.00249));
#17267=CARTESIAN_POINT('',(0.037503500656587,-0.130235832488526,-0.00249));
#17268=CARTESIAN_POINT('',(0.037503500656587,-0.130235832488526,-0.00249));
#17269=CARTESIAN_POINT('',(0.0378975148778409,-0.130709672967593,-0.00249));
#17270=CARTESIAN_POINT('',(0.0378975148778409,-0.131585714976407,-0.00249));
#17271=CARTESIAN_POINT('',(0.0362661936604936,-0.12976199200946,-0.00249));
#17272=CARTESIAN_POINT('',(0.0362661936604936,-0.12976199200946,-0.00349));
#17273=CARTESIAN_POINT('',(0.0368283888437199,-0.12976199200946,-0.00249));
#17274=CARTESIAN_POINT('',(0.0368283888437199,-0.12976199200946,-0.00349));
#17275=CARTESIAN_POINT('',(0.0372408245090844,-0.129919938835815,-0.00249));
#17276=CARTESIAN_POINT('',(0.0372408245090844,-0.129919938835815,-0.00349));
#17277=CARTESIAN_POINT('',(0.037503500656587,-0.130235832488526,-0.00249));
#17278=CARTESIAN_POINT('',(0.037503500656587,-0.130235832488526,-0.00349));
#17279=CARTESIAN_POINT('',(0.0362661936604936,-0.12976199200946,-0.00249));
#17280=CARTESIAN_POINT('',(0.0362661936604936,-0.12976199200946,-0.00249));
#17281=CARTESIAN_POINT('',(0.0362661936604936,-0.12976199200946,-0.00249));
#17282=CARTESIAN_POINT('',(0.0371094864353331,-0.12976199200946,-0.00249));
#17283=CARTESIAN_POINT('',(0.037503500656587,-0.130235832488526,-0.00249));
#17284=CARTESIAN_POINT('',(0.0362891191673,-0.133556201511411,-0.00249));
#17285=CARTESIAN_POINT('',(0.0353318170786628,-0.129883778223302,-0.00249));
#17286=CARTESIAN_POINT('',(0.0353318170786628,-0.129883778223302,-0.00249));
#17287=CARTESIAN_POINT('',(0.0362891191673,-0.133556201511411,-0.00249));
#17288=CARTESIAN_POINT('',(0.034499781853002,-0.13018977887825,-0.00249));
#17289=CARTESIAN_POINT('',(0.034499781853002,-0.13018977887825,-0.00349));
#17290=CARTESIAN_POINT('',(0.0347344846964848,-0.130066969250846,-0.00249));
#17291=CARTESIAN_POINT('',(0.0347344846964848,-0.130066969250846,-0.00349));
#17292=CARTESIAN_POINT('',(0.0350118297717051,-0.12996496903253,-0.00249));
#17293=CARTESIAN_POINT('',(0.0350118297717051,-0.12996496903253,-0.00349));
#17294=CARTESIAN_POINT('',(0.0353318170786628,-0.129883778223302,-0.00249));
#17295=CARTESIAN_POINT('',(0.0353318170786628,-0.129883778223302,-0.00349));
#17296=CARTESIAN_POINT('',(0.034499781853002,-0.13018977887825,-0.00249));
#17297=CARTESIAN_POINT('',(0.034499781853002,-0.13018977887825,-0.00249));
#17298=CARTESIAN_POINT('',(0.034499781853002,-0.13018977887825,-0.00249));
#17299=CARTESIAN_POINT('',(0.0348518361182262,-0.130005564437144,-0.00249));
#17300=CARTESIAN_POINT('',(0.0353318170786628,-0.129883778223302,-0.00249));
#17301=CARTESIAN_POINT('',(0.0343370590966919,-0.129700587195758,-0.00249));
#17302=CARTESIAN_POINT('',(0.0341743363403818,-0.129211395513266,-0.00249));
#17303=CARTESIAN_POINT('',(0.0341743363403818,-0.129211395513266,-0.00249));
#17304=CARTESIAN_POINT('',(0.0343370590966919,-0.129700587195758,-0.00249));
#17305=CARTESIAN_POINT('',(0.0351977499020803,-0.128837849563246,-0.00249));
#17306=CARTESIAN_POINT('',(0.0351977499020803,-0.128837849563246,-0.00349));
#17307=CARTESIAN_POINT('',(0.0348102173000505,-0.128929956783799,-0.00249));
#17308=CARTESIAN_POINT('',(0.0348102173000505,-0.128929956783799,-0.00349));
#17309=CARTESIAN_POINT('',(0.034469079446151,-0.129054472100472,-0.00249));
#17310=CARTESIAN_POINT('',(0.034469079446151,-0.129054472100472,-0.00349));
#17311=CARTESIAN_POINT('',(0.0341743363403818,-0.129211395513266,-0.00249));
#17312=CARTESIAN_POINT('',(0.0341743363403818,-0.129211395513266,-0.00349));
#17313=CARTESIAN_POINT('',(0.0351977499020803,-0.128837849563246,-0.00249));
#17314=CARTESIAN_POINT('',(0.0351977499020803,-0.128837849563246,-0.00249));
#17315=CARTESIAN_POINT('',(0.0351977499020803,-0.128837849563246,-0.00249));
#17316=CARTESIAN_POINT('',(0.0346164509990356,-0.128976010394076,-0.00249));
#17317=CARTESIAN_POINT('',(0.0341743363403818,-0.129211395513266,-0.00249));
#17318=CARTESIAN_POINT('',(0.03633938758755,-0.133406017032468,-0.00249));
#17319=CARTESIAN_POINT('',(0.0362784746232339,-0.128699688732417,-0.00249));
#17320=CARTESIAN_POINT('',(0.0362784746232339,-0.128699688732417,-0.00249));
#17321=CARTESIAN_POINT('',(0.03633938758755,-0.133406017032468,-0.00249));
#17322=CARTESIAN_POINT('',(0.0384081982451284,-0.129470319144376,-0.00249));
#17323=CARTESIAN_POINT('',(0.0384081982451284,-0.129470319144376,-0.00349));
#17324=CARTESIAN_POINT('',(0.0379094547027274,-0.128956565536403,-0.00249));
#17325=CARTESIAN_POINT('',(0.0379094547027274,-0.128956565536403,-0.00349));
#17326=CARTESIAN_POINT('',(0.0371995468287625,-0.128699688732417,-0.00249));
#17327=CARTESIAN_POINT('',(0.0371995468287625,-0.128699688732417,-0.00349));
#17328=CARTESIAN_POINT('',(0.0362784746232339,-0.128699688732417,-0.00249));
#17329=CARTESIAN_POINT('',(0.0362784746232339,-0.128699688732417,-0.00349));
#17330=CARTESIAN_POINT('',(0.0384081982451284,-0.129470319144376,-0.00249));
#17331=CARTESIAN_POINT('',(0.0384081982451284,-0.129470319144376,-0.00249));
#17332=CARTESIAN_POINT('',(0.0384081982451284,-0.129470319144376,-0.00249));
#17333=CARTESIAN_POINT('',(0.0376600829315269,-0.128699688732417,-0.00249));
#17334=CARTESIAN_POINT('',(0.0362784746232339,-0.128699688732417,-0.00249));
#17335=CARTESIAN_POINT('',(0.03915631355873,-0.131585714976407,-0.00249));
#17336=CARTESIAN_POINT('',(0.03915631355873,-0.131585714976407,-0.00349));
#17337=CARTESIAN_POINT('',(0.03915631355873,-0.130689204696359,-0.00249));
#17338=CARTESIAN_POINT('',(0.03915631355873,-0.130689204696359,-0.00349));
#17339=CARTESIAN_POINT('',(0.0389069417875295,-0.129984072752349,-0.00249));
#17340=CARTESIAN_POINT('',(0.0389069417875295,-0.129984072752349,-0.00349));
#17341=CARTESIAN_POINT('',(0.0384081982451284,-0.129470319144376,-0.00249));
#17342=CARTESIAN_POINT('',(0.0384081982451284,-0.129470319144376,-0.00349));
#17343=CARTESIAN_POINT('',(0.03915631355873,-0.131585714976407,-0.00249));
#17344=CARTESIAN_POINT('',(0.03915631355873,-0.131585714976407,-0.00249));
#17345=CARTESIAN_POINT('',(0.03915631355873,-0.131585714976407,-0.00249));
#17346=CARTESIAN_POINT('',(0.03915631355873,-0.130240949556335,-0.00249));
#17347=CARTESIAN_POINT('',(0.0384081982451284,-0.129470319144376,-0.00249));
#17348=CARTESIAN_POINT('',(0.03915631355873,-0.135000846031794,-0.00249));
#17349=CARTESIAN_POINT('',(0.03915631355873,-0.138415977087182,-0.00249));
#17350=CARTESIAN_POINT('',(0.03915631355873,-0.138415977087182,-0.00249));
#17351=CARTESIAN_POINT('',(0.03915631355873,-0.135000846031794,-0.00249));
#17352=CARTESIAN_POINT('',(0.0386261853337702,-0.138415977087182,-0.00249));
#17353=CARTESIAN_POINT('',(0.0380960571088104,-0.138415977087182,-0.00249));
#17354=CARTESIAN_POINT('',(0.0380960571088104,-0.138415977087182,-0.00249));
#17355=CARTESIAN_POINT('',(0.0386261853337702,-0.138415977087182,-0.00249));
#17356=CARTESIAN_POINT('',(0.0380377225357936,-0.13798102632346,-0.00249));
#17357=CARTESIAN_POINT('',(0.0379793879627768,-0.137546075559739,-0.00249));
#17358=CARTESIAN_POINT('',(0.0379790059823244,-0.137545822581608,-0.00249));
#17359=CARTESIAN_POINT('',(0.0380377225357936,-0.13798102632346,-0.00249));
#17360=CARTESIAN_POINT('',(0.0361144699094594,-0.136310977062546,-0.00249));
#17361=CARTESIAN_POINT('',(0.0371555400456095,-0.138289073805532,-0.00249));
#17362=CARTESIAN_POINT('',(0.0371555400456095,-0.138289073805532,-0.00249));
#17363=CARTESIAN_POINT('',(0.0361144699094594,-0.136310977062546,-0.00249));
#17364=CARTESIAN_POINT('',(0.0360103402700689,-0.138544927195956,-0.00249));
#17365=CARTESIAN_POINT('',(0.0360103402700689,-0.138544927195956,-0.00349));
#17366=CARTESIAN_POINT('',(0.0364456321716447,-0.138544927195956,-0.00249));
#17367=CARTESIAN_POINT('',(0.0364456321716447,-0.138544927195956,-0.00349));
#17368=CARTESIAN_POINT('',(0.0368273654301582,-0.138459642732481,-0.00249));
#17369=CARTESIAN_POINT('',(0.0368273654301582,-0.138459642732481,-0.00349));
#17370=CARTESIAN_POINT('',(0.0371555400456095,-0.138289073805532,-0.00249));
#17371=CARTESIAN_POINT('',(0.0371555400456095,-0.138289073805532,-0.00349));
#17372=CARTESIAN_POINT('',(0.0360103402700689,-0.138544927195956,-0.00249));
#17373=CARTESIAN_POINT('',(0.0360103402700689,-0.138544927195956,-0.00249));
#17374=CARTESIAN_POINT('',(0.0360103402700689,-0.138544927195956,-0.00249));
#17375=CARTESIAN_POINT('',(0.0366632781224326,-0.138544927195956,-0.00249));
#17376=CARTESIAN_POINT('',(0.0371555400456095,-0.138289073805532,-0.00249));
#17377=CARTESIAN_POINT('',(0.0339952389670847,-0.137521513634258,-0.00249));
#17378=CARTESIAN_POINT('',(0.0339952389670847,-0.137521513634258,-0.00349));
#17379=CARTESIAN_POINT('',(0.0344817015467453,-0.138203789342057,-0.00249));
#17380=CARTESIAN_POINT('',(0.0344817015467453,-0.138203789342057,-0.00349));
#17381=CARTESIAN_POINT('',(0.0351534019810734,-0.138544927195956,-0.00249));
#17382=CARTESIAN_POINT('',(0.0351534019810734,-0.138544927195956,-0.00349));
#17383=CARTESIAN_POINT('',(0.0360103402700689,-0.138544927195956,-0.00249));
#17384=CARTESIAN_POINT('',(0.0360103402700689,-0.138544927195956,-0.00349));
#17385=CARTESIAN_POINT('',(0.0339952389670847,-0.137521513634258,-0.00249));
#17386=CARTESIAN_POINT('',(0.0347249328365756,-0.138544927195956,-0.00249));
#17387=CARTESIAN_POINT('',(0.0360103402700689,-0.138544927195956,-0.00249));
#17388=CARTESIAN_POINT('',(0.0349674818506982,-0.133017470549223,-0.00249));
#17389=CARTESIAN_POINT('',(0.0349674818506982,-0.133017470549223,-0.00349));
#17390=CARTESIAN_POINT('',(0.0352615426807595,-0.132595141886095,-0.00249));
#17391=CARTESIAN_POINT('',(0.0352615426807595,-0.132595141886095,-0.00349));
#17392=CARTESIAN_POINT('',(0.0357094566829296,-0.132383977554532,-0.00249));
#17393=CARTESIAN_POINT('',(0.0357094566829296,-0.132383977554532,-0.00349));
#17394=CARTESIAN_POINT('',(0.0363112238572083,-0.132383977554532,-0.00249));
#17395=CARTESIAN_POINT('',(0.0363112238572083,-0.132383977554532,-0.00349));
#17396=CARTESIAN_POINT('',(0.0349674818506982,-0.133017470549223,-0.00349));
#17397=CARTESIAN_POINT('',(0.0354085730957902,-0.132383977554532,-0.00349));
#17398=CARTESIAN_POINT('',(0.0363112238572083,-0.132383977554532,-0.00349));
#17399=CARTESIAN_POINT('',(0.0349674818506982,-0.133017470549223,-0.00249));
#17400=CARTESIAN_POINT('',(0.0354085730957902,-0.132383977554532,-0.00249));
#17401=CARTESIAN_POINT('',(0.0363112238572083,-0.132383977554532,-0.00249));
#17402=CARTESIAN_POINT('',(0.0828759320800245,-0.10360435,-0.00249));
#17403=CARTESIAN_POINT('',(0.0186460823687311,-0.097807950372549,-0.00249));
#17404=CARTESIAN_POINT('',(0.0181251648658266,-0.0977189133926812,-0.00249));
#17405=CARTESIAN_POINT('',(0.0181251648658266,-0.0977189133926812,-0.00249));
#17406=CARTESIAN_POINT('',(0.0186460823687311,-0.097807950372549,-0.00249));
#17407=CARTESIAN_POINT('',(0.0191669998716356,-0.0978969873524168,-0.00249));
#17408=CARTESIAN_POINT('',(0.0191669998716356,-0.0978969873524168,-0.00249));
#17409=CARTESIAN_POINT('',(0.0181251648658266,-0.097315688449372,-0.00249));
#17410=CARTESIAN_POINT('',(0.0181251648658266,-0.0969124635060628,-0.00249));
#17411=CARTESIAN_POINT('',(0.0181251648658266,-0.0969124635060628,-0.00249));
#17412=CARTESIAN_POINT('',(0.0181251648658266,-0.097315688449372,-0.00249));
#17413=CARTESIAN_POINT('',(0.0197974226256419,-0.0969124635060628,-0.00249));
#17414=CARTESIAN_POINT('',(0.0214696803854572,-0.0969124635060628,-0.00249));
#17415=CARTESIAN_POINT('',(0.0214696803854572,-0.0969124635060628,-0.00249));
#17416=CARTESIAN_POINT('',(0.0197974226256419,-0.0969124635060628,-0.00249));
#17417=CARTESIAN_POINT('',(0.0214696803854572,-0.097315688449372,-0.00249));
#17418=CARTESIAN_POINT('',(0.0214696803854572,-0.0977189133926812,-0.00249));
#17419=CARTESIAN_POINT('',(0.0214696803854572,-0.0977189133926812,-0.00249));
#17420=CARTESIAN_POINT('',(0.0214696803854572,-0.097315688449372,-0.00249));
#17421=CARTESIAN_POINT('',(0.0209487628825526,-0.097807950372549,-0.00249));
#17422=CARTESIAN_POINT('',(0.0204278453796481,-0.0978969873524168,-0.00249));
#17423=CARTESIAN_POINT('',(0.0204278453796481,-0.0978969873524168,-0.00249));
#17424=CARTESIAN_POINT('',(0.0209487628825526,-0.097807950372549,-0.00249));
#17425=CARTESIAN_POINT('',(0.0204278453796481,-0.0995057934714067,-0.00249));
#17426=CARTESIAN_POINT('',(0.0204278453796481,-0.101114599590397,-0.00249));
#17427=CARTESIAN_POINT('',(0.0204278453796481,-0.101114599590397,-0.00249));
#17428=CARTESIAN_POINT('',(0.0204278453796481,-0.0995057934714067,-0.00249));
#17429=CARTESIAN_POINT('',(0.02097127798091,-0.101114599590397,-0.00249));
#17430=CARTESIAN_POINT('',(0.0215147105821719,-0.101114599590397,-0.00249));
#17431=CARTESIAN_POINT('',(0.0215147105821719,-0.101114599590397,-0.00249));
#17432=CARTESIAN_POINT('',(0.02097127798091,-0.101114599590397,-0.00249));
#17433=CARTESIAN_POINT('',(0.0228420779716948,-0.0994617866882537,-0.00249));
#17434=CARTESIAN_POINT('',(0.0241694453612177,-0.0978089737861107,-0.00249));
#17435=CARTESIAN_POINT('',(0.0241694453612177,-0.0978089737861107,-0.00249));
#17436=CARTESIAN_POINT('',(0.0228420779716948,-0.0994617866882537,-0.00249));
#17437=CARTESIAN_POINT('',(0.0238143208553084,-0.097763943589396,-0.00249));
#17438=CARTESIAN_POINT('',(0.0234591963493989,-0.0977189133926812,-0.00249));
#17439=CARTESIAN_POINT('',(0.0234591963493989,-0.0977189133926812,-0.00249));
#17440=CARTESIAN_POINT('',(0.0238143208553084,-0.097763943589396,-0.00249));
#17441=CARTESIAN_POINT('',(0.0234591963493989,-0.097315688449372,-0.00249));
#17442=CARTESIAN_POINT('',(0.0234591963493989,-0.0969124635060628,-0.00249));
#17443=CARTESIAN_POINT('',(0.0234591963493989,-0.0969124635060628,-0.00249));
#17444=CARTESIAN_POINT('',(0.0234591963493989,-0.097315688449372,-0.00249));
#17445=CARTESIAN_POINT('',(0.0249881762105764,-0.0969124635060628,-0.00249));
#17446=CARTESIAN_POINT('',(0.026517156071754,-0.0969124635060628,-0.00249));
#17447=CARTESIAN_POINT('',(0.026517156071754,-0.0969124635060628,-0.00249));
#17448=CARTESIAN_POINT('',(0.0249881762105764,-0.0969124635060628,-0.00249));
#17449=CARTESIAN_POINT('',(0.026517156071754,-0.097315688449372,-0.00249));
#17450=CARTESIAN_POINT('',(0.026517156071754,-0.0977189133926812,-0.00249));
#17451=CARTESIAN_POINT('',(0.026517156071754,-0.0977189133926812,-0.00249));
#17452=CARTESIAN_POINT('',(0.026517156071754,-0.097315688449372,-0.00249));
#17453=CARTESIAN_POINT('',(0.026079135067347,-0.0977987396504937,-0.00249));
#17454=CARTESIAN_POINT('',(0.0256411140629401,-0.0978785659083062,-0.00249));
#17455=CARTESIAN_POINT('',(0.0256411140629401,-0.0978785659083062,-0.00249));
#17456=CARTESIAN_POINT('',(0.026079135067347,-0.0977987396504937,-0.00249));
#17457=CARTESIAN_POINT('',(0.0240865488627201,-0.0998005365771759,-0.00249));
#17458=CARTESIAN_POINT('',(0.0225319836625002,-0.101722507246046,-0.00249));
#17459=CARTESIAN_POINT('',(0.0225319836625002,-0.101722507246046,-0.00249));
#17460=CARTESIAN_POINT('',(0.0240865488627201,-0.0998005365771759,-0.00249));
#17461=CARTESIAN_POINT('',(0.0239555519268227,-0.103487895639975,-0.00249));
#17462=CARTESIAN_POINT('',(0.0253791201911453,-0.105253284033905,-0.00249));
#17463=CARTESIAN_POINT('',(0.0253791201911453,-0.105253284033905,-0.00249));
#17464=CARTESIAN_POINT('',(0.0239555519268227,-0.103487895639975,-0.00249));
#17465=CARTESIAN_POINT('',(0.0258171411955522,-0.105333110291718,-0.00249));
#17466=CARTESIAN_POINT('',(0.0262551621999591,-0.10541293654953,-0.00249));
#17467=CARTESIAN_POINT('',(0.0262551621999591,-0.10541293654953,-0.00249));
#17468=CARTESIAN_POINT('',(0.0258171411955522,-0.105333110291718,-0.00249));
#17469=CARTESIAN_POINT('',(0.0262551621999591,-0.105819231733525,-0.00249));
#17470=CARTESIAN_POINT('',(0.0262551621999591,-0.106225526917519,-0.00249));
#17471=CARTESIAN_POINT('',(0.0262551621999591,-0.106225526917519,-0.00249));
#17472=CARTESIAN_POINT('',(0.0262551621999591,-0.105819231733525,-0.00249));
#17473=CARTESIAN_POINT('',(0.0247773530168666,-0.106225526917519,-0.00249));
#17474=CARTESIAN_POINT('',(0.023299543833774,-0.106225526917519,-0.00249));
#17475=CARTESIAN_POINT('',(0.023299543833774,-0.106225526917519,-0.00249));
#17476=CARTESIAN_POINT('',(0.0247773530168666,-0.106225526917519,-0.00249));
#17477=CARTESIAN_POINT('',(0.023299543833774,-0.105819231733525,-0.00249));
#17478=CARTESIAN_POINT('',(0.023299543833774,-0.10541293654953,-0.00249));
#17479=CARTESIAN_POINT('',(0.023299543833774,-0.10541293654953,-0.00249));
#17480=CARTESIAN_POINT('',(0.023299543833774,-0.105819231733525,-0.00249));
#17481=CARTESIAN_POINT('',(0.0236485278583132,-0.105367906352815,-0.00249));
#17482=CARTESIAN_POINT('',(0.0239975118828523,-0.105322876156101,-0.00249));
#17483=CARTESIAN_POINT('',(0.0239975118828523,-0.105322876156101,-0.00249));
#17484=CARTESIAN_POINT('',(0.0236485278583132,-0.105367906352815,-0.00249));
#17485=CARTESIAN_POINT('',(0.0226957298323719,-0.103715093450672,-0.00249));
#17486=CARTESIAN_POINT('',(0.0213939477818914,-0.102107310745244,-0.00249));
#17487=CARTESIAN_POINT('',(0.0213939477818914,-0.102107310745244,-0.00249));
#17488=CARTESIAN_POINT('',(0.0226957298323719,-0.103715093450672,-0.00249));
#17489=CARTESIAN_POINT('',(0.0209108965807698,-0.102107310745244,-0.00249));
#17490=CARTESIAN_POINT('',(0.0204278453796481,-0.102107310745244,-0.00249));
#17491=CARTESIAN_POINT('',(0.0204278453796481,-0.102107310745244,-0.00249));
#17492=CARTESIAN_POINT('',(0.0209108965807698,-0.102107310745244,-0.00249));
#17493=CARTESIAN_POINT('',(0.0204278453796481,-0.103671086667519,-0.00249));
#17494=CARTESIAN_POINT('',(0.0204278453796481,-0.105234862589795,-0.00249));
#17495=CARTESIAN_POINT('',(0.0204278453796481,-0.105234862589795,-0.00249));
#17496=CARTESIAN_POINT('',(0.0204278453796481,-0.103671086667519,-0.00249));
#17497=CARTESIAN_POINT('',(0.0209487628825526,-0.105323899569662,-0.00249));
#17498=CARTESIAN_POINT('',(0.0214696803854572,-0.10541293654953,-0.00249));
#17499=CARTESIAN_POINT('',(0.0214696803854572,-0.10541293654953,-0.00249));
#17500=CARTESIAN_POINT('',(0.0209487628825526,-0.105323899569662,-0.00249));
#17501=CARTESIAN_POINT('',(0.0214696803854572,-0.105819231733525,-0.00249));
#17502=CARTESIAN_POINT('',(0.0214696803854572,-0.106225526917519,-0.00249));
#17503=CARTESIAN_POINT('',(0.0214696803854572,-0.106225526917519,-0.00249));
#17504=CARTESIAN_POINT('',(0.0214696803854572,-0.105819231733525,-0.00249));
#17505=CARTESIAN_POINT('',(0.0197974226256419,-0.106225526917519,-0.00249));
#17506=CARTESIAN_POINT('',(0.0181251648658266,-0.106225526917519,-0.00249));
#17507=CARTESIAN_POINT('',(0.0181251648658266,-0.106225526917519,-0.00249));
#17508=CARTESIAN_POINT('',(0.0197974226256419,-0.106225526917519,-0.00249));
#17509=CARTESIAN_POINT('',(0.0181251648658266,-0.105819231733525,-0.00249));
#17510=CARTESIAN_POINT('',(0.0181251648658266,-0.10541293654953,-0.00249));
#17511=CARTESIAN_POINT('',(0.0181251648658266,-0.10541293654953,-0.00249));
#17512=CARTESIAN_POINT('',(0.0181251648658266,-0.105819231733525,-0.00249));
#17513=CARTESIAN_POINT('',(0.0186460823687311,-0.105323899569662,-0.00249));
#17514=CARTESIAN_POINT('',(0.0191669998716356,-0.105234862589795,-0.00249));
#17515=CARTESIAN_POINT('',(0.0191669998716356,-0.105234862589795,-0.00249));
#17516=CARTESIAN_POINT('',(0.0186460823687311,-0.105323899569662,-0.00249));
#17517=CARTESIAN_POINT('',(0.0191669998716356,-0.101565924971106,-0.00249));
#17518=CARTESIAN_POINT('',(0.0191669998716356,-0.101565924971106,-0.00249));
#17519=CARTESIAN_POINT('',(0.0828759320800245,-0.10360435,-0.00249));
#17520=CARTESIAN_POINT('',(0.0408377820406006,-0.102973118618441,-0.00249));
#17521=CARTESIAN_POINT('',(0.0411478763497952,-0.103020195642279,-0.00249));
#17522=CARTESIAN_POINT('',(0.0411478763497952,-0.103020195642279,-0.00249));
#17523=CARTESIAN_POINT('',(0.0408377820406006,-0.102973118618441,-0.00249));
#17524=CARTESIAN_POINT('',(0.0405276877314059,-0.102926041594603,-0.00249));
#17525=CARTESIAN_POINT('',(0.0405276877314059,-0.102926041594603,-0.00249));
#17526=CARTESIAN_POINT('',(0.0411478763497952,-0.103426490826274,-0.00249));
#17527=CARTESIAN_POINT('',(0.0411478763497952,-0.103832786010268,-0.00249));
#17528=CARTESIAN_POINT('',(0.0411478763497952,-0.103832786010268,-0.00249));
#17529=CARTESIAN_POINT('',(0.0411478763497952,-0.103426490826274,-0.00249));
#17530=CARTESIAN_POINT('',(0.0397529636652002,-0.103832786010268,-0.00249));
#17531=CARTESIAN_POINT('',(0.0383580509806052,-0.103832786010268,-0.00249));
#17532=CARTESIAN_POINT('',(0.0383580509806052,-0.103832786010268,-0.00249));
#17533=CARTESIAN_POINT('',(0.0397529636652002,-0.103832786010268,-0.00249));
#17534=CARTESIAN_POINT('',(0.0383580509806052,-0.103426490826274,-0.00249));
#17535=CARTESIAN_POINT('',(0.0383580509806052,-0.103020195642279,-0.00249));
#17536=CARTESIAN_POINT('',(0.0383580509806052,-0.103020195642279,-0.00249));
#17537=CARTESIAN_POINT('',(0.0383580509806052,-0.103426490826274,-0.00249));
#17538=CARTESIAN_POINT('',(0.0387520652018591,-0.102956744001454,-0.00249));
#17539=CARTESIAN_POINT('',(0.039146079423113,-0.102893292360629,-0.00249));
#17540=CARTESIAN_POINT('',(0.039146079423113,-0.102893292360629,-0.00249));
#17541=CARTESIAN_POINT('',(0.0387520652018591,-0.102956744001454,-0.00249));
#17542=CARTESIAN_POINT('',(0.0384255962756773,-0.100744123881062,-0.00249));
#17543=CARTESIAN_POINT('',(0.0377051131282415,-0.0985949554014951,-0.00249));
#17544=CARTESIAN_POINT('',(0.0377051131282415,-0.0985949554014951,-0.00249));
#17545=CARTESIAN_POINT('',(0.0384255962756773,-0.100744123881062,-0.00249));
#17546=CARTESIAN_POINT('',(0.037686691684131,-0.0985949554014951,-0.00249));
#17547=CARTESIAN_POINT('',(0.0376682702400205,-0.0985949554014951,-0.00249));
#17548=CARTESIAN_POINT('',(0.0376682702400205,-0.0985949554014951,-0.00249));
#17549=CARTESIAN_POINT('',(0.037686691684131,-0.0985949554014951,-0.00249));
#17550=CARTESIAN_POINT('',(0.0375526245075485,-0.0990360466465871,-0.00249));
#17551=CARTESIAN_POINT('',(0.0374369787750765,-0.0994771378916792,-0.00249));
#17552=CARTESIAN_POINT('',(0.0374369787750765,-0.0994771378916792,-0.00249));
#17553=CARTESIAN_POINT('',(0.0375526245075485,-0.0990360466465871,-0.00249));
#17554=CARTESIAN_POINT('',(0.0368393052550446,-0.101185215126154,-0.00249));
#17555=CARTESIAN_POINT('',(0.0362416317350127,-0.102893292360629,-0.00249));
#17556=CARTESIAN_POINT('',(0.0362416317350127,-0.102893292360629,-0.00249));
#17557=CARTESIAN_POINT('',(0.0368393052550446,-0.101185215126154,-0.00249));
#17558=CARTESIAN_POINT('',(0.0366315523020199,-0.102956744001454,-0.00249));
#17559=CARTESIAN_POINT('',(0.037021472869027,-0.103020195642279,-0.00249));
#17560=CARTESIAN_POINT('',(0.037021472869027,-0.103020195642279,-0.00249));
#17561=CARTESIAN_POINT('',(0.0366315523020199,-0.102956744001454,-0.00249));
#17562=CARTESIAN_POINT('',(0.037021472869027,-0.103426490826274,-0.00249));
#17563=CARTESIAN_POINT('',(0.037021472869027,-0.103832786010268,-0.00249));
#17564=CARTESIAN_POINT('',(0.037021472869027,-0.103832786010268,-0.00249));
#17565=CARTESIAN_POINT('',(0.037021472869027,-0.103426490826274,-0.00249));
#17566=CARTESIAN_POINT('',(0.0356234899437469,-0.103832786010268,-0.00249));
#17567=CARTESIAN_POINT('',(0.0342255070184668,-0.103832786010268,-0.00249));
#17568=CARTESIAN_POINT('',(0.0342255070184668,-0.103832786010268,-0.00249));
#17569=CARTESIAN_POINT('',(0.0356234899437469,-0.103832786010268,-0.00249));
#17570=CARTESIAN_POINT('',(0.0342255070184668,-0.103426490826274,-0.00249));
#17571=CARTESIAN_POINT('',(0.0342255070184668,-0.103020195642279,-0.00249));
#17572=CARTESIAN_POINT('',(0.0342255070184668,-0.103020195642279,-0.00249));
#17573=CARTESIAN_POINT('',(0.0342255070184668,-0.103426490826274,-0.00249));
#17574=CARTESIAN_POINT('',(0.0345427652225933,-0.102969024964194,-0.00249));
#17575=CARTESIAN_POINT('',(0.0348600234267199,-0.102917854286109,-0.00249));
#17576=CARTESIAN_POINT('',(0.0348600234267199,-0.102917854286109,-0.00249));
#17577=CARTESIAN_POINT('',(0.0345427652225933,-0.102969024964194,-0.00249));
#17578=CARTESIAN_POINT('',(0.0360011295480136,-0.0999827041911582,-0.00249));
#17579=CARTESIAN_POINT('',(0.0371422356693074,-0.097047554096207,-0.00249));
#17580=CARTESIAN_POINT('',(0.0371422356693074,-0.097047554096207,-0.00249));
#17581=CARTESIAN_POINT('',(0.0360011295480136,-0.0999827041911582,-0.00249));
#17582=CARTESIAN_POINT('',(0.0369928172892994,-0.0966893593496126,-0.00249));
#17583=CARTESIAN_POINT('',(0.0368433989092914,-0.0963311646030181,-0.00249));
#17584=CARTESIAN_POINT('',(0.0368431159692463,-0.0963312776321811,-0.00249));
#17585=CARTESIAN_POINT('',(0.0369928172892994,-0.0966893593496126,-0.00249));
#17586=CARTESIAN_POINT('',(0.0331700253242197,-0.0977986074372975,-0.00249));
#17587=CARTESIAN_POINT('',(0.0364074247320079,-0.0955277849570848,-0.00249));
#17588=CARTESIAN_POINT('',(0.0364074247320079,-0.0955277849570848,-0.00249));
#17589=CARTESIAN_POINT('',(0.0331700253242197,-0.0977986074372975,-0.00249));
#17590=CARTESIAN_POINT('',(0.0357544868796443,-0.0951788009325456,-0.00249));
#17591=CARTESIAN_POINT('',(0.0357544868796443,-0.0951788009325456,-0.00349));
#17592=CARTESIAN_POINT('',(0.0360233035085171,-0.0951788009325456,-0.00249));
#17593=CARTESIAN_POINT('',(0.0360233035085171,-0.0951788009325456,-0.00349));
#17594=CARTESIAN_POINT('',(0.036240949459305,-0.0952951289407253,-0.00249));
#17595=CARTESIAN_POINT('',(0.036240949459305,-0.0952951289407253,-0.00349));
#17596=CARTESIAN_POINT('',(0.0364074247320079,-0.0955277849570848,-0.00249));
#17597=CARTESIAN_POINT('',(0.0364074247320079,-0.0955277849570848,-0.00349));
#17598=CARTESIAN_POINT('',(0.0357544868796443,-0.0951788009325456,-0.00249));
#17599=CARTESIAN_POINT('',(0.0357544868796443,-0.0951788009325456,-0.00249));
#17600=CARTESIAN_POINT('',(0.0357544868796443,-0.0951788009325456,-0.00249));
#17601=CARTESIAN_POINT('',(0.0361577118229535,-0.0951788009325456,-0.00249));
#17602=CARTESIAN_POINT('',(0.0364074247320079,-0.0955277849570848,-0.00249));
#17603=CARTESIAN_POINT('',(0.0360359408457269,-0.102613212458386,-0.00249));
#17604=CARTESIAN_POINT('',(0.0354198306449689,-0.0951982457902179,-0.00249));
#17605=CARTESIAN_POINT('',(0.0354198306449689,-0.0951982457902179,-0.00249));
#17606=CARTESIAN_POINT('',(0.0360359408457269,-0.102613212458386,-0.00249));
#17607=CARTESIAN_POINT('',(0.0351916094207101,-0.09521155016652,-0.00249));
#17608=CARTESIAN_POINT('',(0.0351916094207101,-0.09521155016652,-0.00349));
#17609=CARTESIAN_POINT('',(0.0351670474952294,-0.0952156438207668,-0.00249));
#17610=CARTESIAN_POINT('',(0.0351670474952294,-0.0952156438207668,-0.00349));
#17611=CARTESIAN_POINT('',(0.035243121236649,-0.0952112090286661,-0.00249));
#17612=CARTESIAN_POINT('',(0.035243121236649,-0.0952112090286661,-0.00349));
#17613=CARTESIAN_POINT('',(0.0354198306449689,-0.0951982457902179,-0.00249));
#17614=CARTESIAN_POINT('',(0.0354198306449689,-0.0951982457902179,-0.00349));
#17615=CARTESIAN_POINT('',(0.0351916094207101,-0.09521155016652,-0.00249));
#17616=CARTESIAN_POINT('',(0.0351916094207101,-0.09521155016652,-0.00249));
#17617=CARTESIAN_POINT('',(0.0351916094207101,-0.09521155016652,-0.00249));
#17618=CARTESIAN_POINT('',(0.035154766532489,-0.0952176906478902,-0.00249));
#17619=CARTESIAN_POINT('',(0.0354198306449689,-0.0951982457902179,-0.00249));
#17620=CARTESIAN_POINT('',(0.0351281577798849,-0.0947151945890962,-0.00249));
#17621=CARTESIAN_POINT('',(0.0350646535435719,-0.0942184275792289,-0.00249));
#17622=CARTESIAN_POINT('',(0.0350646535435719,-0.0942184275792289,-0.00249));
#17623=CARTESIAN_POINT('',(0.0351281577798849,-0.0947151945890962,-0.00249));
#17624=CARTESIAN_POINT('',(0.0360821999077547,-0.0988128910770805,-0.00249));
#17625=CARTESIAN_POINT('',(0.0354290413670242,-0.0941523171301621,-0.00249));
#17626=CARTESIAN_POINT('',(0.0354290796031738,-0.0941525696126718,-0.00249));
#17627=CARTESIAN_POINT('',(0.0360821999077547,-0.0988128910770805,-0.00249));
#17628=CARTESIAN_POINT('',(0.0358852795706671,-0.0968775243465782,-0.00249));
#17629=CARTESIAN_POINT('',(0.0358117980390994,-0.0941164976555026,-0.00249));
#17630=CARTESIAN_POINT('',(0.0358117980390994,-0.0941164976555026,-0.00249));
#17631=CARTESIAN_POINT('',(0.0358852795706671,-0.0968775243465782,-0.00249));
#17632=CARTESIAN_POINT('',(0.0371371186014989,-0.0946353683312837,-0.00249));
#17633=CARTESIAN_POINT('',(0.0371371186014989,-0.0946353683312837,-0.00349));
#17634=CARTESIAN_POINT('',(0.0368089439860476,-0.0942894545474296,-0.00249));
#17635=CARTESIAN_POINT('',(0.0368089439860476,-0.0942894545474296,-0.00349));
#17636=CARTESIAN_POINT('',(0.0363671704652478,-0.0941164976555026,-0.00249));
#17637=CARTESIAN_POINT('',(0.0363671704652478,-0.0941164976555026,-0.00349));
#17638=CARTESIAN_POINT('',(0.0358117980390994,-0.0941164976555026,-0.00249));
#17639=CARTESIAN_POINT('',(0.0358117980390994,-0.0941164976555026,-0.00349));
#17640=CARTESIAN_POINT('',(0.0371371186014989,-0.0946353683312837,-0.00249));
#17641=CARTESIAN_POINT('',(0.0371371186014989,-0.0946353683312837,-0.00249));
#17642=CARTESIAN_POINT('',(0.0371371186014989,-0.0946353683312837,-0.00249));
#17643=CARTESIAN_POINT('',(0.036644856678322,-0.0941164976555026,-0.00249));
#17644=CARTESIAN_POINT('',(0.0358117980390994,-0.0941164976555026,-0.00249));
#17645=CARTESIAN_POINT('',(0.0345402111418262,-0.0970864331102486,-0.00249));
#17646=CARTESIAN_POINT('',(0.0378913743964707,-0.0958501602290198,-0.00249));
#17647=CARTESIAN_POINT('',(0.0378910899607897,-0.0958502651597833,-0.00249000025));
#17648=CARTESIAN_POINT('',(0.0345402111418262,-0.0970864331102486,-0.00249));
#17649=CARTESIAN_POINT('',(0.0392095310639383,-0.0993881009118114,-0.00249));
#17650=CARTESIAN_POINT('',(0.0392095310639383,-0.0993881009118114,-0.00249));
#17651=CARTESIAN_POINT('',(0.0828759320800245,-0.10360435,-0.00249));
#17652=CARTESIAN_POINT('',(0.0641542132167766,-0.103426490826274,-0.00249));
#17653=CARTESIAN_POINT('',(0.0641542132167766,-0.103020195642279,-0.00249));
#17654=CARTESIAN_POINT('',(0.0641542132167766,-0.103020195642279,-0.00249));
#17655=CARTESIAN_POINT('',(0.0641542132167766,-0.103426490826274,-0.00249));
#17656=CARTESIAN_POINT('',(0.0641542132167766,-0.103832786010268,-0.00249));
#17657=CARTESIAN_POINT('',(0.0641542132167766,-0.103832786010268,-0.00249));
#17658=CARTESIAN_POINT('',(0.0646761541332429,-0.102931158662411,-0.00249));
#17659=CARTESIAN_POINT('',(0.0651980950497091,-0.102842121682544,-0.00249));
#17660=CARTESIAN_POINT('',(0.0651980950497091,-0.102842121682544,-0.00249));
#17661=CARTESIAN_POINT('',(0.0646761541332429,-0.102931158662411,-0.00249));
#17662=CARTESIAN_POINT('',(0.0651980950497091,-0.10036955451748,-0.00249));
#17663=CARTESIAN_POINT('',(0.0651980950497091,-0.0978969873524168,-0.00249));
#17664=CARTESIAN_POINT('',(0.0651980950497091,-0.0978969873524168,-0.00249));
#17665=CARTESIAN_POINT('',(0.0651980950497091,-0.10036955451748,-0.00249));
#17666=CARTESIAN_POINT('',(0.0646761541332429,-0.097807950372549,-0.00249));
#17667=CARTESIAN_POINT('',(0.0641542132167767,-0.0977189133926812,-0.00249));
#17668=CARTESIAN_POINT('',(0.0641542132167767,-0.0977189133926812,-0.00249));
#17669=CARTESIAN_POINT('',(0.0646761541332429,-0.097807950372549,-0.00249));
#17670=CARTESIAN_POINT('',(0.0641542132167766,-0.097315688449372,-0.00249));
#17671=CARTESIAN_POINT('',(0.0641542132167766,-0.0969124635060628,-0.00249));
#17672=CARTESIAN_POINT('',(0.0641542132167766,-0.0969124635060628,-0.00249));
#17673=CARTESIAN_POINT('',(0.0641542132167766,-0.097315688449372,-0.00249));
#17674=CARTESIAN_POINT('',(0.0658274943901536,-0.0969124635060628,-0.00249));
#17675=CARTESIAN_POINT('',(0.0675007755635306,-0.0969124635060628,-0.00249));
#17676=CARTESIAN_POINT('',(0.0675007755635306,-0.0969124635060628,-0.00249));
#17677=CARTESIAN_POINT('',(0.0658274943901536,-0.0969124635060628,-0.00249));
#17678=CARTESIAN_POINT('',(0.0675007755635306,-0.097315688449372,-0.00249));
#17679=CARTESIAN_POINT('',(0.0675007755635306,-0.0977189133926812,-0.00249));
#17680=CARTESIAN_POINT('',(0.0675007755635306,-0.0977189133926812,-0.00249));
#17681=CARTESIAN_POINT('',(0.0675007755635306,-0.097315688449372,-0.00249));
#17682=CARTESIAN_POINT('',(0.0669788346470644,-0.097807950372549,-0.00249));
#17683=CARTESIAN_POINT('',(0.0664568937305982,-0.0978969873524168,-0.00249));
#17684=CARTESIAN_POINT('',(0.0664568937305982,-0.0978969873524168,-0.00249));
#17685=CARTESIAN_POINT('',(0.0669788346470644,-0.097807950372549,-0.00249));
#17686=CARTESIAN_POINT('',(0.0664568937305982,-0.0998834330756735,-0.00249));
#17687=CARTESIAN_POINT('',(0.0664568937305982,-0.10186987879893,-0.00249));
#17688=CARTESIAN_POINT('',(0.0664568937305982,-0.10186987879893,-0.00249));
#17689=CARTESIAN_POINT('',(0.0664568937305982,-0.0998834330756735,-0.00249));
#17690=CARTESIAN_POINT('',(0.0669819048877495,-0.102524863478417,-0.00249));
#17691=CARTESIAN_POINT('',(0.0669819048877495,-0.102524863478417,-0.00349));
#17692=CARTESIAN_POINT('',(0.066756071628468,-0.102369304617039,-0.00249));
#17693=CARTESIAN_POINT('',(0.066756071628468,-0.102369304617039,-0.00349));
#17694=CARTESIAN_POINT('',(0.0665810679094176,-0.102150976390543,-0.00249));
#17695=CARTESIAN_POINT('',(0.0665810679094176,-0.102150976390543,-0.00349));
#17696=CARTESIAN_POINT('',(0.0664568937305982,-0.10186987879893,-0.00249));
#17697=CARTESIAN_POINT('',(0.0664568937305982,-0.10186987879893,-0.00349));
#17698=CARTESIAN_POINT('',(0.0669819048877495,-0.102524863478417,-0.00249));
#17699=CARTESIAN_POINT('',(0.0669819048877495,-0.102524863478417,-0.00249));
#17700=CARTESIAN_POINT('',(0.0669819048877495,-0.102524863478417,-0.00249));
#17701=CARTESIAN_POINT('',(0.0666431549988273,-0.10229152518635,-0.00249));
#17702=CARTESIAN_POINT('',(0.0664568937305982,-0.10186987879893,-0.00249));
#17703=CARTESIAN_POINT('',(0.0678200805947805,-0.102758201770484,-0.00249));
#17704=CARTESIAN_POINT('',(0.0678200805947805,-0.102758201770484,-0.00349));
#17705=CARTESIAN_POINT('',(0.0674871300493746,-0.102758201770484,-0.00249));
#17706=CARTESIAN_POINT('',(0.0674871300493746,-0.102758201770484,-0.00349));
#17707=CARTESIAN_POINT('',(0.067207738147031,-0.102680422339795,-0.00249));
#17708=CARTESIAN_POINT('',(0.067207738147031,-0.102680422339795,-0.00349));
#17709=CARTESIAN_POINT('',(0.0669819048877495,-0.102524863478417,-0.00249));
#17710=CARTESIAN_POINT('',(0.0669819048877495,-0.102524863478417,-0.00349));
#17711=CARTESIAN_POINT('',(0.0678200805947805,-0.102758201770484,-0.00249));
#17712=CARTESIAN_POINT('',(0.0678200805947805,-0.102758201770484,-0.00249));
#17713=CARTESIAN_POINT('',(0.0678200805947805,-0.102758201770484,-0.00249));
#17714=CARTESIAN_POINT('',(0.0673206547766717,-0.102758201770484,-0.00249));
#17715=CARTESIAN_POINT('',(0.0669819048877495,-0.102524863478417,-0.00249));
#17716=CARTESIAN_POINT('',(0.068178275341375,-0.102739780326374,-0.00249));
#17717=CARTESIAN_POINT('',(0.0685364700879695,-0.102721358882263,-0.00249));
#17718=CARTESIAN_POINT('',(0.0685364700879695,-0.102721358882263,-0.00249));
#17719=CARTESIAN_POINT('',(0.068178275341375,-0.102739780326374,-0.00249));
#17720=CARTESIAN_POINT('',(0.068619366586467,-0.103305728025993,-0.00249));
#17721=CARTESIAN_POINT('',(0.0687023336262511,-0.103890594442249,-0.00249));
#17722=CARTESIAN_POINT('',(0.0687023336262511,-0.103890594442249,-0.00249));
#17723=CARTESIAN_POINT('',(0.068619366586467,-0.103305728025993,-0.00249));
#17724=CARTESIAN_POINT('',(0.0682584466147386,-0.102300434393,-0.00249));
#17725=CARTESIAN_POINT('',(0.0684617608979655,-0.103939221020684,-0.00249));
#17726=CARTESIAN_POINT('',(0.0684617376672711,-0.103939023417696,-0.00249));
#17727=CARTESIAN_POINT('',(0.0682584466147386,-0.102300434393,-0.00249));
#17728=CARTESIAN_POINT('',(0.0681514574429012,-0.101825520664526,-0.00249));
#17729=CARTESIAN_POINT('',(0.068157807070141,-0.103961736119042,-0.00249));
#17730=CARTESIAN_POINT('',(0.068157807070141,-0.103961736119042,-0.00249));
#17731=CARTESIAN_POINT('',(0.0681514574429012,-0.101825520664526,-0.00249));
#17732=CARTESIAN_POINT('',(0.0671712363966637,-0.103660852531902,-0.00249));
#17733=CARTESIAN_POINT('',(0.0671712363966637,-0.103660852531902,-0.00349));
#17734=CARTESIAN_POINT('',(0.0674591567453549,-0.103861441589995,-0.00249));
#17735=CARTESIAN_POINT('',(0.0674591567453549,-0.103861441589995,-0.00349));
#17736=CARTESIAN_POINT('',(0.067788013636514,-0.103961736119042,-0.00249));
#17737=CARTESIAN_POINT('',(0.067788013636514,-0.103961736119042,-0.00349));
#17738=CARTESIAN_POINT('',(0.068157807070141,-0.103961736119042,-0.00249));
#17739=CARTESIAN_POINT('',(0.068157807070141,-0.103961736119042,-0.00349));
#17740=CARTESIAN_POINT('',(0.0671712363966637,-0.103660852531902,-0.00249));
#17741=CARTESIAN_POINT('',(0.0671712363966637,-0.103660852531902,-0.00249));
#17742=CARTESIAN_POINT('',(0.0671712363966637,-0.103660852531902,-0.00249));
#17743=CARTESIAN_POINT('',(0.0676031169197005,-0.103961736119042,-0.00249));
#17744=CARTESIAN_POINT('',(0.068157807070141,-0.103961736119042,-0.00249));
#17745=CARTESIAN_POINT('',(0.0664446127678578,-0.102829840719803,-0.00249));
#17746=CARTESIAN_POINT('',(0.0664446127678578,-0.102829840719803,-0.00349));
#17747=CARTESIAN_POINT('',(0.0666411081717039,-0.103183259536443,-0.00249));
#17748=CARTESIAN_POINT('',(0.0666411081717039,-0.103183259536443,-0.00349));
#17749=CARTESIAN_POINT('',(0.0668833160479726,-0.10346026347381,-0.00249));
#17750=CARTESIAN_POINT('',(0.0668833160479726,-0.10346026347381,-0.00349));
#17751=CARTESIAN_POINT('',(0.0671712363966637,-0.103660852531902,-0.00249));
#17752=CARTESIAN_POINT('',(0.0671712363966637,-0.103660852531902,-0.00349));
#17753=CARTESIAN_POINT('',(0.0664446127678578,-0.102829840719803,-0.00249));
#17754=CARTESIAN_POINT('',(0.0664446127678578,-0.102829840719803,-0.00249));
#17755=CARTESIAN_POINT('',(0.0664446127678578,-0.102829840719803,-0.00249));
#17756=CARTESIAN_POINT('',(0.066739355873627,-0.103359968944763,-0.00249));
#17757=CARTESIAN_POINT('',(0.0671712363966637,-0.103660852531902,-0.00249));
#17758=CARTESIAN_POINT('',(0.0663842313677176,-0.103331313365036,-0.00249));
#17759=CARTESIAN_POINT('',(0.0663238499675774,-0.103832786010268,-0.00249));
#17760=CARTESIAN_POINT('',(0.0663238499675774,-0.103832786010268,-0.00249));
#17761=CARTESIAN_POINT('',(0.0663842313677176,-0.103331313365036,-0.00249));
#17762=CARTESIAN_POINT('',(0.065239031592177,-0.103832786010268,-0.00249));
#17763=CARTESIAN_POINT('',(0.065239031592177,-0.103832786010268,-0.00249));
#17764=CARTESIAN_POINT('',(0.0828759320800245,-0.10360435,-0.00249));
#17765=CARTESIAN_POINT('',(0.0271762344054878,-0.134879059817952,-0.00249));
#17766=CARTESIAN_POINT('',(0.0271762344054878,-0.134879059817952,-0.00349));
#17767=CARTESIAN_POINT('',(0.0271762344054878,-0.134146295707776,-0.00249));
#17768=CARTESIAN_POINT('',(0.0271762344054878,-0.134146295707776,-0.00349));
#17769=CARTESIAN_POINT('',(0.0273307698533043,-0.133541117154959,-0.00249));
#17770=CARTESIAN_POINT('',(0.0273307698533043,-0.133541117154959,-0.00349));
#17771=CARTESIAN_POINT('',(0.0276398407489372,-0.133063524159499,-0.00249));
#17772=CARTESIAN_POINT('',(0.0276398407489372,-0.133063524159499,-0.00349));
#17773=CARTESIAN_POINT('',(0.0271762344054878,-0.134879059817952,-0.00349));
#17774=CARTESIAN_POINT('',(0.0271762344054878,-0.133779913652688,-0.00349));
#17775=CARTESIAN_POINT('',(0.0276398407489372,-0.133063524159499,-0.00349));
#17776=CARTESIAN_POINT('',(0.0271762344054878,-0.134879059817952,-0.00349));
#17777=CARTESIAN_POINT('',(0.0276398407489372,-0.133063524159499,-0.00349));
#17778=CARTESIAN_POINT('',(0.0271762344054878,-0.134879059817952,-0.00249));
#17779=CARTESIAN_POINT('',(0.0271762344054878,-0.134879059817952,-0.00249));
#17780=CARTESIAN_POINT('',(0.0271762344054878,-0.134879059817952,-0.00249));
#17781=CARTESIAN_POINT('',(0.0271762344054878,-0.133779913652688,-0.00249));
#17782=CARTESIAN_POINT('',(0.0276398407489372,-0.133063524159499,-0.00249));
#17783=CARTESIAN_POINT('',(0.0276398407489372,-0.133063524159499,-0.00249));
#17784=CARTESIAN_POINT('',(0.0276398407489372,-0.133063524159499,-0.00249));
#17785=CARTESIAN_POINT('',(0.0271762344054878,-0.13494967535371,-0.00249));
#17786=CARTESIAN_POINT('',(0.0271762344054878,-0.13494967535371,-0.00349));
#17787=CARTESIAN_POINT('',(0.0271762344054878,-0.135020290889467,-0.00349));
#17788=CARTESIAN_POINT('',(0.0271762344054878,-0.135020290889467,-0.00249));
#17789=CARTESIAN_POINT('',(0.0271762344054878,-0.135020290889467,-0.00249));
#17790=CARTESIAN_POINT('',(0.0271762344054878,-0.13494967535371,-0.00249));
#17791=CARTESIAN_POINT('',(0.0276367705082521,-0.13682968606655,-0.00249));
#17792=CARTESIAN_POINT('',(0.0276367705082521,-0.13682968606655,-0.00349));
#17793=CARTESIAN_POINT('',(0.0273297464397426,-0.136347999416844,-0.00249));
#17794=CARTESIAN_POINT('',(0.0273297464397426,-0.136347999416844,-0.00349));
#17795=CARTESIAN_POINT('',(0.0271762344054878,-0.135744867691149,-0.00249));
#17796=CARTESIAN_POINT('',(0.0271762344054878,-0.135744867691149,-0.00349));
#17797=CARTESIAN_POINT('',(0.0271762344054878,-0.135020290889467,-0.00249));
#17798=CARTESIAN_POINT('',(0.0271762344054878,-0.135020290889467,-0.00349));
#17799=CARTESIAN_POINT('',(0.0276367705082521,-0.13682968606655,-0.00349));
#17800=CARTESIAN_POINT('',(0.0271762344054878,-0.136107156091991,-0.00349));
#17801=CARTESIAN_POINT('',(0.0271762344054878,-0.135020290889467,-0.00349));
#17802=CARTESIAN_POINT('',(0.0276367705082521,-0.13682968606655,-0.00349));
#17803=CARTESIAN_POINT('',(0.0276367705082521,-0.13682968606655,-0.00249));
#17804=CARTESIAN_POINT('',(0.0276367705082521,-0.13682968606655,-0.00249));
#17805=CARTESIAN_POINT('',(0.0276367705082521,-0.13682968606655,-0.00249));
#17806=CARTESIAN_POINT('',(0.0271762344054878,-0.136107156091991,-0.00249));
#17807=CARTESIAN_POINT('',(0.0271762344054878,-0.135020290889467,-0.00249));
#17808=CARTESIAN_POINT('',(0.0290060978538047,-0.137552216041109,-0.00249));
#17809=CARTESIAN_POINT('',(0.0290060978538047,-0.137552216041109,-0.00349));
#17810=CARTESIAN_POINT('',(0.0284002370252792,-0.137552216041109,-0.00249));
#17811=CARTESIAN_POINT('',(0.0284002370252792,-0.137552216041109,-0.00349));
#17812=CARTESIAN_POINT('',(0.0279437945767616,-0.137311372716256,-0.00249));
#17813=CARTESIAN_POINT('',(0.0279437945767616,-0.137311372716256,-0.00349));
#17814=CARTESIAN_POINT('',(0.0276367705082521,-0.13682968606655,-0.00249));
#17815=CARTESIAN_POINT('',(0.0276367705082521,-0.13682968606655,-0.00349));
#17816=CARTESIAN_POINT('',(0.0290060978538047,-0.137552216041109,-0.00349));
#17817=CARTESIAN_POINT('',(0.0280973066110164,-0.137552216041109,-0.00349));
#17818=CARTESIAN_POINT('',(0.0276367705082521,-0.13682968606655,-0.00349));
#17819=CARTESIAN_POINT('',(0.0290060978538047,-0.137552216041109,-0.00349));
#17820=CARTESIAN_POINT('',(0.0290060978538047,-0.137552216041109,-0.00249));
#17821=CARTESIAN_POINT('',(0.0290060978538047,-0.137552216041109,-0.00249));
#17822=CARTESIAN_POINT('',(0.0290060978538047,-0.137552216041109,-0.00249));
#17823=CARTESIAN_POINT('',(0.0280973066110164,-0.137552216041109,-0.00249));
#17824=CARTESIAN_POINT('',(0.0276367705082521,-0.13682968606655,-0.00249));
#17825=CARTESIAN_POINT('',(0.0303805422671657,-0.13682968606655,-0.00249));
#17826=CARTESIAN_POINT('',(0.0303805422671657,-0.13682968606655,-0.00349));
#17827=CARTESIAN_POINT('',(0.0300687422687015,-0.137311372716256,-0.00249));
#17828=CARTESIAN_POINT('',(0.0300687422687015,-0.137311372716256,-0.00349));
#17829=CARTESIAN_POINT('',(0.0296105941309145,-0.137552216041109,-0.00249));
#17830=CARTESIAN_POINT('',(0.0296105941309145,-0.137552216041109,-0.00349));
#17831=CARTESIAN_POINT('',(0.0290060978538047,-0.137552216041109,-0.00249));
#17832=CARTESIAN_POINT('',(0.0290060978538047,-0.137552216041109,-0.00349));
#17833=CARTESIAN_POINT('',(0.0303805422671657,-0.13682968606655,-0.00349));
#17834=CARTESIAN_POINT('',(0.0299128422694695,-0.137552216041109,-0.00349));
#17835=CARTESIAN_POINT('',(0.0290060978538047,-0.137552216041109,-0.00349));
#17836=CARTESIAN_POINT('',(0.0303805422671657,-0.13682968606655,-0.00349));
#17837=CARTESIAN_POINT('',(0.0303805422671657,-0.13682968606655,-0.00249));
#17838=CARTESIAN_POINT('',(0.0303805422671657,-0.13682968606655,-0.00249));
#17839=CARTESIAN_POINT('',(0.0303805422671657,-0.13682968606655,-0.00249));
#17840=CARTESIAN_POINT('',(0.0299128422694695,-0.137552216041109,-0.00249));
#17841=CARTESIAN_POINT('',(0.0290060978538047,-0.137552216041109,-0.00249));
#17842=CARTESIAN_POINT('',(0.0308482422648618,-0.135020290889467,-0.00249));
#17843=CARTESIAN_POINT('',(0.0308482422648618,-0.135020290889467,-0.00349));
#17844=CARTESIAN_POINT('',(0.0308482422648618,-0.135744867691149,-0.00249));
#17845=CARTESIAN_POINT('',(0.0308482422648618,-0.135744867691149,-0.00349));
#17846=CARTESIAN_POINT('',(0.0306923422656298,-0.136347999416844,-0.00249));
#17847=CARTESIAN_POINT('',(0.0306923422656298,-0.136347999416844,-0.00349));
#17848=CARTESIAN_POINT('',(0.0303805422671657,-0.13682968606655,-0.00249));
#17849=CARTESIAN_POINT('',(0.0303805422671657,-0.13682968606655,-0.00349));
#17850=CARTESIAN_POINT('',(0.0308482422648618,-0.135020290889467,-0.00349));
#17851=CARTESIAN_POINT('',(0.0308482422648618,-0.136107156091991,-0.00349));
#17852=CARTESIAN_POINT('',(0.0303805422671657,-0.13682968606655,-0.00349));
#17853=CARTESIAN_POINT('',(0.0308482422648618,-0.135020290889467,-0.00349));
#17854=CARTESIAN_POINT('',(0.0308482422648618,-0.135020290889467,-0.00249));
#17855=CARTESIAN_POINT('',(0.0308482422648618,-0.135020290889467,-0.00249));
#17856=CARTESIAN_POINT('',(0.0308482422648618,-0.135020290889467,-0.00249));
#17857=CARTESIAN_POINT('',(0.0308482422648618,-0.136107156091991,-0.00249));
#17858=CARTESIAN_POINT('',(0.0303805422671657,-0.13682968606655,-0.00249));
#17859=CARTESIAN_POINT('',(0.0308482422648618,-0.13494967535371,-0.00249));
#17860=CARTESIAN_POINT('',(0.0308482422648618,-0.13494967535371,-0.00349));
#17861=CARTESIAN_POINT('',(0.0308482422648618,-0.134879059817952,-0.00349));
#17862=CARTESIAN_POINT('',(0.0308482422648618,-0.134879059817952,-0.00249));
#17863=CARTESIAN_POINT('',(0.0308482422648618,-0.134879059817952,-0.00249));
#17864=CARTESIAN_POINT('',(0.0308482422648618,-0.13494967535371,-0.00249));
#17865=CARTESIAN_POINT('',(0.0303805422671657,-0.133063524159499,-0.00249));
#17866=CARTESIAN_POINT('',(0.0303805422671657,-0.133063524159499,-0.00349));
#17867=CARTESIAN_POINT('',(0.0306923422656298,-0.133541117154959,-0.00249));
#17868=CARTESIAN_POINT('',(0.0306923422656298,-0.133541117154959,-0.00349));
#17869=CARTESIAN_POINT('',(0.0308482422648618,-0.134146295707776,-0.00249));
#17870=CARTESIAN_POINT('',(0.0308482422648618,-0.134146295707776,-0.00349));
#17871=CARTESIAN_POINT('',(0.0308482422648618,-0.134879059817952,-0.00249));
#17872=CARTESIAN_POINT('',(0.0308482422648618,-0.134879059817952,-0.00349));
#17873=CARTESIAN_POINT('',(0.0303805422671657,-0.133063524159499,-0.00349));
#17874=CARTESIAN_POINT('',(0.0308482422648618,-0.133779913652688,-0.00349));
#17875=CARTESIAN_POINT('',(0.0308482422648618,-0.134879059817952,-0.00349));
#17876=CARTESIAN_POINT('',(0.0303805422671657,-0.133063524159499,-0.00349));
#17877=CARTESIAN_POINT('',(0.0303805422671657,-0.133063524159499,-0.00249));
#17878=CARTESIAN_POINT('',(0.0303805422671657,-0.133063524159499,-0.00249));
#17879=CARTESIAN_POINT('',(0.0303805422671657,-0.133063524159499,-0.00249));
#17880=CARTESIAN_POINT('',(0.0308482422648618,-0.133779913652688,-0.00249));
#17881=CARTESIAN_POINT('',(0.0308482422648618,-0.134879059817952,-0.00249));
#17882=CARTESIAN_POINT('',(0.029018378816545,-0.13234713466631,-0.00249));
#17883=CARTESIAN_POINT('',(0.029018378816545,-0.13234713466631,-0.00349));
#17884=CARTESIAN_POINT('',(0.0296146877851613,-0.13234713466631,-0.00249));
#17885=CARTESIAN_POINT('',(0.0296146877851613,-0.13234713466631,-0.00349));
#17886=CARTESIAN_POINT('',(0.0300687422687015,-0.13258593116404,-0.00249));
#17887=CARTESIAN_POINT('',(0.0300687422687015,-0.13258593116404,-0.00349));
#17888=CARTESIAN_POINT('',(0.0303805422671657,-0.133063524159499,-0.00249));
#17889=CARTESIAN_POINT('',(0.0303805422671657,-0.133063524159499,-0.00349));
#17890=CARTESIAN_POINT('',(0.029018378816545,-0.13234713466631,-0.00349));
#17891=CARTESIAN_POINT('',(0.0299128422694695,-0.13234713466631,-0.00349));
#17892=CARTESIAN_POINT('',(0.0303805422671657,-0.133063524159499,-0.00349));
#17893=CARTESIAN_POINT('',(0.029018378816545,-0.13234713466631,-0.00349));
#17894=CARTESIAN_POINT('',(0.029018378816545,-0.13234713466631,-0.00249));
#17895=CARTESIAN_POINT('',(0.029018378816545,-0.13234713466631,-0.00249));
#17896=CARTESIAN_POINT('',(0.029018378816545,-0.13234713466631,-0.00249));
#17897=CARTESIAN_POINT('',(0.0299128422694695,-0.13234713466631,-0.00249));
#17898=CARTESIAN_POINT('',(0.0303805422671657,-0.133063524159499,-0.00249));
#17899=CARTESIAN_POINT('',(0.0259153888974753,-0.135020290889467,-0.00249));
#17900=CARTESIAN_POINT('',(0.0259153888974753,-0.135020290889467,-0.00349));
#17901=CARTESIAN_POINT('',(0.0259153888974753,-0.136043704451165,-0.00249));
#17902=CARTESIAN_POINT('',(0.0259153888974753,-0.136043704451165,-0.00349));
#17903=CARTESIAN_POINT('',(0.0261927339726955,-0.136886997226005,-0.00249));
#17904=CARTESIAN_POINT('',(0.0261927339726955,-0.136886997226005,-0.00349));
#17905=CARTESIAN_POINT('',(0.0267474241231361,-0.137550169213985,-0.00249));
#17906=CARTESIAN_POINT('',(0.0267474241231361,-0.137550169213985,-0.00349));
#17907=CARTESIAN_POINT('',(0.0259153888974753,-0.135020290889467,-0.00249));
#17908=CARTESIAN_POINT('',(0.0259153888974753,-0.135020290889467,-0.00249));
#17909=CARTESIAN_POINT('',(0.0259153888974753,-0.135020290889467,-0.00249));
#17910=CARTESIAN_POINT('',(0.0259153888974753,-0.136555411232014,-0.00249));
#17911=CARTESIAN_POINT('',(0.0267474241231361,-0.137550169213985,-0.00249));
#17912=CARTESIAN_POINT('',(0.0267474241231361,-0.137550169213985,-0.00249));
#17913=CARTESIAN_POINT('',(0.0267474241231361,-0.137550169213985,-0.00249));
#17914=CARTESIAN_POINT('',(0.0259153888974753,-0.13494967535371,-0.00249));
#17915=CARTESIAN_POINT('',(0.0259153888974753,-0.134879059817952,-0.00249));
#17916=CARTESIAN_POINT('',(0.0259153888974753,-0.134879059817952,-0.00249));
#17917=CARTESIAN_POINT('',(0.0259153888974753,-0.13494967535371,-0.00249));
#17918=CARTESIAN_POINT('',(0.0267474241231361,-0.132349181493434,-0.00249));
#17919=CARTESIAN_POINT('',(0.0267474241231361,-0.132349181493434,-0.00349));
#17920=CARTESIAN_POINT('',(0.0261927339726955,-0.133008259827168,-0.00249));
#17921=CARTESIAN_POINT('',(0.0261927339726955,-0.133008259827168,-0.00349));
#17922=CARTESIAN_POINT('',(0.0259153888974753,-0.133851552602007,-0.00249));
#17923=CARTESIAN_POINT('',(0.0259153888974753,-0.133851552602007,-0.00349));
#17924=CARTESIAN_POINT('',(0.0259153888974753,-0.134879059817952,-0.00249));
#17925=CARTESIAN_POINT('',(0.0259153888974753,-0.134879059817952,-0.00349));
#17926=CARTESIAN_POINT('',(0.0267474241231361,-0.132349181493434,-0.00249));
#17927=CARTESIAN_POINT('',(0.0267474241231361,-0.132349181493434,-0.00249));
#17928=CARTESIAN_POINT('',(0.0267474241231361,-0.132349181493434,-0.00249));
#17929=CARTESIAN_POINT('',(0.0259153888974753,-0.133337798994034,-0.00249));
#17930=CARTESIAN_POINT('',(0.0259153888974753,-0.134879059817952,-0.00249));
#17931=CARTESIAN_POINT('',(0.029018378816545,-0.131360563992833,-0.00249));
#17932=CARTESIAN_POINT('',(0.029018378816545,-0.131360563992833,-0.00349));
#17933=CARTESIAN_POINT('',(0.0280590991713796,-0.131360563992833,-0.00249));
#17934=CARTESIAN_POINT('',(0.0280590991713796,-0.131360563992833,-0.00349));
#17935=CARTESIAN_POINT('',(0.0273021142735767,-0.1316901031597,-0.00249));
#17936=CARTESIAN_POINT('',(0.0273021142735767,-0.1316901031597,-0.00349));
#17937=CARTESIAN_POINT('',(0.0267474241231361,-0.132349181493434,-0.00249));
#17938=CARTESIAN_POINT('',(0.0267474241231361,-0.132349181493434,-0.00349));
#17939=CARTESIAN_POINT('',(0.029018378816545,-0.131360563992833,-0.00249));
#17940=CARTESIAN_POINT('',(0.029018378816545,-0.131360563992833,-0.00249));
#17941=CARTESIAN_POINT('',(0.029018378816545,-0.131360563992833,-0.00249));
#17942=CARTESIAN_POINT('',(0.027579459348797,-0.131360563992833,-0.00249));
#17943=CARTESIAN_POINT('',(0.0267474241231361,-0.132349181493434,-0.00249));
#17944=CARTESIAN_POINT('',(0.0312760291336519,-0.132346111252749,-0.00249));
#17945=CARTESIAN_POINT('',(0.0312760291336519,-0.132346111252749,-0.00349));
#17946=CARTESIAN_POINT('',(0.0307220212589191,-0.131689079746138,-0.00249));
#17947=CARTESIAN_POINT('',(0.0307220212589191,-0.131689079746138,-0.00349));
#17948=CARTESIAN_POINT('',(0.0299694711532168,-0.131360563992833,-0.00249));
#17949=CARTESIAN_POINT('',(0.0299694711532168,-0.131360563992833,-0.00349));
#17950=CARTESIAN_POINT('',(0.029018378816545,-0.131360563992833,-0.00249));
#17951=CARTESIAN_POINT('',(0.029018378816545,-0.131360563992833,-0.00349));
#17952=CARTESIAN_POINT('',(0.0312760291336519,-0.132346111252749,-0.00249));
#17953=CARTESIAN_POINT('',(0.0312760291336519,-0.132346111252749,-0.00249));
#17954=CARTESIAN_POINT('',(0.0312760291336519,-0.132346111252749,-0.00249));
#17955=CARTESIAN_POINT('',(0.0304450173215526,-0.131360563992833,-0.00249));
#17956=CARTESIAN_POINT('',(0.029018378816545,-0.131360563992833,-0.00249));
#17957=CARTESIAN_POINT('',(0.032107040945751,-0.134879059817952,-0.00249));
#17958=CARTESIAN_POINT('',(0.032107040945751,-0.134879059817952,-0.00349));
#17959=CARTESIAN_POINT('',(0.032107040945751,-0.13384745894776,-0.00249));
#17960=CARTESIAN_POINT('',(0.032107040945751,-0.13384745894776,-0.00349));
#17961=CARTESIAN_POINT('',(0.0318300370083846,-0.133003142759359,-0.00249));
#17962=CARTESIAN_POINT('',(0.0318300370083846,-0.133003142759359,-0.00349));
#17963=CARTESIAN_POINT('',(0.0312760291336519,-0.132346111252749,-0.00249));
#17964=CARTESIAN_POINT('',(0.0312760291336519,-0.132346111252749,-0.00349));
#17965=CARTESIAN_POINT('',(0.032107040945751,-0.134879059817952,-0.00249));
#17966=CARTESIAN_POINT('',(0.032107040945751,-0.134879059817952,-0.00249));
#17967=CARTESIAN_POINT('',(0.032107040945751,-0.134879059817952,-0.00249));
#17968=CARTESIAN_POINT('',(0.032107040945751,-0.133331658512664,-0.00249));
#17969=CARTESIAN_POINT('',(0.0312760291336519,-0.132346111252749,-0.00249));
#17970=CARTESIAN_POINT('',(0.032107040945751,-0.13494967535371,-0.00249));
#17971=CARTESIAN_POINT('',(0.032107040945751,-0.135020290889467,-0.00249));
#17972=CARTESIAN_POINT('',(0.032107040945751,-0.135020290889467,-0.00249));
#17973=CARTESIAN_POINT('',(0.032107040945751,-0.13494967535371,-0.00249));
#17974=CARTESIAN_POINT('',(0.0312729588929668,-0.13755323945467,-0.00249));
#17975=CARTESIAN_POINT('',(0.0312729588929668,-0.13755323945467,-0.00349));
#17976=CARTESIAN_POINT('',(0.0318290135948229,-0.136892114293813,-0.00249));
#17977=CARTESIAN_POINT('',(0.0318290135948229,-0.136892114293813,-0.00349));
#17978=CARTESIAN_POINT('',(0.032107040945751,-0.136047798105412,-0.00249));
#17979=CARTESIAN_POINT('',(0.032107040945751,-0.136047798105412,-0.00349));
#17980=CARTESIAN_POINT('',(0.032107040945751,-0.135020290889467,-0.00249));
#17981=CARTESIAN_POINT('',(0.032107040945751,-0.135020290889467,-0.00349));
#17982=CARTESIAN_POINT('',(0.0312729588929668,-0.13755323945467,-0.00249));
#17983=CARTESIAN_POINT('',(0.0312729588929668,-0.13755323945467,-0.00249));
#17984=CARTESIAN_POINT('',(0.0312729588929668,-0.13755323945467,-0.00249));
#17985=CARTESIAN_POINT('',(0.032107040945751,-0.136561551713385,-0.00249));
#17986=CARTESIAN_POINT('',(0.032107040945751,-0.135020290889467,-0.00249));
#17987=CARTESIAN_POINT('',(0.0290060978538047,-0.138544927195956,-0.00249));
#17988=CARTESIAN_POINT('',(0.0290060978538047,-0.138544927195956,-0.00349));
#17989=CARTESIAN_POINT('',(0.0299612838447232,-0.138544927195956,-0.00249));
#17990=CARTESIAN_POINT('',(0.0299612838447232,-0.138544927195956,-0.00349));
#17991=CARTESIAN_POINT('',(0.0307169041911106,-0.138214364615528,-0.00249));
#17992=CARTESIAN_POINT('',(0.0307169041911106,-0.138214364615528,-0.00349));
#17993=CARTESIAN_POINT('',(0.0312729588929668,-0.13755323945467,-0.00249));
#17994=CARTESIAN_POINT('',(0.0312729588929668,-0.13755323945467,-0.00349));
#17995=CARTESIAN_POINT('',(0.0290060978538047,-0.138544927195956,-0.00249));
#17996=CARTESIAN_POINT('',(0.0290060978538047,-0.138544927195956,-0.00249));
#17997=CARTESIAN_POINT('',(0.0290060978538047,-0.138544927195956,-0.00249));
#17998=CARTESIAN_POINT('',(0.0304388768401825,-0.138544927195956,-0.00249));
#17999=CARTESIAN_POINT('',(0.0312729588929668,-0.13755323945467,-0.00249));
#18000=CARTESIAN_POINT('',(0.0267474241231361,-0.137550169213985,-0.00249));
#18001=CARTESIAN_POINT('',(0.0267474241231361,-0.137550169213985,-0.00349));
#18002=CARTESIAN_POINT('',(0.0273021142735767,-0.138213341201966,-0.00249));
#18003=CARTESIAN_POINT('',(0.0273021142735767,-0.138213341201966,-0.00349));
#18004=CARTESIAN_POINT('',(0.0280550055171328,-0.138544927195956,-0.00249));
#18005=CARTESIAN_POINT('',(0.0280550055171328,-0.138544927195956,-0.00349));
#18006=CARTESIAN_POINT('',(0.0290060978538047,-0.138544927195956,-0.00249));
#18007=CARTESIAN_POINT('',(0.0290060978538047,-0.138544927195956,-0.00349));
#18008=CARTESIAN_POINT('',(0.0267474241231361,-0.137550169213985,-0.00249));
#18009=CARTESIAN_POINT('',(0.027579459348797,-0.138544927195956,-0.00249));
#18010=CARTESIAN_POINT('',(0.0290060978538047,-0.138544927195956,-0.00249));
#18011=CARTESIAN_POINT('',(0.0276398407489372,-0.133063524159499,-0.00249));
#18012=CARTESIAN_POINT('',(0.0276398407489372,-0.133063524159499,-0.00349));
#18013=CARTESIAN_POINT('',(0.0279489116445701,-0.13258593116404,-0.00249));
#18014=CARTESIAN_POINT('',(0.0279489116445701,-0.13258593116404,-0.00349));
#18015=CARTESIAN_POINT('',(0.0284084243337727,-0.13234713466631,-0.00249));
#18016=CARTESIAN_POINT('',(0.0284084243337727,-0.13234713466631,-0.00349));
#18017=CARTESIAN_POINT('',(0.029018378816545,-0.13234713466631,-0.00249));
#18018=CARTESIAN_POINT('',(0.029018378816545,-0.13234713466631,-0.00349));
#18019=CARTESIAN_POINT('',(0.0276398407489372,-0.133063524159499,-0.00349));
#18020=CARTESIAN_POINT('',(0.0281034470923866,-0.13234713466631,-0.00349));
#18021=CARTESIAN_POINT('',(0.029018378816545,-0.13234713466631,-0.00349));
#18022=CARTESIAN_POINT('',(0.0276398407489372,-0.133063524159499,-0.00249));
#18023=CARTESIAN_POINT('',(0.0281034470923866,-0.13234713466631,-0.00249));
#18024=CARTESIAN_POINT('',(0.029018378816545,-0.13234713466631,-0.00249));
#18025=CARTESIAN_POINT('',(0.0828759320800245,-0.10360435,-0.00249));
#18026=CARTESIAN_POINT('',(0.0828881663964725,-0.10360435,-0.00349));
#18027=CARTESIAN_POINT('',(0.0828881663964725,-0.10360435,-0.00349));
#18028=CARTESIAN_POINT('',(0.0828881663964725,-0.10360435,-0.00349));
#18029=CARTESIAN_POINT('',(0.0828881663964725,-0.10360435,-0.00349));
#18030=CARTESIAN_POINT('',(0.0828881663964725,-0.10360435,-0.00349));
#18031=CARTESIAN_POINT('',(0.0828881663964725,-0.10360435,-0.00349));
#18032=CARTESIAN_POINT('',(0.0828881663964725,-0.10360435,-0.00349));
#18033=CARTESIAN_POINT('',(0.0828881663964725,-0.10360435,-0.00349));
#18034=CARTESIAN_POINT('',(0.0828881663964725,-0.10360435,-0.00349));
#18035=MECHANICAL_DESIGN_GEOMETRIC_PRESENTATION_REPRESENTATION('',(#10345),
#18036);
#18036=(
GEOMETRIC_REPRESENTATION_CONTEXT(3)
GLOBAL_UNCERTAINTY_ASSIGNED_CONTEXT((#18037))
GLOBAL_UNIT_ASSIGNED_CONTEXT((#18040,#18039,#18038))
REPRESENTATION_CONTEXT('LBottom','TOP_LEVEL_ASSEMBLY_PART')
);
#18037=UNCERTAINTY_MEASURE_WITH_UNIT(LENGTH_MEASURE(2.E-5),#18040,
'DISTANCE_ACCURACY_VALUE','Maximum Tolerance applied to model');
#18038=(
NAMED_UNIT(*)
SI_UNIT($,.STERADIAN.)
SOLID_ANGLE_UNIT()
);
#18039=(
NAMED_UNIT(*)
PLANE_ANGLE_UNIT()
SI_UNIT($,.RADIAN.)
);
#18040=(
LENGTH_UNIT()
NAMED_UNIT(*)
SI_UNIT($,.METRE.)
);
#18041=PRODUCT_DEFINITION_SHAPE('','',#18042);
#18042=PRODUCT_DEFINITION('','',#18044,#18043);
#18043=PRODUCT_DEFINITION_CONTEXT('',#18050,'design');
#18044=PRODUCT_DEFINITION_FORMATION_WITH_SPECIFIED_SOURCE('','',#18046,
 .NOT_KNOWN.);
#18045=PRODUCT_RELATED_PRODUCT_CATEGORY('','',(#18046));
#18046=PRODUCT('LBottom','LBottom','LBottom',(#18048));
#18047=PRODUCT_CATEGORY('','');
#18048=PRODUCT_CONTEXT('',#18050,'mechanical');
#18049=APPLICATION_PROTOCOL_DEFINITION('international standard',
'ap242_managed_model_based_3d_engineering',2020,#18050);
#18050=APPLICATION_CONTEXT('managed model based 3d engineering');
ENDSEC;
END-ISO-10303-21;
