ISO-10303-21;
HEADER;
/* Generated by software containing ST-Developer
 * from STEP Tools, Inc. (www.steptools.com) 
 */
/* OPTION: using custom renumber hook */

FILE_DESCRIPTION(
/* description */ ('STEP AP242 Edition 2',
'CAx-IF Rec.Pracs.---Representation and Presentation of Product Manufa
cturing Information (PMI)---4.0---2014-10-13',
'CAx-IF Rec.Pracs.---3D Tessellated Geometry---0.4---2014-09-14','2;1',
'CAx-IF Rec.Pracs.---User Defined Attributes---1.5---2016-08-15'),
/* implementation_level */ '2;1');

FILE_NAME(
/* name */ 'splitkeyboard (1) - LTop',
/* time_stamp */ '2026-07-02T00:31:17Z',
/* author */ (''),
/* organization */ (''),
/* preprocessor_version */ 'ST-DEVELOPER v20',
/* originating_system */ 'ONSHAPE BY PTC INC, 1.217',
/* authorisation */ '  ');

FILE_SCHEMA (('AP242_MANAGED_MODEL_BASED_3D_ENGINEERING_MIM_LF { 1 0 10303 442 3 1 4 }'));
ENDSEC;

DATA;
#10=SHAPE_REPRESENTATION_RELATIONSHIP('','',#3786,#11);
#11=ADVANCED_BREP_SHAPE_REPRESENTATION('',(#3784),#6292);
#12=ELLIPSE('',#3968,0.000898025612106916,0.000635);
#13=ELLIPSE('',#3974,0.000898025612106916,0.000635);
#14=ELLIPSE('',#3975,0.000898025612106916,0.000635);
#15=ELLIPSE('',#3977,0.000898025612106916,0.000635);
#16=ELLIPSE('',#3979,0.000898025612106916,0.000635);
#17=ELLIPSE('',#3982,0.000898025612106916,0.000635);
#18=ELLIPSE('',#3983,0.000898025612106916,0.000635);
#19=ELLIPSE('',#3985,0.000898025612106916,0.000635);
#20=ELLIPSE('',#3987,0.000898025612106916,0.000635);
#21=ELLIPSE('',#3990,0.000898025612106916,0.000635);
#22=ELLIPSE('',#3991,0.000898025612106916,0.000635);
#23=ELLIPSE('',#3993,0.000898025612106916,0.000635);
#24=ELLIPSE('',#3995,0.000898025612106916,0.000635);
#25=ELLIPSE('',#3998,0.000898025612106916,0.000635);
#26=ELLIPSE('',#3999,0.000898025612106916,0.000635);
#27=ELLIPSE('',#4001,0.000898025612106916,0.000635);
#28=ELLIPSE('',#4003,0.000898025612106916,0.000635);
#29=ELLIPSE('',#4006,0.000898025612106916,0.000635);
#30=ELLIPSE('',#4007,0.000898025612106916,0.000635);
#31=ELLIPSE('',#4009,0.000898025612106916,0.000635);
#32=ELLIPSE('',#4011,0.000898025612106916,0.000635);
#33=ELLIPSE('',#4014,0.000898025612106916,0.000635);
#34=ELLIPSE('',#4015,0.000898025612106916,0.000635);
#35=ELLIPSE('',#4017,0.000898025612106916,0.000635);
#36=ELLIPSE('',#4019,0.000898025612106916,0.000635);
#37=ELLIPSE('',#4022,0.000898025612106916,0.000635);
#38=ELLIPSE('',#4023,0.000898025612106916,0.000635);
#39=ELLIPSE('',#4025,0.000898025612106916,0.000635);
#40=ELLIPSE('',#4027,0.000898025612106916,0.000635);
#41=ELLIPSE('',#4030,0.000898025612106916,0.000635);
#42=ELLIPSE('',#4031,0.000898025612106916,0.000635);
#43=ELLIPSE('',#4033,0.000898025612106916,0.000635);
#44=ELLIPSE('',#4035,0.000898025612106916,0.000635);
#45=ELLIPSE('',#4038,0.000898025612106916,0.000635);
#46=ELLIPSE('',#4039,0.000898025612106916,0.000635);
#47=ELLIPSE('',#4041,0.000898025612106916,0.000635);
#48=ELLIPSE('',#4043,0.000898025612106916,0.000635);
#49=ELLIPSE('',#4046,0.000898025612106916,0.000635);
#50=ELLIPSE('',#4047,0.000898025612106916,0.000635);
#51=ELLIPSE('',#4049,0.000898025612106916,0.000635);
#52=ELLIPSE('',#4051,0.000898025612106916,0.000635);
#53=ELLIPSE('',#4054,0.000898025612106916,0.000635);
#54=ELLIPSE('',#4055,0.000898025612106916,0.000635);
#55=ELLIPSE('',#4057,0.000898025612106916,0.000635);
#56=ELLIPSE('',#4059,0.000898025612106916,0.000635);
#57=ELLIPSE('',#4062,0.000898025612106916,0.000635);
#58=ELLIPSE('',#4063,0.000898025612106916,0.000635);
#59=ELLIPSE('',#4065,0.000898025612106916,0.000635);
#60=ELLIPSE('',#4067,0.000898025612106916,0.000635);
#61=ELLIPSE('',#4070,0.000898025612106916,0.000635);
#62=ELLIPSE('',#4071,0.000898025612106916,0.000635);
#63=ELLIPSE('',#4073,0.000898025612106916,0.000635);
#64=ELLIPSE('',#4075,0.000898025612106916,0.000635);
#65=ELLIPSE('',#4078,0.000898025612106916,0.000635);
#66=ELLIPSE('',#4079,0.000898025612106916,0.000635);
#67=ELLIPSE('',#4081,0.000898025612106916,0.000635);
#68=ELLIPSE('',#4083,0.000898025612106916,0.000635);
#69=ELLIPSE('',#4086,0.000898025612106916,0.000635);
#70=ELLIPSE('',#4087,0.000898025612106916,0.000635);
#71=ELLIPSE('',#4089,0.000898025612106916,0.000635);
#72=ELLIPSE('',#4091,0.000898025612106916,0.000635);
#73=ELLIPSE('',#4094,0.000898025612106916,0.000635);
#74=ELLIPSE('',#4095,0.000898025612106916,0.000635);
#75=ELLIPSE('',#4097,0.000898025612106916,0.000635);
#76=ELLIPSE('',#4099,0.000898025612106916,0.000635);
#77=ELLIPSE('',#4102,0.000898025612106916,0.000635);
#78=ELLIPSE('',#4103,0.000898025612106916,0.000635);
#79=ELLIPSE('',#4105,0.000898025612106916,0.000635);
#80=ELLIPSE('',#4107,0.000898025612106916,0.000635);
#81=ELLIPSE('',#4110,0.000898025612106916,0.000635);
#82=ELLIPSE('',#4111,0.000898025612106916,0.000635);
#83=ELLIPSE('',#4113,0.000898025612106916,0.000635);
#84=ELLIPSE('',#4115,0.000898025612106916,0.000635);
#85=ELLIPSE('',#4118,0.000898025612106916,0.000635);
#86=ELLIPSE('',#4119,0.000898025612106916,0.000635);
#87=ELLIPSE('',#4121,0.000898025612106916,0.000635);
#88=ELLIPSE('',#4123,0.000898025612106916,0.000635);
#89=ELLIPSE('',#4126,0.000898025612106916,0.000635);
#90=ELLIPSE('',#4127,0.000898025612106916,0.000635);
#91=ELLIPSE('',#4129,0.000898025612106916,0.000635);
#92=ELLIPSE('',#4131,0.000898025612106916,0.000635);
#93=ELLIPSE('',#4134,0.000898025612106916,0.000635);
#94=ELLIPSE('',#4135,0.000898025612106916,0.000635);
#95=ELLIPSE('',#4137,0.000898025612106916,0.000635);
#96=ELLIPSE('',#4139,0.000898025612106916,0.000635);
#97=TOROIDAL_SURFACE('',#3932,0.00254,0.000635);
#98=TOROIDAL_SURFACE('',#3939,0.00254,0.000635);
#99=TOROIDAL_SURFACE('',#3941,0.00127,0.000635);
#100=TOROIDAL_SURFACE('',#3947,0.00127,0.000635);
#101=TOROIDAL_SURFACE('',#3949,0.00127,0.000635);
#102=TOROIDAL_SURFACE('',#3955,0.00127,0.000635);
#103=TOROIDAL_SURFACE('',#3957,0.00127,0.000635);
#104=TOROIDAL_SURFACE('',#3963,0.00127,0.000635);
#105=TOROIDAL_SURFACE('',#3965,0.00127,0.000635);
#106=TOROIDAL_SURFACE('',#3970,0.002385,0.000635);
#107=TOROIDAL_SURFACE('',#3971,0.002385,0.000635);
#108=TOROIDAL_SURFACE('',#3972,0.002385,0.000635);
#109=CIRCLE('',#3859,0.00175);
#110=CIRCLE('',#3860,0.00175);
#111=CIRCLE('',#3862,0.00175);
#112=CIRCLE('',#3863,0.00175);
#113=CIRCLE('',#3887,0.00175);
#114=CIRCLE('',#3888,0.00175);
#115=CIRCLE('',#3890,0.00127);
#116=CIRCLE('',#3891,0.00127);
#117=CIRCLE('',#3892,0.00127);
#118=CIRCLE('',#3893,0.00127);
#119=CIRCLE('',#3894,0.00254);
#120=CIRCLE('',#3895,0.00254);
#121=CIRCLE('',#3896,0.00127);
#122=CIRCLE('',#3897,0.00127);
#123=CIRCLE('',#3898,0.00127);
#124=CIRCLE('',#3899,0.002385);
#125=CIRCLE('',#3900,0.002385);
#126=CIRCLE('',#3901,0.002385);
#127=CIRCLE('',#3903,0.001905);
#128=CIRCLE('',#3904,0.001905);
#129=CIRCLE('',#3905,0.001905);
#130=CIRCLE('',#3906,0.001905);
#131=CIRCLE('',#3907,0.001905);
#132=CIRCLE('',#3908,0.001905);
#133=CIRCLE('',#3909,0.001905);
#134=CIRCLE('',#3910,0.001905);
#135=CIRCLE('',#3911,0.001905);
#136=CIRCLE('',#3915,0.001905);
#137=CIRCLE('',#3917,0.001905);
#138=CIRCLE('',#3919,0.001905);
#139=CIRCLE('',#3921,0.001905);
#140=CIRCLE('',#3923,0.001905);
#141=CIRCLE('',#3925,0.001905);
#142=CIRCLE('',#3927,0.001905);
#143=CIRCLE('',#3929,0.001905);
#144=CIRCLE('',#3931,0.001905);
#145=CIRCLE('',#3933,0.000635);
#146=CIRCLE('',#3934,0.000635);
#147=CIRCLE('',#3936,0.000635);
#148=CIRCLE('',#3938,0.000635);
#149=CIRCLE('',#3940,0.000635);
#150=CIRCLE('',#3942,0.000635);
#151=CIRCLE('',#3944,0.000635);
#152=CIRCLE('',#3946,0.000635);
#153=CIRCLE('',#3948,0.000635);
#154=CIRCLE('',#3950,0.000635);
#155=CIRCLE('',#3952,0.000635);
#156=CIRCLE('',#3954,0.000635);
#157=CIRCLE('',#3956,0.000635);
#158=CIRCLE('',#3958,0.000635);
#159=CIRCLE('',#3960,0.000635);
#160=CIRCLE('',#3962,0.000635);
#161=CIRCLE('',#3964,0.000635);
#162=CIRCLE('',#3966,0.000635);
#163=CYLINDRICAL_SURFACE('',#3858,0.00175);
#164=CYLINDRICAL_SURFACE('',#3861,0.00175);
#165=CYLINDRICAL_SURFACE('',#3886,0.00175);
#166=CYLINDRICAL_SURFACE('',#3914,0.001905);
#167=CYLINDRICAL_SURFACE('',#3916,0.001905);
#168=CYLINDRICAL_SURFACE('',#3918,0.001905);
#169=CYLINDRICAL_SURFACE('',#3920,0.001905);
#170=CYLINDRICAL_SURFACE('',#3922,0.001905);
#171=CYLINDRICAL_SURFACE('',#3924,0.001905);
#172=CYLINDRICAL_SURFACE('',#3926,0.001905);
#173=CYLINDRICAL_SURFACE('',#3928,0.001905);
#174=CYLINDRICAL_SURFACE('',#3930,0.001905);
#175=CYLINDRICAL_SURFACE('',#3935,0.000635);
#176=CYLINDRICAL_SURFACE('',#3937,0.000635);
#177=CYLINDRICAL_SURFACE('',#3943,0.000635);
#178=CYLINDRICAL_SURFACE('',#3945,0.000635);
#179=CYLINDRICAL_SURFACE('',#3951,0.000635);
#180=CYLINDRICAL_SURFACE('',#3953,0.000635);
#181=CYLINDRICAL_SURFACE('',#3959,0.000635);
#182=CYLINDRICAL_SURFACE('',#3961,0.000635);
#183=CYLINDRICAL_SURFACE('',#3967,0.000635);
#184=CYLINDRICAL_SURFACE('',#3969,0.000635);
#185=CYLINDRICAL_SURFACE('',#3973,0.000635);
#186=CYLINDRICAL_SURFACE('',#3976,0.000635);
#187=CYLINDRICAL_SURFACE('',#3978,0.000635);
#188=CYLINDRICAL_SURFACE('',#3980,0.000635);
#189=CYLINDRICAL_SURFACE('',#3981,0.000635);
#190=CYLINDRICAL_SURFACE('',#3984,0.000635);
#191=CYLINDRICAL_SURFACE('',#3986,0.000635);
#192=CYLINDRICAL_SURFACE('',#3988,0.000635);
#193=CYLINDRICAL_SURFACE('',#3989,0.000635);
#194=CYLINDRICAL_SURFACE('',#3992,0.000635);
#195=CYLINDRICAL_SURFACE('',#3994,0.000635);
#196=CYLINDRICAL_SURFACE('',#3996,0.000635);
#197=CYLINDRICAL_SURFACE('',#3997,0.000635);
#198=CYLINDRICAL_SURFACE('',#4000,0.000635);
#199=CYLINDRICAL_SURFACE('',#4002,0.000635);
#200=CYLINDRICAL_SURFACE('',#4004,0.000635);
#201=CYLINDRICAL_SURFACE('',#4005,0.000635);
#202=CYLINDRICAL_SURFACE('',#4008,0.000635);
#203=CYLINDRICAL_SURFACE('',#4010,0.000635);
#204=CYLINDRICAL_SURFACE('',#4012,0.000635);
#205=CYLINDRICAL_SURFACE('',#4013,0.000635);
#206=CYLINDRICAL_SURFACE('',#4016,0.000635);
#207=CYLINDRICAL_SURFACE('',#4018,0.000635);
#208=CYLINDRICAL_SURFACE('',#4020,0.000635);
#209=CYLINDRICAL_SURFACE('',#4021,0.000635);
#210=CYLINDRICAL_SURFACE('',#4024,0.000635);
#211=CYLINDRICAL_SURFACE('',#4026,0.000635);
#212=CYLINDRICAL_SURFACE('',#4028,0.000635);
#213=CYLINDRICAL_SURFACE('',#4029,0.000635);
#214=CYLINDRICAL_SURFACE('',#4032,0.000635);
#215=CYLINDRICAL_SURFACE('',#4034,0.000635);
#216=CYLINDRICAL_SURFACE('',#4036,0.000635);
#217=CYLINDRICAL_SURFACE('',#4037,0.000635);
#218=CYLINDRICAL_SURFACE('',#4040,0.000635);
#219=CYLINDRICAL_SURFACE('',#4042,0.000635);
#220=CYLINDRICAL_SURFACE('',#4044,0.000635);
#221=CYLINDRICAL_SURFACE('',#4045,0.000635);
#222=CYLINDRICAL_SURFACE('',#4048,0.000635);
#223=CYLINDRICAL_SURFACE('',#4050,0.000635);
#224=CYLINDRICAL_SURFACE('',#4052,0.000635);
#225=CYLINDRICAL_SURFACE('',#4053,0.000635);
#226=CYLINDRICAL_SURFACE('',#4056,0.000635);
#227=CYLINDRICAL_SURFACE('',#4058,0.000635);
#228=CYLINDRICAL_SURFACE('',#4060,0.000635);
#229=CYLINDRICAL_SURFACE('',#4061,0.000635);
#230=CYLINDRICAL_SURFACE('',#4064,0.000635);
#231=CYLINDRICAL_SURFACE('',#4066,0.000635);
#232=CYLINDRICAL_SURFACE('',#4068,0.000635);
#233=CYLINDRICAL_SURFACE('',#4069,0.000635);
#234=CYLINDRICAL_SURFACE('',#4072,0.000635);
#235=CYLINDRICAL_SURFACE('',#4074,0.000635);
#236=CYLINDRICAL_SURFACE('',#4076,0.000635);
#237=CYLINDRICAL_SURFACE('',#4077,0.000635);
#238=CYLINDRICAL_SURFACE('',#4080,0.000635);
#239=CYLINDRICAL_SURFACE('',#4082,0.000635);
#240=CYLINDRICAL_SURFACE('',#4084,0.000635);
#241=CYLINDRICAL_SURFACE('',#4085,0.000635);
#242=CYLINDRICAL_SURFACE('',#4088,0.000635);
#243=CYLINDRICAL_SURFACE('',#4090,0.000635);
#244=CYLINDRICAL_SURFACE('',#4092,0.000635);
#245=CYLINDRICAL_SURFACE('',#4093,0.000635);
#246=CYLINDRICAL_SURFACE('',#4096,0.000635);
#247=CYLINDRICAL_SURFACE('',#4098,0.000635);
#248=CYLINDRICAL_SURFACE('',#4100,0.000635);
#249=CYLINDRICAL_SURFACE('',#4101,0.000635);
#250=CYLINDRICAL_SURFACE('',#4104,0.000635);
#251=CYLINDRICAL_SURFACE('',#4106,0.000635);
#252=CYLINDRICAL_SURFACE('',#4108,0.000635);
#253=CYLINDRICAL_SURFACE('',#4109,0.000635);
#254=CYLINDRICAL_SURFACE('',#4112,0.000635);
#255=CYLINDRICAL_SURFACE('',#4114,0.000635);
#256=CYLINDRICAL_SURFACE('',#4116,0.000635);
#257=CYLINDRICAL_SURFACE('',#4117,0.000635);
#258=CYLINDRICAL_SURFACE('',#4120,0.000635);
#259=CYLINDRICAL_SURFACE('',#4122,0.000635);
#260=CYLINDRICAL_SURFACE('',#4124,0.000635);
#261=CYLINDRICAL_SURFACE('',#4125,0.000635);
#262=CYLINDRICAL_SURFACE('',#4128,0.000635);
#263=CYLINDRICAL_SURFACE('',#4130,0.000635);
#264=CYLINDRICAL_SURFACE('',#4132,0.000635);
#265=CYLINDRICAL_SURFACE('',#4133,0.000635);
#266=CYLINDRICAL_SURFACE('',#4136,0.000635);
#267=CYLINDRICAL_SURFACE('',#4138,0.000635);
#268=CYLINDRICAL_SURFACE('',#4140,0.000635);
#269=ORIENTED_EDGE('',*,*,#1317,.T.);
#270=ORIENTED_EDGE('',*,*,#1318,.T.);
#271=ORIENTED_EDGE('',*,*,#1319,.T.);
#272=ORIENTED_EDGE('',*,*,#1320,.F.);
#273=ORIENTED_EDGE('',*,*,#1321,.T.);
#274=ORIENTED_EDGE('',*,*,#1322,.T.);
#275=ORIENTED_EDGE('',*,*,#1323,.T.);
#276=ORIENTED_EDGE('',*,*,#1324,.T.);
#277=ORIENTED_EDGE('',*,*,#1325,.F.);
#278=ORIENTED_EDGE('',*,*,#1326,.T.);
#279=ORIENTED_EDGE('',*,*,#1327,.T.);
#280=ORIENTED_EDGE('',*,*,#1328,.F.);
#281=ORIENTED_EDGE('',*,*,#1329,.F.);
#282=ORIENTED_EDGE('',*,*,#1330,.T.);
#283=ORIENTED_EDGE('',*,*,#1325,.T.);
#284=ORIENTED_EDGE('',*,*,#1331,.T.);
#285=ORIENTED_EDGE('',*,*,#1332,.F.);
#286=ORIENTED_EDGE('',*,*,#1333,.T.);
#287=ORIENTED_EDGE('',*,*,#1329,.T.);
#288=ORIENTED_EDGE('',*,*,#1334,.T.);
#289=ORIENTED_EDGE('',*,*,#1335,.F.);
#290=ORIENTED_EDGE('',*,*,#1336,.T.);
#291=ORIENTED_EDGE('',*,*,#1337,.T.);
#292=ORIENTED_EDGE('',*,*,#1338,.F.);
#293=ORIENTED_EDGE('',*,*,#1339,.F.);
#294=ORIENTED_EDGE('',*,*,#1340,.T.);
#295=ORIENTED_EDGE('',*,*,#1335,.T.);
#296=ORIENTED_EDGE('',*,*,#1341,.F.);
#297=ORIENTED_EDGE('',*,*,#1342,.F.);
#298=ORIENTED_EDGE('',*,*,#1343,.T.);
#299=ORIENTED_EDGE('',*,*,#1339,.T.);
#300=ORIENTED_EDGE('',*,*,#1344,.T.);
#301=ORIENTED_EDGE('',*,*,#1345,.F.);
#302=ORIENTED_EDGE('',*,*,#1346,.T.);
#303=ORIENTED_EDGE('',*,*,#1347,.T.);
#304=ORIENTED_EDGE('',*,*,#1348,.F.);
#305=ORIENTED_EDGE('',*,*,#1349,.F.);
#306=ORIENTED_EDGE('',*,*,#1350,.T.);
#307=ORIENTED_EDGE('',*,*,#1345,.T.);
#308=ORIENTED_EDGE('',*,*,#1351,.F.);
#309=ORIENTED_EDGE('',*,*,#1352,.F.);
#310=ORIENTED_EDGE('',*,*,#1353,.T.);
#311=ORIENTED_EDGE('',*,*,#1349,.T.);
#312=ORIENTED_EDGE('',*,*,#1354,.T.);
#313=ORIENTED_EDGE('',*,*,#1355,.F.);
#314=ORIENTED_EDGE('',*,*,#1356,.T.);
#315=ORIENTED_EDGE('',*,*,#1357,.T.);
#316=ORIENTED_EDGE('',*,*,#1358,.F.);
#317=ORIENTED_EDGE('',*,*,#1359,.F.);
#318=ORIENTED_EDGE('',*,*,#1360,.T.);
#319=ORIENTED_EDGE('',*,*,#1355,.T.);
#320=ORIENTED_EDGE('',*,*,#1361,.F.);
#321=ORIENTED_EDGE('',*,*,#1362,.F.);
#322=ORIENTED_EDGE('',*,*,#1363,.T.);
#323=ORIENTED_EDGE('',*,*,#1359,.T.);
#324=ORIENTED_EDGE('',*,*,#1364,.T.);
#325=ORIENTED_EDGE('',*,*,#1365,.F.);
#326=ORIENTED_EDGE('',*,*,#1366,.T.);
#327=ORIENTED_EDGE('',*,*,#1367,.T.);
#328=ORIENTED_EDGE('',*,*,#1368,.F.);
#329=ORIENTED_EDGE('',*,*,#1369,.F.);
#330=ORIENTED_EDGE('',*,*,#1370,.T.);
#331=ORIENTED_EDGE('',*,*,#1365,.T.);
#332=ORIENTED_EDGE('',*,*,#1371,.F.);
#333=ORIENTED_EDGE('',*,*,#1372,.F.);
#334=ORIENTED_EDGE('',*,*,#1373,.T.);
#335=ORIENTED_EDGE('',*,*,#1369,.T.);
#336=ORIENTED_EDGE('',*,*,#1374,.T.);
#337=ORIENTED_EDGE('',*,*,#1375,.F.);
#338=ORIENTED_EDGE('',*,*,#1376,.T.);
#339=ORIENTED_EDGE('',*,*,#1377,.T.);
#340=ORIENTED_EDGE('',*,*,#1378,.F.);
#341=ORIENTED_EDGE('',*,*,#1379,.F.);
#342=ORIENTED_EDGE('',*,*,#1380,.T.);
#343=ORIENTED_EDGE('',*,*,#1375,.T.);
#344=ORIENTED_EDGE('',*,*,#1381,.F.);
#345=ORIENTED_EDGE('',*,*,#1382,.F.);
#346=ORIENTED_EDGE('',*,*,#1383,.T.);
#347=ORIENTED_EDGE('',*,*,#1379,.T.);
#348=ORIENTED_EDGE('',*,*,#1384,.T.);
#349=ORIENTED_EDGE('',*,*,#1385,.F.);
#350=ORIENTED_EDGE('',*,*,#1386,.T.);
#351=ORIENTED_EDGE('',*,*,#1387,.T.);
#352=ORIENTED_EDGE('',*,*,#1388,.F.);
#353=ORIENTED_EDGE('',*,*,#1389,.F.);
#354=ORIENTED_EDGE('',*,*,#1390,.T.);
#355=ORIENTED_EDGE('',*,*,#1385,.T.);
#356=ORIENTED_EDGE('',*,*,#1391,.F.);
#357=ORIENTED_EDGE('',*,*,#1392,.F.);
#358=ORIENTED_EDGE('',*,*,#1393,.T.);
#359=ORIENTED_EDGE('',*,*,#1389,.T.);
#360=ORIENTED_EDGE('',*,*,#1394,.T.);
#361=ORIENTED_EDGE('',*,*,#1395,.F.);
#362=ORIENTED_EDGE('',*,*,#1396,.T.);
#363=ORIENTED_EDGE('',*,*,#1397,.T.);
#364=ORIENTED_EDGE('',*,*,#1398,.F.);
#365=ORIENTED_EDGE('',*,*,#1399,.F.);
#366=ORIENTED_EDGE('',*,*,#1400,.T.);
#367=ORIENTED_EDGE('',*,*,#1395,.T.);
#368=ORIENTED_EDGE('',*,*,#1401,.F.);
#369=ORIENTED_EDGE('',*,*,#1402,.F.);
#370=ORIENTED_EDGE('',*,*,#1403,.T.);
#371=ORIENTED_EDGE('',*,*,#1399,.T.);
#372=ORIENTED_EDGE('',*,*,#1404,.T.);
#373=ORIENTED_EDGE('',*,*,#1405,.F.);
#374=ORIENTED_EDGE('',*,*,#1406,.T.);
#375=ORIENTED_EDGE('',*,*,#1407,.T.);
#376=ORIENTED_EDGE('',*,*,#1408,.F.);
#377=ORIENTED_EDGE('',*,*,#1409,.F.);
#378=ORIENTED_EDGE('',*,*,#1410,.T.);
#379=ORIENTED_EDGE('',*,*,#1405,.T.);
#380=ORIENTED_EDGE('',*,*,#1411,.F.);
#381=ORIENTED_EDGE('',*,*,#1412,.F.);
#382=ORIENTED_EDGE('',*,*,#1413,.T.);
#383=ORIENTED_EDGE('',*,*,#1409,.T.);
#384=ORIENTED_EDGE('',*,*,#1414,.T.);
#385=ORIENTED_EDGE('',*,*,#1415,.F.);
#386=ORIENTED_EDGE('',*,*,#1416,.T.);
#387=ORIENTED_EDGE('',*,*,#1417,.T.);
#388=ORIENTED_EDGE('',*,*,#1418,.F.);
#389=ORIENTED_EDGE('',*,*,#1419,.F.);
#390=ORIENTED_EDGE('',*,*,#1420,.T.);
#391=ORIENTED_EDGE('',*,*,#1415,.T.);
#392=ORIENTED_EDGE('',*,*,#1421,.F.);
#393=ORIENTED_EDGE('',*,*,#1422,.F.);
#394=ORIENTED_EDGE('',*,*,#1423,.T.);
#395=ORIENTED_EDGE('',*,*,#1419,.T.);
#396=ORIENTED_EDGE('',*,*,#1424,.T.);
#397=ORIENTED_EDGE('',*,*,#1425,.F.);
#398=ORIENTED_EDGE('',*,*,#1426,.T.);
#399=ORIENTED_EDGE('',*,*,#1427,.T.);
#400=ORIENTED_EDGE('',*,*,#1428,.F.);
#401=ORIENTED_EDGE('',*,*,#1429,.F.);
#402=ORIENTED_EDGE('',*,*,#1430,.T.);
#403=ORIENTED_EDGE('',*,*,#1425,.T.);
#404=ORIENTED_EDGE('',*,*,#1431,.F.);
#405=ORIENTED_EDGE('',*,*,#1432,.F.);
#406=ORIENTED_EDGE('',*,*,#1433,.T.);
#407=ORIENTED_EDGE('',*,*,#1429,.T.);
#408=ORIENTED_EDGE('',*,*,#1434,.T.);
#409=ORIENTED_EDGE('',*,*,#1435,.F.);
#410=ORIENTED_EDGE('',*,*,#1436,.T.);
#411=ORIENTED_EDGE('',*,*,#1437,.T.);
#412=ORIENTED_EDGE('',*,*,#1438,.F.);
#413=ORIENTED_EDGE('',*,*,#1439,.F.);
#414=ORIENTED_EDGE('',*,*,#1440,.T.);
#415=ORIENTED_EDGE('',*,*,#1435,.T.);
#416=ORIENTED_EDGE('',*,*,#1441,.F.);
#417=ORIENTED_EDGE('',*,*,#1442,.F.);
#418=ORIENTED_EDGE('',*,*,#1443,.T.);
#419=ORIENTED_EDGE('',*,*,#1439,.T.);
#420=ORIENTED_EDGE('',*,*,#1444,.T.);
#421=ORIENTED_EDGE('',*,*,#1445,.F.);
#422=ORIENTED_EDGE('',*,*,#1446,.T.);
#423=ORIENTED_EDGE('',*,*,#1447,.T.);
#424=ORIENTED_EDGE('',*,*,#1448,.F.);
#425=ORIENTED_EDGE('',*,*,#1449,.F.);
#426=ORIENTED_EDGE('',*,*,#1450,.T.);
#427=ORIENTED_EDGE('',*,*,#1445,.T.);
#428=ORIENTED_EDGE('',*,*,#1451,.F.);
#429=ORIENTED_EDGE('',*,*,#1452,.F.);
#430=ORIENTED_EDGE('',*,*,#1453,.T.);
#431=ORIENTED_EDGE('',*,*,#1449,.T.);
#432=ORIENTED_EDGE('',*,*,#1454,.T.);
#433=ORIENTED_EDGE('',*,*,#1455,.F.);
#434=ORIENTED_EDGE('',*,*,#1456,.T.);
#435=ORIENTED_EDGE('',*,*,#1457,.T.);
#436=ORIENTED_EDGE('',*,*,#1458,.F.);
#437=ORIENTED_EDGE('',*,*,#1459,.F.);
#438=ORIENTED_EDGE('',*,*,#1460,.T.);
#439=ORIENTED_EDGE('',*,*,#1455,.T.);
#440=ORIENTED_EDGE('',*,*,#1461,.F.);
#441=ORIENTED_EDGE('',*,*,#1462,.F.);
#442=ORIENTED_EDGE('',*,*,#1463,.T.);
#443=ORIENTED_EDGE('',*,*,#1459,.T.);
#444=ORIENTED_EDGE('',*,*,#1464,.T.);
#445=ORIENTED_EDGE('',*,*,#1465,.F.);
#446=ORIENTED_EDGE('',*,*,#1466,.T.);
#447=ORIENTED_EDGE('',*,*,#1467,.T.);
#448=ORIENTED_EDGE('',*,*,#1468,.F.);
#449=ORIENTED_EDGE('',*,*,#1469,.F.);
#450=ORIENTED_EDGE('',*,*,#1470,.T.);
#451=ORIENTED_EDGE('',*,*,#1465,.T.);
#452=ORIENTED_EDGE('',*,*,#1471,.F.);
#453=ORIENTED_EDGE('',*,*,#1472,.F.);
#454=ORIENTED_EDGE('',*,*,#1473,.T.);
#455=ORIENTED_EDGE('',*,*,#1469,.T.);
#456=ORIENTED_EDGE('',*,*,#1474,.T.);
#457=ORIENTED_EDGE('',*,*,#1475,.F.);
#458=ORIENTED_EDGE('',*,*,#1476,.T.);
#459=ORIENTED_EDGE('',*,*,#1477,.T.);
#460=ORIENTED_EDGE('',*,*,#1478,.F.);
#461=ORIENTED_EDGE('',*,*,#1479,.F.);
#462=ORIENTED_EDGE('',*,*,#1480,.T.);
#463=ORIENTED_EDGE('',*,*,#1475,.T.);
#464=ORIENTED_EDGE('',*,*,#1481,.F.);
#465=ORIENTED_EDGE('',*,*,#1482,.F.);
#466=ORIENTED_EDGE('',*,*,#1483,.T.);
#467=ORIENTED_EDGE('',*,*,#1479,.T.);
#468=ORIENTED_EDGE('',*,*,#1484,.T.);
#469=ORIENTED_EDGE('',*,*,#1485,.F.);
#470=ORIENTED_EDGE('',*,*,#1486,.T.);
#471=ORIENTED_EDGE('',*,*,#1487,.T.);
#472=ORIENTED_EDGE('',*,*,#1488,.F.);
#473=ORIENTED_EDGE('',*,*,#1489,.F.);
#474=ORIENTED_EDGE('',*,*,#1490,.T.);
#475=ORIENTED_EDGE('',*,*,#1485,.T.);
#476=ORIENTED_EDGE('',*,*,#1491,.F.);
#477=ORIENTED_EDGE('',*,*,#1492,.F.);
#478=ORIENTED_EDGE('',*,*,#1493,.T.);
#479=ORIENTED_EDGE('',*,*,#1489,.T.);
#480=ORIENTED_EDGE('',*,*,#1494,.T.);
#481=ORIENTED_EDGE('',*,*,#1495,.F.);
#482=ORIENTED_EDGE('',*,*,#1496,.T.);
#483=ORIENTED_EDGE('',*,*,#1497,.T.);
#484=ORIENTED_EDGE('',*,*,#1498,.F.);
#485=ORIENTED_EDGE('',*,*,#1499,.F.);
#486=ORIENTED_EDGE('',*,*,#1500,.T.);
#487=ORIENTED_EDGE('',*,*,#1495,.T.);
#488=ORIENTED_EDGE('',*,*,#1501,.F.);
#489=ORIENTED_EDGE('',*,*,#1502,.F.);
#490=ORIENTED_EDGE('',*,*,#1503,.T.);
#491=ORIENTED_EDGE('',*,*,#1499,.T.);
#492=ORIENTED_EDGE('',*,*,#1504,.T.);
#493=ORIENTED_EDGE('',*,*,#1505,.F.);
#494=ORIENTED_EDGE('',*,*,#1506,.T.);
#495=ORIENTED_EDGE('',*,*,#1507,.T.);
#496=ORIENTED_EDGE('',*,*,#1508,.F.);
#497=ORIENTED_EDGE('',*,*,#1509,.F.);
#498=ORIENTED_EDGE('',*,*,#1510,.T.);
#499=ORIENTED_EDGE('',*,*,#1505,.T.);
#500=ORIENTED_EDGE('',*,*,#1511,.F.);
#501=ORIENTED_EDGE('',*,*,#1512,.F.);
#502=ORIENTED_EDGE('',*,*,#1513,.T.);
#503=ORIENTED_EDGE('',*,*,#1509,.T.);
#504=ORIENTED_EDGE('',*,*,#1514,.T.);
#505=ORIENTED_EDGE('',*,*,#1515,.F.);
#506=ORIENTED_EDGE('',*,*,#1516,.T.);
#507=ORIENTED_EDGE('',*,*,#1517,.T.);
#508=ORIENTED_EDGE('',*,*,#1518,.F.);
#509=ORIENTED_EDGE('',*,*,#1519,.F.);
#510=ORIENTED_EDGE('',*,*,#1520,.T.);
#511=ORIENTED_EDGE('',*,*,#1515,.T.);
#512=ORIENTED_EDGE('',*,*,#1521,.F.);
#513=ORIENTED_EDGE('',*,*,#1522,.F.);
#514=ORIENTED_EDGE('',*,*,#1523,.T.);
#515=ORIENTED_EDGE('',*,*,#1519,.T.);
#516=ORIENTED_EDGE('',*,*,#1524,.T.);
#517=ORIENTED_EDGE('',*,*,#1525,.F.);
#518=ORIENTED_EDGE('',*,*,#1526,.T.);
#519=ORIENTED_EDGE('',*,*,#1527,.T.);
#520=ORIENTED_EDGE('',*,*,#1528,.F.);
#521=ORIENTED_EDGE('',*,*,#1529,.F.);
#522=ORIENTED_EDGE('',*,*,#1530,.T.);
#523=ORIENTED_EDGE('',*,*,#1525,.T.);
#524=ORIENTED_EDGE('',*,*,#1531,.T.);
#525=ORIENTED_EDGE('',*,*,#1532,.F.);
#526=ORIENTED_EDGE('',*,*,#1533,.T.);
#527=ORIENTED_EDGE('',*,*,#1529,.T.);
#528=ORIENTED_EDGE('',*,*,#1534,.T.);
#529=ORIENTED_EDGE('',*,*,#1535,.T.);
#530=ORIENTED_EDGE('',*,*,#1536,.T.);
#531=ORIENTED_EDGE('',*,*,#1537,.T.);
#532=ORIENTED_EDGE('',*,*,#1538,.F.);
#533=ORIENTED_EDGE('',*,*,#1539,.T.);
#534=ORIENTED_EDGE('',*,*,#1540,.T.);
#535=ORIENTED_EDGE('',*,*,#1541,.T.);
#536=ORIENTED_EDGE('',*,*,#1542,.F.);
#537=ORIENTED_EDGE('',*,*,#1543,.T.);
#538=ORIENTED_EDGE('',*,*,#1544,.T.);
#539=ORIENTED_EDGE('',*,*,#1545,.T.);
#540=ORIENTED_EDGE('',*,*,#1546,.F.);
#541=ORIENTED_EDGE('',*,*,#1547,.T.);
#542=ORIENTED_EDGE('',*,*,#1548,.T.);
#543=ORIENTED_EDGE('',*,*,#1549,.T.);
#544=ORIENTED_EDGE('',*,*,#1550,.F.);
#545=ORIENTED_EDGE('',*,*,#1551,.T.);
#546=ORIENTED_EDGE('',*,*,#1552,.T.);
#547=ORIENTED_EDGE('',*,*,#1553,.T.);
#548=ORIENTED_EDGE('',*,*,#1554,.F.);
#549=ORIENTED_EDGE('',*,*,#1555,.T.);
#550=ORIENTED_EDGE('',*,*,#1556,.F.);
#551=ORIENTED_EDGE('',*,*,#1557,.T.);
#552=ORIENTED_EDGE('',*,*,#1558,.F.);
#553=ORIENTED_EDGE('',*,*,#1327,.F.);
#554=ORIENTED_EDGE('',*,*,#1559,.T.);
#555=ORIENTED_EDGE('',*,*,#1332,.T.);
#556=ORIENTED_EDGE('',*,*,#1560,.F.);
#557=ORIENTED_EDGE('',*,*,#1337,.F.);
#558=ORIENTED_EDGE('',*,*,#1561,.T.);
#559=ORIENTED_EDGE('',*,*,#1342,.T.);
#560=ORIENTED_EDGE('',*,*,#1562,.T.);
#561=ORIENTED_EDGE('',*,*,#1347,.F.);
#562=ORIENTED_EDGE('',*,*,#1563,.T.);
#563=ORIENTED_EDGE('',*,*,#1352,.T.);
#564=ORIENTED_EDGE('',*,*,#1564,.T.);
#565=ORIENTED_EDGE('',*,*,#1357,.F.);
#566=ORIENTED_EDGE('',*,*,#1565,.T.);
#567=ORIENTED_EDGE('',*,*,#1362,.T.);
#568=ORIENTED_EDGE('',*,*,#1566,.T.);
#569=ORIENTED_EDGE('',*,*,#1367,.F.);
#570=ORIENTED_EDGE('',*,*,#1567,.T.);
#571=ORIENTED_EDGE('',*,*,#1372,.T.);
#572=ORIENTED_EDGE('',*,*,#1568,.T.);
#573=ORIENTED_EDGE('',*,*,#1377,.F.);
#574=ORIENTED_EDGE('',*,*,#1569,.T.);
#575=ORIENTED_EDGE('',*,*,#1382,.T.);
#576=ORIENTED_EDGE('',*,*,#1570,.T.);
#577=ORIENTED_EDGE('',*,*,#1387,.F.);
#578=ORIENTED_EDGE('',*,*,#1571,.T.);
#579=ORIENTED_EDGE('',*,*,#1392,.T.);
#580=ORIENTED_EDGE('',*,*,#1572,.T.);
#581=ORIENTED_EDGE('',*,*,#1397,.F.);
#582=ORIENTED_EDGE('',*,*,#1573,.T.);
#583=ORIENTED_EDGE('',*,*,#1402,.T.);
#584=ORIENTED_EDGE('',*,*,#1574,.T.);
#585=ORIENTED_EDGE('',*,*,#1407,.F.);
#586=ORIENTED_EDGE('',*,*,#1575,.T.);
#587=ORIENTED_EDGE('',*,*,#1412,.T.);
#588=ORIENTED_EDGE('',*,*,#1576,.T.);
#589=ORIENTED_EDGE('',*,*,#1417,.F.);
#590=ORIENTED_EDGE('',*,*,#1577,.T.);
#591=ORIENTED_EDGE('',*,*,#1422,.T.);
#592=ORIENTED_EDGE('',*,*,#1578,.T.);
#593=ORIENTED_EDGE('',*,*,#1427,.F.);
#594=ORIENTED_EDGE('',*,*,#1579,.T.);
#595=ORIENTED_EDGE('',*,*,#1432,.T.);
#596=ORIENTED_EDGE('',*,*,#1580,.T.);
#597=ORIENTED_EDGE('',*,*,#1437,.F.);
#598=ORIENTED_EDGE('',*,*,#1581,.T.);
#599=ORIENTED_EDGE('',*,*,#1442,.T.);
#600=ORIENTED_EDGE('',*,*,#1582,.T.);
#601=ORIENTED_EDGE('',*,*,#1447,.F.);
#602=ORIENTED_EDGE('',*,*,#1583,.T.);
#603=ORIENTED_EDGE('',*,*,#1452,.T.);
#604=ORIENTED_EDGE('',*,*,#1584,.T.);
#605=ORIENTED_EDGE('',*,*,#1457,.F.);
#606=ORIENTED_EDGE('',*,*,#1585,.T.);
#607=ORIENTED_EDGE('',*,*,#1462,.T.);
#608=ORIENTED_EDGE('',*,*,#1586,.T.);
#609=ORIENTED_EDGE('',*,*,#1467,.F.);
#610=ORIENTED_EDGE('',*,*,#1587,.T.);
#611=ORIENTED_EDGE('',*,*,#1472,.T.);
#612=ORIENTED_EDGE('',*,*,#1588,.T.);
#613=ORIENTED_EDGE('',*,*,#1477,.F.);
#614=ORIENTED_EDGE('',*,*,#1589,.T.);
#615=ORIENTED_EDGE('',*,*,#1482,.T.);
#616=ORIENTED_EDGE('',*,*,#1590,.T.);
#617=ORIENTED_EDGE('',*,*,#1487,.F.);
#618=ORIENTED_EDGE('',*,*,#1591,.T.);
#619=ORIENTED_EDGE('',*,*,#1492,.T.);
#620=ORIENTED_EDGE('',*,*,#1592,.T.);
#621=ORIENTED_EDGE('',*,*,#1497,.F.);
#622=ORIENTED_EDGE('',*,*,#1593,.T.);
#623=ORIENTED_EDGE('',*,*,#1502,.T.);
#624=ORIENTED_EDGE('',*,*,#1594,.T.);
#625=ORIENTED_EDGE('',*,*,#1507,.F.);
#626=ORIENTED_EDGE('',*,*,#1595,.T.);
#627=ORIENTED_EDGE('',*,*,#1512,.T.);
#628=ORIENTED_EDGE('',*,*,#1596,.T.);
#629=ORIENTED_EDGE('',*,*,#1517,.F.);
#630=ORIENTED_EDGE('',*,*,#1597,.T.);
#631=ORIENTED_EDGE('',*,*,#1522,.T.);
#632=ORIENTED_EDGE('',*,*,#1598,.T.);
#633=ORIENTED_EDGE('',*,*,#1527,.F.);
#634=ORIENTED_EDGE('',*,*,#1599,.T.);
#635=ORIENTED_EDGE('',*,*,#1532,.T.);
#636=ORIENTED_EDGE('',*,*,#1600,.F.);
#637=ORIENTED_EDGE('',*,*,#1601,.T.);
#638=ORIENTED_EDGE('',*,*,#1602,.T.);
#639=ORIENTED_EDGE('',*,*,#1603,.T.);
#640=ORIENTED_EDGE('',*,*,#1604,.F.);
#641=ORIENTED_EDGE('',*,*,#1605,.T.);
#642=ORIENTED_EDGE('',*,*,#1606,.F.);
#643=ORIENTED_EDGE('',*,*,#1607,.T.);
#644=ORIENTED_EDGE('',*,*,#1608,.T.);
#645=ORIENTED_EDGE('',*,*,#1609,.T.);
#646=ORIENTED_EDGE('',*,*,#1610,.T.);
#647=ORIENTED_EDGE('',*,*,#1611,.T.);
#648=ORIENTED_EDGE('',*,*,#1612,.T.);
#649=ORIENTED_EDGE('',*,*,#1613,.T.);
#650=ORIENTED_EDGE('',*,*,#1614,.T.);
#651=ORIENTED_EDGE('',*,*,#1615,.T.);
#652=ORIENTED_EDGE('',*,*,#1616,.T.);
#653=ORIENTED_EDGE('',*,*,#1617,.T.);
#654=ORIENTED_EDGE('',*,*,#1618,.T.);
#655=ORIENTED_EDGE('',*,*,#1619,.T.);
#656=ORIENTED_EDGE('',*,*,#1620,.T.);
#657=ORIENTED_EDGE('',*,*,#1621,.T.);
#658=ORIENTED_EDGE('',*,*,#1622,.T.);
#659=ORIENTED_EDGE('',*,*,#1623,.T.);
#660=ORIENTED_EDGE('',*,*,#1624,.T.);
#661=ORIENTED_EDGE('',*,*,#1625,.T.);
#662=ORIENTED_EDGE('',*,*,#1626,.T.);
#663=ORIENTED_EDGE('',*,*,#1627,.T.);
#664=ORIENTED_EDGE('',*,*,#1628,.T.);
#665=ORIENTED_EDGE('',*,*,#1629,.T.);
#666=ORIENTED_EDGE('',*,*,#1630,.T.);
#667=ORIENTED_EDGE('',*,*,#1631,.T.);
#668=ORIENTED_EDGE('',*,*,#1632,.T.);
#669=ORIENTED_EDGE('',*,*,#1633,.T.);
#670=ORIENTED_EDGE('',*,*,#1634,.T.);
#671=ORIENTED_EDGE('',*,*,#1635,.T.);
#672=ORIENTED_EDGE('',*,*,#1636,.T.);
#673=ORIENTED_EDGE('',*,*,#1637,.T.);
#674=ORIENTED_EDGE('',*,*,#1638,.T.);
#675=ORIENTED_EDGE('',*,*,#1639,.T.);
#676=ORIENTED_EDGE('',*,*,#1640,.T.);
#677=ORIENTED_EDGE('',*,*,#1641,.T.);
#678=ORIENTED_EDGE('',*,*,#1642,.T.);
#679=ORIENTED_EDGE('',*,*,#1643,.T.);
#680=ORIENTED_EDGE('',*,*,#1644,.T.);
#681=ORIENTED_EDGE('',*,*,#1645,.T.);
#682=ORIENTED_EDGE('',*,*,#1646,.T.);
#683=ORIENTED_EDGE('',*,*,#1647,.T.);
#684=ORIENTED_EDGE('',*,*,#1648,.T.);
#685=ORIENTED_EDGE('',*,*,#1649,.T.);
#686=ORIENTED_EDGE('',*,*,#1650,.T.);
#687=ORIENTED_EDGE('',*,*,#1651,.T.);
#688=ORIENTED_EDGE('',*,*,#1652,.T.);
#689=ORIENTED_EDGE('',*,*,#1653,.T.);
#690=ORIENTED_EDGE('',*,*,#1654,.T.);
#691=ORIENTED_EDGE('',*,*,#1655,.T.);
#692=ORIENTED_EDGE('',*,*,#1656,.T.);
#693=ORIENTED_EDGE('',*,*,#1657,.T.);
#694=ORIENTED_EDGE('',*,*,#1658,.T.);
#695=ORIENTED_EDGE('',*,*,#1659,.T.);
#696=ORIENTED_EDGE('',*,*,#1660,.T.);
#697=ORIENTED_EDGE('',*,*,#1661,.T.);
#698=ORIENTED_EDGE('',*,*,#1662,.T.);
#699=ORIENTED_EDGE('',*,*,#1663,.T.);
#700=ORIENTED_EDGE('',*,*,#1664,.T.);
#701=ORIENTED_EDGE('',*,*,#1665,.T.);
#702=ORIENTED_EDGE('',*,*,#1666,.T.);
#703=ORIENTED_EDGE('',*,*,#1667,.T.);
#704=ORIENTED_EDGE('',*,*,#1668,.T.);
#705=ORIENTED_EDGE('',*,*,#1669,.T.);
#706=ORIENTED_EDGE('',*,*,#1670,.T.);
#707=ORIENTED_EDGE('',*,*,#1671,.T.);
#708=ORIENTED_EDGE('',*,*,#1672,.T.);
#709=ORIENTED_EDGE('',*,*,#1673,.T.);
#710=ORIENTED_EDGE('',*,*,#1674,.T.);
#711=ORIENTED_EDGE('',*,*,#1675,.T.);
#712=ORIENTED_EDGE('',*,*,#1676,.T.);
#713=ORIENTED_EDGE('',*,*,#1677,.T.);
#714=ORIENTED_EDGE('',*,*,#1678,.T.);
#715=ORIENTED_EDGE('',*,*,#1679,.T.);
#716=ORIENTED_EDGE('',*,*,#1680,.T.);
#717=ORIENTED_EDGE('',*,*,#1681,.T.);
#718=ORIENTED_EDGE('',*,*,#1682,.T.);
#719=ORIENTED_EDGE('',*,*,#1683,.T.);
#720=ORIENTED_EDGE('',*,*,#1684,.T.);
#721=ORIENTED_EDGE('',*,*,#1685,.T.);
#722=ORIENTED_EDGE('',*,*,#1686,.T.);
#723=ORIENTED_EDGE('',*,*,#1687,.T.);
#724=ORIENTED_EDGE('',*,*,#1688,.T.);
#725=ORIENTED_EDGE('',*,*,#1689,.T.);
#726=ORIENTED_EDGE('',*,*,#1690,.T.);
#727=ORIENTED_EDGE('',*,*,#1691,.T.);
#728=ORIENTED_EDGE('',*,*,#1692,.T.);
#729=ORIENTED_EDGE('',*,*,#1693,.T.);
#730=ORIENTED_EDGE('',*,*,#1694,.T.);
#731=ORIENTED_EDGE('',*,*,#1695,.T.);
#732=ORIENTED_EDGE('',*,*,#1696,.T.);
#733=ORIENTED_EDGE('',*,*,#1697,.T.);
#734=ORIENTED_EDGE('',*,*,#1698,.T.);
#735=ORIENTED_EDGE('',*,*,#1699,.T.);
#736=ORIENTED_EDGE('',*,*,#1700,.T.);
#737=ORIENTED_EDGE('',*,*,#1701,.T.);
#738=ORIENTED_EDGE('',*,*,#1702,.T.);
#739=ORIENTED_EDGE('',*,*,#1703,.T.);
#740=ORIENTED_EDGE('',*,*,#1704,.T.);
#741=ORIENTED_EDGE('',*,*,#1705,.T.);
#742=ORIENTED_EDGE('',*,*,#1706,.T.);
#743=ORIENTED_EDGE('',*,*,#1707,.T.);
#744=ORIENTED_EDGE('',*,*,#1708,.T.);
#745=ORIENTED_EDGE('',*,*,#1709,.T.);
#746=ORIENTED_EDGE('',*,*,#1710,.T.);
#747=ORIENTED_EDGE('',*,*,#1711,.T.);
#748=ORIENTED_EDGE('',*,*,#1712,.T.);
#749=ORIENTED_EDGE('',*,*,#1324,.F.);
#750=ORIENTED_EDGE('',*,*,#1713,.T.);
#751=ORIENTED_EDGE('',*,*,#1714,.T.);
#752=ORIENTED_EDGE('',*,*,#1715,.T.);
#753=ORIENTED_EDGE('',*,*,#1716,.T.);
#754=ORIENTED_EDGE('',*,*,#1320,.T.);
#755=ORIENTED_EDGE('',*,*,#1717,.T.);
#756=ORIENTED_EDGE('',*,*,#1604,.T.);
#757=ORIENTED_EDGE('',*,*,#1718,.T.);
#758=ORIENTED_EDGE('',*,*,#1554,.T.);
#759=ORIENTED_EDGE('',*,*,#1719,.T.);
#760=ORIENTED_EDGE('',*,*,#1550,.T.);
#761=ORIENTED_EDGE('',*,*,#1720,.T.);
#762=ORIENTED_EDGE('',*,*,#1546,.T.);
#763=ORIENTED_EDGE('',*,*,#1721,.T.);
#764=ORIENTED_EDGE('',*,*,#1542,.T.);
#765=ORIENTED_EDGE('',*,*,#1722,.T.);
#766=ORIENTED_EDGE('',*,*,#1538,.T.);
#767=ORIENTED_EDGE('',*,*,#1723,.T.);
#768=ORIENTED_EDGE('',*,*,#1528,.T.);
#769=ORIENTED_EDGE('',*,*,#1600,.T.);
#770=ORIENTED_EDGE('',*,*,#1534,.F.);
#771=ORIENTED_EDGE('',*,*,#1531,.F.);
#772=ORIENTED_EDGE('',*,*,#1518,.T.);
#773=ORIENTED_EDGE('',*,*,#1598,.F.);
#774=ORIENTED_EDGE('',*,*,#1524,.F.);
#775=ORIENTED_EDGE('',*,*,#1521,.T.);
#776=ORIENTED_EDGE('',*,*,#1508,.T.);
#777=ORIENTED_EDGE('',*,*,#1596,.F.);
#778=ORIENTED_EDGE('',*,*,#1514,.F.);
#779=ORIENTED_EDGE('',*,*,#1511,.T.);
#780=ORIENTED_EDGE('',*,*,#1498,.T.);
#781=ORIENTED_EDGE('',*,*,#1594,.F.);
#782=ORIENTED_EDGE('',*,*,#1504,.F.);
#783=ORIENTED_EDGE('',*,*,#1501,.T.);
#784=ORIENTED_EDGE('',*,*,#1488,.T.);
#785=ORIENTED_EDGE('',*,*,#1592,.F.);
#786=ORIENTED_EDGE('',*,*,#1494,.F.);
#787=ORIENTED_EDGE('',*,*,#1491,.T.);
#788=ORIENTED_EDGE('',*,*,#1478,.T.);
#789=ORIENTED_EDGE('',*,*,#1590,.F.);
#790=ORIENTED_EDGE('',*,*,#1484,.F.);
#791=ORIENTED_EDGE('',*,*,#1481,.T.);
#792=ORIENTED_EDGE('',*,*,#1468,.T.);
#793=ORIENTED_EDGE('',*,*,#1588,.F.);
#794=ORIENTED_EDGE('',*,*,#1474,.F.);
#795=ORIENTED_EDGE('',*,*,#1471,.T.);
#796=ORIENTED_EDGE('',*,*,#1458,.T.);
#797=ORIENTED_EDGE('',*,*,#1586,.F.);
#798=ORIENTED_EDGE('',*,*,#1464,.F.);
#799=ORIENTED_EDGE('',*,*,#1461,.T.);
#800=ORIENTED_EDGE('',*,*,#1448,.T.);
#801=ORIENTED_EDGE('',*,*,#1584,.F.);
#802=ORIENTED_EDGE('',*,*,#1454,.F.);
#803=ORIENTED_EDGE('',*,*,#1451,.T.);
#804=ORIENTED_EDGE('',*,*,#1438,.T.);
#805=ORIENTED_EDGE('',*,*,#1582,.F.);
#806=ORIENTED_EDGE('',*,*,#1444,.F.);
#807=ORIENTED_EDGE('',*,*,#1441,.T.);
#808=ORIENTED_EDGE('',*,*,#1428,.T.);
#809=ORIENTED_EDGE('',*,*,#1580,.F.);
#810=ORIENTED_EDGE('',*,*,#1434,.F.);
#811=ORIENTED_EDGE('',*,*,#1431,.T.);
#812=ORIENTED_EDGE('',*,*,#1418,.T.);
#813=ORIENTED_EDGE('',*,*,#1578,.F.);
#814=ORIENTED_EDGE('',*,*,#1424,.F.);
#815=ORIENTED_EDGE('',*,*,#1421,.T.);
#816=ORIENTED_EDGE('',*,*,#1408,.T.);
#817=ORIENTED_EDGE('',*,*,#1576,.F.);
#818=ORIENTED_EDGE('',*,*,#1414,.F.);
#819=ORIENTED_EDGE('',*,*,#1411,.T.);
#820=ORIENTED_EDGE('',*,*,#1398,.T.);
#821=ORIENTED_EDGE('',*,*,#1574,.F.);
#822=ORIENTED_EDGE('',*,*,#1404,.F.);
#823=ORIENTED_EDGE('',*,*,#1401,.T.);
#824=ORIENTED_EDGE('',*,*,#1388,.T.);
#825=ORIENTED_EDGE('',*,*,#1572,.F.);
#826=ORIENTED_EDGE('',*,*,#1394,.F.);
#827=ORIENTED_EDGE('',*,*,#1391,.T.);
#828=ORIENTED_EDGE('',*,*,#1378,.T.);
#829=ORIENTED_EDGE('',*,*,#1570,.F.);
#830=ORIENTED_EDGE('',*,*,#1384,.F.);
#831=ORIENTED_EDGE('',*,*,#1381,.T.);
#832=ORIENTED_EDGE('',*,*,#1368,.T.);
#833=ORIENTED_EDGE('',*,*,#1568,.F.);
#834=ORIENTED_EDGE('',*,*,#1374,.F.);
#835=ORIENTED_EDGE('',*,*,#1371,.T.);
#836=ORIENTED_EDGE('',*,*,#1358,.T.);
#837=ORIENTED_EDGE('',*,*,#1566,.F.);
#838=ORIENTED_EDGE('',*,*,#1364,.F.);
#839=ORIENTED_EDGE('',*,*,#1361,.T.);
#840=ORIENTED_EDGE('',*,*,#1348,.T.);
#841=ORIENTED_EDGE('',*,*,#1564,.F.);
#842=ORIENTED_EDGE('',*,*,#1354,.F.);
#843=ORIENTED_EDGE('',*,*,#1351,.T.);
#844=ORIENTED_EDGE('',*,*,#1338,.T.);
#845=ORIENTED_EDGE('',*,*,#1562,.F.);
#846=ORIENTED_EDGE('',*,*,#1344,.F.);
#847=ORIENTED_EDGE('',*,*,#1341,.T.);
#848=ORIENTED_EDGE('',*,*,#1328,.T.);
#849=ORIENTED_EDGE('',*,*,#1560,.T.);
#850=ORIENTED_EDGE('',*,*,#1334,.F.);
#851=ORIENTED_EDGE('',*,*,#1331,.F.);
#852=ORIENTED_EDGE('',*,*,#1558,.T.);
#853=ORIENTED_EDGE('',*,*,#1556,.T.);
#854=ORIENTED_EDGE('',*,*,#1606,.T.);
#855=ORIENTED_EDGE('',*,*,#1724,.T.);
#856=ORIENTED_EDGE('',*,*,#1725,.T.);
#857=ORIENTED_EDGE('',*,*,#1726,.F.);
#858=ORIENTED_EDGE('',*,*,#1714,.F.);
#859=ORIENTED_EDGE('',*,*,#1726,.T.);
#860=ORIENTED_EDGE('',*,*,#1727,.T.);
#861=ORIENTED_EDGE('',*,*,#1728,.T.);
#862=ORIENTED_EDGE('',*,*,#1715,.F.);
#863=ORIENTED_EDGE('',*,*,#1537,.F.);
#864=ORIENTED_EDGE('',*,*,#1729,.T.);
#865=ORIENTED_EDGE('',*,*,#1321,.F.);
#866=ORIENTED_EDGE('',*,*,#1723,.F.);
#867=ORIENTED_EDGE('',*,*,#1319,.F.);
#868=ORIENTED_EDGE('',*,*,#1730,.T.);
#869=ORIENTED_EDGE('',*,*,#1601,.F.);
#870=ORIENTED_EDGE('',*,*,#1717,.F.);
#871=ORIENTED_EDGE('',*,*,#1603,.F.);
#872=ORIENTED_EDGE('',*,*,#1731,.T.);
#873=ORIENTED_EDGE('',*,*,#1551,.F.);
#874=ORIENTED_EDGE('',*,*,#1718,.F.);
#875=ORIENTED_EDGE('',*,*,#1553,.F.);
#876=ORIENTED_EDGE('',*,*,#1732,.T.);
#877=ORIENTED_EDGE('',*,*,#1547,.F.);
#878=ORIENTED_EDGE('',*,*,#1719,.F.);
#879=ORIENTED_EDGE('',*,*,#1549,.F.);
#880=ORIENTED_EDGE('',*,*,#1733,.T.);
#881=ORIENTED_EDGE('',*,*,#1543,.F.);
#882=ORIENTED_EDGE('',*,*,#1720,.F.);
#883=ORIENTED_EDGE('',*,*,#1545,.F.);
#884=ORIENTED_EDGE('',*,*,#1734,.T.);
#885=ORIENTED_EDGE('',*,*,#1539,.F.);
#886=ORIENTED_EDGE('',*,*,#1721,.F.);
#887=ORIENTED_EDGE('',*,*,#1541,.F.);
#888=ORIENTED_EDGE('',*,*,#1735,.T.);
#889=ORIENTED_EDGE('',*,*,#1535,.F.);
#890=ORIENTED_EDGE('',*,*,#1722,.F.);
#891=ORIENTED_EDGE('',*,*,#1323,.F.);
#892=ORIENTED_EDGE('',*,*,#1736,.T.);
#893=ORIENTED_EDGE('',*,*,#1724,.F.);
#894=ORIENTED_EDGE('',*,*,#1713,.F.);
#895=ORIENTED_EDGE('',*,*,#1728,.F.);
#896=ORIENTED_EDGE('',*,*,#1737,.T.);
#897=ORIENTED_EDGE('',*,*,#1317,.F.);
#898=ORIENTED_EDGE('',*,*,#1716,.F.);
#899=ORIENTED_EDGE('',*,*,#1738,.F.);
#900=ORIENTED_EDGE('',*,*,#1733,.F.);
#901=ORIENTED_EDGE('',*,*,#1739,.F.);
#902=ORIENTED_EDGE('',*,*,#1617,.F.);
#903=ORIENTED_EDGE('',*,*,#1739,.T.);
#904=ORIENTED_EDGE('',*,*,#1548,.F.);
#905=ORIENTED_EDGE('',*,*,#1740,.F.);
#906=ORIENTED_EDGE('',*,*,#1618,.F.);
#907=ORIENTED_EDGE('',*,*,#1738,.T.);
#908=ORIENTED_EDGE('',*,*,#1616,.F.);
#909=ORIENTED_EDGE('',*,*,#1741,.F.);
#910=ORIENTED_EDGE('',*,*,#1544,.F.);
#911=ORIENTED_EDGE('',*,*,#1740,.T.);
#912=ORIENTED_EDGE('',*,*,#1732,.F.);
#913=ORIENTED_EDGE('',*,*,#1742,.F.);
#914=ORIENTED_EDGE('',*,*,#1619,.F.);
#915=ORIENTED_EDGE('',*,*,#1741,.T.);
#916=ORIENTED_EDGE('',*,*,#1615,.F.);
#917=ORIENTED_EDGE('',*,*,#1743,.F.);
#918=ORIENTED_EDGE('',*,*,#1734,.F.);
#919=ORIENTED_EDGE('',*,*,#1742,.T.);
#920=ORIENTED_EDGE('',*,*,#1552,.F.);
#921=ORIENTED_EDGE('',*,*,#1744,.F.);
#922=ORIENTED_EDGE('',*,*,#1620,.F.);
#923=ORIENTED_EDGE('',*,*,#1743,.T.);
#924=ORIENTED_EDGE('',*,*,#1614,.F.);
#925=ORIENTED_EDGE('',*,*,#1745,.F.);
#926=ORIENTED_EDGE('',*,*,#1540,.F.);
#927=ORIENTED_EDGE('',*,*,#1744,.T.);
#928=ORIENTED_EDGE('',*,*,#1731,.F.);
#929=ORIENTED_EDGE('',*,*,#1746,.F.);
#930=ORIENTED_EDGE('',*,*,#1621,.F.);
#931=ORIENTED_EDGE('',*,*,#1745,.T.);
#932=ORIENTED_EDGE('',*,*,#1613,.F.);
#933=ORIENTED_EDGE('',*,*,#1747,.F.);
#934=ORIENTED_EDGE('',*,*,#1735,.F.);
#935=ORIENTED_EDGE('',*,*,#1746,.T.);
#936=ORIENTED_EDGE('',*,*,#1602,.F.);
#937=ORIENTED_EDGE('',*,*,#1748,.F.);
#938=ORIENTED_EDGE('',*,*,#1622,.F.);
#939=ORIENTED_EDGE('',*,*,#1747,.T.);
#940=ORIENTED_EDGE('',*,*,#1612,.F.);
#941=ORIENTED_EDGE('',*,*,#1749,.F.);
#942=ORIENTED_EDGE('',*,*,#1536,.F.);
#943=ORIENTED_EDGE('',*,*,#1748,.T.);
#944=ORIENTED_EDGE('',*,*,#1730,.F.);
#945=ORIENTED_EDGE('',*,*,#1750,.F.);
#946=ORIENTED_EDGE('',*,*,#1623,.F.);
#947=ORIENTED_EDGE('',*,*,#1749,.T.);
#948=ORIENTED_EDGE('',*,*,#1611,.F.);
#949=ORIENTED_EDGE('',*,*,#1751,.F.);
#950=ORIENTED_EDGE('',*,*,#1729,.F.);
#951=ORIENTED_EDGE('',*,*,#1750,.T.);
#952=ORIENTED_EDGE('',*,*,#1318,.F.);
#953=ORIENTED_EDGE('',*,*,#1752,.F.);
#954=ORIENTED_EDGE('',*,*,#1624,.F.);
#955=ORIENTED_EDGE('',*,*,#1751,.T.);
#956=ORIENTED_EDGE('',*,*,#1610,.F.);
#957=ORIENTED_EDGE('',*,*,#1753,.F.);
#958=ORIENTED_EDGE('',*,*,#1322,.F.);
#959=ORIENTED_EDGE('',*,*,#1752,.T.);
#960=ORIENTED_EDGE('',*,*,#1737,.F.);
#961=ORIENTED_EDGE('',*,*,#1754,.F.);
#962=ORIENTED_EDGE('',*,*,#1625,.F.);
#963=ORIENTED_EDGE('',*,*,#1753,.T.);
#964=ORIENTED_EDGE('',*,*,#1609,.F.);
#965=ORIENTED_EDGE('',*,*,#1755,.F.);
#966=ORIENTED_EDGE('',*,*,#1736,.F.);
#967=ORIENTED_EDGE('',*,*,#1754,.T.);
#968=ORIENTED_EDGE('',*,*,#1727,.F.);
#969=ORIENTED_EDGE('',*,*,#1756,.F.);
#970=ORIENTED_EDGE('',*,*,#1607,.F.);
#971=ORIENTED_EDGE('',*,*,#1755,.T.);
#972=ORIENTED_EDGE('',*,*,#1608,.F.);
#973=ORIENTED_EDGE('',*,*,#1756,.T.);
#974=ORIENTED_EDGE('',*,*,#1725,.F.);
#975=ORIENTED_EDGE('',*,*,#1626,.F.);
#976=ORIENTED_EDGE('',*,*,#1605,.F.);
#977=ORIENTED_EDGE('',*,*,#1627,.F.);
#978=ORIENTED_EDGE('',*,*,#1555,.F.);
#979=ORIENTED_EDGE('',*,*,#1628,.F.);
#980=ORIENTED_EDGE('',*,*,#1557,.F.);
#981=ORIENTED_EDGE('',*,*,#1757,.F.);
#982=ORIENTED_EDGE('',*,*,#1326,.F.);
#983=ORIENTED_EDGE('',*,*,#1758,.F.);
#984=ORIENTED_EDGE('',*,*,#1631,.F.);
#985=ORIENTED_EDGE('',*,*,#1758,.T.);
#986=ORIENTED_EDGE('',*,*,#1330,.F.);
#987=ORIENTED_EDGE('',*,*,#1759,.F.);
#988=ORIENTED_EDGE('',*,*,#1632,.F.);
#989=ORIENTED_EDGE('',*,*,#1757,.T.);
#990=ORIENTED_EDGE('',*,*,#1630,.F.);
#991=ORIENTED_EDGE('',*,*,#1760,.F.);
#992=ORIENTED_EDGE('',*,*,#1559,.F.);
#993=ORIENTED_EDGE('',*,*,#1759,.T.);
#994=ORIENTED_EDGE('',*,*,#1333,.F.);
#995=ORIENTED_EDGE('',*,*,#1760,.T.);
#996=ORIENTED_EDGE('',*,*,#1629,.F.);
#997=ORIENTED_EDGE('',*,*,#1761,.F.);
#998=ORIENTED_EDGE('',*,*,#1336,.F.);
#999=ORIENTED_EDGE('',*,*,#1762,.F.);
#1000=ORIENTED_EDGE('',*,*,#1636,.F.);
#1001=ORIENTED_EDGE('',*,*,#1762,.T.);
#1002=ORIENTED_EDGE('',*,*,#1340,.F.);
#1003=ORIENTED_EDGE('',*,*,#1763,.F.);
#1004=ORIENTED_EDGE('',*,*,#1633,.F.);
#1005=ORIENTED_EDGE('',*,*,#1761,.T.);
#1006=ORIENTED_EDGE('',*,*,#1635,.F.);
#1007=ORIENTED_EDGE('',*,*,#1764,.F.);
#1008=ORIENTED_EDGE('',*,*,#1561,.F.);
#1009=ORIENTED_EDGE('',*,*,#1763,.T.);
#1010=ORIENTED_EDGE('',*,*,#1343,.F.);
#1011=ORIENTED_EDGE('',*,*,#1764,.T.);
#1012=ORIENTED_EDGE('',*,*,#1634,.F.);
#1013=ORIENTED_EDGE('',*,*,#1765,.F.);
#1014=ORIENTED_EDGE('',*,*,#1346,.F.);
#1015=ORIENTED_EDGE('',*,*,#1766,.F.);
#1016=ORIENTED_EDGE('',*,*,#1640,.F.);
#1017=ORIENTED_EDGE('',*,*,#1766,.T.);
#1018=ORIENTED_EDGE('',*,*,#1350,.F.);
#1019=ORIENTED_EDGE('',*,*,#1767,.F.);
#1020=ORIENTED_EDGE('',*,*,#1637,.F.);
#1021=ORIENTED_EDGE('',*,*,#1765,.T.);
#1022=ORIENTED_EDGE('',*,*,#1639,.F.);
#1023=ORIENTED_EDGE('',*,*,#1768,.F.);
#1024=ORIENTED_EDGE('',*,*,#1563,.F.);
#1025=ORIENTED_EDGE('',*,*,#1767,.T.);
#1026=ORIENTED_EDGE('',*,*,#1353,.F.);
#1027=ORIENTED_EDGE('',*,*,#1768,.T.);
#1028=ORIENTED_EDGE('',*,*,#1638,.F.);
#1029=ORIENTED_EDGE('',*,*,#1769,.F.);
#1030=ORIENTED_EDGE('',*,*,#1356,.F.);
#1031=ORIENTED_EDGE('',*,*,#1770,.F.);
#1032=ORIENTED_EDGE('',*,*,#1644,.F.);
#1033=ORIENTED_EDGE('',*,*,#1770,.T.);
#1034=ORIENTED_EDGE('',*,*,#1360,.F.);
#1035=ORIENTED_EDGE('',*,*,#1771,.F.);
#1036=ORIENTED_EDGE('',*,*,#1641,.F.);
#1037=ORIENTED_EDGE('',*,*,#1769,.T.);
#1038=ORIENTED_EDGE('',*,*,#1643,.F.);
#1039=ORIENTED_EDGE('',*,*,#1772,.F.);
#1040=ORIENTED_EDGE('',*,*,#1565,.F.);
#1041=ORIENTED_EDGE('',*,*,#1771,.T.);
#1042=ORIENTED_EDGE('',*,*,#1363,.F.);
#1043=ORIENTED_EDGE('',*,*,#1772,.T.);
#1044=ORIENTED_EDGE('',*,*,#1642,.F.);
#1045=ORIENTED_EDGE('',*,*,#1773,.F.);
#1046=ORIENTED_EDGE('',*,*,#1366,.F.);
#1047=ORIENTED_EDGE('',*,*,#1774,.F.);
#1048=ORIENTED_EDGE('',*,*,#1648,.F.);
#1049=ORIENTED_EDGE('',*,*,#1774,.T.);
#1050=ORIENTED_EDGE('',*,*,#1370,.F.);
#1051=ORIENTED_EDGE('',*,*,#1775,.F.);
#1052=ORIENTED_EDGE('',*,*,#1645,.F.);
#1053=ORIENTED_EDGE('',*,*,#1773,.T.);
#1054=ORIENTED_EDGE('',*,*,#1647,.F.);
#1055=ORIENTED_EDGE('',*,*,#1776,.F.);
#1056=ORIENTED_EDGE('',*,*,#1567,.F.);
#1057=ORIENTED_EDGE('',*,*,#1775,.T.);
#1058=ORIENTED_EDGE('',*,*,#1373,.F.);
#1059=ORIENTED_EDGE('',*,*,#1776,.T.);
#1060=ORIENTED_EDGE('',*,*,#1646,.F.);
#1061=ORIENTED_EDGE('',*,*,#1777,.F.);
#1062=ORIENTED_EDGE('',*,*,#1376,.F.);
#1063=ORIENTED_EDGE('',*,*,#1778,.F.);
#1064=ORIENTED_EDGE('',*,*,#1652,.F.);
#1065=ORIENTED_EDGE('',*,*,#1778,.T.);
#1066=ORIENTED_EDGE('',*,*,#1380,.F.);
#1067=ORIENTED_EDGE('',*,*,#1779,.F.);
#1068=ORIENTED_EDGE('',*,*,#1649,.F.);
#1069=ORIENTED_EDGE('',*,*,#1777,.T.);
#1070=ORIENTED_EDGE('',*,*,#1651,.F.);
#1071=ORIENTED_EDGE('',*,*,#1780,.F.);
#1072=ORIENTED_EDGE('',*,*,#1569,.F.);
#1073=ORIENTED_EDGE('',*,*,#1779,.T.);
#1074=ORIENTED_EDGE('',*,*,#1383,.F.);
#1075=ORIENTED_EDGE('',*,*,#1780,.T.);
#1076=ORIENTED_EDGE('',*,*,#1650,.F.);
#1077=ORIENTED_EDGE('',*,*,#1781,.F.);
#1078=ORIENTED_EDGE('',*,*,#1386,.F.);
#1079=ORIENTED_EDGE('',*,*,#1782,.F.);
#1080=ORIENTED_EDGE('',*,*,#1656,.F.);
#1081=ORIENTED_EDGE('',*,*,#1782,.T.);
#1082=ORIENTED_EDGE('',*,*,#1390,.F.);
#1083=ORIENTED_EDGE('',*,*,#1783,.F.);
#1084=ORIENTED_EDGE('',*,*,#1653,.F.);
#1085=ORIENTED_EDGE('',*,*,#1781,.T.);
#1086=ORIENTED_EDGE('',*,*,#1655,.F.);
#1087=ORIENTED_EDGE('',*,*,#1784,.F.);
#1088=ORIENTED_EDGE('',*,*,#1571,.F.);
#1089=ORIENTED_EDGE('',*,*,#1783,.T.);
#1090=ORIENTED_EDGE('',*,*,#1393,.F.);
#1091=ORIENTED_EDGE('',*,*,#1784,.T.);
#1092=ORIENTED_EDGE('',*,*,#1654,.F.);
#1093=ORIENTED_EDGE('',*,*,#1785,.F.);
#1094=ORIENTED_EDGE('',*,*,#1396,.F.);
#1095=ORIENTED_EDGE('',*,*,#1786,.F.);
#1096=ORIENTED_EDGE('',*,*,#1660,.F.);
#1097=ORIENTED_EDGE('',*,*,#1786,.T.);
#1098=ORIENTED_EDGE('',*,*,#1400,.F.);
#1099=ORIENTED_EDGE('',*,*,#1787,.F.);
#1100=ORIENTED_EDGE('',*,*,#1657,.F.);
#1101=ORIENTED_EDGE('',*,*,#1785,.T.);
#1102=ORIENTED_EDGE('',*,*,#1659,.F.);
#1103=ORIENTED_EDGE('',*,*,#1788,.F.);
#1104=ORIENTED_EDGE('',*,*,#1573,.F.);
#1105=ORIENTED_EDGE('',*,*,#1787,.T.);
#1106=ORIENTED_EDGE('',*,*,#1403,.F.);
#1107=ORIENTED_EDGE('',*,*,#1788,.T.);
#1108=ORIENTED_EDGE('',*,*,#1658,.F.);
#1109=ORIENTED_EDGE('',*,*,#1789,.F.);
#1110=ORIENTED_EDGE('',*,*,#1406,.F.);
#1111=ORIENTED_EDGE('',*,*,#1790,.F.);
#1112=ORIENTED_EDGE('',*,*,#1664,.F.);
#1113=ORIENTED_EDGE('',*,*,#1790,.T.);
#1114=ORIENTED_EDGE('',*,*,#1410,.F.);
#1115=ORIENTED_EDGE('',*,*,#1791,.F.);
#1116=ORIENTED_EDGE('',*,*,#1661,.F.);
#1117=ORIENTED_EDGE('',*,*,#1789,.T.);
#1118=ORIENTED_EDGE('',*,*,#1663,.F.);
#1119=ORIENTED_EDGE('',*,*,#1792,.F.);
#1120=ORIENTED_EDGE('',*,*,#1575,.F.);
#1121=ORIENTED_EDGE('',*,*,#1791,.T.);
#1122=ORIENTED_EDGE('',*,*,#1413,.F.);
#1123=ORIENTED_EDGE('',*,*,#1792,.T.);
#1124=ORIENTED_EDGE('',*,*,#1662,.F.);
#1125=ORIENTED_EDGE('',*,*,#1793,.F.);
#1126=ORIENTED_EDGE('',*,*,#1416,.F.);
#1127=ORIENTED_EDGE('',*,*,#1794,.F.);
#1128=ORIENTED_EDGE('',*,*,#1668,.F.);
#1129=ORIENTED_EDGE('',*,*,#1794,.T.);
#1130=ORIENTED_EDGE('',*,*,#1420,.F.);
#1131=ORIENTED_EDGE('',*,*,#1795,.F.);
#1132=ORIENTED_EDGE('',*,*,#1665,.F.);
#1133=ORIENTED_EDGE('',*,*,#1793,.T.);
#1134=ORIENTED_EDGE('',*,*,#1667,.F.);
#1135=ORIENTED_EDGE('',*,*,#1796,.F.);
#1136=ORIENTED_EDGE('',*,*,#1577,.F.);
#1137=ORIENTED_EDGE('',*,*,#1795,.T.);
#1138=ORIENTED_EDGE('',*,*,#1423,.F.);
#1139=ORIENTED_EDGE('',*,*,#1796,.T.);
#1140=ORIENTED_EDGE('',*,*,#1666,.F.);
#1141=ORIENTED_EDGE('',*,*,#1797,.F.);
#1142=ORIENTED_EDGE('',*,*,#1426,.F.);
#1143=ORIENTED_EDGE('',*,*,#1798,.F.);
#1144=ORIENTED_EDGE('',*,*,#1672,.F.);
#1145=ORIENTED_EDGE('',*,*,#1798,.T.);
#1146=ORIENTED_EDGE('',*,*,#1430,.F.);
#1147=ORIENTED_EDGE('',*,*,#1799,.F.);
#1148=ORIENTED_EDGE('',*,*,#1669,.F.);
#1149=ORIENTED_EDGE('',*,*,#1797,.T.);
#1150=ORIENTED_EDGE('',*,*,#1671,.F.);
#1151=ORIENTED_EDGE('',*,*,#1800,.F.);
#1152=ORIENTED_EDGE('',*,*,#1579,.F.);
#1153=ORIENTED_EDGE('',*,*,#1799,.T.);
#1154=ORIENTED_EDGE('',*,*,#1433,.F.);
#1155=ORIENTED_EDGE('',*,*,#1800,.T.);
#1156=ORIENTED_EDGE('',*,*,#1670,.F.);
#1157=ORIENTED_EDGE('',*,*,#1801,.F.);
#1158=ORIENTED_EDGE('',*,*,#1436,.F.);
#1159=ORIENTED_EDGE('',*,*,#1802,.F.);
#1160=ORIENTED_EDGE('',*,*,#1676,.F.);
#1161=ORIENTED_EDGE('',*,*,#1802,.T.);
#1162=ORIENTED_EDGE('',*,*,#1440,.F.);
#1163=ORIENTED_EDGE('',*,*,#1803,.F.);
#1164=ORIENTED_EDGE('',*,*,#1673,.F.);
#1165=ORIENTED_EDGE('',*,*,#1801,.T.);
#1166=ORIENTED_EDGE('',*,*,#1675,.F.);
#1167=ORIENTED_EDGE('',*,*,#1804,.F.);
#1168=ORIENTED_EDGE('',*,*,#1581,.F.);
#1169=ORIENTED_EDGE('',*,*,#1803,.T.);
#1170=ORIENTED_EDGE('',*,*,#1443,.F.);
#1171=ORIENTED_EDGE('',*,*,#1804,.T.);
#1172=ORIENTED_EDGE('',*,*,#1674,.F.);
#1173=ORIENTED_EDGE('',*,*,#1805,.F.);
#1174=ORIENTED_EDGE('',*,*,#1446,.F.);
#1175=ORIENTED_EDGE('',*,*,#1806,.F.);
#1176=ORIENTED_EDGE('',*,*,#1680,.F.);
#1177=ORIENTED_EDGE('',*,*,#1806,.T.);
#1178=ORIENTED_EDGE('',*,*,#1450,.F.);
#1179=ORIENTED_EDGE('',*,*,#1807,.F.);
#1180=ORIENTED_EDGE('',*,*,#1677,.F.);
#1181=ORIENTED_EDGE('',*,*,#1805,.T.);
#1182=ORIENTED_EDGE('',*,*,#1679,.F.);
#1183=ORIENTED_EDGE('',*,*,#1808,.F.);
#1184=ORIENTED_EDGE('',*,*,#1583,.F.);
#1185=ORIENTED_EDGE('',*,*,#1807,.T.);
#1186=ORIENTED_EDGE('',*,*,#1453,.F.);
#1187=ORIENTED_EDGE('',*,*,#1808,.T.);
#1188=ORIENTED_EDGE('',*,*,#1678,.F.);
#1189=ORIENTED_EDGE('',*,*,#1809,.F.);
#1190=ORIENTED_EDGE('',*,*,#1456,.F.);
#1191=ORIENTED_EDGE('',*,*,#1810,.F.);
#1192=ORIENTED_EDGE('',*,*,#1684,.F.);
#1193=ORIENTED_EDGE('',*,*,#1810,.T.);
#1194=ORIENTED_EDGE('',*,*,#1460,.F.);
#1195=ORIENTED_EDGE('',*,*,#1811,.F.);
#1196=ORIENTED_EDGE('',*,*,#1681,.F.);
#1197=ORIENTED_EDGE('',*,*,#1809,.T.);
#1198=ORIENTED_EDGE('',*,*,#1683,.F.);
#1199=ORIENTED_EDGE('',*,*,#1812,.F.);
#1200=ORIENTED_EDGE('',*,*,#1585,.F.);
#1201=ORIENTED_EDGE('',*,*,#1811,.T.);
#1202=ORIENTED_EDGE('',*,*,#1463,.F.);
#1203=ORIENTED_EDGE('',*,*,#1812,.T.);
#1204=ORIENTED_EDGE('',*,*,#1682,.F.);
#1205=ORIENTED_EDGE('',*,*,#1813,.F.);
#1206=ORIENTED_EDGE('',*,*,#1466,.F.);
#1207=ORIENTED_EDGE('',*,*,#1814,.F.);
#1208=ORIENTED_EDGE('',*,*,#1688,.F.);
#1209=ORIENTED_EDGE('',*,*,#1814,.T.);
#1210=ORIENTED_EDGE('',*,*,#1470,.F.);
#1211=ORIENTED_EDGE('',*,*,#1815,.F.);
#1212=ORIENTED_EDGE('',*,*,#1685,.F.);
#1213=ORIENTED_EDGE('',*,*,#1813,.T.);
#1214=ORIENTED_EDGE('',*,*,#1687,.F.);
#1215=ORIENTED_EDGE('',*,*,#1816,.F.);
#1216=ORIENTED_EDGE('',*,*,#1587,.F.);
#1217=ORIENTED_EDGE('',*,*,#1815,.T.);
#1218=ORIENTED_EDGE('',*,*,#1473,.F.);
#1219=ORIENTED_EDGE('',*,*,#1816,.T.);
#1220=ORIENTED_EDGE('',*,*,#1686,.F.);
#1221=ORIENTED_EDGE('',*,*,#1817,.F.);
#1222=ORIENTED_EDGE('',*,*,#1476,.F.);
#1223=ORIENTED_EDGE('',*,*,#1818,.F.);
#1224=ORIENTED_EDGE('',*,*,#1692,.F.);
#1225=ORIENTED_EDGE('',*,*,#1818,.T.);
#1226=ORIENTED_EDGE('',*,*,#1480,.F.);
#1227=ORIENTED_EDGE('',*,*,#1819,.F.);
#1228=ORIENTED_EDGE('',*,*,#1689,.F.);
#1229=ORIENTED_EDGE('',*,*,#1817,.T.);
#1230=ORIENTED_EDGE('',*,*,#1691,.F.);
#1231=ORIENTED_EDGE('',*,*,#1820,.F.);
#1232=ORIENTED_EDGE('',*,*,#1589,.F.);
#1233=ORIENTED_EDGE('',*,*,#1819,.T.);
#1234=ORIENTED_EDGE('',*,*,#1483,.F.);
#1235=ORIENTED_EDGE('',*,*,#1820,.T.);
#1236=ORIENTED_EDGE('',*,*,#1690,.F.);
#1237=ORIENTED_EDGE('',*,*,#1821,.F.);
#1238=ORIENTED_EDGE('',*,*,#1486,.F.);
#1239=ORIENTED_EDGE('',*,*,#1822,.F.);
#1240=ORIENTED_EDGE('',*,*,#1696,.F.);
#1241=ORIENTED_EDGE('',*,*,#1822,.T.);
#1242=ORIENTED_EDGE('',*,*,#1490,.F.);
#1243=ORIENTED_EDGE('',*,*,#1823,.F.);
#1244=ORIENTED_EDGE('',*,*,#1693,.F.);
#1245=ORIENTED_EDGE('',*,*,#1821,.T.);
#1246=ORIENTED_EDGE('',*,*,#1695,.F.);
#1247=ORIENTED_EDGE('',*,*,#1824,.F.);
#1248=ORIENTED_EDGE('',*,*,#1591,.F.);
#1249=ORIENTED_EDGE('',*,*,#1823,.T.);
#1250=ORIENTED_EDGE('',*,*,#1493,.F.);
#1251=ORIENTED_EDGE('',*,*,#1824,.T.);
#1252=ORIENTED_EDGE('',*,*,#1694,.F.);
#1253=ORIENTED_EDGE('',*,*,#1825,.F.);
#1254=ORIENTED_EDGE('',*,*,#1496,.F.);
#1255=ORIENTED_EDGE('',*,*,#1826,.F.);
#1256=ORIENTED_EDGE('',*,*,#1700,.F.);
#1257=ORIENTED_EDGE('',*,*,#1826,.T.);
#1258=ORIENTED_EDGE('',*,*,#1500,.F.);
#1259=ORIENTED_EDGE('',*,*,#1827,.F.);
#1260=ORIENTED_EDGE('',*,*,#1697,.F.);
#1261=ORIENTED_EDGE('',*,*,#1825,.T.);
#1262=ORIENTED_EDGE('',*,*,#1699,.F.);
#1263=ORIENTED_EDGE('',*,*,#1828,.F.);
#1264=ORIENTED_EDGE('',*,*,#1593,.F.);
#1265=ORIENTED_EDGE('',*,*,#1827,.T.);
#1266=ORIENTED_EDGE('',*,*,#1503,.F.);
#1267=ORIENTED_EDGE('',*,*,#1828,.T.);
#1268=ORIENTED_EDGE('',*,*,#1698,.F.);
#1269=ORIENTED_EDGE('',*,*,#1829,.F.);
#1270=ORIENTED_EDGE('',*,*,#1506,.F.);
#1271=ORIENTED_EDGE('',*,*,#1830,.F.);
#1272=ORIENTED_EDGE('',*,*,#1704,.F.);
#1273=ORIENTED_EDGE('',*,*,#1830,.T.);
#1274=ORIENTED_EDGE('',*,*,#1510,.F.);
#1275=ORIENTED_EDGE('',*,*,#1831,.F.);
#1276=ORIENTED_EDGE('',*,*,#1701,.F.);
#1277=ORIENTED_EDGE('',*,*,#1829,.T.);
#1278=ORIENTED_EDGE('',*,*,#1703,.F.);
#1279=ORIENTED_EDGE('',*,*,#1832,.F.);
#1280=ORIENTED_EDGE('',*,*,#1595,.F.);
#1281=ORIENTED_EDGE('',*,*,#1831,.T.);
#1282=ORIENTED_EDGE('',*,*,#1513,.F.);
#1283=ORIENTED_EDGE('',*,*,#1832,.T.);
#1284=ORIENTED_EDGE('',*,*,#1702,.F.);
#1285=ORIENTED_EDGE('',*,*,#1833,.F.);
#1286=ORIENTED_EDGE('',*,*,#1516,.F.);
#1287=ORIENTED_EDGE('',*,*,#1834,.F.);
#1288=ORIENTED_EDGE('',*,*,#1708,.F.);
#1289=ORIENTED_EDGE('',*,*,#1834,.T.);
#1290=ORIENTED_EDGE('',*,*,#1520,.F.);
#1291=ORIENTED_EDGE('',*,*,#1835,.F.);
#1292=ORIENTED_EDGE('',*,*,#1705,.F.);
#1293=ORIENTED_EDGE('',*,*,#1833,.T.);
#1294=ORIENTED_EDGE('',*,*,#1707,.F.);
#1295=ORIENTED_EDGE('',*,*,#1836,.F.);
#1296=ORIENTED_EDGE('',*,*,#1597,.F.);
#1297=ORIENTED_EDGE('',*,*,#1835,.T.);
#1298=ORIENTED_EDGE('',*,*,#1523,.F.);
#1299=ORIENTED_EDGE('',*,*,#1836,.T.);
#1300=ORIENTED_EDGE('',*,*,#1706,.F.);
#1301=ORIENTED_EDGE('',*,*,#1837,.F.);
#1302=ORIENTED_EDGE('',*,*,#1526,.F.);
#1303=ORIENTED_EDGE('',*,*,#1838,.F.);
#1304=ORIENTED_EDGE('',*,*,#1711,.F.);
#1305=ORIENTED_EDGE('',*,*,#1838,.T.);
#1306=ORIENTED_EDGE('',*,*,#1530,.F.);
#1307=ORIENTED_EDGE('',*,*,#1839,.F.);
#1308=ORIENTED_EDGE('',*,*,#1712,.F.);
#1309=ORIENTED_EDGE('',*,*,#1837,.T.);
#1310=ORIENTED_EDGE('',*,*,#1710,.F.);
#1311=ORIENTED_EDGE('',*,*,#1840,.F.);
#1312=ORIENTED_EDGE('',*,*,#1599,.F.);
#1313=ORIENTED_EDGE('',*,*,#1839,.T.);
#1314=ORIENTED_EDGE('',*,*,#1533,.F.);
#1315=ORIENTED_EDGE('',*,*,#1840,.T.);
#1316=ORIENTED_EDGE('',*,*,#1709,.F.);
#1317=EDGE_CURVE('',#1841,#1842,#2159,.T.);
#1318=EDGE_CURVE('',#1842,#1843,#2160,.T.);
#1319=EDGE_CURVE('',#1843,#1844,#2161,.T.);
#1320=EDGE_CURVE('',#1841,#1844,#2162,.T.);
#1321=EDGE_CURVE('',#1845,#1846,#2163,.F.);
#1322=EDGE_CURVE('',#1846,#1847,#2164,.F.);
#1323=EDGE_CURVE('',#1847,#1848,#2165,.F.);
#1324=EDGE_CURVE('',#1848,#1845,#2166,.T.);
#1325=EDGE_CURVE('',#1849,#1850,#2167,.T.);
#1326=EDGE_CURVE('',#1849,#1851,#2168,.T.);
#1327=EDGE_CURVE('',#1851,#1852,#2169,.T.);
#1328=EDGE_CURVE('',#1850,#1852,#2170,.T.);
#1329=EDGE_CURVE('',#1853,#1854,#2171,.T.);
#1330=EDGE_CURVE('',#1853,#1849,#2172,.F.);
#1331=EDGE_CURVE('',#1850,#1854,#2173,.T.);
#1332=EDGE_CURVE('',#1855,#1856,#2174,.T.);
#1333=EDGE_CURVE('',#1855,#1853,#2175,.F.);
#1334=EDGE_CURVE('',#1854,#1856,#2176,.T.);
#1335=EDGE_CURVE('',#1857,#1858,#2177,.T.);
#1336=EDGE_CURVE('',#1857,#1859,#2178,.T.);
#1337=EDGE_CURVE('',#1859,#1860,#2179,.T.);
#1338=EDGE_CURVE('',#1858,#1860,#2180,.T.);
#1339=EDGE_CURVE('',#1861,#1862,#2181,.T.);
#1340=EDGE_CURVE('',#1861,#1857,#2182,.T.);
#1341=EDGE_CURVE('',#1862,#1858,#2183,.T.);
#1342=EDGE_CURVE('',#1863,#1864,#2184,.T.);
#1343=EDGE_CURVE('',#1863,#1861,#2185,.F.);
#1344=EDGE_CURVE('',#1862,#1864,#2186,.T.);
#1345=EDGE_CURVE('',#1865,#1866,#2187,.T.);
#1346=EDGE_CURVE('',#1865,#1867,#2188,.T.);
#1347=EDGE_CURVE('',#1867,#1868,#2189,.T.);
#1348=EDGE_CURVE('',#1866,#1868,#2190,.T.);
#1349=EDGE_CURVE('',#1869,#1870,#2191,.T.);
#1350=EDGE_CURVE('',#1869,#1865,#2192,.T.);
#1351=EDGE_CURVE('',#1870,#1866,#2193,.T.);
#1352=EDGE_CURVE('',#1871,#1872,#2194,.T.);
#1353=EDGE_CURVE('',#1871,#1869,#2195,.F.);
#1354=EDGE_CURVE('',#1870,#1872,#2196,.T.);
#1355=EDGE_CURVE('',#1873,#1874,#2197,.T.);
#1356=EDGE_CURVE('',#1873,#1875,#2198,.T.);
#1357=EDGE_CURVE('',#1875,#1876,#2199,.T.);
#1358=EDGE_CURVE('',#1874,#1876,#2200,.T.);
#1359=EDGE_CURVE('',#1877,#1878,#2201,.T.);
#1360=EDGE_CURVE('',#1877,#1873,#2202,.T.);
#1361=EDGE_CURVE('',#1878,#1874,#2203,.T.);
#1362=EDGE_CURVE('',#1879,#1880,#2204,.T.);
#1363=EDGE_CURVE('',#1879,#1877,#2205,.F.);
#1364=EDGE_CURVE('',#1878,#1880,#2206,.T.);
#1365=EDGE_CURVE('',#1881,#1882,#2207,.T.);
#1366=EDGE_CURVE('',#1881,#1883,#2208,.T.);
#1367=EDGE_CURVE('',#1883,#1884,#2209,.T.);
#1368=EDGE_CURVE('',#1882,#1884,#2210,.T.);
#1369=EDGE_CURVE('',#1885,#1886,#2211,.T.);
#1370=EDGE_CURVE('',#1885,#1881,#2212,.T.);
#1371=EDGE_CURVE('',#1886,#1882,#2213,.T.);
#1372=EDGE_CURVE('',#1887,#1888,#2214,.T.);
#1373=EDGE_CURVE('',#1887,#1885,#2215,.F.);
#1374=EDGE_CURVE('',#1886,#1888,#2216,.T.);
#1375=EDGE_CURVE('',#1889,#1890,#2217,.T.);
#1376=EDGE_CURVE('',#1889,#1891,#2218,.T.);
#1377=EDGE_CURVE('',#1891,#1892,#2219,.T.);
#1378=EDGE_CURVE('',#1890,#1892,#2220,.T.);
#1379=EDGE_CURVE('',#1893,#1894,#2221,.T.);
#1380=EDGE_CURVE('',#1893,#1889,#2222,.T.);
#1381=EDGE_CURVE('',#1894,#1890,#2223,.T.);
#1382=EDGE_CURVE('',#1895,#1896,#2224,.T.);
#1383=EDGE_CURVE('',#1895,#1893,#2225,.F.);
#1384=EDGE_CURVE('',#1894,#1896,#2226,.T.);
#1385=EDGE_CURVE('',#1897,#1898,#2227,.T.);
#1386=EDGE_CURVE('',#1897,#1899,#2228,.T.);
#1387=EDGE_CURVE('',#1899,#1900,#2229,.T.);
#1388=EDGE_CURVE('',#1898,#1900,#2230,.T.);
#1389=EDGE_CURVE('',#1901,#1902,#2231,.T.);
#1390=EDGE_CURVE('',#1901,#1897,#2232,.T.);
#1391=EDGE_CURVE('',#1902,#1898,#2233,.T.);
#1392=EDGE_CURVE('',#1903,#1904,#2234,.T.);
#1393=EDGE_CURVE('',#1903,#1901,#2235,.F.);
#1394=EDGE_CURVE('',#1902,#1904,#2236,.T.);
#1395=EDGE_CURVE('',#1905,#1906,#2237,.T.);
#1396=EDGE_CURVE('',#1905,#1907,#2238,.T.);
#1397=EDGE_CURVE('',#1907,#1908,#2239,.T.);
#1398=EDGE_CURVE('',#1906,#1908,#2240,.T.);
#1399=EDGE_CURVE('',#1909,#1910,#2241,.T.);
#1400=EDGE_CURVE('',#1909,#1905,#2242,.T.);
#1401=EDGE_CURVE('',#1910,#1906,#2243,.T.);
#1402=EDGE_CURVE('',#1911,#1912,#2244,.T.);
#1403=EDGE_CURVE('',#1911,#1909,#2245,.F.);
#1404=EDGE_CURVE('',#1910,#1912,#2246,.T.);
#1405=EDGE_CURVE('',#1913,#1914,#2247,.T.);
#1406=EDGE_CURVE('',#1913,#1915,#2248,.T.);
#1407=EDGE_CURVE('',#1915,#1916,#2249,.T.);
#1408=EDGE_CURVE('',#1914,#1916,#2250,.T.);
#1409=EDGE_CURVE('',#1917,#1918,#2251,.T.);
#1410=EDGE_CURVE('',#1917,#1913,#2252,.T.);
#1411=EDGE_CURVE('',#1918,#1914,#2253,.T.);
#1412=EDGE_CURVE('',#1919,#1920,#2254,.T.);
#1413=EDGE_CURVE('',#1919,#1917,#2255,.F.);
#1414=EDGE_CURVE('',#1918,#1920,#2256,.T.);
#1415=EDGE_CURVE('',#1921,#1922,#2257,.T.);
#1416=EDGE_CURVE('',#1921,#1923,#2258,.T.);
#1417=EDGE_CURVE('',#1923,#1924,#2259,.T.);
#1418=EDGE_CURVE('',#1922,#1924,#2260,.T.);
#1419=EDGE_CURVE('',#1925,#1926,#2261,.T.);
#1420=EDGE_CURVE('',#1925,#1921,#2262,.T.);
#1421=EDGE_CURVE('',#1926,#1922,#2263,.T.);
#1422=EDGE_CURVE('',#1927,#1928,#2264,.T.);
#1423=EDGE_CURVE('',#1927,#1925,#2265,.F.);
#1424=EDGE_CURVE('',#1926,#1928,#2266,.T.);
#1425=EDGE_CURVE('',#1929,#1930,#2267,.T.);
#1426=EDGE_CURVE('',#1929,#1931,#2268,.T.);
#1427=EDGE_CURVE('',#1931,#1932,#2269,.T.);
#1428=EDGE_CURVE('',#1930,#1932,#2270,.T.);
#1429=EDGE_CURVE('',#1933,#1934,#2271,.T.);
#1430=EDGE_CURVE('',#1933,#1929,#2272,.T.);
#1431=EDGE_CURVE('',#1934,#1930,#2273,.T.);
#1432=EDGE_CURVE('',#1935,#1936,#2274,.T.);
#1433=EDGE_CURVE('',#1935,#1933,#2275,.F.);
#1434=EDGE_CURVE('',#1934,#1936,#2276,.T.);
#1435=EDGE_CURVE('',#1937,#1938,#2277,.T.);
#1436=EDGE_CURVE('',#1937,#1939,#2278,.T.);
#1437=EDGE_CURVE('',#1939,#1940,#2279,.T.);
#1438=EDGE_CURVE('',#1938,#1940,#2280,.T.);
#1439=EDGE_CURVE('',#1941,#1942,#2281,.T.);
#1440=EDGE_CURVE('',#1941,#1937,#2282,.T.);
#1441=EDGE_CURVE('',#1942,#1938,#2283,.T.);
#1442=EDGE_CURVE('',#1943,#1944,#2284,.T.);
#1443=EDGE_CURVE('',#1943,#1941,#2285,.F.);
#1444=EDGE_CURVE('',#1942,#1944,#2286,.T.);
#1445=EDGE_CURVE('',#1945,#1946,#2287,.T.);
#1446=EDGE_CURVE('',#1945,#1947,#2288,.T.);
#1447=EDGE_CURVE('',#1947,#1948,#2289,.T.);
#1448=EDGE_CURVE('',#1946,#1948,#2290,.T.);
#1449=EDGE_CURVE('',#1949,#1950,#2291,.T.);
#1450=EDGE_CURVE('',#1949,#1945,#2292,.T.);
#1451=EDGE_CURVE('',#1950,#1946,#2293,.T.);
#1452=EDGE_CURVE('',#1951,#1952,#2294,.T.);
#1453=EDGE_CURVE('',#1951,#1949,#2295,.F.);
#1454=EDGE_CURVE('',#1950,#1952,#2296,.T.);
#1455=EDGE_CURVE('',#1953,#1954,#2297,.T.);
#1456=EDGE_CURVE('',#1953,#1955,#2298,.T.);
#1457=EDGE_CURVE('',#1955,#1956,#2299,.T.);
#1458=EDGE_CURVE('',#1954,#1956,#2300,.T.);
#1459=EDGE_CURVE('',#1957,#1958,#2301,.T.);
#1460=EDGE_CURVE('',#1957,#1953,#2302,.T.);
#1461=EDGE_CURVE('',#1958,#1954,#2303,.T.);
#1462=EDGE_CURVE('',#1959,#1960,#2304,.T.);
#1463=EDGE_CURVE('',#1959,#1957,#2305,.F.);
#1464=EDGE_CURVE('',#1958,#1960,#2306,.T.);
#1465=EDGE_CURVE('',#1961,#1962,#2307,.T.);
#1466=EDGE_CURVE('',#1961,#1963,#2308,.T.);
#1467=EDGE_CURVE('',#1963,#1964,#2309,.T.);
#1468=EDGE_CURVE('',#1962,#1964,#2310,.T.);
#1469=EDGE_CURVE('',#1965,#1966,#2311,.T.);
#1470=EDGE_CURVE('',#1965,#1961,#2312,.T.);
#1471=EDGE_CURVE('',#1966,#1962,#2313,.T.);
#1472=EDGE_CURVE('',#1967,#1968,#2314,.T.);
#1473=EDGE_CURVE('',#1967,#1965,#2315,.F.);
#1474=EDGE_CURVE('',#1966,#1968,#2316,.T.);
#1475=EDGE_CURVE('',#1969,#1970,#2317,.T.);
#1476=EDGE_CURVE('',#1969,#1971,#2318,.T.);
#1477=EDGE_CURVE('',#1971,#1972,#2319,.T.);
#1478=EDGE_CURVE('',#1970,#1972,#2320,.T.);
#1479=EDGE_CURVE('',#1973,#1974,#2321,.T.);
#1480=EDGE_CURVE('',#1973,#1969,#2322,.T.);
#1481=EDGE_CURVE('',#1974,#1970,#2323,.T.);
#1482=EDGE_CURVE('',#1975,#1976,#2324,.T.);
#1483=EDGE_CURVE('',#1975,#1973,#2325,.F.);
#1484=EDGE_CURVE('',#1974,#1976,#2326,.T.);
#1485=EDGE_CURVE('',#1977,#1978,#2327,.T.);
#1486=EDGE_CURVE('',#1977,#1979,#2328,.T.);
#1487=EDGE_CURVE('',#1979,#1980,#2329,.T.);
#1488=EDGE_CURVE('',#1978,#1980,#2330,.T.);
#1489=EDGE_CURVE('',#1981,#1982,#2331,.T.);
#1490=EDGE_CURVE('',#1981,#1977,#2332,.T.);
#1491=EDGE_CURVE('',#1982,#1978,#2333,.T.);
#1492=EDGE_CURVE('',#1983,#1984,#2334,.T.);
#1493=EDGE_CURVE('',#1983,#1981,#2335,.F.);
#1494=EDGE_CURVE('',#1982,#1984,#2336,.T.);
#1495=EDGE_CURVE('',#1985,#1986,#2337,.T.);
#1496=EDGE_CURVE('',#1985,#1987,#2338,.T.);
#1497=EDGE_CURVE('',#1987,#1988,#2339,.T.);
#1498=EDGE_CURVE('',#1986,#1988,#2340,.T.);
#1499=EDGE_CURVE('',#1989,#1990,#2341,.T.);
#1500=EDGE_CURVE('',#1989,#1985,#2342,.T.);
#1501=EDGE_CURVE('',#1990,#1986,#2343,.T.);
#1502=EDGE_CURVE('',#1991,#1992,#2344,.T.);
#1503=EDGE_CURVE('',#1991,#1989,#2345,.F.);
#1504=EDGE_CURVE('',#1990,#1992,#2346,.T.);
#1505=EDGE_CURVE('',#1993,#1994,#2347,.T.);
#1506=EDGE_CURVE('',#1993,#1995,#2348,.T.);
#1507=EDGE_CURVE('',#1995,#1996,#2349,.T.);
#1508=EDGE_CURVE('',#1994,#1996,#2350,.T.);
#1509=EDGE_CURVE('',#1997,#1998,#2351,.T.);
#1510=EDGE_CURVE('',#1997,#1993,#2352,.T.);
#1511=EDGE_CURVE('',#1998,#1994,#2353,.T.);
#1512=EDGE_CURVE('',#1999,#2000,#2354,.T.);
#1513=EDGE_CURVE('',#1999,#1997,#2355,.F.);
#1514=EDGE_CURVE('',#1998,#2000,#2356,.T.);
#1515=EDGE_CURVE('',#2001,#2002,#2357,.T.);
#1516=EDGE_CURVE('',#2001,#2003,#2358,.T.);
#1517=EDGE_CURVE('',#2003,#2004,#2359,.T.);
#1518=EDGE_CURVE('',#2002,#2004,#2360,.T.);
#1519=EDGE_CURVE('',#2005,#2006,#2361,.T.);
#1520=EDGE_CURVE('',#2005,#2001,#2362,.T.);
#1521=EDGE_CURVE('',#2006,#2002,#2363,.T.);
#1522=EDGE_CURVE('',#2007,#2008,#2364,.T.);
#1523=EDGE_CURVE('',#2007,#2005,#2365,.F.);
#1524=EDGE_CURVE('',#2006,#2008,#2366,.T.);
#1525=EDGE_CURVE('',#2009,#2010,#2367,.T.);
#1526=EDGE_CURVE('',#2009,#2011,#2368,.T.);
#1527=EDGE_CURVE('',#2011,#2012,#2369,.T.);
#1528=EDGE_CURVE('',#2010,#2012,#2370,.T.);
#1529=EDGE_CURVE('',#2013,#2014,#2371,.T.);
#1530=EDGE_CURVE('',#2013,#2009,#2372,.F.);
#1531=EDGE_CURVE('',#2010,#2014,#2373,.T.);
#1532=EDGE_CURVE('',#2015,#2016,#2374,.T.);
#1533=EDGE_CURVE('',#2015,#2013,#2375,.F.);
#1534=EDGE_CURVE('',#2014,#2016,#2376,.T.);
#1535=EDGE_CURVE('',#2017,#2018,#2377,.F.);
#1536=EDGE_CURVE('',#2018,#2019,#2378,.T.);
#1537=EDGE_CURVE('',#2019,#2020,#2379,.T.);
#1538=EDGE_CURVE('',#2017,#2020,#2380,.T.);
#1539=EDGE_CURVE('',#2021,#2022,#2381,.F.);
#1540=EDGE_CURVE('',#2022,#2023,#2382,.T.);
#1541=EDGE_CURVE('',#2023,#2024,#2383,.T.);
#1542=EDGE_CURVE('',#2021,#2024,#2384,.T.);
#1543=EDGE_CURVE('',#2025,#2026,#2385,.F.);
#1544=EDGE_CURVE('',#2026,#2027,#2386,.T.);
#1545=EDGE_CURVE('',#2027,#2028,#2387,.T.);
#1546=EDGE_CURVE('',#2025,#2028,#2388,.T.);
#1547=EDGE_CURVE('',#2029,#2030,#2389,.F.);
#1548=EDGE_CURVE('',#2030,#2031,#2390,.T.);
#1549=EDGE_CURVE('',#2031,#2032,#2391,.T.);
#1550=EDGE_CURVE('',#2029,#2032,#2392,.T.);
#1551=EDGE_CURVE('',#2033,#2034,#2393,.F.);
#1552=EDGE_CURVE('',#2034,#2035,#2394,.T.);
#1553=EDGE_CURVE('',#2035,#2036,#2395,.T.);
#1554=EDGE_CURVE('',#2033,#2036,#2396,.T.);
#1555=EDGE_CURVE('',#2037,#2037,#109,.T.);
#1556=EDGE_CURVE('',#2038,#2038,#110,.T.);
#1557=EDGE_CURVE('',#2039,#2039,#111,.T.);
#1558=EDGE_CURVE('',#2040,#2040,#112,.T.);
#1559=EDGE_CURVE('',#1851,#1855,#2397,.T.);
#1560=EDGE_CURVE('',#1852,#1856,#2398,.T.);
#1561=EDGE_CURVE('',#1859,#1863,#2399,.F.);
#1562=EDGE_CURVE('',#1864,#1860,#2400,.T.);
#1563=EDGE_CURVE('',#1867,#1871,#2401,.F.);
#1564=EDGE_CURVE('',#1872,#1868,#2402,.T.);
#1565=EDGE_CURVE('',#1875,#1879,#2403,.F.);
#1566=EDGE_CURVE('',#1880,#1876,#2404,.T.);
#1567=EDGE_CURVE('',#1883,#1887,#2405,.F.);
#1568=EDGE_CURVE('',#1888,#1884,#2406,.T.);
#1569=EDGE_CURVE('',#1891,#1895,#2407,.F.);
#1570=EDGE_CURVE('',#1896,#1892,#2408,.T.);
#1571=EDGE_CURVE('',#1899,#1903,#2409,.F.);
#1572=EDGE_CURVE('',#1904,#1900,#2410,.T.);
#1573=EDGE_CURVE('',#1907,#1911,#2411,.F.);
#1574=EDGE_CURVE('',#1912,#1908,#2412,.T.);
#1575=EDGE_CURVE('',#1915,#1919,#2413,.F.);
#1576=EDGE_CURVE('',#1920,#1916,#2414,.T.);
#1577=EDGE_CURVE('',#1923,#1927,#2415,.F.);
#1578=EDGE_CURVE('',#1928,#1924,#2416,.T.);
#1579=EDGE_CURVE('',#1931,#1935,#2417,.F.);
#1580=EDGE_CURVE('',#1936,#1932,#2418,.T.);
#1581=EDGE_CURVE('',#1939,#1943,#2419,.F.);
#1582=EDGE_CURVE('',#1944,#1940,#2420,.T.);
#1583=EDGE_CURVE('',#1947,#1951,#2421,.F.);
#1584=EDGE_CURVE('',#1952,#1948,#2422,.T.);
#1585=EDGE_CURVE('',#1955,#1959,#2423,.F.);
#1586=EDGE_CURVE('',#1960,#1956,#2424,.T.);
#1587=EDGE_CURVE('',#1963,#1967,#2425,.F.);
#1588=EDGE_CURVE('',#1968,#1964,#2426,.T.);
#1589=EDGE_CURVE('',#1971,#1975,#2427,.F.);
#1590=EDGE_CURVE('',#1976,#1972,#2428,.T.);
#1591=EDGE_CURVE('',#1979,#1983,#2429,.F.);
#1592=EDGE_CURVE('',#1984,#1980,#2430,.T.);
#1593=EDGE_CURVE('',#1987,#1991,#2431,.F.);
#1594=EDGE_CURVE('',#1992,#1988,#2432,.T.);
#1595=EDGE_CURVE('',#1995,#1999,#2433,.F.);
#1596=EDGE_CURVE('',#2000,#1996,#2434,.T.);
#1597=EDGE_CURVE('',#2003,#2007,#2435,.F.);
#1598=EDGE_CURVE('',#2008,#2004,#2436,.T.);
#1599=EDGE_CURVE('',#2011,#2015,#2437,.T.);
#1600=EDGE_CURVE('',#2012,#2016,#2438,.T.);
#1601=EDGE_CURVE('',#2041,#2042,#2439,.F.);
#1602=EDGE_CURVE('',#2042,#2043,#2440,.T.);
#1603=EDGE_CURVE('',#2043,#2044,#2441,.T.);
#1604=EDGE_CURVE('',#2041,#2044,#2442,.T.);
#1605=EDGE_CURVE('',#2045,#2045,#113,.T.);
#1606=EDGE_CURVE('',#2046,#2046,#114,.T.);
#1607=EDGE_CURVE('',#2047,#2048,#2443,.F.);
#1608=EDGE_CURVE('',#2048,#2049,#2444,.F.);
#1609=EDGE_CURVE('',#2049,#2050,#115,.T.);
#1610=EDGE_CURVE('',#2050,#2051,#2445,.T.);
#1611=EDGE_CURVE('',#2051,#2052,#116,.T.);
#1612=EDGE_CURVE('',#2052,#2053,#2446,.F.);
#1613=EDGE_CURVE('',#2053,#2054,#117,.T.);
#1614=EDGE_CURVE('',#2054,#2055,#2447,.F.);
#1615=EDGE_CURVE('',#2055,#2056,#118,.T.);
#1616=EDGE_CURVE('',#2056,#2057,#2448,.F.);
#1617=EDGE_CURVE('',#2057,#2058,#119,.F.);
#1618=EDGE_CURVE('',#2058,#2059,#2449,.F.);
#1619=EDGE_CURVE('',#2059,#2060,#120,.F.);
#1620=EDGE_CURVE('',#2060,#2061,#2450,.F.);
#1621=EDGE_CURVE('',#2061,#2062,#121,.T.);
#1622=EDGE_CURVE('',#2062,#2063,#2451,.F.);
#1623=EDGE_CURVE('',#2063,#2064,#122,.T.);
#1624=EDGE_CURVE('',#2064,#2065,#2452,.F.);
#1625=EDGE_CURVE('',#2065,#2047,#123,.T.);
#1626=EDGE_CURVE('',#2066,#2066,#124,.F.);
#1627=EDGE_CURVE('',#2067,#2067,#125,.F.);
#1628=EDGE_CURVE('',#2068,#2068,#126,.F.);
#1629=EDGE_CURVE('',#2069,#2070,#2453,.T.);
#1630=EDGE_CURVE('',#2070,#2071,#2454,.F.);
#1631=EDGE_CURVE('',#2071,#2072,#2455,.F.);
#1632=EDGE_CURVE('',#2072,#2069,#2456,.T.);
#1633=EDGE_CURVE('',#2073,#2074,#2457,.F.);
#1634=EDGE_CURVE('',#2074,#2075,#2458,.T.);
#1635=EDGE_CURVE('',#2075,#2076,#2459,.T.);
#1636=EDGE_CURVE('',#2076,#2073,#2460,.F.);
#1637=EDGE_CURVE('',#2077,#2078,#2461,.F.);
#1638=EDGE_CURVE('',#2078,#2079,#2462,.T.);
#1639=EDGE_CURVE('',#2079,#2080,#2463,.T.);
#1640=EDGE_CURVE('',#2080,#2077,#2464,.F.);
#1641=EDGE_CURVE('',#2081,#2082,#2465,.F.);
#1642=EDGE_CURVE('',#2082,#2083,#2466,.T.);
#1643=EDGE_CURVE('',#2083,#2084,#2467,.T.);
#1644=EDGE_CURVE('',#2084,#2081,#2468,.F.);
#1645=EDGE_CURVE('',#2085,#2086,#2469,.F.);
#1646=EDGE_CURVE('',#2086,#2087,#2470,.T.);
#1647=EDGE_CURVE('',#2087,#2088,#2471,.T.);
#1648=EDGE_CURVE('',#2088,#2085,#2472,.F.);
#1649=EDGE_CURVE('',#2089,#2090,#2473,.F.);
#1650=EDGE_CURVE('',#2090,#2091,#2474,.T.);
#1651=EDGE_CURVE('',#2091,#2092,#2475,.T.);
#1652=EDGE_CURVE('',#2092,#2089,#2476,.F.);
#1653=EDGE_CURVE('',#2093,#2094,#2477,.F.);
#1654=EDGE_CURVE('',#2094,#2095,#2478,.T.);
#1655=EDGE_CURVE('',#2095,#2096,#2479,.T.);
#1656=EDGE_CURVE('',#2096,#2093,#2480,.F.);
#1657=EDGE_CURVE('',#2097,#2098,#2481,.F.);
#1658=EDGE_CURVE('',#2098,#2099,#2482,.T.);
#1659=EDGE_CURVE('',#2099,#2100,#2483,.T.);
#1660=EDGE_CURVE('',#2100,#2097,#2484,.F.);
#1661=EDGE_CURVE('',#2101,#2102,#2485,.F.);
#1662=EDGE_CURVE('',#2102,#2103,#2486,.T.);
#1663=EDGE_CURVE('',#2103,#2104,#2487,.T.);
#1664=EDGE_CURVE('',#2104,#2101,#2488,.F.);
#1665=EDGE_CURVE('',#2105,#2106,#2489,.F.);
#1666=EDGE_CURVE('',#2106,#2107,#2490,.T.);
#1667=EDGE_CURVE('',#2107,#2108,#2491,.T.);
#1668=EDGE_CURVE('',#2108,#2105,#2492,.F.);
#1669=EDGE_CURVE('',#2109,#2110,#2493,.F.);
#1670=EDGE_CURVE('',#2110,#2111,#2494,.T.);
#1671=EDGE_CURVE('',#2111,#2112,#2495,.T.);
#1672=EDGE_CURVE('',#2112,#2109,#2496,.F.);
#1673=EDGE_CURVE('',#2113,#2114,#2497,.F.);
#1674=EDGE_CURVE('',#2114,#2115,#2498,.T.);
#1675=EDGE_CURVE('',#2115,#2116,#2499,.T.);
#1676=EDGE_CURVE('',#2116,#2113,#2500,.F.);
#1677=EDGE_CURVE('',#2117,#2118,#2501,.F.);
#1678=EDGE_CURVE('',#2118,#2119,#2502,.T.);
#1679=EDGE_CURVE('',#2119,#2120,#2503,.T.);
#1680=EDGE_CURVE('',#2120,#2117,#2504,.F.);
#1681=EDGE_CURVE('',#2121,#2122,#2505,.F.);
#1682=EDGE_CURVE('',#2122,#2123,#2506,.T.);
#1683=EDGE_CURVE('',#2123,#2124,#2507,.T.);
#1684=EDGE_CURVE('',#2124,#2121,#2508,.F.);
#1685=EDGE_CURVE('',#2125,#2126,#2509,.F.);
#1686=EDGE_CURVE('',#2126,#2127,#2510,.T.);
#1687=EDGE_CURVE('',#2127,#2128,#2511,.T.);
#1688=EDGE_CURVE('',#2128,#2125,#2512,.F.);
#1689=EDGE_CURVE('',#2129,#2130,#2513,.F.);
#1690=EDGE_CURVE('',#2130,#2131,#2514,.T.);
#1691=EDGE_CURVE('',#2131,#2132,#2515,.T.);
#1692=EDGE_CURVE('',#2132,#2129,#2516,.F.);
#1693=EDGE_CURVE('',#2133,#2134,#2517,.F.);
#1694=EDGE_CURVE('',#2134,#2135,#2518,.T.);
#1695=EDGE_CURVE('',#2135,#2136,#2519,.T.);
#1696=EDGE_CURVE('',#2136,#2133,#2520,.F.);
#1697=EDGE_CURVE('',#2137,#2138,#2521,.F.);
#1698=EDGE_CURVE('',#2138,#2139,#2522,.T.);
#1699=EDGE_CURVE('',#2139,#2140,#2523,.T.);
#1700=EDGE_CURVE('',#2140,#2137,#2524,.F.);
#1701=EDGE_CURVE('',#2141,#2142,#2525,.F.);
#1702=EDGE_CURVE('',#2142,#2143,#2526,.T.);
#1703=EDGE_CURVE('',#2143,#2144,#2527,.T.);
#1704=EDGE_CURVE('',#2144,#2141,#2528,.F.);
#1705=EDGE_CURVE('',#2145,#2146,#2529,.F.);
#1706=EDGE_CURVE('',#2146,#2147,#2530,.T.);
#1707=EDGE_CURVE('',#2147,#2148,#2531,.T.);
#1708=EDGE_CURVE('',#2148,#2145,#2532,.F.);
#1709=EDGE_CURVE('',#2149,#2150,#2533,.T.);
#1710=EDGE_CURVE('',#2150,#2151,#2534,.F.);
#1711=EDGE_CURVE('',#2151,#2152,#2535,.F.);
#1712=EDGE_CURVE('',#2152,#2149,#2536,.T.);
#1713=EDGE_CURVE('',#1848,#2153,#127,.F.);
#1714=EDGE_CURVE('',#2153,#2154,#2537,.T.);
#1715=EDGE_CURVE('',#2154,#2155,#2538,.T.);
#1716=EDGE_CURVE('',#2155,#1841,#128,.F.);
#1717=EDGE_CURVE('',#1844,#2041,#129,.F.);
#1718=EDGE_CURVE('',#2044,#2033,#130,.F.);
#1719=EDGE_CURVE('',#2036,#2029,#131,.T.);
#1720=EDGE_CURVE('',#2032,#2025,#132,.T.);
#1721=EDGE_CURVE('',#2028,#2021,#133,.F.);
#1722=EDGE_CURVE('',#2024,#2017,#134,.F.);
#1723=EDGE_CURVE('',#2020,#1845,#135,.F.);
#1724=EDGE_CURVE('',#2153,#2156,#2539,.T.);
#1725=EDGE_CURVE('',#2156,#2157,#2540,.T.);
#1726=EDGE_CURVE('',#2154,#2157,#2541,.T.);
#1727=EDGE_CURVE('',#2157,#2158,#2542,.T.);
#1728=EDGE_CURVE('',#2158,#2155,#2543,.F.);
#1729=EDGE_CURVE('',#2019,#1846,#136,.F.);
#1730=EDGE_CURVE('',#1843,#2042,#137,.F.);
#1731=EDGE_CURVE('',#2043,#2034,#138,.F.);
#1732=EDGE_CURVE('',#2035,#2030,#139,.T.);
#1733=EDGE_CURVE('',#2031,#2026,#140,.T.);
#1734=EDGE_CURVE('',#2027,#2022,#141,.F.);
#1735=EDGE_CURVE('',#2023,#2018,#142,.F.);
#1736=EDGE_CURVE('',#1847,#2156,#143,.F.);
#1737=EDGE_CURVE('',#2158,#1842,#144,.F.);
#1738=EDGE_CURVE('',#2026,#2057,#145,.T.);
#1739=EDGE_CURVE('',#2058,#2031,#146,.T.);
#1740=EDGE_CURVE('',#2059,#2030,#147,.T.);
#1741=EDGE_CURVE('',#2027,#2056,#148,.T.);
#1742=EDGE_CURVE('',#2060,#2035,#149,.T.);
#1743=EDGE_CURVE('',#2022,#2055,#150,.T.);
#1744=EDGE_CURVE('',#2061,#2034,#151,.T.);
#1745=EDGE_CURVE('',#2023,#2054,#152,.T.);
#1746=EDGE_CURVE('',#2062,#2043,#153,.T.);
#1747=EDGE_CURVE('',#2018,#2053,#154,.T.);
#1748=EDGE_CURVE('',#2063,#2042,#155,.T.);
#1749=EDGE_CURVE('',#2019,#2052,#156,.T.);
#1750=EDGE_CURVE('',#2064,#1843,#157,.T.);
#1751=EDGE_CURVE('',#1846,#2051,#158,.T.);
#1752=EDGE_CURVE('',#2065,#1842,#159,.T.);
#1753=EDGE_CURVE('',#1847,#2050,#160,.T.);
#1754=EDGE_CURVE('',#2047,#2158,#161,.T.);
#1755=EDGE_CURVE('',#2156,#2049,#162,.T.);
#1756=EDGE_CURVE('',#2048,#2157,#12,.T.);
#1757=EDGE_CURVE('',#1851,#2071,#13,.T.);
#1758=EDGE_CURVE('',#2072,#1849,#14,.F.);
#1759=EDGE_CURVE('',#2069,#1853,#15,.F.);
#1760=EDGE_CURVE('',#1855,#2070,#16,.T.);
#1761=EDGE_CURVE('',#1859,#2076,#17,.T.);
#1762=EDGE_CURVE('',#2073,#1857,#18,.F.);
#1763=EDGE_CURVE('',#2074,#1861,#19,.F.);
#1764=EDGE_CURVE('',#1863,#2075,#20,.T.);
#1765=EDGE_CURVE('',#1867,#2080,#21,.T.);
#1766=EDGE_CURVE('',#2077,#1865,#22,.F.);
#1767=EDGE_CURVE('',#2078,#1869,#23,.F.);
#1768=EDGE_CURVE('',#1871,#2079,#24,.T.);
#1769=EDGE_CURVE('',#1875,#2084,#25,.T.);
#1770=EDGE_CURVE('',#2081,#1873,#26,.F.);
#1771=EDGE_CURVE('',#2082,#1877,#27,.F.);
#1772=EDGE_CURVE('',#1879,#2083,#28,.T.);
#1773=EDGE_CURVE('',#1883,#2088,#29,.T.);
#1774=EDGE_CURVE('',#2085,#1881,#30,.F.);
#1775=EDGE_CURVE('',#2086,#1885,#31,.F.);
#1776=EDGE_CURVE('',#1887,#2087,#32,.T.);
#1777=EDGE_CURVE('',#1891,#2092,#33,.T.);
#1778=EDGE_CURVE('',#2089,#1889,#34,.F.);
#1779=EDGE_CURVE('',#2090,#1893,#35,.F.);
#1780=EDGE_CURVE('',#1895,#2091,#36,.T.);
#1781=EDGE_CURVE('',#1899,#2096,#37,.T.);
#1782=EDGE_CURVE('',#2093,#1897,#38,.F.);
#1783=EDGE_CURVE('',#2094,#1901,#39,.F.);
#1784=EDGE_CURVE('',#1903,#2095,#40,.T.);
#1785=EDGE_CURVE('',#1907,#2100,#41,.T.);
#1786=EDGE_CURVE('',#2097,#1905,#42,.F.);
#1787=EDGE_CURVE('',#2098,#1909,#43,.F.);
#1788=EDGE_CURVE('',#1911,#2099,#44,.T.);
#1789=EDGE_CURVE('',#1915,#2104,#45,.T.);
#1790=EDGE_CURVE('',#2101,#1913,#46,.F.);
#1791=EDGE_CURVE('',#2102,#1917,#47,.F.);
#1792=EDGE_CURVE('',#1919,#2103,#48,.T.);
#1793=EDGE_CURVE('',#1923,#2108,#49,.T.);
#1794=EDGE_CURVE('',#2105,#1921,#50,.F.);
#1795=EDGE_CURVE('',#2106,#1925,#51,.F.);
#1796=EDGE_CURVE('',#1927,#2107,#52,.T.);
#1797=EDGE_CURVE('',#1931,#2112,#53,.T.);
#1798=EDGE_CURVE('',#2109,#1929,#54,.F.);
#1799=EDGE_CURVE('',#2110,#1933,#55,.F.);
#1800=EDGE_CURVE('',#1935,#2111,#56,.T.);
#1801=EDGE_CURVE('',#1939,#2116,#57,.T.);
#1802=EDGE_CURVE('',#2113,#1937,#58,.F.);
#1803=EDGE_CURVE('',#2114,#1941,#59,.F.);
#1804=EDGE_CURVE('',#1943,#2115,#60,.T.);
#1805=EDGE_CURVE('',#1947,#2120,#61,.T.);
#1806=EDGE_CURVE('',#2117,#1945,#62,.F.);
#1807=EDGE_CURVE('',#2118,#1949,#63,.F.);
#1808=EDGE_CURVE('',#1951,#2119,#64,.T.);
#1809=EDGE_CURVE('',#1955,#2124,#65,.T.);
#1810=EDGE_CURVE('',#2121,#1953,#66,.F.);
#1811=EDGE_CURVE('',#2122,#1957,#67,.F.);
#1812=EDGE_CURVE('',#1959,#2123,#68,.T.);
#1813=EDGE_CURVE('',#1963,#2128,#69,.T.);
#1814=EDGE_CURVE('',#2125,#1961,#70,.F.);
#1815=EDGE_CURVE('',#2126,#1965,#71,.F.);
#1816=EDGE_CURVE('',#1967,#2127,#72,.T.);
#1817=EDGE_CURVE('',#1971,#2132,#73,.T.);
#1818=EDGE_CURVE('',#2129,#1969,#74,.F.);
#1819=EDGE_CURVE('',#2130,#1973,#75,.F.);
#1820=EDGE_CURVE('',#1975,#2131,#76,.T.);
#1821=EDGE_CURVE('',#1979,#2136,#77,.T.);
#1822=EDGE_CURVE('',#2133,#1977,#78,.F.);
#1823=EDGE_CURVE('',#2134,#1981,#79,.F.);
#1824=EDGE_CURVE('',#1983,#2135,#80,.T.);
#1825=EDGE_CURVE('',#1987,#2140,#81,.T.);
#1826=EDGE_CURVE('',#2137,#1985,#82,.F.);
#1827=EDGE_CURVE('',#2138,#1989,#83,.F.);
#1828=EDGE_CURVE('',#1991,#2139,#84,.T.);
#1829=EDGE_CURVE('',#1995,#2144,#85,.T.);
#1830=EDGE_CURVE('',#2141,#1993,#86,.F.);
#1831=EDGE_CURVE('',#2142,#1997,#87,.F.);
#1832=EDGE_CURVE('',#1999,#2143,#88,.T.);
#1833=EDGE_CURVE('',#2003,#2148,#89,.T.);
#1834=EDGE_CURVE('',#2145,#2001,#90,.F.);
#1835=EDGE_CURVE('',#2146,#2005,#91,.F.);
#1836=EDGE_CURVE('',#2007,#2147,#92,.T.);
#1837=EDGE_CURVE('',#2011,#2151,#93,.T.);
#1838=EDGE_CURVE('',#2152,#2009,#94,.F.);
#1839=EDGE_CURVE('',#2149,#2013,#95,.F.);
#1840=EDGE_CURVE('',#2015,#2150,#96,.T.);
#1841=VERTEX_POINT('',#5237);
#1842=VERTEX_POINT('',#5238);
#1843=VERTEX_POINT('',#5240);
#1844=VERTEX_POINT('',#5242);
#1845=VERTEX_POINT('',#5246);
#1846=VERTEX_POINT('',#5247);
#1847=VERTEX_POINT('',#5249);
#1848=VERTEX_POINT('',#5251);
#1849=VERTEX_POINT('',#5255);
#1850=VERTEX_POINT('',#5256);
#1851=VERTEX_POINT('',#5258);
#1852=VERTEX_POINT('',#5260);
#1853=VERTEX_POINT('',#5264);
#1854=VERTEX_POINT('',#5265);
#1855=VERTEX_POINT('',#5270);
#1856=VERTEX_POINT('',#5271);
#1857=VERTEX_POINT('',#5276);
#1858=VERTEX_POINT('',#5277);
#1859=VERTEX_POINT('',#5279);
#1860=VERTEX_POINT('',#5281);
#1861=VERTEX_POINT('',#5285);
#1862=VERTEX_POINT('',#5286);
#1863=VERTEX_POINT('',#5291);
#1864=VERTEX_POINT('',#5292);
#1865=VERTEX_POINT('',#5297);
#1866=VERTEX_POINT('',#5298);
#1867=VERTEX_POINT('',#5300);
#1868=VERTEX_POINT('',#5302);
#1869=VERTEX_POINT('',#5306);
#1870=VERTEX_POINT('',#5307);
#1871=VERTEX_POINT('',#5312);
#1872=VERTEX_POINT('',#5313);
#1873=VERTEX_POINT('',#5318);
#1874=VERTEX_POINT('',#5319);
#1875=VERTEX_POINT('',#5321);
#1876=VERTEX_POINT('',#5323);
#1877=VERTEX_POINT('',#5327);
#1878=VERTEX_POINT('',#5328);
#1879=VERTEX_POINT('',#5333);
#1880=VERTEX_POINT('',#5334);
#1881=VERTEX_POINT('',#5339);
#1882=VERTEX_POINT('',#5340);
#1883=VERTEX_POINT('',#5342);
#1884=VERTEX_POINT('',#5344);
#1885=VERTEX_POINT('',#5348);
#1886=VERTEX_POINT('',#5349);
#1887=VERTEX_POINT('',#5354);
#1888=VERTEX_POINT('',#5355);
#1889=VERTEX_POINT('',#5360);
#1890=VERTEX_POINT('',#5361);
#1891=VERTEX_POINT('',#5363);
#1892=VERTEX_POINT('',#5365);
#1893=VERTEX_POINT('',#5369);
#1894=VERTEX_POINT('',#5370);
#1895=VERTEX_POINT('',#5375);
#1896=VERTEX_POINT('',#5376);
#1897=VERTEX_POINT('',#5381);
#1898=VERTEX_POINT('',#5382);
#1899=VERTEX_POINT('',#5384);
#1900=VERTEX_POINT('',#5386);
#1901=VERTEX_POINT('',#5390);
#1902=VERTEX_POINT('',#5391);
#1903=VERTEX_POINT('',#5396);
#1904=VERTEX_POINT('',#5397);
#1905=VERTEX_POINT('',#5402);
#1906=VERTEX_POINT('',#5403);
#1907=VERTEX_POINT('',#5405);
#1908=VERTEX_POINT('',#5407);
#1909=VERTEX_POINT('',#5411);
#1910=VERTEX_POINT('',#5412);
#1911=VERTEX_POINT('',#5417);
#1912=VERTEX_POINT('',#5418);
#1913=VERTEX_POINT('',#5423);
#1914=VERTEX_POINT('',#5424);
#1915=VERTEX_POINT('',#5426);
#1916=VERTEX_POINT('',#5428);
#1917=VERTEX_POINT('',#5432);
#1918=VERTEX_POINT('',#5433);
#1919=VERTEX_POINT('',#5438);
#1920=VERTEX_POINT('',#5439);
#1921=VERTEX_POINT('',#5444);
#1922=VERTEX_POINT('',#5445);
#1923=VERTEX_POINT('',#5447);
#1924=VERTEX_POINT('',#5449);
#1925=VERTEX_POINT('',#5453);
#1926=VERTEX_POINT('',#5454);
#1927=VERTEX_POINT('',#5459);
#1928=VERTEX_POINT('',#5460);
#1929=VERTEX_POINT('',#5465);
#1930=VERTEX_POINT('',#5466);
#1931=VERTEX_POINT('',#5468);
#1932=VERTEX_POINT('',#5470);
#1933=VERTEX_POINT('',#5474);
#1934=VERTEX_POINT('',#5475);
#1935=VERTEX_POINT('',#5480);
#1936=VERTEX_POINT('',#5481);
#1937=VERTEX_POINT('',#5486);
#1938=VERTEX_POINT('',#5487);
#1939=VERTEX_POINT('',#5489);
#1940=VERTEX_POINT('',#5491);
#1941=VERTEX_POINT('',#5495);
#1942=VERTEX_POINT('',#5496);
#1943=VERTEX_POINT('',#5501);
#1944=VERTEX_POINT('',#5502);
#1945=VERTEX_POINT('',#5507);
#1946=VERTEX_POINT('',#5508);
#1947=VERTEX_POINT('',#5510);
#1948=VERTEX_POINT('',#5512);
#1949=VERTEX_POINT('',#5516);
#1950=VERTEX_POINT('',#5517);
#1951=VERTEX_POINT('',#5522);
#1952=VERTEX_POINT('',#5523);
#1953=VERTEX_POINT('',#5528);
#1954=VERTEX_POINT('',#5529);
#1955=VERTEX_POINT('',#5531);
#1956=VERTEX_POINT('',#5533);
#1957=VERTEX_POINT('',#5537);
#1958=VERTEX_POINT('',#5538);
#1959=VERTEX_POINT('',#5543);
#1960=VERTEX_POINT('',#5544);
#1961=VERTEX_POINT('',#5549);
#1962=VERTEX_POINT('',#5550);
#1963=VERTEX_POINT('',#5552);
#1964=VERTEX_POINT('',#5554);
#1965=VERTEX_POINT('',#5558);
#1966=VERTEX_POINT('',#5559);
#1967=VERTEX_POINT('',#5564);
#1968=VERTEX_POINT('',#5565);
#1969=VERTEX_POINT('',#5570);
#1970=VERTEX_POINT('',#5571);
#1971=VERTEX_POINT('',#5573);
#1972=VERTEX_POINT('',#5575);
#1973=VERTEX_POINT('',#5579);
#1974=VERTEX_POINT('',#5580);
#1975=VERTEX_POINT('',#5585);
#1976=VERTEX_POINT('',#5586);
#1977=VERTEX_POINT('',#5591);
#1978=VERTEX_POINT('',#5592);
#1979=VERTEX_POINT('',#5594);
#1980=VERTEX_POINT('',#5596);
#1981=VERTEX_POINT('',#5600);
#1982=VERTEX_POINT('',#5601);
#1983=VERTEX_POINT('',#5606);
#1984=VERTEX_POINT('',#5607);
#1985=VERTEX_POINT('',#5612);
#1986=VERTEX_POINT('',#5613);
#1987=VERTEX_POINT('',#5615);
#1988=VERTEX_POINT('',#5617);
#1989=VERTEX_POINT('',#5621);
#1990=VERTEX_POINT('',#5622);
#1991=VERTEX_POINT('',#5627);
#1992=VERTEX_POINT('',#5628);
#1993=VERTEX_POINT('',#5633);
#1994=VERTEX_POINT('',#5634);
#1995=VERTEX_POINT('',#5636);
#1996=VERTEX_POINT('',#5638);
#1997=VERTEX_POINT('',#5642);
#1998=VERTEX_POINT('',#5643);
#1999=VERTEX_POINT('',#5648);
#2000=VERTEX_POINT('',#5649);
#2001=VERTEX_POINT('',#5654);
#2002=VERTEX_POINT('',#5655);
#2003=VERTEX_POINT('',#5657);
#2004=VERTEX_POINT('',#5659);
#2005=VERTEX_POINT('',#5663);
#2006=VERTEX_POINT('',#5664);
#2007=VERTEX_POINT('',#5669);
#2008=VERTEX_POINT('',#5670);
#2009=VERTEX_POINT('',#5675);
#2010=VERTEX_POINT('',#5676);
#2011=VERTEX_POINT('',#5678);
#2012=VERTEX_POINT('',#5680);
#2013=VERTEX_POINT('',#5684);
#2014=VERTEX_POINT('',#5685);
#2015=VERTEX_POINT('',#5690);
#2016=VERTEX_POINT('',#5691);
#2017=VERTEX_POINT('',#5696);
#2018=VERTEX_POINT('',#5697);
#2019=VERTEX_POINT('',#5699);
#2020=VERTEX_POINT('',#5701);
#2021=VERTEX_POINT('',#5705);
#2022=VERTEX_POINT('',#5706);
#2023=VERTEX_POINT('',#5708);
#2024=VERTEX_POINT('',#5710);
#2025=VERTEX_POINT('',#5714);
#2026=VERTEX_POINT('',#5715);
#2027=VERTEX_POINT('',#5717);
#2028=VERTEX_POINT('',#5719);
#2029=VERTEX_POINT('',#5723);
#2030=VERTEX_POINT('',#5724);
#2031=VERTEX_POINT('',#5726);
#2032=VERTEX_POINT('',#5728);
#2033=VERTEX_POINT('',#5732);
#2034=VERTEX_POINT('',#5733);
#2035=VERTEX_POINT('',#5735);
#2036=VERTEX_POINT('',#5737);
#2037=VERTEX_POINT('',#5741);
#2038=VERTEX_POINT('',#5743);
#2039=VERTEX_POINT('',#5746);
#2040=VERTEX_POINT('',#5748);
#2041=VERTEX_POINT('',#5814);
#2042=VERTEX_POINT('',#5815);
#2043=VERTEX_POINT('',#5817);
#2044=VERTEX_POINT('',#5819);
#2045=VERTEX_POINT('',#5823);
#2046=VERTEX_POINT('',#5825);
#2047=VERTEX_POINT('',#5828);
#2048=VERTEX_POINT('',#5829);
#2049=VERTEX_POINT('',#5831);
#2050=VERTEX_POINT('',#5833);
#2051=VERTEX_POINT('',#5835);
#2052=VERTEX_POINT('',#5837);
#2053=VERTEX_POINT('',#5839);
#2054=VERTEX_POINT('',#5841);
#2055=VERTEX_POINT('',#5843);
#2056=VERTEX_POINT('',#5845);
#2057=VERTEX_POINT('',#5847);
#2058=VERTEX_POINT('',#5849);
#2059=VERTEX_POINT('',#5851);
#2060=VERTEX_POINT('',#5853);
#2061=VERTEX_POINT('',#5855);
#2062=VERTEX_POINT('',#5857);
#2063=VERTEX_POINT('',#5859);
#2064=VERTEX_POINT('',#5861);
#2065=VERTEX_POINT('',#5863);
#2066=VERTEX_POINT('',#5866);
#2067=VERTEX_POINT('',#5868);
#2068=VERTEX_POINT('',#5870);
#2069=VERTEX_POINT('',#5872);
#2070=VERTEX_POINT('',#5873);
#2071=VERTEX_POINT('',#5875);
#2072=VERTEX_POINT('',#5877);
#2073=VERTEX_POINT('',#5880);
#2074=VERTEX_POINT('',#5881);
#2075=VERTEX_POINT('',#5883);
#2076=VERTEX_POINT('',#5885);
#2077=VERTEX_POINT('',#5888);
#2078=VERTEX_POINT('',#5889);
#2079=VERTEX_POINT('',#5891);
#2080=VERTEX_POINT('',#5893);
#2081=VERTEX_POINT('',#5896);
#2082=VERTEX_POINT('',#5897);
#2083=VERTEX_POINT('',#5899);
#2084=VERTEX_POINT('',#5901);
#2085=VERTEX_POINT('',#5904);
#2086=VERTEX_POINT('',#5905);
#2087=VERTEX_POINT('',#5907);
#2088=VERTEX_POINT('',#5909);
#2089=VERTEX_POINT('',#5912);
#2090=VERTEX_POINT('',#5913);
#2091=VERTEX_POINT('',#5915);
#2092=VERTEX_POINT('',#5917);
#2093=VERTEX_POINT('',#5920);
#2094=VERTEX_POINT('',#5921);
#2095=VERTEX_POINT('',#5923);
#2096=VERTEX_POINT('',#5925);
#2097=VERTEX_POINT('',#5928);
#2098=VERTEX_POINT('',#5929);
#2099=VERTEX_POINT('',#5931);
#2100=VERTEX_POINT('',#5933);
#2101=VERTEX_POINT('',#5936);
#2102=VERTEX_POINT('',#5937);
#2103=VERTEX_POINT('',#5939);
#2104=VERTEX_POINT('',#5941);
#2105=VERTEX_POINT('',#5944);
#2106=VERTEX_POINT('',#5945);
#2107=VERTEX_POINT('',#5947);
#2108=VERTEX_POINT('',#5949);
#2109=VERTEX_POINT('',#5952);
#2110=VERTEX_POINT('',#5953);
#2111=VERTEX_POINT('',#5955);
#2112=VERTEX_POINT('',#5957);
#2113=VERTEX_POINT('',#5960);
#2114=VERTEX_POINT('',#5961);
#2115=VERTEX_POINT('',#5963);
#2116=VERTEX_POINT('',#5965);
#2117=VERTEX_POINT('',#5968);
#2118=VERTEX_POINT('',#5969);
#2119=VERTEX_POINT('',#5971);
#2120=VERTEX_POINT('',#5973);
#2121=VERTEX_POINT('',#5976);
#2122=VERTEX_POINT('',#5977);
#2123=VERTEX_POINT('',#5979);
#2124=VERTEX_POINT('',#5981);
#2125=VERTEX_POINT('',#5984);
#2126=VERTEX_POINT('',#5985);
#2127=VERTEX_POINT('',#5987);
#2128=VERTEX_POINT('',#5989);
#2129=VERTEX_POINT('',#5992);
#2130=VERTEX_POINT('',#5993);
#2131=VERTEX_POINT('',#5995);
#2132=VERTEX_POINT('',#5997);
#2133=VERTEX_POINT('',#6000);
#2134=VERTEX_POINT('',#6001);
#2135=VERTEX_POINT('',#6003);
#2136=VERTEX_POINT('',#6005);
#2137=VERTEX_POINT('',#6008);
#2138=VERTEX_POINT('',#6009);
#2139=VERTEX_POINT('',#6011);
#2140=VERTEX_POINT('',#6013);
#2141=VERTEX_POINT('',#6016);
#2142=VERTEX_POINT('',#6017);
#2143=VERTEX_POINT('',#6019);
#2144=VERTEX_POINT('',#6021);
#2145=VERTEX_POINT('',#6024);
#2146=VERTEX_POINT('',#6025);
#2147=VERTEX_POINT('',#6027);
#2148=VERTEX_POINT('',#6029);
#2149=VERTEX_POINT('',#6032);
#2150=VERTEX_POINT('',#6033);
#2151=VERTEX_POINT('',#6035);
#2152=VERTEX_POINT('',#6037);
#2153=VERTEX_POINT('',#6041);
#2154=VERTEX_POINT('',#6043);
#2155=VERTEX_POINT('',#6045);
#2156=VERTEX_POINT('',#6056);
#2157=VERTEX_POINT('',#6058);
#2158=VERTEX_POINT('',#6062);
#2159=LINE('',#5236,#2544);
#2160=LINE('',#5239,#2545);
#2161=LINE('',#5241,#2546);
#2162=LINE('',#5243,#2547);
#2163=LINE('',#5245,#2548);
#2164=LINE('',#5248,#2549);
#2165=LINE('',#5250,#2550);
#2166=LINE('',#5252,#2551);
#2167=LINE('',#5254,#2552);
#2168=LINE('',#5257,#2553);
#2169=LINE('',#5259,#2554);
#2170=LINE('',#5261,#2555);
#2171=LINE('',#5263,#2556);
#2172=LINE('',#5266,#2557);
#2173=LINE('',#5267,#2558);
#2174=LINE('',#5269,#2559);
#2175=LINE('',#5272,#2560);
#2176=LINE('',#5273,#2561);
#2177=LINE('',#5275,#2562);
#2178=LINE('',#5278,#2563);
#2179=LINE('',#5280,#2564);
#2180=LINE('',#5282,#2565);
#2181=LINE('',#5284,#2566);
#2182=LINE('',#5287,#2567);
#2183=LINE('',#5288,#2568);
#2184=LINE('',#5290,#2569);
#2185=LINE('',#5293,#2570);
#2186=LINE('',#5294,#2571);
#2187=LINE('',#5296,#2572);
#2188=LINE('',#5299,#2573);
#2189=LINE('',#5301,#2574);
#2190=LINE('',#5303,#2575);
#2191=LINE('',#5305,#2576);
#2192=LINE('',#5308,#2577);
#2193=LINE('',#5309,#2578);
#2194=LINE('',#5311,#2579);
#2195=LINE('',#5314,#2580);
#2196=LINE('',#5315,#2581);
#2197=LINE('',#5317,#2582);
#2198=LINE('',#5320,#2583);
#2199=LINE('',#5322,#2584);
#2200=LINE('',#5324,#2585);
#2201=LINE('',#5326,#2586);
#2202=LINE('',#5329,#2587);
#2203=LINE('',#5330,#2588);
#2204=LINE('',#5332,#2589);
#2205=LINE('',#5335,#2590);
#2206=LINE('',#5336,#2591);
#2207=LINE('',#5338,#2592);
#2208=LINE('',#5341,#2593);
#2209=LINE('',#5343,#2594);
#2210=LINE('',#5345,#2595);
#2211=LINE('',#5347,#2596);
#2212=LINE('',#5350,#2597);
#2213=LINE('',#5351,#2598);
#2214=LINE('',#5353,#2599);
#2215=LINE('',#5356,#2600);
#2216=LINE('',#5357,#2601);
#2217=LINE('',#5359,#2602);
#2218=LINE('',#5362,#2603);
#2219=LINE('',#5364,#2604);
#2220=LINE('',#5366,#2605);
#2221=LINE('',#5368,#2606);
#2222=LINE('',#5371,#2607);
#2223=LINE('',#5372,#2608);
#2224=LINE('',#5374,#2609);
#2225=LINE('',#5377,#2610);
#2226=LINE('',#5378,#2611);
#2227=LINE('',#5380,#2612);
#2228=LINE('',#5383,#2613);
#2229=LINE('',#5385,#2614);
#2230=LINE('',#5387,#2615);
#2231=LINE('',#5389,#2616);
#2232=LINE('',#5392,#2617);
#2233=LINE('',#5393,#2618);
#2234=LINE('',#5395,#2619);
#2235=LINE('',#5398,#2620);
#2236=LINE('',#5399,#2621);
#2237=LINE('',#5401,#2622);
#2238=LINE('',#5404,#2623);
#2239=LINE('',#5406,#2624);
#2240=LINE('',#5408,#2625);
#2241=LINE('',#5410,#2626);
#2242=LINE('',#5413,#2627);
#2243=LINE('',#5414,#2628);
#2244=LINE('',#5416,#2629);
#2245=LINE('',#5419,#2630);
#2246=LINE('',#5420,#2631);
#2247=LINE('',#5422,#2632);
#2248=LINE('',#5425,#2633);
#2249=LINE('',#5427,#2634);
#2250=LINE('',#5429,#2635);
#2251=LINE('',#5431,#2636);
#2252=LINE('',#5434,#2637);
#2253=LINE('',#5435,#2638);
#2254=LINE('',#5437,#2639);
#2255=LINE('',#5440,#2640);
#2256=LINE('',#5441,#2641);
#2257=LINE('',#5443,#2642);
#2258=LINE('',#5446,#2643);
#2259=LINE('',#5448,#2644);
#2260=LINE('',#5450,#2645);
#2261=LINE('',#5452,#2646);
#2262=LINE('',#5455,#2647);
#2263=LINE('',#5456,#2648);
#2264=LINE('',#5458,#2649);
#2265=LINE('',#5461,#2650);
#2266=LINE('',#5462,#2651);
#2267=LINE('',#5464,#2652);
#2268=LINE('',#5467,#2653);
#2269=LINE('',#5469,#2654);
#2270=LINE('',#5471,#2655);
#2271=LINE('',#5473,#2656);
#2272=LINE('',#5476,#2657);
#2273=LINE('',#5477,#2658);
#2274=LINE('',#5479,#2659);
#2275=LINE('',#5482,#2660);
#2276=LINE('',#5483,#2661);
#2277=LINE('',#5485,#2662);
#2278=LINE('',#5488,#2663);
#2279=LINE('',#5490,#2664);
#2280=LINE('',#5492,#2665);
#2281=LINE('',#5494,#2666);
#2282=LINE('',#5497,#2667);
#2283=LINE('',#5498,#2668);
#2284=LINE('',#5500,#2669);
#2285=LINE('',#5503,#2670);
#2286=LINE('',#5504,#2671);
#2287=LINE('',#5506,#2672);
#2288=LINE('',#5509,#2673);
#2289=LINE('',#5511,#2674);
#2290=LINE('',#5513,#2675);
#2291=LINE('',#5515,#2676);
#2292=LINE('',#5518,#2677);
#2293=LINE('',#5519,#2678);
#2294=LINE('',#5521,#2679);
#2295=LINE('',#5524,#2680);
#2296=LINE('',#5525,#2681);
#2297=LINE('',#5527,#2682);
#2298=LINE('',#5530,#2683);
#2299=LINE('',#5532,#2684);
#2300=LINE('',#5534,#2685);
#2301=LINE('',#5536,#2686);
#2302=LINE('',#5539,#2687);
#2303=LINE('',#5540,#2688);
#2304=LINE('',#5542,#2689);
#2305=LINE('',#5545,#2690);
#2306=LINE('',#5546,#2691);
#2307=LINE('',#5548,#2692);
#2308=LINE('',#5551,#2693);
#2309=LINE('',#5553,#2694);
#2310=LINE('',#5555,#2695);
#2311=LINE('',#5557,#2696);
#2312=LINE('',#5560,#2697);
#2313=LINE('',#5561,#2698);
#2314=LINE('',#5563,#2699);
#2315=LINE('',#5566,#2700);
#2316=LINE('',#5567,#2701);
#2317=LINE('',#5569,#2702);
#2318=LINE('',#5572,#2703);
#2319=LINE('',#5574,#2704);
#2320=LINE('',#5576,#2705);
#2321=LINE('',#5578,#2706);
#2322=LINE('',#5581,#2707);
#2323=LINE('',#5582,#2708);
#2324=LINE('',#5584,#2709);
#2325=LINE('',#5587,#2710);
#2326=LINE('',#5588,#2711);
#2327=LINE('',#5590,#2712);
#2328=LINE('',#5593,#2713);
#2329=LINE('',#5595,#2714);
#2330=LINE('',#5597,#2715);
#2331=LINE('',#5599,#2716);
#2332=LINE('',#5602,#2717);
#2333=LINE('',#5603,#2718);
#2334=LINE('',#5605,#2719);
#2335=LINE('',#5608,#2720);
#2336=LINE('',#5609,#2721);
#2337=LINE('',#5611,#2722);
#2338=LINE('',#5614,#2723);
#2339=LINE('',#5616,#2724);
#2340=LINE('',#5618,#2725);
#2341=LINE('',#5620,#2726);
#2342=LINE('',#5623,#2727);
#2343=LINE('',#5624,#2728);
#2344=LINE('',#5626,#2729);
#2345=LINE('',#5629,#2730);
#2346=LINE('',#5630,#2731);
#2347=LINE('',#5632,#2732);
#2348=LINE('',#5635,#2733);
#2349=LINE('',#5637,#2734);
#2350=LINE('',#5639,#2735);
#2351=LINE('',#5641,#2736);
#2352=LINE('',#5644,#2737);
#2353=LINE('',#5645,#2738);
#2354=LINE('',#5647,#2739);
#2355=LINE('',#5650,#2740);
#2356=LINE('',#5651,#2741);
#2357=LINE('',#5653,#2742);
#2358=LINE('',#5656,#2743);
#2359=LINE('',#5658,#2744);
#2360=LINE('',#5660,#2745);
#2361=LINE('',#5662,#2746);
#2362=LINE('',#5665,#2747);
#2363=LINE('',#5666,#2748);
#2364=LINE('',#5668,#2749);
#2365=LINE('',#5671,#2750);
#2366=LINE('',#5672,#2751);
#2367=LINE('',#5674,#2752);
#2368=LINE('',#5677,#2753);
#2369=LINE('',#5679,#2754);
#2370=LINE('',#5681,#2755);
#2371=LINE('',#5683,#2756);
#2372=LINE('',#5686,#2757);
#2373=LINE('',#5687,#2758);
#2374=LINE('',#5689,#2759);
#2375=LINE('',#5692,#2760);
#2376=LINE('',#5693,#2761);
#2377=LINE('',#5695,#2762);
#2378=LINE('',#5698,#2763);
#2379=LINE('',#5700,#2764);
#2380=LINE('',#5702,#2765);
#2381=LINE('',#5704,#2766);
#2382=LINE('',#5707,#2767);
#2383=LINE('',#5709,#2768);
#2384=LINE('',#5711,#2769);
#2385=LINE('',#5713,#2770);
#2386=LINE('',#5716,#2771);
#2387=LINE('',#5718,#2772);
#2388=LINE('',#5720,#2773);
#2389=LINE('',#5722,#2774);
#2390=LINE('',#5725,#2775);
#2391=LINE('',#5727,#2776);
#2392=LINE('',#5729,#2777);
#2393=LINE('',#5731,#2778);
#2394=LINE('',#5734,#2779);
#2395=LINE('',#5736,#2780);
#2396=LINE('',#5738,#2781);
#2397=LINE('',#5750,#2782);
#2398=LINE('',#5751,#2783);
#2399=LINE('',#5753,#2784);
#2400=LINE('',#5754,#2785);
#2401=LINE('',#5756,#2786);
#2402=LINE('',#5757,#2787);
#2403=LINE('',#5759,#2788);
#2404=LINE('',#5760,#2789);
#2405=LINE('',#5762,#2790);
#2406=LINE('',#5763,#2791);
#2407=LINE('',#5765,#2792);
#2408=LINE('',#5766,#2793);
#2409=LINE('',#5768,#2794);
#2410=LINE('',#5769,#2795);
#2411=LINE('',#5771,#2796);
#2412=LINE('',#5772,#2797);
#2413=LINE('',#5774,#2798);
#2414=LINE('',#5775,#2799);
#2415=LINE('',#5777,#2800);
#2416=LINE('',#5778,#2801);
#2417=LINE('',#5780,#2802);
#2418=LINE('',#5781,#2803);
#2419=LINE('',#5783,#2804);
#2420=LINE('',#5784,#2805);
#2421=LINE('',#5786,#2806);
#2422=LINE('',#5787,#2807);
#2423=LINE('',#5789,#2808);
#2424=LINE('',#5790,#2809);
#2425=LINE('',#5792,#2810);
#2426=LINE('',#5793,#2811);
#2427=LINE('',#5795,#2812);
#2428=LINE('',#5796,#2813);
#2429=LINE('',#5798,#2814);
#2430=LINE('',#5799,#2815);
#2431=LINE('',#5801,#2816);
#2432=LINE('',#5802,#2817);
#2433=LINE('',#5804,#2818);
#2434=LINE('',#5805,#2819);
#2435=LINE('',#5807,#2820);
#2436=LINE('',#5808,#2821);
#2437=LINE('',#5810,#2822);
#2438=LINE('',#5811,#2823);
#2439=LINE('',#5813,#2824);
#2440=LINE('',#5816,#2825);
#2441=LINE('',#5818,#2826);
#2442=LINE('',#5820,#2827);
#2443=LINE('',#5827,#2828);
#2444=LINE('',#5830,#2829);
#2445=LINE('',#5834,#2830);
#2446=LINE('',#5838,#2831);
#2447=LINE('',#5842,#2832);
#2448=LINE('',#5846,#2833);
#2449=LINE('',#5850,#2834);
#2450=LINE('',#5854,#2835);
#2451=LINE('',#5858,#2836);
#2452=LINE('',#5862,#2837);
#2453=LINE('',#5871,#2838);
#2454=LINE('',#5874,#2839);
#2455=LINE('',#5876,#2840);
#2456=LINE('',#5878,#2841);
#2457=LINE('',#5879,#2842);
#2458=LINE('',#5882,#2843);
#2459=LINE('',#5884,#2844);
#2460=LINE('',#5886,#2845);
#2461=LINE('',#5887,#2846);
#2462=LINE('',#5890,#2847);
#2463=LINE('',#5892,#2848);
#2464=LINE('',#5894,#2849);
#2465=LINE('',#5895,#2850);
#2466=LINE('',#5898,#2851);
#2467=LINE('',#5900,#2852);
#2468=LINE('',#5902,#2853);
#2469=LINE('',#5903,#2854);
#2470=LINE('',#5906,#2855);
#2471=LINE('',#5908,#2856);
#2472=LINE('',#5910,#2857);
#2473=LINE('',#5911,#2858);
#2474=LINE('',#5914,#2859);
#2475=LINE('',#5916,#2860);
#2476=LINE('',#5918,#2861);
#2477=LINE('',#5919,#2862);
#2478=LINE('',#5922,#2863);
#2479=LINE('',#5924,#2864);
#2480=LINE('',#5926,#2865);
#2481=LINE('',#5927,#2866);
#2482=LINE('',#5930,#2867);
#2483=LINE('',#5932,#2868);
#2484=LINE('',#5934,#2869);
#2485=LINE('',#5935,#2870);
#2486=LINE('',#5938,#2871);
#2487=LINE('',#5940,#2872);
#2488=LINE('',#5942,#2873);
#2489=LINE('',#5943,#2874);
#2490=LINE('',#5946,#2875);
#2491=LINE('',#5948,#2876);
#2492=LINE('',#5950,#2877);
#2493=LINE('',#5951,#2878);
#2494=LINE('',#5954,#2879);
#2495=LINE('',#5956,#2880);
#2496=LINE('',#5958,#2881);
#2497=LINE('',#5959,#2882);
#2498=LINE('',#5962,#2883);
#2499=LINE('',#5964,#2884);
#2500=LINE('',#5966,#2885);
#2501=LINE('',#5967,#2886);
#2502=LINE('',#5970,#2887);
#2503=LINE('',#5972,#2888);
#2504=LINE('',#5974,#2889);
#2505=LINE('',#5975,#2890);
#2506=LINE('',#5978,#2891);
#2507=LINE('',#5980,#2892);
#2508=LINE('',#5982,#2893);
#2509=LINE('',#5983,#2894);
#2510=LINE('',#5986,#2895);
#2511=LINE('',#5988,#2896);
#2512=LINE('',#5990,#2897);
#2513=LINE('',#5991,#2898);
#2514=LINE('',#5994,#2899);
#2515=LINE('',#5996,#2900);
#2516=LINE('',#5998,#2901);
#2517=LINE('',#5999,#2902);
#2518=LINE('',#6002,#2903);
#2519=LINE('',#6004,#2904);
#2520=LINE('',#6006,#2905);
#2521=LINE('',#6007,#2906);
#2522=LINE('',#6010,#2907);
#2523=LINE('',#6012,#2908);
#2524=LINE('',#6014,#2909);
#2525=LINE('',#6015,#2910);
#2526=LINE('',#6018,#2911);
#2527=LINE('',#6020,#2912);
#2528=LINE('',#6022,#2913);
#2529=LINE('',#6023,#2914);
#2530=LINE('',#6026,#2915);
#2531=LINE('',#6028,#2916);
#2532=LINE('',#6030,#2917);
#2533=LINE('',#6031,#2918);
#2534=LINE('',#6034,#2919);
#2535=LINE('',#6036,#2920);
#2536=LINE('',#6038,#2921);
#2537=LINE('',#6042,#2922);
#2538=LINE('',#6044,#2923);
#2539=LINE('',#6055,#2924);
#2540=LINE('',#6057,#2925);
#2541=LINE('',#6059,#2926);
#2542=LINE('',#6061,#2927);
#2543=LINE('',#6063,#2928);
#2544=VECTOR('',#4145,1.);
#2545=VECTOR('',#4146,1.);
#2546=VECTOR('',#4147,1.);
#2547=VECTOR('',#4148,1.);
#2548=VECTOR('',#4151,1.);
#2549=VECTOR('',#4152,1.);
#2550=VECTOR('',#4153,1.);
#2551=VECTOR('',#4154,1.);
#2552=VECTOR('',#4157,1.);
#2553=VECTOR('',#4158,1.);
#2554=VECTOR('',#4159,1.);
#2555=VECTOR('',#4160,1.);
#2556=VECTOR('',#4163,1.);
#2557=VECTOR('',#4164,1.);
#2558=VECTOR('',#4165,1.);
#2559=VECTOR('',#4168,1.);
#2560=VECTOR('',#4169,1.);
#2561=VECTOR('',#4170,1.);
#2562=VECTOR('',#4173,1.);
#2563=VECTOR('',#4174,1.);
#2564=VECTOR('',#4175,1.);
#2565=VECTOR('',#4176,1.);
#2566=VECTOR('',#4179,1.);
#2567=VECTOR('',#4180,1.);
#2568=VECTOR('',#4181,1.);
#2569=VECTOR('',#4184,1.);
#2570=VECTOR('',#4185,1.);
#2571=VECTOR('',#4186,1.);
#2572=VECTOR('',#4189,1.);
#2573=VECTOR('',#4190,1.);
#2574=VECTOR('',#4191,1.);
#2575=VECTOR('',#4192,1.);
#2576=VECTOR('',#4195,1.);
#2577=VECTOR('',#4196,1.);
#2578=VECTOR('',#4197,1.);
#2579=VECTOR('',#4200,1.);
#2580=VECTOR('',#4201,1.);
#2581=VECTOR('',#4202,1.);
#2582=VECTOR('',#4205,1.);
#2583=VECTOR('',#4206,1.);
#2584=VECTOR('',#4207,1.);
#2585=VECTOR('',#4208,1.);
#2586=VECTOR('',#4211,1.);
#2587=VECTOR('',#4212,1.);
#2588=VECTOR('',#4213,1.);
#2589=VECTOR('',#4216,1.);
#2590=VECTOR('',#4217,1.);
#2591=VECTOR('',#4218,1.);
#2592=VECTOR('',#4221,1.);
#2593=VECTOR('',#4222,1.);
#2594=VECTOR('',#4223,1.);
#2595=VECTOR('',#4224,1.);
#2596=VECTOR('',#4227,1.);
#2597=VECTOR('',#4228,1.);
#2598=VECTOR('',#4229,1.);
#2599=VECTOR('',#4232,1.);
#2600=VECTOR('',#4233,1.);
#2601=VECTOR('',#4234,1.);
#2602=VECTOR('',#4237,1.);
#2603=VECTOR('',#4238,1.);
#2604=VECTOR('',#4239,1.);
#2605=VECTOR('',#4240,1.);
#2606=VECTOR('',#4243,1.);
#2607=VECTOR('',#4244,1.);
#2608=VECTOR('',#4245,1.);
#2609=VECTOR('',#4248,1.);
#2610=VECTOR('',#4249,1.);
#2611=VECTOR('',#4250,1.);
#2612=VECTOR('',#4253,1.);
#2613=VECTOR('',#4254,1.);
#2614=VECTOR('',#4255,1.);
#2615=VECTOR('',#4256,1.);
#2616=VECTOR('',#4259,1.);
#2617=VECTOR('',#4260,1.);
#2618=VECTOR('',#4261,1.);
#2619=VECTOR('',#4264,1.);
#2620=VECTOR('',#4265,1.);
#2621=VECTOR('',#4266,1.);
#2622=VECTOR('',#4269,1.);
#2623=VECTOR('',#4270,1.);
#2624=VECTOR('',#4271,1.);
#2625=VECTOR('',#4272,1.);
#2626=VECTOR('',#4275,1.);
#2627=VECTOR('',#4276,1.);
#2628=VECTOR('',#4277,1.);
#2629=VECTOR('',#4280,1.);
#2630=VECTOR('',#4281,1.);
#2631=VECTOR('',#4282,1.);
#2632=VECTOR('',#4285,1.);
#2633=VECTOR('',#4286,1.);
#2634=VECTOR('',#4287,1.);
#2635=VECTOR('',#4288,1.);
#2636=VECTOR('',#4291,1.);
#2637=VECTOR('',#4292,1.);
#2638=VECTOR('',#4293,1.);
#2639=VECTOR('',#4296,1.);
#2640=VECTOR('',#4297,1.);
#2641=VECTOR('',#4298,1.);
#2642=VECTOR('',#4301,1.);
#2643=VECTOR('',#4302,1.);
#2644=VECTOR('',#4303,1.);
#2645=VECTOR('',#4304,1.);
#2646=VECTOR('',#4307,1.);
#2647=VECTOR('',#4308,1.);
#2648=VECTOR('',#4309,1.);
#2649=VECTOR('',#4312,1.);
#2650=VECTOR('',#4313,1.);
#2651=VECTOR('',#4314,1.);
#2652=VECTOR('',#4317,1.);
#2653=VECTOR('',#4318,1.);
#2654=VECTOR('',#4319,1.);
#2655=VECTOR('',#4320,1.);
#2656=VECTOR('',#4323,1.);
#2657=VECTOR('',#4324,1.);
#2658=VECTOR('',#4325,1.);
#2659=VECTOR('',#4328,1.);
#2660=VECTOR('',#4329,1.);
#2661=VECTOR('',#4330,1.);
#2662=VECTOR('',#4333,1.);
#2663=VECTOR('',#4334,1.);
#2664=VECTOR('',#4335,1.);
#2665=VECTOR('',#4336,1.);
#2666=VECTOR('',#4339,1.);
#2667=VECTOR('',#4340,1.);
#2668=VECTOR('',#4341,1.);
#2669=VECTOR('',#4344,1.);
#2670=VECTOR('',#4345,1.);
#2671=VECTOR('',#4346,1.);
#2672=VECTOR('',#4349,1.);
#2673=VECTOR('',#4350,1.);
#2674=VECTOR('',#4351,1.);
#2675=VECTOR('',#4352,1.);
#2676=VECTOR('',#4355,1.);
#2677=VECTOR('',#4356,1.);
#2678=VECTOR('',#4357,1.);
#2679=VECTOR('',#4360,1.);
#2680=VECTOR('',#4361,1.);
#2681=VECTOR('',#4362,1.);
#2682=VECTOR('',#4365,1.);
#2683=VECTOR('',#4366,1.);
#2684=VECTOR('',#4367,1.);
#2685=VECTOR('',#4368,1.);
#2686=VECTOR('',#4371,1.);
#2687=VECTOR('',#4372,1.);
#2688=VECTOR('',#4373,1.);
#2689=VECTOR('',#4376,1.);
#2690=VECTOR('',#4377,1.);
#2691=VECTOR('',#4378,1.);
#2692=VECTOR('',#4381,1.);
#2693=VECTOR('',#4382,1.);
#2694=VECTOR('',#4383,1.);
#2695=VECTOR('',#4384,1.);
#2696=VECTOR('',#4387,1.);
#2697=VECTOR('',#4388,1.);
#2698=VECTOR('',#4389,1.);
#2699=VECTOR('',#4392,1.);
#2700=VECTOR('',#4393,1.);
#2701=VECTOR('',#4394,1.);
#2702=VECTOR('',#4397,1.);
#2703=VECTOR('',#4398,1.);
#2704=VECTOR('',#4399,1.);
#2705=VECTOR('',#4400,1.);
#2706=VECTOR('',#4403,1.);
#2707=VECTOR('',#4404,1.);
#2708=VECTOR('',#4405,1.);
#2709=VECTOR('',#4408,1.);
#2710=VECTOR('',#4409,1.);
#2711=VECTOR('',#4410,1.);
#2712=VECTOR('',#4413,1.);
#2713=VECTOR('',#4414,1.);
#2714=VECTOR('',#4415,1.);
#2715=VECTOR('',#4416,1.);
#2716=VECTOR('',#4419,1.);
#2717=VECTOR('',#4420,1.);
#2718=VECTOR('',#4421,1.);
#2719=VECTOR('',#4424,1.);
#2720=VECTOR('',#4425,1.);
#2721=VECTOR('',#4426,1.);
#2722=VECTOR('',#4429,1.);
#2723=VECTOR('',#4430,1.);
#2724=VECTOR('',#4431,1.);
#2725=VECTOR('',#4432,1.);
#2726=VECTOR('',#4435,1.);
#2727=VECTOR('',#4436,1.);
#2728=VECTOR('',#4437,1.);
#2729=VECTOR('',#4440,1.);
#2730=VECTOR('',#4441,1.);
#2731=VECTOR('',#4442,1.);
#2732=VECTOR('',#4445,1.);
#2733=VECTOR('',#4446,1.);
#2734=VECTOR('',#4447,1.);
#2735=VECTOR('',#4448,1.);
#2736=VECTOR('',#4451,1.);
#2737=VECTOR('',#4452,1.);
#2738=VECTOR('',#4453,1.);
#2739=VECTOR('',#4456,1.);
#2740=VECTOR('',#4457,1.);
#2741=VECTOR('',#4458,1.);
#2742=VECTOR('',#4461,1.);
#2743=VECTOR('',#4462,1.);
#2744=VECTOR('',#4463,1.);
#2745=VECTOR('',#4464,1.);
#2746=VECTOR('',#4467,1.);
#2747=VECTOR('',#4468,1.);
#2748=VECTOR('',#4469,1.);
#2749=VECTOR('',#4472,1.);
#2750=VECTOR('',#4473,1.);
#2751=VECTOR('',#4474,1.);
#2752=VECTOR('',#4477,1.);
#2753=VECTOR('',#4478,1.);
#2754=VECTOR('',#4479,1.);
#2755=VECTOR('',#4480,1.);
#2756=VECTOR('',#4483,1.);
#2757=VECTOR('',#4484,1.);
#2758=VECTOR('',#4485,1.);
#2759=VECTOR('',#4488,1.);
#2760=VECTOR('',#4489,1.);
#2761=VECTOR('',#4490,1.);
#2762=VECTOR('',#4493,1.);
#2763=VECTOR('',#4494,1.);
#2764=VECTOR('',#4495,1.);
#2765=VECTOR('',#4496,1.);
#2766=VECTOR('',#4499,1.);
#2767=VECTOR('',#4500,1.);
#2768=VECTOR('',#4501,1.);
#2769=VECTOR('',#4502,1.);
#2770=VECTOR('',#4505,1.);
#2771=VECTOR('',#4506,1.);
#2772=VECTOR('',#4507,1.);
#2773=VECTOR('',#4508,1.);
#2774=VECTOR('',#4511,1.);
#2775=VECTOR('',#4512,1.);
#2776=VECTOR('',#4513,1.);
#2777=VECTOR('',#4514,1.);
#2778=VECTOR('',#4517,1.);
#2779=VECTOR('',#4518,1.);
#2780=VECTOR('',#4519,1.);
#2781=VECTOR('',#4520,1.);
#2782=VECTOR('',#4535,1.);
#2783=VECTOR('',#4536,1.);
#2784=VECTOR('',#4539,1.);
#2785=VECTOR('',#4540,1.);
#2786=VECTOR('',#4543,1.);
#2787=VECTOR('',#4544,1.);
#2788=VECTOR('',#4547,1.);
#2789=VECTOR('',#4548,1.);
#2790=VECTOR('',#4551,1.);
#2791=VECTOR('',#4552,1.);
#2792=VECTOR('',#4555,1.);
#2793=VECTOR('',#4556,1.);
#2794=VECTOR('',#4559,1.);
#2795=VECTOR('',#4560,1.);
#2796=VECTOR('',#4563,1.);
#2797=VECTOR('',#4564,1.);
#2798=VECTOR('',#4567,1.);
#2799=VECTOR('',#4568,1.);
#2800=VECTOR('',#4571,1.);
#2801=VECTOR('',#4572,1.);
#2802=VECTOR('',#4575,1.);
#2803=VECTOR('',#4576,1.);
#2804=VECTOR('',#4579,1.);
#2805=VECTOR('',#4580,1.);
#2806=VECTOR('',#4583,1.);
#2807=VECTOR('',#4584,1.);
#2808=VECTOR('',#4587,1.);
#2809=VECTOR('',#4588,1.);
#2810=VECTOR('',#4591,1.);
#2811=VECTOR('',#4592,1.);
#2812=VECTOR('',#4595,1.);
#2813=VECTOR('',#4596,1.);
#2814=VECTOR('',#4599,1.);
#2815=VECTOR('',#4600,1.);
#2816=VECTOR('',#4603,1.);
#2817=VECTOR('',#4604,1.);
#2818=VECTOR('',#4607,1.);
#2819=VECTOR('',#4608,1.);
#2820=VECTOR('',#4611,1.);
#2821=VECTOR('',#4612,1.);
#2822=VECTOR('',#4615,1.);
#2823=VECTOR('',#4616,1.);
#2824=VECTOR('',#4619,1.);
#2825=VECTOR('',#4620,1.);
#2826=VECTOR('',#4621,1.);
#2827=VECTOR('',#4622,1.);
#2828=VECTOR('',#4631,1.);
#2829=VECTOR('',#4632,1.);
#2830=VECTOR('',#4635,1.);
#2831=VECTOR('',#4638,1.);
#2832=VECTOR('',#4641,1.);
#2833=VECTOR('',#4644,1.);
#2834=VECTOR('',#4647,1.);
#2835=VECTOR('',#4650,1.);
#2836=VECTOR('',#4653,1.);
#2837=VECTOR('',#4656,1.);
#2838=VECTOR('',#4665,1.);
#2839=VECTOR('',#4666,1.);
#2840=VECTOR('',#4667,1.);
#2841=VECTOR('',#4668,1.);
#2842=VECTOR('',#4669,1.);
#2843=VECTOR('',#4670,1.);
#2844=VECTOR('',#4671,1.);
#2845=VECTOR('',#4672,1.);
#2846=VECTOR('',#4673,1.);
#2847=VECTOR('',#4674,1.);
#2848=VECTOR('',#4675,1.);
#2849=VECTOR('',#4676,1.);
#2850=VECTOR('',#4677,1.);
#2851=VECTOR('',#4678,1.);
#2852=VECTOR('',#4679,1.);
#2853=VECTOR('',#4680,1.);
#2854=VECTOR('',#4681,1.);
#2855=VECTOR('',#4682,1.);
#2856=VECTOR('',#4683,1.);
#2857=VECTOR('',#4684,1.);
#2858=VECTOR('',#4685,1.);
#2859=VECTOR('',#4686,1.);
#2860=VECTOR('',#4687,1.);
#2861=VECTOR('',#4688,1.);
#2862=VECTOR('',#4689,1.);
#2863=VECTOR('',#4690,1.);
#2864=VECTOR('',#4691,1.);
#2865=VECTOR('',#4692,1.);
#2866=VECTOR('',#4693,1.);
#2867=VECTOR('',#4694,1.);
#2868=VECTOR('',#4695,1.);
#2869=VECTOR('',#4696,1.);
#2870=VECTOR('',#4697,1.);
#2871=VECTOR('',#4698,1.);
#2872=VECTOR('',#4699,1.);
#2873=VECTOR('',#4700,1.);
#2874=VECTOR('',#4701,1.);
#2875=VECTOR('',#4702,1.);
#2876=VECTOR('',#4703,1.);
#2877=VECTOR('',#4704,1.);
#2878=VECTOR('',#4705,1.);
#2879=VECTOR('',#4706,1.);
#2880=VECTOR('',#4707,1.);
#2881=VECTOR('',#4708,1.);
#2882=VECTOR('',#4709,1.);
#2883=VECTOR('',#4710,1.);
#2884=VECTOR('',#4711,1.);
#2885=VECTOR('',#4712,1.);
#2886=VECTOR('',#4713,1.);
#2887=VECTOR('',#4714,1.);
#2888=VECTOR('',#4715,1.);
#2889=VECTOR('',#4716,1.);
#2890=VECTOR('',#4717,1.);
#2891=VECTOR('',#4718,1.);
#2892=VECTOR('',#4719,1.);
#2893=VECTOR('',#4720,1.);
#2894=VECTOR('',#4721,1.);
#2895=VECTOR('',#4722,1.);
#2896=VECTOR('',#4723,1.);
#2897=VECTOR('',#4724,1.);
#2898=VECTOR('',#4725,1.);
#2899=VECTOR('',#4726,1.);
#2900=VECTOR('',#4727,1.);
#2901=VECTOR('',#4728,1.);
#2902=VECTOR('',#4729,1.);
#2903=VECTOR('',#4730,1.);
#2904=VECTOR('',#4731,1.);
#2905=VECTOR('',#4732,1.);
#2906=VECTOR('',#4733,1.);
#2907=VECTOR('',#4734,1.);
#2908=VECTOR('',#4735,1.);
#2909=VECTOR('',#4736,1.);
#2910=VECTOR('',#4737,1.);
#2911=VECTOR('',#4738,1.);
#2912=VECTOR('',#4739,1.);
#2913=VECTOR('',#4740,1.);
#2914=VECTOR('',#4741,1.);
#2915=VECTOR('',#4742,1.);
#2916=VECTOR('',#4743,1.);
#2917=VECTOR('',#4744,1.);
#2918=VECTOR('',#4745,1.);
#2919=VECTOR('',#4746,1.);
#2920=VECTOR('',#4747,1.);
#2921=VECTOR('',#4748,1.);
#2922=VECTOR('',#4753,1.);
#2923=VECTOR('',#4754,1.);
#2924=VECTOR('',#4773,1.);
#2925=VECTOR('',#4774,1.);
#2926=VECTOR('',#4775,1.);
#2927=VECTOR('',#4778,1.);
#2928=VECTOR('',#4779,1.);
#2929=EDGE_LOOP('',(#269,#270,#271,#272));
#2930=EDGE_LOOP('',(#273,#274,#275,#276));
#2931=EDGE_LOOP('',(#277,#278,#279,#280));
#2932=EDGE_LOOP('',(#281,#282,#283,#284));
#2933=EDGE_LOOP('',(#285,#286,#287,#288));
#2934=EDGE_LOOP('',(#289,#290,#291,#292));
#2935=EDGE_LOOP('',(#293,#294,#295,#296));
#2936=EDGE_LOOP('',(#297,#298,#299,#300));
#2937=EDGE_LOOP('',(#301,#302,#303,#304));
#2938=EDGE_LOOP('',(#305,#306,#307,#308));
#2939=EDGE_LOOP('',(#309,#310,#311,#312));
#2940=EDGE_LOOP('',(#313,#314,#315,#316));
#2941=EDGE_LOOP('',(#317,#318,#319,#320));
#2942=EDGE_LOOP('',(#321,#322,#323,#324));
#2943=EDGE_LOOP('',(#325,#326,#327,#328));
#2944=EDGE_LOOP('',(#329,#330,#331,#332));
#2945=EDGE_LOOP('',(#333,#334,#335,#336));
#2946=EDGE_LOOP('',(#337,#338,#339,#340));
#2947=EDGE_LOOP('',(#341,#342,#343,#344));
#2948=EDGE_LOOP('',(#345,#346,#347,#348));
#2949=EDGE_LOOP('',(#349,#350,#351,#352));
#2950=EDGE_LOOP('',(#353,#354,#355,#356));
#2951=EDGE_LOOP('',(#357,#358,#359,#360));
#2952=EDGE_LOOP('',(#361,#362,#363,#364));
#2953=EDGE_LOOP('',(#365,#366,#367,#368));
#2954=EDGE_LOOP('',(#369,#370,#371,#372));
#2955=EDGE_LOOP('',(#373,#374,#375,#376));
#2956=EDGE_LOOP('',(#377,#378,#379,#380));
#2957=EDGE_LOOP('',(#381,#382,#383,#384));
#2958=EDGE_LOOP('',(#385,#386,#387,#388));
#2959=EDGE_LOOP('',(#389,#390,#391,#392));
#2960=EDGE_LOOP('',(#393,#394,#395,#396));
#2961=EDGE_LOOP('',(#397,#398,#399,#400));
#2962=EDGE_LOOP('',(#401,#402,#403,#404));
#2963=EDGE_LOOP('',(#405,#406,#407,#408));
#2964=EDGE_LOOP('',(#409,#410,#411,#412));
#2965=EDGE_LOOP('',(#413,#414,#415,#416));
#2966=EDGE_LOOP('',(#417,#418,#419,#420));
#2967=EDGE_LOOP('',(#421,#422,#423,#424));
#2968=EDGE_LOOP('',(#425,#426,#427,#428));
#2969=EDGE_LOOP('',(#429,#430,#431,#432));
#2970=EDGE_LOOP('',(#433,#434,#435,#436));
#2971=EDGE_LOOP('',(#437,#438,#439,#440));
#2972=EDGE_LOOP('',(#441,#442,#443,#444));
#2973=EDGE_LOOP('',(#445,#446,#447,#448));
#2974=EDGE_LOOP('',(#449,#450,#451,#452));
#2975=EDGE_LOOP('',(#453,#454,#455,#456));
#2976=EDGE_LOOP('',(#457,#458,#459,#460));
#2977=EDGE_LOOP('',(#461,#462,#463,#464));
#2978=EDGE_LOOP('',(#465,#466,#467,#468));
#2979=EDGE_LOOP('',(#469,#470,#471,#472));
#2980=EDGE_LOOP('',(#473,#474,#475,#476));
#2981=EDGE_LOOP('',(#477,#478,#479,#480));
#2982=EDGE_LOOP('',(#481,#482,#483,#484));
#2983=EDGE_LOOP('',(#485,#486,#487,#488));
#2984=EDGE_LOOP('',(#489,#490,#491,#492));
#2985=EDGE_LOOP('',(#493,#494,#495,#496));
#2986=EDGE_LOOP('',(#497,#498,#499,#500));
#2987=EDGE_LOOP('',(#501,#502,#503,#504));
#2988=EDGE_LOOP('',(#505,#506,#507,#508));
#2989=EDGE_LOOP('',(#509,#510,#511,#512));
#2990=EDGE_LOOP('',(#513,#514,#515,#516));
#2991=EDGE_LOOP('',(#517,#518,#519,#520));
#2992=EDGE_LOOP('',(#521,#522,#523,#524));
#2993=EDGE_LOOP('',(#525,#526,#527,#528));
#2994=EDGE_LOOP('',(#529,#530,#531,#532));
#2995=EDGE_LOOP('',(#533,#534,#535,#536));
#2996=EDGE_LOOP('',(#537,#538,#539,#540));
#2997=EDGE_LOOP('',(#541,#542,#543,#544));
#2998=EDGE_LOOP('',(#545,#546,#547,#548));
#2999=EDGE_LOOP('',(#549));
#3000=EDGE_LOOP('',(#550));
#3001=EDGE_LOOP('',(#551));
#3002=EDGE_LOOP('',(#552));
#3003=EDGE_LOOP('',(#553,#554,#555,#556));
#3004=EDGE_LOOP('',(#557,#558,#559,#560));
#3005=EDGE_LOOP('',(#561,#562,#563,#564));
#3006=EDGE_LOOP('',(#565,#566,#567,#568));
#3007=EDGE_LOOP('',(#569,#570,#571,#572));
#3008=EDGE_LOOP('',(#573,#574,#575,#576));
#3009=EDGE_LOOP('',(#577,#578,#579,#580));
#3010=EDGE_LOOP('',(#581,#582,#583,#584));
#3011=EDGE_LOOP('',(#585,#586,#587,#588));
#3012=EDGE_LOOP('',(#589,#590,#591,#592));
#3013=EDGE_LOOP('',(#593,#594,#595,#596));
#3014=EDGE_LOOP('',(#597,#598,#599,#600));
#3015=EDGE_LOOP('',(#601,#602,#603,#604));
#3016=EDGE_LOOP('',(#605,#606,#607,#608));
#3017=EDGE_LOOP('',(#609,#610,#611,#612));
#3018=EDGE_LOOP('',(#613,#614,#615,#616));
#3019=EDGE_LOOP('',(#617,#618,#619,#620));
#3020=EDGE_LOOP('',(#621,#622,#623,#624));
#3021=EDGE_LOOP('',(#625,#626,#627,#628));
#3022=EDGE_LOOP('',(#629,#630,#631,#632));
#3023=EDGE_LOOP('',(#633,#634,#635,#636));
#3024=EDGE_LOOP('',(#637,#638,#639,#640));
#3025=EDGE_LOOP('',(#641));
#3026=EDGE_LOOP('',(#642));
#3027=EDGE_LOOP('',(#643,#644,#645,#646,#647,#648,#649,#650,#651,#652,#653,
#654,#655,#656,#657,#658,#659,#660,#661));
#3028=EDGE_LOOP('',(#662));
#3029=EDGE_LOOP('',(#663));
#3030=EDGE_LOOP('',(#664));
#3031=EDGE_LOOP('',(#665,#666,#667,#668));
#3032=EDGE_LOOP('',(#669,#670,#671,#672));
#3033=EDGE_LOOP('',(#673,#674,#675,#676));
#3034=EDGE_LOOP('',(#677,#678,#679,#680));
#3035=EDGE_LOOP('',(#681,#682,#683,#684));
#3036=EDGE_LOOP('',(#685,#686,#687,#688));
#3037=EDGE_LOOP('',(#689,#690,#691,#692));
#3038=EDGE_LOOP('',(#693,#694,#695,#696));
#3039=EDGE_LOOP('',(#697,#698,#699,#700));
#3040=EDGE_LOOP('',(#701,#702,#703,#704));
#3041=EDGE_LOOP('',(#705,#706,#707,#708));
#3042=EDGE_LOOP('',(#709,#710,#711,#712));
#3043=EDGE_LOOP('',(#713,#714,#715,#716));
#3044=EDGE_LOOP('',(#717,#718,#719,#720));
#3045=EDGE_LOOP('',(#721,#722,#723,#724));
#3046=EDGE_LOOP('',(#725,#726,#727,#728));
#3047=EDGE_LOOP('',(#729,#730,#731,#732));
#3048=EDGE_LOOP('',(#733,#734,#735,#736));
#3049=EDGE_LOOP('',(#737,#738,#739,#740));
#3050=EDGE_LOOP('',(#741,#742,#743,#744));
#3051=EDGE_LOOP('',(#745,#746,#747,#748));
#3052=EDGE_LOOP('',(#749,#750,#751,#752,#753,#754,#755,#756,#757,#758,#759,
#760,#761,#762,#763,#764,#765,#766,#767));
#3053=EDGE_LOOP('',(#768,#769,#770,#771));
#3054=EDGE_LOOP('',(#772,#773,#774,#775));
#3055=EDGE_LOOP('',(#776,#777,#778,#779));
#3056=EDGE_LOOP('',(#780,#781,#782,#783));
#3057=EDGE_LOOP('',(#784,#785,#786,#787));
#3058=EDGE_LOOP('',(#788,#789,#790,#791));
#3059=EDGE_LOOP('',(#792,#793,#794,#795));
#3060=EDGE_LOOP('',(#796,#797,#798,#799));
#3061=EDGE_LOOP('',(#800,#801,#802,#803));
#3062=EDGE_LOOP('',(#804,#805,#806,#807));
#3063=EDGE_LOOP('',(#808,#809,#810,#811));
#3064=EDGE_LOOP('',(#812,#813,#814,#815));
#3065=EDGE_LOOP('',(#816,#817,#818,#819));
#3066=EDGE_LOOP('',(#820,#821,#822,#823));
#3067=EDGE_LOOP('',(#824,#825,#826,#827));
#3068=EDGE_LOOP('',(#828,#829,#830,#831));
#3069=EDGE_LOOP('',(#832,#833,#834,#835));
#3070=EDGE_LOOP('',(#836,#837,#838,#839));
#3071=EDGE_LOOP('',(#840,#841,#842,#843));
#3072=EDGE_LOOP('',(#844,#845,#846,#847));
#3073=EDGE_LOOP('',(#848,#849,#850,#851));
#3074=EDGE_LOOP('',(#852));
#3075=EDGE_LOOP('',(#853));
#3076=EDGE_LOOP('',(#854));
#3077=EDGE_LOOP('',(#855,#856,#857,#858));
#3078=EDGE_LOOP('',(#859,#860,#861,#862));
#3079=EDGE_LOOP('',(#863,#864,#865,#866));
#3080=EDGE_LOOP('',(#867,#868,#869,#870));
#3081=EDGE_LOOP('',(#871,#872,#873,#874));
#3082=EDGE_LOOP('',(#875,#876,#877,#878));
#3083=EDGE_LOOP('',(#879,#880,#881,#882));
#3084=EDGE_LOOP('',(#883,#884,#885,#886));
#3085=EDGE_LOOP('',(#887,#888,#889,#890));
#3086=EDGE_LOOP('',(#891,#892,#893,#894));
#3087=EDGE_LOOP('',(#895,#896,#897,#898));
#3088=EDGE_LOOP('',(#899,#900,#901,#902));
#3089=EDGE_LOOP('',(#903,#904,#905,#906));
#3090=EDGE_LOOP('',(#907,#908,#909,#910));
#3091=EDGE_LOOP('',(#911,#912,#913,#914));
#3092=EDGE_LOOP('',(#915,#916,#917,#918));
#3093=EDGE_LOOP('',(#919,#920,#921,#922));
#3094=EDGE_LOOP('',(#923,#924,#925,#926));
#3095=EDGE_LOOP('',(#927,#928,#929,#930));
#3096=EDGE_LOOP('',(#931,#932,#933,#934));
#3097=EDGE_LOOP('',(#935,#936,#937,#938));
#3098=EDGE_LOOP('',(#939,#940,#941,#942));
#3099=EDGE_LOOP('',(#943,#944,#945,#946));
#3100=EDGE_LOOP('',(#947,#948,#949,#950));
#3101=EDGE_LOOP('',(#951,#952,#953,#954));
#3102=EDGE_LOOP('',(#955,#956,#957,#958));
#3103=EDGE_LOOP('',(#959,#960,#961,#962));
#3104=EDGE_LOOP('',(#963,#964,#965,#966));
#3105=EDGE_LOOP('',(#967,#968,#969,#970));
#3106=EDGE_LOOP('',(#971,#972,#973,#974));
#3107=EDGE_LOOP('',(#975));
#3108=EDGE_LOOP('',(#976));
#3109=EDGE_LOOP('',(#977));
#3110=EDGE_LOOP('',(#978));
#3111=EDGE_LOOP('',(#979));
#3112=EDGE_LOOP('',(#980));
#3113=EDGE_LOOP('',(#981,#982,#983,#984));
#3114=EDGE_LOOP('',(#985,#986,#987,#988));
#3115=EDGE_LOOP('',(#989,#990,#991,#992));
#3116=EDGE_LOOP('',(#993,#994,#995,#996));
#3117=EDGE_LOOP('',(#997,#998,#999,#1000));
#3118=EDGE_LOOP('',(#1001,#1002,#1003,#1004));
#3119=EDGE_LOOP('',(#1005,#1006,#1007,#1008));
#3120=EDGE_LOOP('',(#1009,#1010,#1011,#1012));
#3121=EDGE_LOOP('',(#1013,#1014,#1015,#1016));
#3122=EDGE_LOOP('',(#1017,#1018,#1019,#1020));
#3123=EDGE_LOOP('',(#1021,#1022,#1023,#1024));
#3124=EDGE_LOOP('',(#1025,#1026,#1027,#1028));
#3125=EDGE_LOOP('',(#1029,#1030,#1031,#1032));
#3126=EDGE_LOOP('',(#1033,#1034,#1035,#1036));
#3127=EDGE_LOOP('',(#1037,#1038,#1039,#1040));
#3128=EDGE_LOOP('',(#1041,#1042,#1043,#1044));
#3129=EDGE_LOOP('',(#1045,#1046,#1047,#1048));
#3130=EDGE_LOOP('',(#1049,#1050,#1051,#1052));
#3131=EDGE_LOOP('',(#1053,#1054,#1055,#1056));
#3132=EDGE_LOOP('',(#1057,#1058,#1059,#1060));
#3133=EDGE_LOOP('',(#1061,#1062,#1063,#1064));
#3134=EDGE_LOOP('',(#1065,#1066,#1067,#1068));
#3135=EDGE_LOOP('',(#1069,#1070,#1071,#1072));
#3136=EDGE_LOOP('',(#1073,#1074,#1075,#1076));
#3137=EDGE_LOOP('',(#1077,#1078,#1079,#1080));
#3138=EDGE_LOOP('',(#1081,#1082,#1083,#1084));
#3139=EDGE_LOOP('',(#1085,#1086,#1087,#1088));
#3140=EDGE_LOOP('',(#1089,#1090,#1091,#1092));
#3141=EDGE_LOOP('',(#1093,#1094,#1095,#1096));
#3142=EDGE_LOOP('',(#1097,#1098,#1099,#1100));
#3143=EDGE_LOOP('',(#1101,#1102,#1103,#1104));
#3144=EDGE_LOOP('',(#1105,#1106,#1107,#1108));
#3145=EDGE_LOOP('',(#1109,#1110,#1111,#1112));
#3146=EDGE_LOOP('',(#1113,#1114,#1115,#1116));
#3147=EDGE_LOOP('',(#1117,#1118,#1119,#1120));
#3148=EDGE_LOOP('',(#1121,#1122,#1123,#1124));
#3149=EDGE_LOOP('',(#1125,#1126,#1127,#1128));
#3150=EDGE_LOOP('',(#1129,#1130,#1131,#1132));
#3151=EDGE_LOOP('',(#1133,#1134,#1135,#1136));
#3152=EDGE_LOOP('',(#1137,#1138,#1139,#1140));
#3153=EDGE_LOOP('',(#1141,#1142,#1143,#1144));
#3154=EDGE_LOOP('',(#1145,#1146,#1147,#1148));
#3155=EDGE_LOOP('',(#1149,#1150,#1151,#1152));
#3156=EDGE_LOOP('',(#1153,#1154,#1155,#1156));
#3157=EDGE_LOOP('',(#1157,#1158,#1159,#1160));
#3158=EDGE_LOOP('',(#1161,#1162,#1163,#1164));
#3159=EDGE_LOOP('',(#1165,#1166,#1167,#1168));
#3160=EDGE_LOOP('',(#1169,#1170,#1171,#1172));
#3161=EDGE_LOOP('',(#1173,#1174,#1175,#1176));
#3162=EDGE_LOOP('',(#1177,#1178,#1179,#1180));
#3163=EDGE_LOOP('',(#1181,#1182,#1183,#1184));
#3164=EDGE_LOOP('',(#1185,#1186,#1187,#1188));
#3165=EDGE_LOOP('',(#1189,#1190,#1191,#1192));
#3166=EDGE_LOOP('',(#1193,#1194,#1195,#1196));
#3167=EDGE_LOOP('',(#1197,#1198,#1199,#1200));
#3168=EDGE_LOOP('',(#1201,#1202,#1203,#1204));
#3169=EDGE_LOOP('',(#1205,#1206,#1207,#1208));
#3170=EDGE_LOOP('',(#1209,#1210,#1211,#1212));
#3171=EDGE_LOOP('',(#1213,#1214,#1215,#1216));
#3172=EDGE_LOOP('',(#1217,#1218,#1219,#1220));
#3173=EDGE_LOOP('',(#1221,#1222,#1223,#1224));
#3174=EDGE_LOOP('',(#1225,#1226,#1227,#1228));
#3175=EDGE_LOOP('',(#1229,#1230,#1231,#1232));
#3176=EDGE_LOOP('',(#1233,#1234,#1235,#1236));
#3177=EDGE_LOOP('',(#1237,#1238,#1239,#1240));
#3178=EDGE_LOOP('',(#1241,#1242,#1243,#1244));
#3179=EDGE_LOOP('',(#1245,#1246,#1247,#1248));
#3180=EDGE_LOOP('',(#1249,#1250,#1251,#1252));
#3181=EDGE_LOOP('',(#1253,#1254,#1255,#1256));
#3182=EDGE_LOOP('',(#1257,#1258,#1259,#1260));
#3183=EDGE_LOOP('',(#1261,#1262,#1263,#1264));
#3184=EDGE_LOOP('',(#1265,#1266,#1267,#1268));
#3185=EDGE_LOOP('',(#1269,#1270,#1271,#1272));
#3186=EDGE_LOOP('',(#1273,#1274,#1275,#1276));
#3187=EDGE_LOOP('',(#1277,#1278,#1279,#1280));
#3188=EDGE_LOOP('',(#1281,#1282,#1283,#1284));
#3189=EDGE_LOOP('',(#1285,#1286,#1287,#1288));
#3190=EDGE_LOOP('',(#1289,#1290,#1291,#1292));
#3191=EDGE_LOOP('',(#1293,#1294,#1295,#1296));
#3192=EDGE_LOOP('',(#1297,#1298,#1299,#1300));
#3193=EDGE_LOOP('',(#1301,#1302,#1303,#1304));
#3194=EDGE_LOOP('',(#1305,#1306,#1307,#1308));
#3195=EDGE_LOOP('',(#1309,#1310,#1311,#1312));
#3196=EDGE_LOOP('',(#1313,#1314,#1315,#1316));
#3197=FACE_BOUND('',#2929,.T.);
#3198=FACE_BOUND('',#2930,.T.);
#3199=FACE_BOUND('',#2931,.T.);
#3200=FACE_BOUND('',#2932,.T.);
#3201=FACE_BOUND('',#2933,.T.);
#3202=FACE_BOUND('',#2934,.T.);
#3203=FACE_BOUND('',#2935,.T.);
#3204=FACE_BOUND('',#2936,.T.);
#3205=FACE_BOUND('',#2937,.T.);
#3206=FACE_BOUND('',#2938,.T.);
#3207=FACE_BOUND('',#2939,.T.);
#3208=FACE_BOUND('',#2940,.T.);
#3209=FACE_BOUND('',#2941,.T.);
#3210=FACE_BOUND('',#2942,.T.);
#3211=FACE_BOUND('',#2943,.T.);
#3212=FACE_BOUND('',#2944,.T.);
#3213=FACE_BOUND('',#2945,.T.);
#3214=FACE_BOUND('',#2946,.T.);
#3215=FACE_BOUND('',#2947,.T.);
#3216=FACE_BOUND('',#2948,.T.);
#3217=FACE_BOUND('',#2949,.T.);
#3218=FACE_BOUND('',#2950,.T.);
#3219=FACE_BOUND('',#2951,.T.);
#3220=FACE_BOUND('',#2952,.T.);
#3221=FACE_BOUND('',#2953,.T.);
#3222=FACE_BOUND('',#2954,.T.);
#3223=FACE_BOUND('',#2955,.T.);
#3224=FACE_BOUND('',#2956,.T.);
#3225=FACE_BOUND('',#2957,.T.);
#3226=FACE_BOUND('',#2958,.T.);
#3227=FACE_BOUND('',#2959,.T.);
#3228=FACE_BOUND('',#2960,.T.);
#3229=FACE_BOUND('',#2961,.T.);
#3230=FACE_BOUND('',#2962,.T.);
#3231=FACE_BOUND('',#2963,.T.);
#3232=FACE_BOUND('',#2964,.T.);
#3233=FACE_BOUND('',#2965,.T.);
#3234=FACE_BOUND('',#2966,.T.);
#3235=FACE_BOUND('',#2967,.T.);
#3236=FACE_BOUND('',#2968,.T.);
#3237=FACE_BOUND('',#2969,.T.);
#3238=FACE_BOUND('',#2970,.T.);
#3239=FACE_BOUND('',#2971,.T.);
#3240=FACE_BOUND('',#2972,.T.);
#3241=FACE_BOUND('',#2973,.T.);
#3242=FACE_BOUND('',#2974,.T.);
#3243=FACE_BOUND('',#2975,.T.);
#3244=FACE_BOUND('',#2976,.T.);
#3245=FACE_BOUND('',#2977,.T.);
#3246=FACE_BOUND('',#2978,.T.);
#3247=FACE_BOUND('',#2979,.T.);
#3248=FACE_BOUND('',#2980,.T.);
#3249=FACE_BOUND('',#2981,.T.);
#3250=FACE_BOUND('',#2982,.T.);
#3251=FACE_BOUND('',#2983,.T.);
#3252=FACE_BOUND('',#2984,.T.);
#3253=FACE_BOUND('',#2985,.T.);
#3254=FACE_BOUND('',#2986,.T.);
#3255=FACE_BOUND('',#2987,.T.);
#3256=FACE_BOUND('',#2988,.T.);
#3257=FACE_BOUND('',#2989,.T.);
#3258=FACE_BOUND('',#2990,.T.);
#3259=FACE_BOUND('',#2991,.T.);
#3260=FACE_BOUND('',#2992,.T.);
#3261=FACE_BOUND('',#2993,.T.);
#3262=FACE_BOUND('',#2994,.T.);
#3263=FACE_BOUND('',#2995,.T.);
#3264=FACE_BOUND('',#2996,.T.);
#3265=FACE_BOUND('',#2997,.T.);
#3266=FACE_BOUND('',#2998,.T.);
#3267=FACE_BOUND('',#2999,.T.);
#3268=FACE_BOUND('',#3000,.T.);
#3269=FACE_BOUND('',#3001,.T.);
#3270=FACE_BOUND('',#3002,.T.);
#3271=FACE_BOUND('',#3003,.T.);
#3272=FACE_BOUND('',#3004,.T.);
#3273=FACE_BOUND('',#3005,.T.);
#3274=FACE_BOUND('',#3006,.T.);
#3275=FACE_BOUND('',#3007,.T.);
#3276=FACE_BOUND('',#3008,.T.);
#3277=FACE_BOUND('',#3009,.T.);
#3278=FACE_BOUND('',#3010,.T.);
#3279=FACE_BOUND('',#3011,.T.);
#3280=FACE_BOUND('',#3012,.T.);
#3281=FACE_BOUND('',#3013,.T.);
#3282=FACE_BOUND('',#3014,.T.);
#3283=FACE_BOUND('',#3015,.T.);
#3284=FACE_BOUND('',#3016,.T.);
#3285=FACE_BOUND('',#3017,.T.);
#3286=FACE_BOUND('',#3018,.T.);
#3287=FACE_BOUND('',#3019,.T.);
#3288=FACE_BOUND('',#3020,.T.);
#3289=FACE_BOUND('',#3021,.T.);
#3290=FACE_BOUND('',#3022,.T.);
#3291=FACE_BOUND('',#3023,.T.);
#3292=FACE_BOUND('',#3024,.T.);
#3293=FACE_BOUND('',#3025,.T.);
#3294=FACE_BOUND('',#3026,.T.);
#3295=FACE_BOUND('',#3027,.T.);
#3296=FACE_BOUND('',#3028,.T.);
#3297=FACE_BOUND('',#3029,.T.);
#3298=FACE_BOUND('',#3030,.T.);
#3299=FACE_BOUND('',#3031,.T.);
#3300=FACE_BOUND('',#3032,.T.);
#3301=FACE_BOUND('',#3033,.T.);
#3302=FACE_BOUND('',#3034,.T.);
#3303=FACE_BOUND('',#3035,.T.);
#3304=FACE_BOUND('',#3036,.T.);
#3305=FACE_BOUND('',#3037,.T.);
#3306=FACE_BOUND('',#3038,.T.);
#3307=FACE_BOUND('',#3039,.T.);
#3308=FACE_BOUND('',#3040,.T.);
#3309=FACE_BOUND('',#3041,.T.);
#3310=FACE_BOUND('',#3042,.T.);
#3311=FACE_BOUND('',#3043,.T.);
#3312=FACE_BOUND('',#3044,.T.);
#3313=FACE_BOUND('',#3045,.T.);
#3314=FACE_BOUND('',#3046,.T.);
#3315=FACE_BOUND('',#3047,.T.);
#3316=FACE_BOUND('',#3048,.T.);
#3317=FACE_BOUND('',#3049,.T.);
#3318=FACE_BOUND('',#3050,.T.);
#3319=FACE_BOUND('',#3051,.T.);
#3320=FACE_BOUND('',#3052,.T.);
#3321=FACE_BOUND('',#3053,.T.);
#3322=FACE_BOUND('',#3054,.T.);
#3323=FACE_BOUND('',#3055,.T.);
#3324=FACE_BOUND('',#3056,.T.);
#3325=FACE_BOUND('',#3057,.T.);
#3326=FACE_BOUND('',#3058,.T.);
#3327=FACE_BOUND('',#3059,.T.);
#3328=FACE_BOUND('',#3060,.T.);
#3329=FACE_BOUND('',#3061,.T.);
#3330=FACE_BOUND('',#3062,.T.);
#3331=FACE_BOUND('',#3063,.T.);
#3332=FACE_BOUND('',#3064,.T.);
#3333=FACE_BOUND('',#3065,.T.);
#3334=FACE_BOUND('',#3066,.T.);
#3335=FACE_BOUND('',#3067,.T.);
#3336=FACE_BOUND('',#3068,.T.);
#3337=FACE_BOUND('',#3069,.T.);
#3338=FACE_BOUND('',#3070,.T.);
#3339=FACE_BOUND('',#3071,.T.);
#3340=FACE_BOUND('',#3072,.T.);
#3341=FACE_BOUND('',#3073,.T.);
#3342=FACE_BOUND('',#3074,.T.);
#3343=FACE_BOUND('',#3075,.T.);
#3344=FACE_BOUND('',#3076,.T.);
#3345=FACE_BOUND('',#3077,.T.);
#3346=FACE_BOUND('',#3078,.T.);
#3347=FACE_BOUND('',#3079,.T.);
#3348=FACE_BOUND('',#3080,.T.);
#3349=FACE_BOUND('',#3081,.T.);
#3350=FACE_BOUND('',#3082,.T.);
#3351=FACE_BOUND('',#3083,.T.);
#3352=FACE_BOUND('',#3084,.T.);
#3353=FACE_BOUND('',#3085,.T.);
#3354=FACE_BOUND('',#3086,.T.);
#3355=FACE_BOUND('',#3087,.T.);
#3356=FACE_BOUND('',#3088,.T.);
#3357=FACE_BOUND('',#3089,.T.);
#3358=FACE_BOUND('',#3090,.T.);
#3359=FACE_BOUND('',#3091,.T.);
#3360=FACE_BOUND('',#3092,.T.);
#3361=FACE_BOUND('',#3093,.T.);
#3362=FACE_BOUND('',#3094,.T.);
#3363=FACE_BOUND('',#3095,.T.);
#3364=FACE_BOUND('',#3096,.T.);
#3365=FACE_BOUND('',#3097,.T.);
#3366=FACE_BOUND('',#3098,.T.);
#3367=FACE_BOUND('',#3099,.T.);
#3368=FACE_BOUND('',#3100,.T.);
#3369=FACE_BOUND('',#3101,.T.);
#3370=FACE_BOUND('',#3102,.T.);
#3371=FACE_BOUND('',#3103,.T.);
#3372=FACE_BOUND('',#3104,.T.);
#3373=FACE_BOUND('',#3105,.T.);
#3374=FACE_BOUND('',#3106,.T.);
#3375=FACE_BOUND('',#3107,.T.);
#3376=FACE_BOUND('',#3108,.T.);
#3377=FACE_BOUND('',#3109,.T.);
#3378=FACE_BOUND('',#3110,.T.);
#3379=FACE_BOUND('',#3111,.T.);
#3380=FACE_BOUND('',#3112,.T.);
#3381=FACE_BOUND('',#3113,.T.);
#3382=FACE_BOUND('',#3114,.T.);
#3383=FACE_BOUND('',#3115,.T.);
#3384=FACE_BOUND('',#3116,.T.);
#3385=FACE_BOUND('',#3117,.T.);
#3386=FACE_BOUND('',#3118,.T.);
#3387=FACE_BOUND('',#3119,.T.);
#3388=FACE_BOUND('',#3120,.T.);
#3389=FACE_BOUND('',#3121,.T.);
#3390=FACE_BOUND('',#3122,.T.);
#3391=FACE_BOUND('',#3123,.T.);
#3392=FACE_BOUND('',#3124,.T.);
#3393=FACE_BOUND('',#3125,.T.);
#3394=FACE_BOUND('',#3126,.T.);
#3395=FACE_BOUND('',#3127,.T.);
#3396=FACE_BOUND('',#3128,.T.);
#3397=FACE_BOUND('',#3129,.T.);
#3398=FACE_BOUND('',#3130,.T.);
#3399=FACE_BOUND('',#3131,.T.);
#3400=FACE_BOUND('',#3132,.T.);
#3401=FACE_BOUND('',#3133,.T.);
#3402=FACE_BOUND('',#3134,.T.);
#3403=FACE_BOUND('',#3135,.T.);
#3404=FACE_BOUND('',#3136,.T.);
#3405=FACE_BOUND('',#3137,.T.);
#3406=FACE_BOUND('',#3138,.T.);
#3407=FACE_BOUND('',#3139,.T.);
#3408=FACE_BOUND('',#3140,.T.);
#3409=FACE_BOUND('',#3141,.T.);
#3410=FACE_BOUND('',#3142,.T.);
#3411=FACE_BOUND('',#3143,.T.);
#3412=FACE_BOUND('',#3144,.T.);
#3413=FACE_BOUND('',#3145,.T.);
#3414=FACE_BOUND('',#3146,.T.);
#3415=FACE_BOUND('',#3147,.T.);
#3416=FACE_BOUND('',#3148,.T.);
#3417=FACE_BOUND('',#3149,.T.);
#3418=FACE_BOUND('',#3150,.T.);
#3419=FACE_BOUND('',#3151,.T.);
#3420=FACE_BOUND('',#3152,.T.);
#3421=FACE_BOUND('',#3153,.T.);
#3422=FACE_BOUND('',#3154,.T.);
#3423=FACE_BOUND('',#3155,.T.);
#3424=FACE_BOUND('',#3156,.T.);
#3425=FACE_BOUND('',#3157,.T.);
#3426=FACE_BOUND('',#3158,.T.);
#3427=FACE_BOUND('',#3159,.T.);
#3428=FACE_BOUND('',#3160,.T.);
#3429=FACE_BOUND('',#3161,.T.);
#3430=FACE_BOUND('',#3162,.T.);
#3431=FACE_BOUND('',#3163,.T.);
#3432=FACE_BOUND('',#3164,.T.);
#3433=FACE_BOUND('',#3165,.T.);
#3434=FACE_BOUND('',#3166,.T.);
#3435=FACE_BOUND('',#3167,.T.);
#3436=FACE_BOUND('',#3168,.T.);
#3437=FACE_BOUND('',#3169,.T.);
#3438=FACE_BOUND('',#3170,.T.);
#3439=FACE_BOUND('',#3171,.T.);
#3440=FACE_BOUND('',#3172,.T.);
#3441=FACE_BOUND('',#3173,.T.);
#3442=FACE_BOUND('',#3174,.T.);
#3443=FACE_BOUND('',#3175,.T.);
#3444=FACE_BOUND('',#3176,.T.);
#3445=FACE_BOUND('',#3177,.T.);
#3446=FACE_BOUND('',#3178,.T.);
#3447=FACE_BOUND('',#3179,.T.);
#3448=FACE_BOUND('',#3180,.T.);
#3449=FACE_BOUND('',#3181,.T.);
#3450=FACE_BOUND('',#3182,.T.);
#3451=FACE_BOUND('',#3183,.T.);
#3452=FACE_BOUND('',#3184,.T.);
#3453=FACE_BOUND('',#3185,.T.);
#3454=FACE_BOUND('',#3186,.T.);
#3455=FACE_BOUND('',#3187,.T.);
#3456=FACE_BOUND('',#3188,.T.);
#3457=FACE_BOUND('',#3189,.T.);
#3458=FACE_BOUND('',#3190,.T.);
#3459=FACE_BOUND('',#3191,.T.);
#3460=FACE_BOUND('',#3192,.T.);
#3461=FACE_BOUND('',#3193,.T.);
#3462=FACE_BOUND('',#3194,.T.);
#3463=FACE_BOUND('',#3195,.T.);
#3464=FACE_BOUND('',#3196,.T.);
#3465=PLANE('',#3788);
#3466=PLANE('',#3789);
#3467=PLANE('',#3790);
#3468=PLANE('',#3791);
#3469=PLANE('',#3792);
#3470=PLANE('',#3793);
#3471=PLANE('',#3794);
#3472=PLANE('',#3795);
#3473=PLANE('',#3796);
#3474=PLANE('',#3797);
#3475=PLANE('',#3798);
#3476=PLANE('',#3799);
#3477=PLANE('',#3800);
#3478=PLANE('',#3801);
#3479=PLANE('',#3802);
#3480=PLANE('',#3803);
#3481=PLANE('',#3804);
#3482=PLANE('',#3805);
#3483=PLANE('',#3806);
#3484=PLANE('',#3807);
#3485=PLANE('',#3808);
#3486=PLANE('',#3809);
#3487=PLANE('',#3810);
#3488=PLANE('',#3811);
#3489=PLANE('',#3812);
#3490=PLANE('',#3813);
#3491=PLANE('',#3814);
#3492=PLANE('',#3815);
#3493=PLANE('',#3816);
#3494=PLANE('',#3817);
#3495=PLANE('',#3818);
#3496=PLANE('',#3819);
#3497=PLANE('',#3820);
#3498=PLANE('',#3821);
#3499=PLANE('',#3822);
#3500=PLANE('',#3823);
#3501=PLANE('',#3824);
#3502=PLANE('',#3825);
#3503=PLANE('',#3826);
#3504=PLANE('',#3827);
#3505=PLANE('',#3828);
#3506=PLANE('',#3829);
#3507=PLANE('',#3830);
#3508=PLANE('',#3831);
#3509=PLANE('',#3832);
#3510=PLANE('',#3833);
#3511=PLANE('',#3834);
#3512=PLANE('',#3835);
#3513=PLANE('',#3836);
#3514=PLANE('',#3837);
#3515=PLANE('',#3838);
#3516=PLANE('',#3839);
#3517=PLANE('',#3840);
#3518=PLANE('',#3841);
#3519=PLANE('',#3842);
#3520=PLANE('',#3843);
#3521=PLANE('',#3844);
#3522=PLANE('',#3845);
#3523=PLANE('',#3846);
#3524=PLANE('',#3847);
#3525=PLANE('',#3848);
#3526=PLANE('',#3849);
#3527=PLANE('',#3850);
#3528=PLANE('',#3851);
#3529=PLANE('',#3852);
#3530=PLANE('',#3853);
#3531=PLANE('',#3854);
#3532=PLANE('',#3855);
#3533=PLANE('',#3856);
#3534=PLANE('',#3857);
#3535=PLANE('',#3864);
#3536=PLANE('',#3865);
#3537=PLANE('',#3866);
#3538=PLANE('',#3867);
#3539=PLANE('',#3868);
#3540=PLANE('',#3869);
#3541=PLANE('',#3870);
#3542=PLANE('',#3871);
#3543=PLANE('',#3872);
#3544=PLANE('',#3873);
#3545=PLANE('',#3874);
#3546=PLANE('',#3875);
#3547=PLANE('',#3876);
#3548=PLANE('',#3877);
#3549=PLANE('',#3878);
#3550=PLANE('',#3879);
#3551=PLANE('',#3880);
#3552=PLANE('',#3881);
#3553=PLANE('',#3882);
#3554=PLANE('',#3883);
#3555=PLANE('',#3884);
#3556=PLANE('',#3885);
#3557=PLANE('',#3889);
#3558=PLANE('',#3902);
#3559=PLANE('',#3912);
#3560=PLANE('',#3913);
#3561=ADVANCED_FACE('',(#3197),#3465,.T.);
#3562=ADVANCED_FACE('',(#3198),#3466,.F.);
#3563=ADVANCED_FACE('',(#3199),#3467,.T.);
#3564=ADVANCED_FACE('',(#3200),#3468,.F.);
#3565=ADVANCED_FACE('',(#3201),#3469,.F.);
#3566=ADVANCED_FACE('',(#3202),#3470,.T.);
#3567=ADVANCED_FACE('',(#3203),#3471,.T.);
#3568=ADVANCED_FACE('',(#3204),#3472,.F.);
#3569=ADVANCED_FACE('',(#3205),#3473,.T.);
#3570=ADVANCED_FACE('',(#3206),#3474,.T.);
#3571=ADVANCED_FACE('',(#3207),#3475,.F.);
#3572=ADVANCED_FACE('',(#3208),#3476,.T.);
#3573=ADVANCED_FACE('',(#3209),#3477,.T.);
#3574=ADVANCED_FACE('',(#3210),#3478,.F.);
#3575=ADVANCED_FACE('',(#3211),#3479,.T.);
#3576=ADVANCED_FACE('',(#3212),#3480,.T.);
#3577=ADVANCED_FACE('',(#3213),#3481,.F.);
#3578=ADVANCED_FACE('',(#3214),#3482,.T.);
#3579=ADVANCED_FACE('',(#3215),#3483,.T.);
#3580=ADVANCED_FACE('',(#3216),#3484,.F.);
#3581=ADVANCED_FACE('',(#3217),#3485,.T.);
#3582=ADVANCED_FACE('',(#3218),#3486,.T.);
#3583=ADVANCED_FACE('',(#3219),#3487,.F.);
#3584=ADVANCED_FACE('',(#3220),#3488,.T.);
#3585=ADVANCED_FACE('',(#3221),#3489,.T.);
#3586=ADVANCED_FACE('',(#3222),#3490,.F.);
#3587=ADVANCED_FACE('',(#3223),#3491,.T.);
#3588=ADVANCED_FACE('',(#3224),#3492,.T.);
#3589=ADVANCED_FACE('',(#3225),#3493,.F.);
#3590=ADVANCED_FACE('',(#3226),#3494,.T.);
#3591=ADVANCED_FACE('',(#3227),#3495,.T.);
#3592=ADVANCED_FACE('',(#3228),#3496,.F.);
#3593=ADVANCED_FACE('',(#3229),#3497,.T.);
#3594=ADVANCED_FACE('',(#3230),#3498,.T.);
#3595=ADVANCED_FACE('',(#3231),#3499,.F.);
#3596=ADVANCED_FACE('',(#3232),#3500,.T.);
#3597=ADVANCED_FACE('',(#3233),#3501,.T.);
#3598=ADVANCED_FACE('',(#3234),#3502,.F.);
#3599=ADVANCED_FACE('',(#3235),#3503,.T.);
#3600=ADVANCED_FACE('',(#3236),#3504,.T.);
#3601=ADVANCED_FACE('',(#3237),#3505,.F.);
#3602=ADVANCED_FACE('',(#3238),#3506,.T.);
#3603=ADVANCED_FACE('',(#3239),#3507,.T.);
#3604=ADVANCED_FACE('',(#3240),#3508,.F.);
#3605=ADVANCED_FACE('',(#3241),#3509,.T.);
#3606=ADVANCED_FACE('',(#3242),#3510,.T.);
#3607=ADVANCED_FACE('',(#3243),#3511,.F.);
#3608=ADVANCED_FACE('',(#3244),#3512,.T.);
#3609=ADVANCED_FACE('',(#3245),#3513,.T.);
#3610=ADVANCED_FACE('',(#3246),#3514,.F.);
#3611=ADVANCED_FACE('',(#3247),#3515,.T.);
#3612=ADVANCED_FACE('',(#3248),#3516,.T.);
#3613=ADVANCED_FACE('',(#3249),#3517,.F.);
#3614=ADVANCED_FACE('',(#3250),#3518,.T.);
#3615=ADVANCED_FACE('',(#3251),#3519,.T.);
#3616=ADVANCED_FACE('',(#3252),#3520,.F.);
#3617=ADVANCED_FACE('',(#3253),#3521,.T.);
#3618=ADVANCED_FACE('',(#3254),#3522,.T.);
#3619=ADVANCED_FACE('',(#3255),#3523,.F.);
#3620=ADVANCED_FACE('',(#3256),#3524,.T.);
#3621=ADVANCED_FACE('',(#3257),#3525,.T.);
#3622=ADVANCED_FACE('',(#3258),#3526,.F.);
#3623=ADVANCED_FACE('',(#3259),#3527,.T.);
#3624=ADVANCED_FACE('',(#3260),#3528,.F.);
#3625=ADVANCED_FACE('',(#3261),#3529,.F.);
#3626=ADVANCED_FACE('',(#3262),#3530,.T.);
#3627=ADVANCED_FACE('',(#3263),#3531,.T.);
#3628=ADVANCED_FACE('',(#3264),#3532,.T.);
#3629=ADVANCED_FACE('',(#3265),#3533,.T.);
#3630=ADVANCED_FACE('',(#3266),#3534,.T.);
#3631=ADVANCED_FACE('',(#3267,#3268),#163,.F.);
#3632=ADVANCED_FACE('',(#3269,#3270),#164,.F.);
#3633=ADVANCED_FACE('',(#3271),#3535,.T.);
#3634=ADVANCED_FACE('',(#3272),#3536,.F.);
#3635=ADVANCED_FACE('',(#3273),#3537,.F.);
#3636=ADVANCED_FACE('',(#3274),#3538,.F.);
#3637=ADVANCED_FACE('',(#3275),#3539,.F.);
#3638=ADVANCED_FACE('',(#3276),#3540,.F.);
#3639=ADVANCED_FACE('',(#3277),#3541,.F.);
#3640=ADVANCED_FACE('',(#3278),#3542,.F.);
#3641=ADVANCED_FACE('',(#3279),#3543,.F.);
#3642=ADVANCED_FACE('',(#3280),#3544,.F.);
#3643=ADVANCED_FACE('',(#3281),#3545,.F.);
#3644=ADVANCED_FACE('',(#3282),#3546,.F.);
#3645=ADVANCED_FACE('',(#3283),#3547,.F.);
#3646=ADVANCED_FACE('',(#3284),#3548,.F.);
#3647=ADVANCED_FACE('',(#3285),#3549,.F.);
#3648=ADVANCED_FACE('',(#3286),#3550,.F.);
#3649=ADVANCED_FACE('',(#3287),#3551,.F.);
#3650=ADVANCED_FACE('',(#3288),#3552,.F.);
#3651=ADVANCED_FACE('',(#3289),#3553,.F.);
#3652=ADVANCED_FACE('',(#3290),#3554,.F.);
#3653=ADVANCED_FACE('',(#3291),#3555,.T.);
#3654=ADVANCED_FACE('',(#3292),#3556,.T.);
#3655=ADVANCED_FACE('',(#3293,#3294),#165,.F.);
#3656=ADVANCED_FACE('',(#3295,#3296,#3297,#3298,#3299,#3300,#3301,#3302,
#3303,#3304,#3305,#3306,#3307,#3308,#3309,#3310,#3311,#3312,#3313,#3314,
#3315,#3316,#3317,#3318,#3319),#3557,.T.);
#3657=ADVANCED_FACE('',(#3320,#3321,#3322,#3323,#3324,#3325,#3326,#3327,
#3328,#3329,#3330,#3331,#3332,#3333,#3334,#3335,#3336,#3337,#3338,#3339,
#3340,#3341,#3342,#3343,#3344),#3558,.F.);
#3658=ADVANCED_FACE('',(#3345),#3559,.F.);
#3659=ADVANCED_FACE('',(#3346),#3560,.F.);
#3660=ADVANCED_FACE('',(#3347),#166,.T.);
#3661=ADVANCED_FACE('',(#3348),#167,.T.);
#3662=ADVANCED_FACE('',(#3349),#168,.T.);
#3663=ADVANCED_FACE('',(#3350),#169,.F.);
#3664=ADVANCED_FACE('',(#3351),#170,.F.);
#3665=ADVANCED_FACE('',(#3352),#171,.T.);
#3666=ADVANCED_FACE('',(#3353),#172,.T.);
#3667=ADVANCED_FACE('',(#3354),#173,.T.);
#3668=ADVANCED_FACE('',(#3355),#174,.T.);
#3669=ADVANCED_FACE('',(#3356),#97,.T.);
#3670=ADVANCED_FACE('',(#3357),#175,.T.);
#3671=ADVANCED_FACE('',(#3358),#176,.T.);
#3672=ADVANCED_FACE('',(#3359),#98,.T.);
#3673=ADVANCED_FACE('',(#3360),#99,.T.);
#3674=ADVANCED_FACE('',(#3361),#177,.T.);
#3675=ADVANCED_FACE('',(#3362),#178,.T.);
#3676=ADVANCED_FACE('',(#3363),#100,.T.);
#3677=ADVANCED_FACE('',(#3364),#101,.T.);
#3678=ADVANCED_FACE('',(#3365),#179,.T.);
#3679=ADVANCED_FACE('',(#3366),#180,.T.);
#3680=ADVANCED_FACE('',(#3367),#102,.T.);
#3681=ADVANCED_FACE('',(#3368),#103,.T.);
#3682=ADVANCED_FACE('',(#3369),#181,.T.);
#3683=ADVANCED_FACE('',(#3370),#182,.T.);
#3684=ADVANCED_FACE('',(#3371),#104,.T.);
#3685=ADVANCED_FACE('',(#3372),#105,.T.);
#3686=ADVANCED_FACE('',(#3373),#183,.T.);
#3687=ADVANCED_FACE('',(#3374),#184,.T.);
#3688=ADVANCED_FACE('',(#3375,#3376),#106,.T.);
#3689=ADVANCED_FACE('',(#3377,#3378),#107,.T.);
#3690=ADVANCED_FACE('',(#3379,#3380),#108,.T.);
#3691=ADVANCED_FACE('',(#3381),#185,.T.);
#3692=ADVANCED_FACE('',(#3382),#186,.T.);
#3693=ADVANCED_FACE('',(#3383),#187,.T.);
#3694=ADVANCED_FACE('',(#3384),#188,.T.);
#3695=ADVANCED_FACE('',(#3385),#189,.T.);
#3696=ADVANCED_FACE('',(#3386),#190,.T.);
#3697=ADVANCED_FACE('',(#3387),#191,.T.);
#3698=ADVANCED_FACE('',(#3388),#192,.T.);
#3699=ADVANCED_FACE('',(#3389),#193,.T.);
#3700=ADVANCED_FACE('',(#3390),#194,.T.);
#3701=ADVANCED_FACE('',(#3391),#195,.T.);
#3702=ADVANCED_FACE('',(#3392),#196,.T.);
#3703=ADVANCED_FACE('',(#3393),#197,.T.);
#3704=ADVANCED_FACE('',(#3394),#198,.T.);
#3705=ADVANCED_FACE('',(#3395),#199,.T.);
#3706=ADVANCED_FACE('',(#3396),#200,.T.);
#3707=ADVANCED_FACE('',(#3397),#201,.T.);
#3708=ADVANCED_FACE('',(#3398),#202,.T.);
#3709=ADVANCED_FACE('',(#3399),#203,.T.);
#3710=ADVANCED_FACE('',(#3400),#204,.T.);
#3711=ADVANCED_FACE('',(#3401),#205,.T.);
#3712=ADVANCED_FACE('',(#3402),#206,.T.);
#3713=ADVANCED_FACE('',(#3403),#207,.T.);
#3714=ADVANCED_FACE('',(#3404),#208,.T.);
#3715=ADVANCED_FACE('',(#3405),#209,.T.);
#3716=ADVANCED_FACE('',(#3406),#210,.T.);
#3717=ADVANCED_FACE('',(#3407),#211,.T.);
#3718=ADVANCED_FACE('',(#3408),#212,.T.);
#3719=ADVANCED_FACE('',(#3409),#213,.T.);
#3720=ADVANCED_FACE('',(#3410),#214,.T.);
#3721=ADVANCED_FACE('',(#3411),#215,.T.);
#3722=ADVANCED_FACE('',(#3412),#216,.T.);
#3723=ADVANCED_FACE('',(#3413),#217,.T.);
#3724=ADVANCED_FACE('',(#3414),#218,.T.);
#3725=ADVANCED_FACE('',(#3415),#219,.T.);
#3726=ADVANCED_FACE('',(#3416),#220,.T.);
#3727=ADVANCED_FACE('',(#3417),#221,.T.);
#3728=ADVANCED_FACE('',(#3418),#222,.T.);
#3729=ADVANCED_FACE('',(#3419),#223,.T.);
#3730=ADVANCED_FACE('',(#3420),#224,.T.);
#3731=ADVANCED_FACE('',(#3421),#225,.T.);
#3732=ADVANCED_FACE('',(#3422),#226,.T.);
#3733=ADVANCED_FACE('',(#3423),#227,.T.);
#3734=ADVANCED_FACE('',(#3424),#228,.T.);
#3735=ADVANCED_FACE('',(#3425),#229,.T.);
#3736=ADVANCED_FACE('',(#3426),#230,.T.);
#3737=ADVANCED_FACE('',(#3427),#231,.T.);
#3738=ADVANCED_FACE('',(#3428),#232,.T.);
#3739=ADVANCED_FACE('',(#3429),#233,.T.);
#3740=ADVANCED_FACE('',(#3430),#234,.T.);
#3741=ADVANCED_FACE('',(#3431),#235,.T.);
#3742=ADVANCED_FACE('',(#3432),#236,.T.);
#3743=ADVANCED_FACE('',(#3433),#237,.T.);
#3744=ADVANCED_FACE('',(#3434),#238,.T.);
#3745=ADVANCED_FACE('',(#3435),#239,.T.);
#3746=ADVANCED_FACE('',(#3436),#240,.T.);
#3747=ADVANCED_FACE('',(#3437),#241,.T.);
#3748=ADVANCED_FACE('',(#3438),#242,.T.);
#3749=ADVANCED_FACE('',(#3439),#243,.T.);
#3750=ADVANCED_FACE('',(#3440),#244,.T.);
#3751=ADVANCED_FACE('',(#3441),#245,.T.);
#3752=ADVANCED_FACE('',(#3442),#246,.T.);
#3753=ADVANCED_FACE('',(#3443),#247,.T.);
#3754=ADVANCED_FACE('',(#3444),#248,.T.);
#3755=ADVANCED_FACE('',(#3445),#249,.T.);
#3756=ADVANCED_FACE('',(#3446),#250,.T.);
#3757=ADVANCED_FACE('',(#3447),#251,.T.);
#3758=ADVANCED_FACE('',(#3448),#252,.T.);
#3759=ADVANCED_FACE('',(#3449),#253,.T.);
#3760=ADVANCED_FACE('',(#3450),#254,.T.);
#3761=ADVANCED_FACE('',(#3451),#255,.T.);
#3762=ADVANCED_FACE('',(#3452),#256,.T.);
#3763=ADVANCED_FACE('',(#3453),#257,.T.);
#3764=ADVANCED_FACE('',(#3454),#258,.T.);
#3765=ADVANCED_FACE('',(#3455),#259,.T.);
#3766=ADVANCED_FACE('',(#3456),#260,.T.);
#3767=ADVANCED_FACE('',(#3457),#261,.T.);
#3768=ADVANCED_FACE('',(#3458),#262,.T.);
#3769=ADVANCED_FACE('',(#3459),#263,.T.);
#3770=ADVANCED_FACE('',(#3460),#264,.T.);
#3771=ADVANCED_FACE('',(#3461),#265,.T.);
#3772=ADVANCED_FACE('',(#3462),#266,.T.);
#3773=ADVANCED_FACE('',(#3463),#267,.T.);
#3774=ADVANCED_FACE('',(#3464),#268,.T.);
#3775=CLOSED_SHELL('',(#3561,#3562,#3563,#3564,#3565,#3566,#3567,#3568,
#3569,#3570,#3571,#3572,#3573,#3574,#3575,#3576,#3577,#3578,#3579,#3580,
#3581,#3582,#3583,#3584,#3585,#3586,#3587,#3588,#3589,#3590,#3591,#3592,
#3593,#3594,#3595,#3596,#3597,#3598,#3599,#3600,#3601,#3602,#3603,#3604,
#3605,#3606,#3607,#3608,#3609,#3610,#3611,#3612,#3613,#3614,#3615,#3616,
#3617,#3618,#3619,#3620,#3621,#3622,#3623,#3624,#3625,#3626,#3627,#3628,
#3629,#3630,#3631,#3632,#3633,#3634,#3635,#3636,#3637,#3638,#3639,#3640,
#3641,#3642,#3643,#3644,#3645,#3646,#3647,#3648,#3649,#3650,#3651,#3652,
#3653,#3654,#3655,#3656,#3657,#3658,#3659,#3660,#3661,#3662,#3663,#3664,
#3665,#3666,#3667,#3668,#3669,#3670,#3671,#3672,#3673,#3674,#3675,#3676,
#3677,#3678,#3679,#3680,#3681,#3682,#3683,#3684,#3685,#3686,#3687,#3688,
#3689,#3690,#3691,#3692,#3693,#3694,#3695,#3696,#3697,#3698,#3699,#3700,
#3701,#3702,#3703,#3704,#3705,#3706,#3707,#3708,#3709,#3710,#3711,#3712,
#3713,#3714,#3715,#3716,#3717,#3718,#3719,#3720,#3721,#3722,#3723,#3724,
#3725,#3726,#3727,#3728,#3729,#3730,#3731,#3732,#3733,#3734,#3735,#3736,
#3737,#3738,#3739,#3740,#3741,#3742,#3743,#3744,#3745,#3746,#3747,#3748,
#3749,#3750,#3751,#3752,#3753,#3754,#3755,#3756,#3757,#3758,#3759,#3760,
#3761,#3762,#3763,#3764,#3765,#3766,#3767,#3768,#3769,#3770,#3771,#3772,
#3773,#3774));
#3776=STYLED_ITEM('',(#3777),#3784);
#3777=PRESENTATION_STYLE_ASSIGNMENT((#3778));
#3778=SURFACE_STYLE_USAGE(.BOTH.,#3779);
#3779=SURFACE_SIDE_STYLE('',(#3780));
#3780=SURFACE_STYLE_FILL_AREA(#3781);
#3781=FILL_AREA_STYLE('',(#3782));
#3782=FILL_AREA_STYLE_COLOUR('',#3783);
#3783=COLOUR_RGB('',0.0941176470588235,0.580392156862745,0.545098039215686);
#3784=MANIFOLD_SOLID_BREP('LTop',#3775);
#3785=SHAPE_DEFINITION_REPRESENTATION(#6297,#3786);
#3786=SHAPE_REPRESENTATION('LTop',(#3787),#6292);
#3787=AXIS2_PLACEMENT_3D('',#5234,#4141,#4142);
#3788=AXIS2_PLACEMENT_3D('',#5235,#4143,#4144);
#3789=AXIS2_PLACEMENT_3D('',#5244,#4149,#4150);
#3790=AXIS2_PLACEMENT_3D('',#5253,#4155,#4156);
#3791=AXIS2_PLACEMENT_3D('',#5262,#4161,#4162);
#3792=AXIS2_PLACEMENT_3D('',#5268,#4166,#4167);
#3793=AXIS2_PLACEMENT_3D('',#5274,#4171,#4172);
#3794=AXIS2_PLACEMENT_3D('',#5283,#4177,#4178);
#3795=AXIS2_PLACEMENT_3D('',#5289,#4182,#4183);
#3796=AXIS2_PLACEMENT_3D('',#5295,#4187,#4188);
#3797=AXIS2_PLACEMENT_3D('',#5304,#4193,#4194);
#3798=AXIS2_PLACEMENT_3D('',#5310,#4198,#4199);
#3799=AXIS2_PLACEMENT_3D('',#5316,#4203,#4204);
#3800=AXIS2_PLACEMENT_3D('',#5325,#4209,#4210);
#3801=AXIS2_PLACEMENT_3D('',#5331,#4214,#4215);
#3802=AXIS2_PLACEMENT_3D('',#5337,#4219,#4220);
#3803=AXIS2_PLACEMENT_3D('',#5346,#4225,#4226);
#3804=AXIS2_PLACEMENT_3D('',#5352,#4230,#4231);
#3805=AXIS2_PLACEMENT_3D('',#5358,#4235,#4236);
#3806=AXIS2_PLACEMENT_3D('',#5367,#4241,#4242);
#3807=AXIS2_PLACEMENT_3D('',#5373,#4246,#4247);
#3808=AXIS2_PLACEMENT_3D('',#5379,#4251,#4252);
#3809=AXIS2_PLACEMENT_3D('',#5388,#4257,#4258);
#3810=AXIS2_PLACEMENT_3D('',#5394,#4262,#4263);
#3811=AXIS2_PLACEMENT_3D('',#5400,#4267,#4268);
#3812=AXIS2_PLACEMENT_3D('',#5409,#4273,#4274);
#3813=AXIS2_PLACEMENT_3D('',#5415,#4278,#4279);
#3814=AXIS2_PLACEMENT_3D('',#5421,#4283,#4284);
#3815=AXIS2_PLACEMENT_3D('',#5430,#4289,#4290);
#3816=AXIS2_PLACEMENT_3D('',#5436,#4294,#4295);
#3817=AXIS2_PLACEMENT_3D('',#5442,#4299,#4300);
#3818=AXIS2_PLACEMENT_3D('',#5451,#4305,#4306);
#3819=AXIS2_PLACEMENT_3D('',#5457,#4310,#4311);
#3820=AXIS2_PLACEMENT_3D('',#5463,#4315,#4316);
#3821=AXIS2_PLACEMENT_3D('',#5472,#4321,#4322);
#3822=AXIS2_PLACEMENT_3D('',#5478,#4326,#4327);
#3823=AXIS2_PLACEMENT_3D('',#5484,#4331,#4332);
#3824=AXIS2_PLACEMENT_3D('',#5493,#4337,#4338);
#3825=AXIS2_PLACEMENT_3D('',#5499,#4342,#4343);
#3826=AXIS2_PLACEMENT_3D('',#5505,#4347,#4348);
#3827=AXIS2_PLACEMENT_3D('',#5514,#4353,#4354);
#3828=AXIS2_PLACEMENT_3D('',#5520,#4358,#4359);
#3829=AXIS2_PLACEMENT_3D('',#5526,#4363,#4364);
#3830=AXIS2_PLACEMENT_3D('',#5535,#4369,#4370);
#3831=AXIS2_PLACEMENT_3D('',#5541,#4374,#4375);
#3832=AXIS2_PLACEMENT_3D('',#5547,#4379,#4380);
#3833=AXIS2_PLACEMENT_3D('',#5556,#4385,#4386);
#3834=AXIS2_PLACEMENT_3D('',#5562,#4390,#4391);
#3835=AXIS2_PLACEMENT_3D('',#5568,#4395,#4396);
#3836=AXIS2_PLACEMENT_3D('',#5577,#4401,#4402);
#3837=AXIS2_PLACEMENT_3D('',#5583,#4406,#4407);
#3838=AXIS2_PLACEMENT_3D('',#5589,#4411,#4412);
#3839=AXIS2_PLACEMENT_3D('',#5598,#4417,#4418);
#3840=AXIS2_PLACEMENT_3D('',#5604,#4422,#4423);
#3841=AXIS2_PLACEMENT_3D('',#5610,#4427,#4428);
#3842=AXIS2_PLACEMENT_3D('',#5619,#4433,#4434);
#3843=AXIS2_PLACEMENT_3D('',#5625,#4438,#4439);
#3844=AXIS2_PLACEMENT_3D('',#5631,#4443,#4444);
#3845=AXIS2_PLACEMENT_3D('',#5640,#4449,#4450);
#3846=AXIS2_PLACEMENT_3D('',#5646,#4454,#4455);
#3847=AXIS2_PLACEMENT_3D('',#5652,#4459,#4460);
#3848=AXIS2_PLACEMENT_3D('',#5661,#4465,#4466);
#3849=AXIS2_PLACEMENT_3D('',#5667,#4470,#4471);
#3850=AXIS2_PLACEMENT_3D('',#5673,#4475,#4476);
#3851=AXIS2_PLACEMENT_3D('',#5682,#4481,#4482);
#3852=AXIS2_PLACEMENT_3D('',#5688,#4486,#4487);
#3853=AXIS2_PLACEMENT_3D('',#5694,#4491,#4492);
#3854=AXIS2_PLACEMENT_3D('',#5703,#4497,#4498);
#3855=AXIS2_PLACEMENT_3D('',#5712,#4503,#4504);
#3856=AXIS2_PLACEMENT_3D('',#5721,#4509,#4510);
#3857=AXIS2_PLACEMENT_3D('',#5730,#4515,#4516);
#3858=AXIS2_PLACEMENT_3D('',#5739,#4521,#4522);
#3859=AXIS2_PLACEMENT_3D('',#5740,#4523,#4524);
#3860=AXIS2_PLACEMENT_3D('',#5742,#4525,#4526);
#3861=AXIS2_PLACEMENT_3D('',#5744,#4527,#4528);
#3862=AXIS2_PLACEMENT_3D('',#5745,#4529,#4530);
#3863=AXIS2_PLACEMENT_3D('',#5747,#4531,#4532);
#3864=AXIS2_PLACEMENT_3D('',#5749,#4533,#4534);
#3865=AXIS2_PLACEMENT_3D('',#5752,#4537,#4538);
#3866=AXIS2_PLACEMENT_3D('',#5755,#4541,#4542);
#3867=AXIS2_PLACEMENT_3D('',#5758,#4545,#4546);
#3868=AXIS2_PLACEMENT_3D('',#5761,#4549,#4550);
#3869=AXIS2_PLACEMENT_3D('',#5764,#4553,#4554);
#3870=AXIS2_PLACEMENT_3D('',#5767,#4557,#4558);
#3871=AXIS2_PLACEMENT_3D('',#5770,#4561,#4562);
#3872=AXIS2_PLACEMENT_3D('',#5773,#4565,#4566);
#3873=AXIS2_PLACEMENT_3D('',#5776,#4569,#4570);
#3874=AXIS2_PLACEMENT_3D('',#5779,#4573,#4574);
#3875=AXIS2_PLACEMENT_3D('',#5782,#4577,#4578);
#3876=AXIS2_PLACEMENT_3D('',#5785,#4581,#4582);
#3877=AXIS2_PLACEMENT_3D('',#5788,#4585,#4586);
#3878=AXIS2_PLACEMENT_3D('',#5791,#4589,#4590);
#3879=AXIS2_PLACEMENT_3D('',#5794,#4593,#4594);
#3880=AXIS2_PLACEMENT_3D('',#5797,#4597,#4598);
#3881=AXIS2_PLACEMENT_3D('',#5800,#4601,#4602);
#3882=AXIS2_PLACEMENT_3D('',#5803,#4605,#4606);
#3883=AXIS2_PLACEMENT_3D('',#5806,#4609,#4610);
#3884=AXIS2_PLACEMENT_3D('',#5809,#4613,#4614);
#3885=AXIS2_PLACEMENT_3D('',#5812,#4617,#4618);
#3886=AXIS2_PLACEMENT_3D('',#5821,#4623,#4624);
#3887=AXIS2_PLACEMENT_3D('',#5822,#4625,#4626);
#3888=AXIS2_PLACEMENT_3D('',#5824,#4627,#4628);
#3889=AXIS2_PLACEMENT_3D('',#5826,#4629,#4630);
#3890=AXIS2_PLACEMENT_3D('',#5832,#4633,#4634);
#3891=AXIS2_PLACEMENT_3D('',#5836,#4636,#4637);
#3892=AXIS2_PLACEMENT_3D('',#5840,#4639,#4640);
#3893=AXIS2_PLACEMENT_3D('',#5844,#4642,#4643);
#3894=AXIS2_PLACEMENT_3D('',#5848,#4645,#4646);
#3895=AXIS2_PLACEMENT_3D('',#5852,#4648,#4649);
#3896=AXIS2_PLACEMENT_3D('',#5856,#4651,#4652);
#3897=AXIS2_PLACEMENT_3D('',#5860,#4654,#4655);
#3898=AXIS2_PLACEMENT_3D('',#5864,#4657,#4658);
#3899=AXIS2_PLACEMENT_3D('',#5865,#4659,#4660);
#3900=AXIS2_PLACEMENT_3D('',#5867,#4661,#4662);
#3901=AXIS2_PLACEMENT_3D('',#5869,#4663,#4664);
#3902=AXIS2_PLACEMENT_3D('',#6039,#4749,#4750);
#3903=AXIS2_PLACEMENT_3D('',#6040,#4751,#4752);
#3904=AXIS2_PLACEMENT_3D('',#6046,#4755,#4756);
#3905=AXIS2_PLACEMENT_3D('',#6047,#4757,#4758);
#3906=AXIS2_PLACEMENT_3D('',#6048,#4759,#4760);
#3907=AXIS2_PLACEMENT_3D('',#6049,#4761,#4762);
#3908=AXIS2_PLACEMENT_3D('',#6050,#4763,#4764);
#3909=AXIS2_PLACEMENT_3D('',#6051,#4765,#4766);
#3910=AXIS2_PLACEMENT_3D('',#6052,#4767,#4768);
#3911=AXIS2_PLACEMENT_3D('',#6053,#4769,#4770);
#3912=AXIS2_PLACEMENT_3D('',#6054,#4771,#4772);
#3913=AXIS2_PLACEMENT_3D('',#6060,#4776,#4777);
#3914=AXIS2_PLACEMENT_3D('',#6064,#4780,#4781);
#3915=AXIS2_PLACEMENT_3D('',#6065,#4782,#4783);
#3916=AXIS2_PLACEMENT_3D('',#6066,#4784,#4785);
#3917=AXIS2_PLACEMENT_3D('',#6067,#4786,#4787);
#3918=AXIS2_PLACEMENT_3D('',#6068,#4788,#4789);
#3919=AXIS2_PLACEMENT_3D('',#6069,#4790,#4791);
#3920=AXIS2_PLACEMENT_3D('',#6070,#4792,#4793);
#3921=AXIS2_PLACEMENT_3D('',#6071,#4794,#4795);
#3922=AXIS2_PLACEMENT_3D('',#6072,#4796,#4797);
#3923=AXIS2_PLACEMENT_3D('',#6073,#4798,#4799);
#3924=AXIS2_PLACEMENT_3D('',#6074,#4800,#4801);
#3925=AXIS2_PLACEMENT_3D('',#6075,#4802,#4803);
#3926=AXIS2_PLACEMENT_3D('',#6076,#4804,#4805);
#3927=AXIS2_PLACEMENT_3D('',#6077,#4806,#4807);
#3928=AXIS2_PLACEMENT_3D('',#6078,#4808,#4809);
#3929=AXIS2_PLACEMENT_3D('',#6079,#4810,#4811);
#3930=AXIS2_PLACEMENT_3D('',#6080,#4812,#4813);
#3931=AXIS2_PLACEMENT_3D('',#6081,#4814,#4815);
#3932=AXIS2_PLACEMENT_3D('',#6082,#4816,#4817);
#3933=AXIS2_PLACEMENT_3D('',#6083,#4818,#4819);
#3934=AXIS2_PLACEMENT_3D('',#6084,#4820,#4821);
#3935=AXIS2_PLACEMENT_3D('',#6085,#4822,#4823);
#3936=AXIS2_PLACEMENT_3D('',#6086,#4824,#4825);
#3937=AXIS2_PLACEMENT_3D('',#6087,#4826,#4827);
#3938=AXIS2_PLACEMENT_3D('',#6088,#4828,#4829);
#3939=AXIS2_PLACEMENT_3D('',#6089,#4830,#4831);
#3940=AXIS2_PLACEMENT_3D('',#6090,#4832,#4833);
#3941=AXIS2_PLACEMENT_3D('',#6091,#4834,#4835);
#3942=AXIS2_PLACEMENT_3D('',#6092,#4836,#4837);
#3943=AXIS2_PLACEMENT_3D('',#6093,#4838,#4839);
#3944=AXIS2_PLACEMENT_3D('',#6094,#4840,#4841);
#3945=AXIS2_PLACEMENT_3D('',#6095,#4842,#4843);
#3946=AXIS2_PLACEMENT_3D('',#6096,#4844,#4845);
#3947=AXIS2_PLACEMENT_3D('',#6097,#4846,#4847);
#3948=AXIS2_PLACEMENT_3D('',#6098,#4848,#4849);
#3949=AXIS2_PLACEMENT_3D('',#6099,#4850,#4851);
#3950=AXIS2_PLACEMENT_3D('',#6100,#4852,#4853);
#3951=AXIS2_PLACEMENT_3D('',#6101,#4854,#4855);
#3952=AXIS2_PLACEMENT_3D('',#6102,#4856,#4857);
#3953=AXIS2_PLACEMENT_3D('',#6103,#4858,#4859);
#3954=AXIS2_PLACEMENT_3D('',#6104,#4860,#4861);
#3955=AXIS2_PLACEMENT_3D('',#6105,#4862,#4863);
#3956=AXIS2_PLACEMENT_3D('',#6106,#4864,#4865);
#3957=AXIS2_PLACEMENT_3D('',#6107,#4866,#4867);
#3958=AXIS2_PLACEMENT_3D('',#6108,#4868,#4869);
#3959=AXIS2_PLACEMENT_3D('',#6109,#4870,#4871);
#3960=AXIS2_PLACEMENT_3D('',#6110,#4872,#4873);
#3961=AXIS2_PLACEMENT_3D('',#6111,#4874,#4875);
#3962=AXIS2_PLACEMENT_3D('',#6112,#4876,#4877);
#3963=AXIS2_PLACEMENT_3D('',#6113,#4878,#4879);
#3964=AXIS2_PLACEMENT_3D('',#6114,#4880,#4881);
#3965=AXIS2_PLACEMENT_3D('',#6115,#4882,#4883);
#3966=AXIS2_PLACEMENT_3D('',#6116,#4884,#4885);
#3967=AXIS2_PLACEMENT_3D('',#6117,#4886,#4887);
#3968=AXIS2_PLACEMENT_3D('',#6118,#4888,#4889);
#3969=AXIS2_PLACEMENT_3D('',#6119,#4890,#4891);
#3970=AXIS2_PLACEMENT_3D('',#6120,#4892,#4893);
#3971=AXIS2_PLACEMENT_3D('',#6121,#4894,#4895);
#3972=AXIS2_PLACEMENT_3D('',#6122,#4896,#4897);
#3973=AXIS2_PLACEMENT_3D('',#6123,#4898,#4899);
#3974=AXIS2_PLACEMENT_3D('',#6124,#4900,#4901);
#3975=AXIS2_PLACEMENT_3D('',#6125,#4902,#4903);
#3976=AXIS2_PLACEMENT_3D('',#6126,#4904,#4905);
#3977=AXIS2_PLACEMENT_3D('',#6127,#4906,#4907);
#3978=AXIS2_PLACEMENT_3D('',#6128,#4908,#4909);
#3979=AXIS2_PLACEMENT_3D('',#6129,#4910,#4911);
#3980=AXIS2_PLACEMENT_3D('',#6130,#4912,#4913);
#3981=AXIS2_PLACEMENT_3D('',#6131,#4914,#4915);
#3982=AXIS2_PLACEMENT_3D('',#6132,#4916,#4917);
#3983=AXIS2_PLACEMENT_3D('',#6133,#4918,#4919);
#3984=AXIS2_PLACEMENT_3D('',#6134,#4920,#4921);
#3985=AXIS2_PLACEMENT_3D('',#6135,#4922,#4923);
#3986=AXIS2_PLACEMENT_3D('',#6136,#4924,#4925);
#3987=AXIS2_PLACEMENT_3D('',#6137,#4926,#4927);
#3988=AXIS2_PLACEMENT_3D('',#6138,#4928,#4929);
#3989=AXIS2_PLACEMENT_3D('',#6139,#4930,#4931);
#3990=AXIS2_PLACEMENT_3D('',#6140,#4932,#4933);
#3991=AXIS2_PLACEMENT_3D('',#6141,#4934,#4935);
#3992=AXIS2_PLACEMENT_3D('',#6142,#4936,#4937);
#3993=AXIS2_PLACEMENT_3D('',#6143,#4938,#4939);
#3994=AXIS2_PLACEMENT_3D('',#6144,#4940,#4941);
#3995=AXIS2_PLACEMENT_3D('',#6145,#4942,#4943);
#3996=AXIS2_PLACEMENT_3D('',#6146,#4944,#4945);
#3997=AXIS2_PLACEMENT_3D('',#6147,#4946,#4947);
#3998=AXIS2_PLACEMENT_3D('',#6148,#4948,#4949);
#3999=AXIS2_PLACEMENT_3D('',#6149,#4950,#4951);
#4000=AXIS2_PLACEMENT_3D('',#6150,#4952,#4953);
#4001=AXIS2_PLACEMENT_3D('',#6151,#4954,#4955);
#4002=AXIS2_PLACEMENT_3D('',#6152,#4956,#4957);
#4003=AXIS2_PLACEMENT_3D('',#6153,#4958,#4959);
#4004=AXIS2_PLACEMENT_3D('',#6154,#4960,#4961);
#4005=AXIS2_PLACEMENT_3D('',#6155,#4962,#4963);
#4006=AXIS2_PLACEMENT_3D('',#6156,#4964,#4965);
#4007=AXIS2_PLACEMENT_3D('',#6157,#4966,#4967);
#4008=AXIS2_PLACEMENT_3D('',#6158,#4968,#4969);
#4009=AXIS2_PLACEMENT_3D('',#6159,#4970,#4971);
#4010=AXIS2_PLACEMENT_3D('',#6160,#4972,#4973);
#4011=AXIS2_PLACEMENT_3D('',#6161,#4974,#4975);
#4012=AXIS2_PLACEMENT_3D('',#6162,#4976,#4977);
#4013=AXIS2_PLACEMENT_3D('',#6163,#4978,#4979);
#4014=AXIS2_PLACEMENT_3D('',#6164,#4980,#4981);
#4015=AXIS2_PLACEMENT_3D('',#6165,#4982,#4983);
#4016=AXIS2_PLACEMENT_3D('',#6166,#4984,#4985);
#4017=AXIS2_PLACEMENT_3D('',#6167,#4986,#4987);
#4018=AXIS2_PLACEMENT_3D('',#6168,#4988,#4989);
#4019=AXIS2_PLACEMENT_3D('',#6169,#4990,#4991);
#4020=AXIS2_PLACEMENT_3D('',#6170,#4992,#4993);
#4021=AXIS2_PLACEMENT_3D('',#6171,#4994,#4995);
#4022=AXIS2_PLACEMENT_3D('',#6172,#4996,#4997);
#4023=AXIS2_PLACEMENT_3D('',#6173,#4998,#4999);
#4024=AXIS2_PLACEMENT_3D('',#6174,#5000,#5001);
#4025=AXIS2_PLACEMENT_3D('',#6175,#5002,#5003);
#4026=AXIS2_PLACEMENT_3D('',#6176,#5004,#5005);
#4027=AXIS2_PLACEMENT_3D('',#6177,#5006,#5007);
#4028=AXIS2_PLACEMENT_3D('',#6178,#5008,#5009);
#4029=AXIS2_PLACEMENT_3D('',#6179,#5010,#5011);
#4030=AXIS2_PLACEMENT_3D('',#6180,#5012,#5013);
#4031=AXIS2_PLACEMENT_3D('',#6181,#5014,#5015);
#4032=AXIS2_PLACEMENT_3D('',#6182,#5016,#5017);
#4033=AXIS2_PLACEMENT_3D('',#6183,#5018,#5019);
#4034=AXIS2_PLACEMENT_3D('',#6184,#5020,#5021);
#4035=AXIS2_PLACEMENT_3D('',#6185,#5022,#5023);
#4036=AXIS2_PLACEMENT_3D('',#6186,#5024,#5025);
#4037=AXIS2_PLACEMENT_3D('',#6187,#5026,#5027);
#4038=AXIS2_PLACEMENT_3D('',#6188,#5028,#5029);
#4039=AXIS2_PLACEMENT_3D('',#6189,#5030,#5031);
#4040=AXIS2_PLACEMENT_3D('',#6190,#5032,#5033);
#4041=AXIS2_PLACEMENT_3D('',#6191,#5034,#5035);
#4042=AXIS2_PLACEMENT_3D('',#6192,#5036,#5037);
#4043=AXIS2_PLACEMENT_3D('',#6193,#5038,#5039);
#4044=AXIS2_PLACEMENT_3D('',#6194,#5040,#5041);
#4045=AXIS2_PLACEMENT_3D('',#6195,#5042,#5043);
#4046=AXIS2_PLACEMENT_3D('',#6196,#5044,#5045);
#4047=AXIS2_PLACEMENT_3D('',#6197,#5046,#5047);
#4048=AXIS2_PLACEMENT_3D('',#6198,#5048,#5049);
#4049=AXIS2_PLACEMENT_3D('',#6199,#5050,#5051);
#4050=AXIS2_PLACEMENT_3D('',#6200,#5052,#5053);
#4051=AXIS2_PLACEMENT_3D('',#6201,#5054,#5055);
#4052=AXIS2_PLACEMENT_3D('',#6202,#5056,#5057);
#4053=AXIS2_PLACEMENT_3D('',#6203,#5058,#5059);
#4054=AXIS2_PLACEMENT_3D('',#6204,#5060,#5061);
#4055=AXIS2_PLACEMENT_3D('',#6205,#5062,#5063);
#4056=AXIS2_PLACEMENT_3D('',#6206,#5064,#5065);
#4057=AXIS2_PLACEMENT_3D('',#6207,#5066,#5067);
#4058=AXIS2_PLACEMENT_3D('',#6208,#5068,#5069);
#4059=AXIS2_PLACEMENT_3D('',#6209,#5070,#5071);
#4060=AXIS2_PLACEMENT_3D('',#6210,#5072,#5073);
#4061=AXIS2_PLACEMENT_3D('',#6211,#5074,#5075);
#4062=AXIS2_PLACEMENT_3D('',#6212,#5076,#5077);
#4063=AXIS2_PLACEMENT_3D('',#6213,#5078,#5079);
#4064=AXIS2_PLACEMENT_3D('',#6214,#5080,#5081);
#4065=AXIS2_PLACEMENT_3D('',#6215,#5082,#5083);
#4066=AXIS2_PLACEMENT_3D('',#6216,#5084,#5085);
#4067=AXIS2_PLACEMENT_3D('',#6217,#5086,#5087);
#4068=AXIS2_PLACEMENT_3D('',#6218,#5088,#5089);
#4069=AXIS2_PLACEMENT_3D('',#6219,#5090,#5091);
#4070=AXIS2_PLACEMENT_3D('',#6220,#5092,#5093);
#4071=AXIS2_PLACEMENT_3D('',#6221,#5094,#5095);
#4072=AXIS2_PLACEMENT_3D('',#6222,#5096,#5097);
#4073=AXIS2_PLACEMENT_3D('',#6223,#5098,#5099);
#4074=AXIS2_PLACEMENT_3D('',#6224,#5100,#5101);
#4075=AXIS2_PLACEMENT_3D('',#6225,#5102,#5103);
#4076=AXIS2_PLACEMENT_3D('',#6226,#5104,#5105);
#4077=AXIS2_PLACEMENT_3D('',#6227,#5106,#5107);
#4078=AXIS2_PLACEMENT_3D('',#6228,#5108,#5109);
#4079=AXIS2_PLACEMENT_3D('',#6229,#5110,#5111);
#4080=AXIS2_PLACEMENT_3D('',#6230,#5112,#5113);
#4081=AXIS2_PLACEMENT_3D('',#6231,#5114,#5115);
#4082=AXIS2_PLACEMENT_3D('',#6232,#5116,#5117);
#4083=AXIS2_PLACEMENT_3D('',#6233,#5118,#5119);
#4084=AXIS2_PLACEMENT_3D('',#6234,#5120,#5121);
#4085=AXIS2_PLACEMENT_3D('',#6235,#5122,#5123);
#4086=AXIS2_PLACEMENT_3D('',#6236,#5124,#5125);
#4087=AXIS2_PLACEMENT_3D('',#6237,#5126,#5127);
#4088=AXIS2_PLACEMENT_3D('',#6238,#5128,#5129);
#4089=AXIS2_PLACEMENT_3D('',#6239,#5130,#5131);
#4090=AXIS2_PLACEMENT_3D('',#6240,#5132,#5133);
#4091=AXIS2_PLACEMENT_3D('',#6241,#5134,#5135);
#4092=AXIS2_PLACEMENT_3D('',#6242,#5136,#5137);
#4093=AXIS2_PLACEMENT_3D('',#6243,#5138,#5139);
#4094=AXIS2_PLACEMENT_3D('',#6244,#5140,#5141);
#4095=AXIS2_PLACEMENT_3D('',#6245,#5142,#5143);
#4096=AXIS2_PLACEMENT_3D('',#6246,#5144,#5145);
#4097=AXIS2_PLACEMENT_3D('',#6247,#5146,#5147);
#4098=AXIS2_PLACEMENT_3D('',#6248,#5148,#5149);
#4099=AXIS2_PLACEMENT_3D('',#6249,#5150,#5151);
#4100=AXIS2_PLACEMENT_3D('',#6250,#5152,#5153);
#4101=AXIS2_PLACEMENT_3D('',#6251,#5154,#5155);
#4102=AXIS2_PLACEMENT_3D('',#6252,#5156,#5157);
#4103=AXIS2_PLACEMENT_3D('',#6253,#5158,#5159);
#4104=AXIS2_PLACEMENT_3D('',#6254,#5160,#5161);
#4105=AXIS2_PLACEMENT_3D('',#6255,#5162,#5163);
#4106=AXIS2_PLACEMENT_3D('',#6256,#5164,#5165);
#4107=AXIS2_PLACEMENT_3D('',#6257,#5166,#5167);
#4108=AXIS2_PLACEMENT_3D('',#6258,#5168,#5169);
#4109=AXIS2_PLACEMENT_3D('',#6259,#5170,#5171);
#4110=AXIS2_PLACEMENT_3D('',#6260,#5172,#5173);
#4111=AXIS2_PLACEMENT_3D('',#6261,#5174,#5175);
#4112=AXIS2_PLACEMENT_3D('',#6262,#5176,#5177);
#4113=AXIS2_PLACEMENT_3D('',#6263,#5178,#5179);
#4114=AXIS2_PLACEMENT_3D('',#6264,#5180,#5181);
#4115=AXIS2_PLACEMENT_3D('',#6265,#5182,#5183);
#4116=AXIS2_PLACEMENT_3D('',#6266,#5184,#5185);
#4117=AXIS2_PLACEMENT_3D('',#6267,#5186,#5187);
#4118=AXIS2_PLACEMENT_3D('',#6268,#5188,#5189);
#4119=AXIS2_PLACEMENT_3D('',#6269,#5190,#5191);
#4120=AXIS2_PLACEMENT_3D('',#6270,#5192,#5193);
#4121=AXIS2_PLACEMENT_3D('',#6271,#5194,#5195);
#4122=AXIS2_PLACEMENT_3D('',#6272,#5196,#5197);
#4123=AXIS2_PLACEMENT_3D('',#6273,#5198,#5199);
#4124=AXIS2_PLACEMENT_3D('',#6274,#5200,#5201);
#4125=AXIS2_PLACEMENT_3D('',#6275,#5202,#5203);
#4126=AXIS2_PLACEMENT_3D('',#6276,#5204,#5205);
#4127=AXIS2_PLACEMENT_3D('',#6277,#5206,#5207);
#4128=AXIS2_PLACEMENT_3D('',#6278,#5208,#5209);
#4129=AXIS2_PLACEMENT_3D('',#6279,#5210,#5211);
#4130=AXIS2_PLACEMENT_3D('',#6280,#5212,#5213);
#4131=AXIS2_PLACEMENT_3D('',#6281,#5214,#5215);
#4132=AXIS2_PLACEMENT_3D('',#6282,#5216,#5217);
#4133=AXIS2_PLACEMENT_3D('',#6283,#5218,#5219);
#4134=AXIS2_PLACEMENT_3D('',#6284,#5220,#5221);
#4135=AXIS2_PLACEMENT_3D('',#6285,#5222,#5223);
#4136=AXIS2_PLACEMENT_3D('',#6286,#5224,#5225);
#4137=AXIS2_PLACEMENT_3D('',#6287,#5226,#5227);
#4138=AXIS2_PLACEMENT_3D('',#6288,#5228,#5229);
#4139=AXIS2_PLACEMENT_3D('',#6289,#5230,#5231);
#4140=AXIS2_PLACEMENT_3D('',#6290,#5232,#5233);
#4141=DIRECTION('',(0.,0.,1.));
#4142=DIRECTION('',(1.,0.,0.));
#4143=DIRECTION('',(0.999992126573209,-0.0039682227244978,0.));
#4144=DIRECTION('',(0.0039682227244978,0.999992126573209,0.));
#4145=DIRECTION('',(0.,0.,1.));
#4146=DIRECTION('',(-0.0039682227244978,-0.999992126573209,0.));
#4147=DIRECTION('',(0.,0.,-1.));
#4148=DIRECTION('',(-0.0039682227244978,-0.999992126573209,0.));
#4149=DIRECTION('',(-0.000119517039986015,-0.999999992857839,0.));
#4150=DIRECTION('',(0.999999992857839,-0.000119517039986015,0.));
#4151=DIRECTION('',(0.,0.,-1.));
#4152=DIRECTION('',(-0.999999992857839,0.000119517039986015,0.));
#4153=DIRECTION('',(0.,0.,1.));
#4154=DIRECTION('',(-0.999999992857839,0.000119517039986015,0.));
#4155=DIRECTION('',(-1.,0.,0.));
#4156=DIRECTION('',(0.,0.,1.));
#4157=DIRECTION('',(0.,0.,-1.));
#4158=DIRECTION('',(0.,1.,0.));
#4159=DIRECTION('',(0.,0.,-1.));
#4160=DIRECTION('',(0.,1.,0.));
#4161=DIRECTION('',(0.,-1.,0.));
#4162=DIRECTION('',(0.,0.,-1.));
#4163=DIRECTION('',(0.,0.,-1.));
#4164=DIRECTION('',(-1.,0.,0.));
#4165=DIRECTION('',(-1.,0.,0.));
#4166=DIRECTION('',(-1.,0.,0.));
#4167=DIRECTION('',(0.,0.,1.));
#4168=DIRECTION('',(0.,0.,-1.));
#4169=DIRECTION('',(0.,1.,0.));
#4170=DIRECTION('',(0.,1.,0.));
#4171=DIRECTION('',(0.,-1.,0.));
#4172=DIRECTION('',(0.,0.,-1.));
#4173=DIRECTION('',(0.,0.,-1.));
#4174=DIRECTION('',(-1.,0.,0.));
#4175=DIRECTION('',(0.,0.,-1.));
#4176=DIRECTION('',(-1.,0.,0.));
#4177=DIRECTION('',(-1.,0.,0.));
#4178=DIRECTION('',(0.,0.,1.));
#4179=DIRECTION('',(0.,0.,-1.));
#4180=DIRECTION('',(0.,1.,0.));
#4181=DIRECTION('',(0.,1.,0.));
#4182=DIRECTION('',(0.,-1.,0.));
#4183=DIRECTION('',(0.,0.,-1.));
#4184=DIRECTION('',(0.,0.,-1.));
#4185=DIRECTION('',(-1.,0.,0.));
#4186=DIRECTION('',(-1.,0.,0.));
#4187=DIRECTION('',(0.,-1.,0.));
#4188=DIRECTION('',(0.,0.,-1.));
#4189=DIRECTION('',(0.,0.,-1.));
#4190=DIRECTION('',(-1.,0.,0.));
#4191=DIRECTION('',(0.,0.,-1.));
#4192=DIRECTION('',(-1.,0.,0.));
#4193=DIRECTION('',(-1.,0.,0.));
#4194=DIRECTION('',(0.,0.,1.));
#4195=DIRECTION('',(0.,0.,-1.));
#4196=DIRECTION('',(0.,1.,0.));
#4197=DIRECTION('',(0.,1.,0.));
#4198=DIRECTION('',(0.,-1.,0.));
#4199=DIRECTION('',(0.,0.,-1.));
#4200=DIRECTION('',(0.,0.,-1.));
#4201=DIRECTION('',(-1.,0.,0.));
#4202=DIRECTION('',(-1.,0.,0.));
#4203=DIRECTION('',(0.,-1.,0.));
#4204=DIRECTION('',(0.,0.,-1.));
#4205=DIRECTION('',(0.,0.,-1.));
#4206=DIRECTION('',(-1.,0.,0.));
#4207=DIRECTION('',(0.,0.,-1.));
#4208=DIRECTION('',(-1.,0.,0.));
#4209=DIRECTION('',(-1.,0.,0.));
#4210=DIRECTION('',(0.,0.,1.));
#4211=DIRECTION('',(0.,0.,-1.));
#4212=DIRECTION('',(0.,1.,0.));
#4213=DIRECTION('',(0.,1.,0.));
#4214=DIRECTION('',(0.,-1.,0.));
#4215=DIRECTION('',(0.,0.,-1.));
#4216=DIRECTION('',(0.,0.,-1.));
#4217=DIRECTION('',(-1.,0.,0.));
#4218=DIRECTION('',(-1.,0.,0.));
#4219=DIRECTION('',(0.,-1.,0.));
#4220=DIRECTION('',(0.,0.,-1.));
#4221=DIRECTION('',(0.,0.,-1.));
#4222=DIRECTION('',(-1.,0.,0.));
#4223=DIRECTION('',(0.,0.,-1.));
#4224=DIRECTION('',(-1.,0.,0.));
#4225=DIRECTION('',(-1.,0.,0.));
#4226=DIRECTION('',(0.,0.,1.));
#4227=DIRECTION('',(0.,0.,-1.));
#4228=DIRECTION('',(0.,1.,0.));
#4229=DIRECTION('',(0.,1.,0.));
#4230=DIRECTION('',(0.,-1.,0.));
#4231=DIRECTION('',(0.,0.,-1.));
#4232=DIRECTION('',(0.,0.,-1.));
#4233=DIRECTION('',(-1.,0.,0.));
#4234=DIRECTION('',(-1.,0.,0.));
#4235=DIRECTION('',(0.,-1.,0.));
#4236=DIRECTION('',(0.,0.,-1.));
#4237=DIRECTION('',(0.,0.,-1.));
#4238=DIRECTION('',(-1.,0.,0.));
#4239=DIRECTION('',(0.,0.,-1.));
#4240=DIRECTION('',(-1.,0.,0.));
#4241=DIRECTION('',(-1.,0.,0.));
#4242=DIRECTION('',(0.,0.,1.));
#4243=DIRECTION('',(0.,0.,-1.));
#4244=DIRECTION('',(0.,1.,0.));
#4245=DIRECTION('',(0.,1.,0.));
#4246=DIRECTION('',(0.,-1.,0.));
#4247=DIRECTION('',(0.,0.,-1.));
#4248=DIRECTION('',(0.,0.,-1.));
#4249=DIRECTION('',(-1.,0.,0.));
#4250=DIRECTION('',(-1.,0.,0.));
#4251=DIRECTION('',(0.,-1.,0.));
#4252=DIRECTION('',(0.,0.,-1.));
#4253=DIRECTION('',(0.,0.,-1.));
#4254=DIRECTION('',(-1.,0.,0.));
#4255=DIRECTION('',(0.,0.,-1.));
#4256=DIRECTION('',(-1.,0.,0.));
#4257=DIRECTION('',(-1.,0.,0.));
#4258=DIRECTION('',(0.,0.,1.));
#4259=DIRECTION('',(0.,0.,-1.));
#4260=DIRECTION('',(0.,1.,0.));
#4261=DIRECTION('',(0.,1.,0.));
#4262=DIRECTION('',(0.,-1.,0.));
#4263=DIRECTION('',(0.,0.,-1.));
#4264=DIRECTION('',(0.,0.,-1.));
#4265=DIRECTION('',(-1.,0.,0.));
#4266=DIRECTION('',(-1.,0.,0.));
#4267=DIRECTION('',(0.,-1.,0.));
#4268=DIRECTION('',(0.,0.,-1.));
#4269=DIRECTION('',(0.,0.,-1.));
#4270=DIRECTION('',(-1.,0.,0.));
#4271=DIRECTION('',(0.,0.,-1.));
#4272=DIRECTION('',(-1.,0.,0.));
#4273=DIRECTION('',(-1.,0.,0.));
#4274=DIRECTION('',(0.,0.,1.));
#4275=DIRECTION('',(0.,0.,-1.));
#4276=DIRECTION('',(0.,1.,0.));
#4277=DIRECTION('',(0.,1.,0.));
#4278=DIRECTION('',(0.,-1.,0.));
#4279=DIRECTION('',(0.,0.,-1.));
#4280=DIRECTION('',(0.,0.,-1.));
#4281=DIRECTION('',(-1.,0.,0.));
#4282=DIRECTION('',(-1.,0.,0.));
#4283=DIRECTION('',(0.,-1.,0.));
#4284=DIRECTION('',(0.,0.,-1.));
#4285=DIRECTION('',(0.,0.,-1.));
#4286=DIRECTION('',(-1.,0.,0.));
#4287=DIRECTION('',(0.,0.,-1.));
#4288=DIRECTION('',(-1.,0.,0.));
#4289=DIRECTION('',(-1.,0.,0.));
#4290=DIRECTION('',(0.,0.,1.));
#4291=DIRECTION('',(0.,0.,-1.));
#4292=DIRECTION('',(0.,1.,0.));
#4293=DIRECTION('',(0.,1.,0.));
#4294=DIRECTION('',(0.,-1.,0.));
#4295=DIRECTION('',(0.,0.,-1.));
#4296=DIRECTION('',(0.,0.,-1.));
#4297=DIRECTION('',(-1.,0.,0.));
#4298=DIRECTION('',(-1.,0.,0.));
#4299=DIRECTION('',(0.,-1.,0.));
#4300=DIRECTION('',(0.,0.,-1.));
#4301=DIRECTION('',(0.,0.,-1.));
#4302=DIRECTION('',(-1.,0.,0.));
#4303=DIRECTION('',(0.,0.,-1.));
#4304=DIRECTION('',(-1.,0.,0.));
#4305=DIRECTION('',(-1.,0.,0.));
#4306=DIRECTION('',(0.,0.,1.));
#4307=DIRECTION('',(0.,0.,-1.));
#4308=DIRECTION('',(0.,1.,0.));
#4309=DIRECTION('',(0.,1.,0.));
#4310=DIRECTION('',(0.,-1.,0.));
#4311=DIRECTION('',(0.,0.,-1.));
#4312=DIRECTION('',(0.,0.,-1.));
#4313=DIRECTION('',(-1.,0.,0.));
#4314=DIRECTION('',(-1.,0.,0.));
#4315=DIRECTION('',(0.,-1.,0.));
#4316=DIRECTION('',(0.,0.,-1.));
#4317=DIRECTION('',(0.,0.,-1.));
#4318=DIRECTION('',(-1.,0.,0.));
#4319=DIRECTION('',(0.,0.,-1.));
#4320=DIRECTION('',(-1.,0.,0.));
#4321=DIRECTION('',(-1.,0.,0.));
#4322=DIRECTION('',(0.,0.,1.));
#4323=DIRECTION('',(0.,0.,-1.));
#4324=DIRECTION('',(0.,1.,0.));
#4325=DIRECTION('',(0.,1.,0.));
#4326=DIRECTION('',(0.,-1.,0.));
#4327=DIRECTION('',(0.,0.,-1.));
#4328=DIRECTION('',(0.,0.,-1.));
#4329=DIRECTION('',(-1.,0.,0.));
#4330=DIRECTION('',(-1.,0.,0.));
#4331=DIRECTION('',(0.,-1.,0.));
#4332=DIRECTION('',(0.,0.,-1.));
#4333=DIRECTION('',(0.,0.,-1.));
#4334=DIRECTION('',(-1.,0.,0.));
#4335=DIRECTION('',(0.,0.,-1.));
#4336=DIRECTION('',(-1.,0.,0.));
#4337=DIRECTION('',(-1.,0.,0.));
#4338=DIRECTION('',(0.,0.,1.));
#4339=DIRECTION('',(0.,0.,-1.));
#4340=DIRECTION('',(0.,1.,0.));
#4341=DIRECTION('',(0.,1.,0.));
#4342=DIRECTION('',(0.,-1.,0.));
#4343=DIRECTION('',(0.,0.,-1.));
#4344=DIRECTION('',(0.,0.,-1.));
#4345=DIRECTION('',(-1.,0.,0.));
#4346=DIRECTION('',(-1.,0.,0.));
#4347=DIRECTION('',(0.,-1.,0.));
#4348=DIRECTION('',(0.,0.,-1.));
#4349=DIRECTION('',(0.,0.,-1.));
#4350=DIRECTION('',(-1.,0.,0.));
#4351=DIRECTION('',(0.,0.,-1.));
#4352=DIRECTION('',(-1.,0.,0.));
#4353=DIRECTION('',(-1.,0.,0.));
#4354=DIRECTION('',(0.,0.,1.));
#4355=DIRECTION('',(0.,0.,-1.));
#4356=DIRECTION('',(0.,1.,0.));
#4357=DIRECTION('',(0.,1.,0.));
#4358=DIRECTION('',(0.,-1.,0.));
#4359=DIRECTION('',(0.,0.,-1.));
#4360=DIRECTION('',(0.,0.,-1.));
#4361=DIRECTION('',(-1.,0.,0.));
#4362=DIRECTION('',(-1.,0.,0.));
#4363=DIRECTION('',(0.,-1.,0.));
#4364=DIRECTION('',(0.,0.,-1.));
#4365=DIRECTION('',(0.,0.,-1.));
#4366=DIRECTION('',(-1.,0.,0.));
#4367=DIRECTION('',(0.,0.,-1.));
#4368=DIRECTION('',(-1.,0.,0.));
#4369=DIRECTION('',(-1.,0.,0.));
#4370=DIRECTION('',(0.,0.,1.));
#4371=DIRECTION('',(0.,0.,-1.));
#4372=DIRECTION('',(0.,1.,0.));
#4373=DIRECTION('',(0.,1.,0.));
#4374=DIRECTION('',(0.,-1.,0.));
#4375=DIRECTION('',(0.,0.,-1.));
#4376=DIRECTION('',(0.,0.,-1.));
#4377=DIRECTION('',(-1.,0.,0.));
#4378=DIRECTION('',(-1.,0.,0.));
#4379=DIRECTION('',(0.,-1.,0.));
#4380=DIRECTION('',(0.,0.,-1.));
#4381=DIRECTION('',(0.,0.,-1.));
#4382=DIRECTION('',(-1.,0.,0.));
#4383=DIRECTION('',(0.,0.,-1.));
#4384=DIRECTION('',(-1.,0.,0.));
#4385=DIRECTION('',(-1.,0.,0.));
#4386=DIRECTION('',(0.,0.,1.));
#4387=DIRECTION('',(0.,0.,-1.));
#4388=DIRECTION('',(0.,1.,0.));
#4389=DIRECTION('',(0.,1.,0.));
#4390=DIRECTION('',(0.,-1.,0.));
#4391=DIRECTION('',(0.,0.,-1.));
#4392=DIRECTION('',(0.,0.,-1.));
#4393=DIRECTION('',(-1.,0.,0.));
#4394=DIRECTION('',(-1.,0.,0.));
#4395=DIRECTION('',(0.,-1.,0.));
#4396=DIRECTION('',(0.,0.,-1.));
#4397=DIRECTION('',(0.,0.,-1.));
#4398=DIRECTION('',(-1.,0.,0.));
#4399=DIRECTION('',(0.,0.,-1.));
#4400=DIRECTION('',(-1.,0.,0.));
#4401=DIRECTION('',(-1.,0.,0.));
#4402=DIRECTION('',(0.,0.,1.));
#4403=DIRECTION('',(0.,0.,-1.));
#4404=DIRECTION('',(0.,1.,0.));
#4405=DIRECTION('',(0.,1.,0.));
#4406=DIRECTION('',(0.,-1.,0.));
#4407=DIRECTION('',(0.,0.,-1.));
#4408=DIRECTION('',(0.,0.,-1.));
#4409=DIRECTION('',(-1.,0.,0.));
#4410=DIRECTION('',(-1.,0.,0.));
#4411=DIRECTION('',(0.,-1.,0.));
#4412=DIRECTION('',(0.,0.,-1.));
#4413=DIRECTION('',(0.,0.,-1.));
#4414=DIRECTION('',(-1.,0.,0.));
#4415=DIRECTION('',(0.,0.,-1.));
#4416=DIRECTION('',(-1.,0.,0.));
#4417=DIRECTION('',(-1.,0.,0.));
#4418=DIRECTION('',(0.,0.,1.));
#4419=DIRECTION('',(0.,0.,-1.));
#4420=DIRECTION('',(0.,1.,0.));
#4421=DIRECTION('',(0.,1.,0.));
#4422=DIRECTION('',(0.,-1.,0.));
#4423=DIRECTION('',(0.,0.,-1.));
#4424=DIRECTION('',(0.,0.,-1.));
#4425=DIRECTION('',(-1.,0.,0.));
#4426=DIRECTION('',(-1.,0.,0.));
#4427=DIRECTION('',(0.,-1.,0.));
#4428=DIRECTION('',(0.,0.,-1.));
#4429=DIRECTION('',(0.,0.,-1.));
#4430=DIRECTION('',(-1.,0.,0.));
#4431=DIRECTION('',(0.,0.,-1.));
#4432=DIRECTION('',(-1.,0.,0.));
#4433=DIRECTION('',(-1.,0.,0.));
#4434=DIRECTION('',(0.,0.,1.));
#4435=DIRECTION('',(0.,0.,-1.));
#4436=DIRECTION('',(0.,1.,0.));
#4437=DIRECTION('',(0.,1.,0.));
#4438=DIRECTION('',(0.,-1.,0.));
#4439=DIRECTION('',(0.,0.,-1.));
#4440=DIRECTION('',(0.,0.,-1.));
#4441=DIRECTION('',(-1.,0.,0.));
#4442=DIRECTION('',(-1.,0.,0.));
#4443=DIRECTION('',(0.,-1.,0.));
#4444=DIRECTION('',(0.,0.,-1.));
#4445=DIRECTION('',(0.,0.,-1.));
#4446=DIRECTION('',(-1.,0.,0.));
#4447=DIRECTION('',(0.,0.,-1.));
#4448=DIRECTION('',(-1.,0.,0.));
#4449=DIRECTION('',(-1.,0.,0.));
#4450=DIRECTION('',(0.,0.,1.));
#4451=DIRECTION('',(0.,0.,-1.));
#4452=DIRECTION('',(0.,1.,0.));
#4453=DIRECTION('',(0.,1.,0.));
#4454=DIRECTION('',(0.,-1.,0.));
#4455=DIRECTION('',(0.,0.,-1.));
#4456=DIRECTION('',(0.,0.,-1.));
#4457=DIRECTION('',(-1.,0.,0.));
#4458=DIRECTION('',(-1.,0.,0.));
#4459=DIRECTION('',(0.,-1.,0.));
#4460=DIRECTION('',(0.,0.,-1.));
#4461=DIRECTION('',(0.,0.,-1.));
#4462=DIRECTION('',(-1.,0.,0.));
#4463=DIRECTION('',(0.,0.,-1.));
#4464=DIRECTION('',(-1.,0.,0.));
#4465=DIRECTION('',(-1.,0.,0.));
#4466=DIRECTION('',(0.,0.,1.));
#4467=DIRECTION('',(0.,0.,-1.));
#4468=DIRECTION('',(0.,1.,0.));
#4469=DIRECTION('',(0.,1.,0.));
#4470=DIRECTION('',(0.,-1.,0.));
#4471=DIRECTION('',(0.,0.,-1.));
#4472=DIRECTION('',(0.,0.,-1.));
#4473=DIRECTION('',(-1.,0.,0.));
#4474=DIRECTION('',(-1.,0.,0.));
#4475=DIRECTION('',(-1.,0.,0.));
#4476=DIRECTION('',(0.,0.,1.));
#4477=DIRECTION('',(0.,0.,-1.));
#4478=DIRECTION('',(0.,1.,0.));
#4479=DIRECTION('',(0.,0.,-1.));
#4480=DIRECTION('',(0.,1.,0.));
#4481=DIRECTION('',(0.,-1.,0.));
#4482=DIRECTION('',(0.,0.,-1.));
#4483=DIRECTION('',(0.,0.,-1.));
#4484=DIRECTION('',(-1.,0.,0.));
#4485=DIRECTION('',(-1.,0.,0.));
#4486=DIRECTION('',(-1.,0.,0.));
#4487=DIRECTION('',(0.,0.,1.));
#4488=DIRECTION('',(0.,0.,-1.));
#4489=DIRECTION('',(0.,1.,0.));
#4490=DIRECTION('',(0.,1.,0.));
#4491=DIRECTION('',(-0.999999999999878,4.93877036504974E-7,0.));
#4492=DIRECTION('',(-4.93877036504975E-7,-0.999999999999878,0.));
#4493=DIRECTION('',(0.,0.,-1.));
#4494=DIRECTION('',(4.93877036504975E-7,0.999999999999878,0.));
#4495=DIRECTION('',(0.,0.,-1.));
#4496=DIRECTION('',(4.93877036504975E-7,0.999999999999878,0.));
#4497=DIRECTION('',(0.,-1.,0.));
#4498=DIRECTION('',(0.,0.,-1.));
#4499=DIRECTION('',(0.,0.,-1.));
#4500=DIRECTION('',(-1.,0.,0.));
#4501=DIRECTION('',(0.,0.,-1.));
#4502=DIRECTION('',(-1.,0.,0.));
#4503=DIRECTION('',(1.,0.,0.));
#4504=DIRECTION('',(0.,0.,-1.));
#4505=DIRECTION('',(0.,0.,-1.));
#4506=DIRECTION('',(0.,-1.,0.));
#4507=DIRECTION('',(0.,0.,-1.));
#4508=DIRECTION('',(0.,-1.,0.));
#4509=DIRECTION('',(0.,-1.,0.));
#4510=DIRECTION('',(0.,0.,-1.));
#4511=DIRECTION('',(0.,0.,-1.));
#4512=DIRECTION('',(-1.,0.,0.));
#4513=DIRECTION('',(0.,0.,-1.));
#4514=DIRECTION('',(-1.,0.,0.));
#4515=DIRECTION('',(-1.,0.,0.));
#4516=DIRECTION('',(0.,0.,1.));
#4517=DIRECTION('',(0.,0.,-1.));
#4518=DIRECTION('',(0.,1.,0.));
#4519=DIRECTION('',(0.,0.,-1.));
#4520=DIRECTION('',(0.,1.,0.));
#4521=DIRECTION('',(0.,0.,-1.));
#4522=DIRECTION('',(-1.,0.,0.));
#4523=DIRECTION('',(0.,0.,1.));
#4524=DIRECTION('',(1.,0.,0.));
#4525=DIRECTION('',(0.,0.,1.));
#4526=DIRECTION('',(1.,0.,0.));
#4527=DIRECTION('',(0.,0.,-1.));
#4528=DIRECTION('',(-1.,0.,0.));
#4529=DIRECTION('',(0.,0.,1.));
#4530=DIRECTION('',(1.,0.,0.));
#4531=DIRECTION('',(0.,0.,1.));
#4532=DIRECTION('',(1.,0.,0.));
#4533=DIRECTION('',(0.,-1.,0.));
#4534=DIRECTION('',(0.,0.,-1.));
#4535=DIRECTION('',(-1.,0.,0.));
#4536=DIRECTION('',(-1.,0.,0.));
#4537=DIRECTION('',(-1.,0.,0.));
#4538=DIRECTION('',(0.,0.,1.));
#4539=DIRECTION('',(0.,1.,0.));
#4540=DIRECTION('',(0.,1.,0.));
#4541=DIRECTION('',(-1.,0.,0.));
#4542=DIRECTION('',(0.,0.,1.));
#4543=DIRECTION('',(0.,1.,0.));
#4544=DIRECTION('',(0.,1.,0.));
#4545=DIRECTION('',(-1.,0.,0.));
#4546=DIRECTION('',(0.,0.,1.));
#4547=DIRECTION('',(0.,1.,0.));
#4548=DIRECTION('',(0.,1.,0.));
#4549=DIRECTION('',(-1.,0.,0.));
#4550=DIRECTION('',(0.,0.,1.));
#4551=DIRECTION('',(0.,1.,0.));
#4552=DIRECTION('',(0.,1.,0.));
#4553=DIRECTION('',(-1.,0.,0.));
#4554=DIRECTION('',(0.,0.,1.));
#4555=DIRECTION('',(0.,1.,0.));
#4556=DIRECTION('',(0.,1.,0.));
#4557=DIRECTION('',(-1.,0.,0.));
#4558=DIRECTION('',(0.,0.,1.));
#4559=DIRECTION('',(0.,1.,0.));
#4560=DIRECTION('',(0.,1.,0.));
#4561=DIRECTION('',(-1.,0.,0.));
#4562=DIRECTION('',(0.,0.,1.));
#4563=DIRECTION('',(0.,1.,0.));
#4564=DIRECTION('',(0.,1.,0.));
#4565=DIRECTION('',(-1.,0.,0.));
#4566=DIRECTION('',(0.,0.,1.));
#4567=DIRECTION('',(0.,1.,0.));
#4568=DIRECTION('',(0.,1.,0.));
#4569=DIRECTION('',(-1.,0.,0.));
#4570=DIRECTION('',(0.,0.,1.));
#4571=DIRECTION('',(0.,1.,0.));
#4572=DIRECTION('',(0.,1.,0.));
#4573=DIRECTION('',(-1.,0.,0.));
#4574=DIRECTION('',(0.,0.,1.));
#4575=DIRECTION('',(0.,1.,0.));
#4576=DIRECTION('',(0.,1.,0.));
#4577=DIRECTION('',(-1.,0.,0.));
#4578=DIRECTION('',(0.,0.,1.));
#4579=DIRECTION('',(0.,1.,0.));
#4580=DIRECTION('',(0.,1.,0.));
#4581=DIRECTION('',(-1.,0.,0.));
#4582=DIRECTION('',(0.,0.,1.));
#4583=DIRECTION('',(0.,1.,0.));
#4584=DIRECTION('',(0.,1.,0.));
#4585=DIRECTION('',(-1.,0.,0.));
#4586=DIRECTION('',(0.,0.,1.));
#4587=DIRECTION('',(0.,1.,0.));
#4588=DIRECTION('',(0.,1.,0.));
#4589=DIRECTION('',(-1.,0.,0.));
#4590=DIRECTION('',(0.,0.,1.));
#4591=DIRECTION('',(0.,1.,0.));
#4592=DIRECTION('',(0.,1.,0.));
#4593=DIRECTION('',(-1.,0.,0.));
#4594=DIRECTION('',(0.,0.,1.));
#4595=DIRECTION('',(0.,1.,0.));
#4596=DIRECTION('',(0.,1.,0.));
#4597=DIRECTION('',(-1.,0.,0.));
#4598=DIRECTION('',(0.,0.,1.));
#4599=DIRECTION('',(0.,1.,0.));
#4600=DIRECTION('',(0.,1.,0.));
#4601=DIRECTION('',(-1.,0.,0.));
#4602=DIRECTION('',(0.,0.,1.));
#4603=DIRECTION('',(0.,1.,0.));
#4604=DIRECTION('',(0.,1.,0.));
#4605=DIRECTION('',(-1.,0.,0.));
#4606=DIRECTION('',(0.,0.,1.));
#4607=DIRECTION('',(0.,1.,0.));
#4608=DIRECTION('',(0.,1.,0.));
#4609=DIRECTION('',(-1.,0.,0.));
#4610=DIRECTION('',(0.,0.,1.));
#4611=DIRECTION('',(0.,1.,0.));
#4612=DIRECTION('',(0.,1.,0.));
#4613=DIRECTION('',(0.,-1.,0.));
#4614=DIRECTION('',(0.,0.,-1.));
#4615=DIRECTION('',(-1.,0.,0.));
#4616=DIRECTION('',(-1.,0.,0.));
#4617=DIRECTION('',(0.,-1.,0.));
#4618=DIRECTION('',(0.,0.,-1.));
#4619=DIRECTION('',(0.,0.,-1.));
#4620=DIRECTION('',(-1.,0.,0.));
#4621=DIRECTION('',(0.,0.,-1.));
#4622=DIRECTION('',(-1.,0.,0.));
#4623=DIRECTION('',(0.,0.,-1.));
#4624=DIRECTION('',(-1.,0.,0.));
#4625=DIRECTION('',(0.,0.,1.));
#4626=DIRECTION('',(1.,0.,0.));
#4627=DIRECTION('',(0.,0.,1.));
#4628=DIRECTION('',(1.,0.,0.));
#4629=DIRECTION('',(0.,0.,1.));
#4630=DIRECTION('',(1.,0.,0.));
#4631=DIRECTION('',(1.,0.,0.));
#4632=DIRECTION('',(0.,-1.,0.));
#4633=DIRECTION('',(0.,0.,1.));
#4634=DIRECTION('',(1.,0.,0.));
#4635=DIRECTION('',(-0.999999992857839,0.000119517039986015,0.));
#4636=DIRECTION('',(0.,0.,1.));
#4637=DIRECTION('',(1.,0.,0.));
#4638=DIRECTION('',(4.93877036504975E-7,0.999999999999878,0.));
#4639=DIRECTION('',(0.,0.,1.));
#4640=DIRECTION('',(1.,0.,0.));
#4641=DIRECTION('',(-1.,0.,0.));
#4642=DIRECTION('',(0.,0.,1.));
#4643=DIRECTION('',(1.,0.,0.));
#4644=DIRECTION('',(0.,-1.,0.));
#4645=DIRECTION('',(0.,0.,1.));
#4646=DIRECTION('',(1.,0.,0.));
#4647=DIRECTION('',(-1.,0.,0.));
#4648=DIRECTION('',(0.,0.,1.));
#4649=DIRECTION('',(1.,0.,0.));
#4650=DIRECTION('',(0.,1.,0.));
#4651=DIRECTION('',(0.,0.,1.));
#4652=DIRECTION('',(1.,0.,0.));
#4653=DIRECTION('',(-1.,0.,0.));
#4654=DIRECTION('',(0.,0.,1.));
#4655=DIRECTION('',(1.,0.,0.));
#4656=DIRECTION('',(-0.0039682227244978,-0.999992126573209,0.));
#4657=DIRECTION('',(0.,0.,1.));
#4658=DIRECTION('',(1.,0.,0.));
#4659=DIRECTION('',(0.,0.,1.));
#4660=DIRECTION('',(1.,0.,0.));
#4661=DIRECTION('',(0.,0.,1.));
#4662=DIRECTION('',(1.,0.,0.));
#4663=DIRECTION('',(0.,0.,1.));
#4664=DIRECTION('',(1.,0.,0.));
#4665=DIRECTION('',(0.,1.,0.));
#4666=DIRECTION('',(-1.,0.,0.));
#4667=DIRECTION('',(0.,1.,0.));
#4668=DIRECTION('',(-1.,0.,0.));
#4669=DIRECTION('',(0.,1.,0.));
#4670=DIRECTION('',(-1.,0.,0.));
#4671=DIRECTION('',(0.,1.,0.));
#4672=DIRECTION('',(-1.,0.,0.));
#4673=DIRECTION('',(0.,1.,0.));
#4674=DIRECTION('',(-1.,0.,0.));
#4675=DIRECTION('',(0.,1.,0.));
#4676=DIRECTION('',(-1.,0.,0.));
#4677=DIRECTION('',(0.,1.,0.));
#4678=DIRECTION('',(-1.,0.,0.));
#4679=DIRECTION('',(0.,1.,0.));
#4680=DIRECTION('',(-1.,0.,0.));
#4681=DIRECTION('',(0.,1.,0.));
#4682=DIRECTION('',(-1.,0.,0.));
#4683=DIRECTION('',(0.,1.,0.));
#4684=DIRECTION('',(-1.,0.,0.));
#4685=DIRECTION('',(0.,1.,0.));
#4686=DIRECTION('',(-1.,0.,0.));
#4687=DIRECTION('',(0.,1.,0.));
#4688=DIRECTION('',(-1.,0.,0.));
#4689=DIRECTION('',(0.,1.,0.));
#4690=DIRECTION('',(-1.,0.,0.));
#4691=DIRECTION('',(0.,1.,0.));
#4692=DIRECTION('',(-1.,0.,0.));
#4693=DIRECTION('',(0.,1.,0.));
#4694=DIRECTION('',(-1.,0.,0.));
#4695=DIRECTION('',(0.,1.,0.));
#4696=DIRECTION('',(-1.,0.,0.));
#4697=DIRECTION('',(0.,1.,0.));
#4698=DIRECTION('',(-1.,0.,0.));
#4699=DIRECTION('',(0.,1.,0.));
#4700=DIRECTION('',(-1.,0.,0.));
#4701=DIRECTION('',(0.,1.,0.));
#4702=DIRECTION('',(-1.,0.,0.));
#4703=DIRECTION('',(0.,1.,0.));
#4704=DIRECTION('',(-1.,0.,0.));
#4705=DIRECTION('',(0.,1.,0.));
#4706=DIRECTION('',(-1.,0.,0.));
#4707=DIRECTION('',(0.,1.,0.));
#4708=DIRECTION('',(-1.,0.,0.));
#4709=DIRECTION('',(0.,1.,0.));
#4710=DIRECTION('',(-1.,0.,0.));
#4711=DIRECTION('',(0.,1.,0.));
#4712=DIRECTION('',(-1.,0.,0.));
#4713=DIRECTION('',(0.,1.,0.));
#4714=DIRECTION('',(-1.,0.,0.));
#4715=DIRECTION('',(0.,1.,0.));
#4716=DIRECTION('',(-1.,0.,0.));
#4717=DIRECTION('',(0.,1.,0.));
#4718=DIRECTION('',(-1.,0.,0.));
#4719=DIRECTION('',(0.,1.,0.));
#4720=DIRECTION('',(-1.,0.,0.));
#4721=DIRECTION('',(0.,1.,0.));
#4722=DIRECTION('',(-1.,0.,0.));
#4723=DIRECTION('',(0.,1.,0.));
#4724=DIRECTION('',(-1.,0.,0.));
#4725=DIRECTION('',(0.,1.,0.));
#4726=DIRECTION('',(-1.,0.,0.));
#4727=DIRECTION('',(0.,1.,0.));
#4728=DIRECTION('',(-1.,0.,0.));
#4729=DIRECTION('',(0.,1.,0.));
#4730=DIRECTION('',(-1.,0.,0.));
#4731=DIRECTION('',(0.,1.,0.));
#4732=DIRECTION('',(-1.,0.,0.));
#4733=DIRECTION('',(0.,1.,0.));
#4734=DIRECTION('',(-1.,0.,0.));
#4735=DIRECTION('',(0.,1.,0.));
#4736=DIRECTION('',(-1.,0.,0.));
#4737=DIRECTION('',(0.,1.,0.));
#4738=DIRECTION('',(-1.,0.,0.));
#4739=DIRECTION('',(0.,1.,0.));
#4740=DIRECTION('',(-1.,0.,0.));
#4741=DIRECTION('',(0.,1.,0.));
#4742=DIRECTION('',(-1.,0.,0.));
#4743=DIRECTION('',(0.,1.,0.));
#4744=DIRECTION('',(-1.,0.,0.));
#4745=DIRECTION('',(0.,1.,0.));
#4746=DIRECTION('',(-1.,0.,0.));
#4747=DIRECTION('',(0.,1.,0.));
#4748=DIRECTION('',(-1.,0.,0.));
#4749=DIRECTION('',(0.,0.,1.));
#4750=DIRECTION('',(1.,0.,0.));
#4751=DIRECTION('',(0.,0.,1.));
#4752=DIRECTION('',(1.,0.,0.));
#4753=DIRECTION('',(0.,-1.,0.));
#4754=DIRECTION('',(1.,0.,0.));
#4755=DIRECTION('',(0.,0.,1.));
#4756=DIRECTION('',(1.,0.,0.));
#4757=DIRECTION('',(0.,0.,1.));
#4758=DIRECTION('',(1.,0.,0.));
#4759=DIRECTION('',(0.,0.,1.));
#4760=DIRECTION('',(1.,0.,0.));
#4761=DIRECTION('',(0.,0.,1.));
#4762=DIRECTION('',(1.,0.,0.));
#4763=DIRECTION('',(0.,0.,1.));
#4764=DIRECTION('',(1.,0.,0.));
#4765=DIRECTION('',(0.,0.,1.));
#4766=DIRECTION('',(1.,0.,0.));
#4767=DIRECTION('',(0.,0.,1.));
#4768=DIRECTION('',(1.,0.,0.));
#4769=DIRECTION('',(0.,0.,1.));
#4770=DIRECTION('',(1.,0.,0.));
#4771=DIRECTION('',(-1.,0.,0.));
#4772=DIRECTION('',(0.,0.,1.));
#4773=DIRECTION('',(0.,0.,1.));
#4774=DIRECTION('',(0.,-1.,0.));
#4775=DIRECTION('',(0.,0.,1.));
#4776=DIRECTION('',(0.,-1.,0.));
#4777=DIRECTION('',(0.,0.,-1.));
#4778=DIRECTION('',(1.,0.,0.));
#4779=DIRECTION('',(0.,0.,1.));
#4780=DIRECTION('',(0.,0.,1.));
#4781=DIRECTION('',(1.,0.,0.));
#4782=DIRECTION('',(0.,0.,1.));
#4783=DIRECTION('',(1.,0.,0.));
#4784=DIRECTION('',(0.,0.,-1.));
#4785=DIRECTION('',(-1.,0.,0.));
#4786=DIRECTION('',(0.,0.,1.));
#4787=DIRECTION('',(1.,0.,0.));
#4788=DIRECTION('',(0.,0.,-1.));
#4789=DIRECTION('',(-1.,0.,0.));
#4790=DIRECTION('',(0.,0.,1.));
#4791=DIRECTION('',(1.,0.,0.));
#4792=DIRECTION('',(0.,0.,1.));
#4793=DIRECTION('',(1.,0.,0.));
#4794=DIRECTION('',(0.,0.,1.));
#4795=DIRECTION('',(1.,0.,0.));
#4796=DIRECTION('',(0.,0.,1.));
#4797=DIRECTION('',(1.,0.,0.));
#4798=DIRECTION('',(0.,0.,1.));
#4799=DIRECTION('',(1.,0.,0.));
#4800=DIRECTION('',(0.,0.,-1.));
#4801=DIRECTION('',(-1.,0.,0.));
#4802=DIRECTION('',(0.,0.,1.));
#4803=DIRECTION('',(1.,0.,0.));
#4804=DIRECTION('',(0.,0.,-1.));
#4805=DIRECTION('',(-1.,0.,0.));
#4806=DIRECTION('',(0.,0.,1.));
#4807=DIRECTION('',(1.,0.,0.));
#4808=DIRECTION('',(0.,0.,1.));
#4809=DIRECTION('',(1.,0.,0.));
#4810=DIRECTION('',(0.,0.,1.));
#4811=DIRECTION('',(1.,0.,0.));
#4812=DIRECTION('',(0.,0.,-1.));
#4813=DIRECTION('',(-1.,0.,0.));
#4814=DIRECTION('',(0.,0.,1.));
#4815=DIRECTION('',(1.,0.,0.));
#4816=DIRECTION('',(0.,0.,1.));
#4817=DIRECTION('',(1.,0.,0.));
#4818=DIRECTION('',(0.,-1.,0.));
#4819=DIRECTION('',(0.,0.,-1.));
#4820=DIRECTION('',(1.,0.,0.));
#4821=DIRECTION('',(0.,0.,-1.));
#4822=DIRECTION('',(-1.,0.,0.));
#4823=DIRECTION('',(0.,0.,1.));
#4824=DIRECTION('',(1.,0.,0.));
#4825=DIRECTION('',(0.,0.,-1.));
#4826=DIRECTION('',(0.,-1.,0.));
#4827=DIRECTION('',(0.,0.,-1.));
#4828=DIRECTION('',(0.,-1.,0.));
#4829=DIRECTION('',(0.,0.,-1.));
#4830=DIRECTION('',(0.,0.,1.));
#4831=DIRECTION('',(1.,0.,0.));
#4832=DIRECTION('',(0.,-1.,0.));
#4833=DIRECTION('',(0.,0.,-1.));
#4834=DIRECTION('',(0.,0.,1.));
#4835=DIRECTION('',(1.,0.,0.));
#4836=DIRECTION('',(-1.,0.,0.));
#4837=DIRECTION('',(0.,0.,1.));
#4838=DIRECTION('',(0.,1.,0.));
#4839=DIRECTION('',(0.,0.,1.));
#4840=DIRECTION('',(0.,-1.,0.));
#4841=DIRECTION('',(0.,0.,-1.));
#4842=DIRECTION('',(-1.,0.,0.));
#4843=DIRECTION('',(0.,0.,1.));
#4844=DIRECTION('',(-1.,0.,0.));
#4845=DIRECTION('',(0.,0.,1.));
#4846=DIRECTION('',(0.,0.,1.));
#4847=DIRECTION('',(1.,0.,0.));
#4848=DIRECTION('',(1.,0.,0.));
#4849=DIRECTION('',(0.,0.,-1.));
#4850=DIRECTION('',(0.,0.,1.));
#4851=DIRECTION('',(1.,0.,0.));
#4852=DIRECTION('',(4.93877030260674E-7,0.999999999999878,0.));
#4853=DIRECTION('',(-0.999999999999878,4.93877030260674E-7,0.));
#4854=DIRECTION('',(-1.,0.,0.));
#4855=DIRECTION('',(0.,0.,1.));
#4856=DIRECTION('',(1.,0.,0.));
#4857=DIRECTION('',(0.,0.,-1.));
#4858=DIRECTION('',(4.93877036504975E-7,0.999999999999878,0.));
#4859=DIRECTION('',(-0.999999999999878,4.93877036504975E-7,0.));
#4860=DIRECTION('',(4.93877041188066E-7,0.999999999999878,0.));
#4861=DIRECTION('',(-0.999999999999878,4.93877041188066E-7,0.));
#4862=DIRECTION('',(0.,0.,1.));
#4863=DIRECTION('',(1.,0.,0.));
#4864=DIRECTION('',(0.00396822272451854,0.999992126573209,0.));
#4865=DIRECTION('',(-0.999992126573209,0.00396822272451854,0.));
#4866=DIRECTION('',(0.,0.,1.));
#4867=DIRECTION('',(1.,0.,0.));
#4868=DIRECTION('',(0.999999992857839,-0.000119517039984732,1.30600954356393E-18));
#4869=DIRECTION('',(0.000119517039984732,0.999999992857839,0.));
#4870=DIRECTION('',(-0.0039682227244978,-0.999992126573209,0.));
#4871=DIRECTION('',(0.999992126573209,-0.0039682227244978,0.));
#4872=DIRECTION('',(0.00396822272449669,0.999992126573209,0.));
#4873=DIRECTION('',(-0.999992126573209,0.00396822272449669,0.));
#4874=DIRECTION('',(0.999999992857839,-0.000119517039986015,0.));
#4875=DIRECTION('',(0.000119517039986015,0.999999992857839,0.));
#4876=DIRECTION('',(0.999999992857839,-0.000119517039987464,1.30600954359378E-18));
#4877=DIRECTION('',(0.000119517039987464,0.999999992857839,0.));
#4878=DIRECTION('',(0.,0.,1.));
#4879=DIRECTION('',(1.,0.,0.));
#4880=DIRECTION('',(-1.,0.,0.));
#4881=DIRECTION('',(0.,0.,1.));
#4882=DIRECTION('',(0.,0.,1.));
#4883=DIRECTION('',(1.,0.,0.));
#4884=DIRECTION('',(0.,-1.,0.));
#4885=DIRECTION('',(0.,0.,-1.));
#4886=DIRECTION('',(-1.,0.,0.));
#4887=DIRECTION('',(0.,0.,1.));
#4888=DIRECTION('',(-0.707106781186548,0.707106781186548,0.));
#4889=DIRECTION('',(0.707106781186548,0.707106781186548,0.));
#4890=DIRECTION('',(0.,1.,0.));
#4891=DIRECTION('',(0.,0.,1.));
#4892=DIRECTION('',(0.,0.,1.));
#4893=DIRECTION('',(1.,0.,0.));
#4894=DIRECTION('',(0.,0.,1.));
#4895=DIRECTION('',(1.,0.,0.));
#4896=DIRECTION('',(0.,0.,1.));
#4897=DIRECTION('',(1.,0.,0.));
#4898=DIRECTION('',(0.,1.,0.));
#4899=DIRECTION('',(0.,0.,1.));
#4900=DIRECTION('',(-0.707106781186548,0.707106781186548,0.));
#4901=DIRECTION('',(0.707106781186548,0.707106781186548,0.));
#4902=DIRECTION('',(0.707106781186548,0.707106781186548,0.));
#4903=DIRECTION('',(-0.707106781186548,0.707106781186548,0.));
#4904=DIRECTION('',(1.,0.,0.));
#4905=DIRECTION('',(0.,0.,-1.));
#4906=DIRECTION('',(0.707106781186548,-0.707106781186548,0.));
#4907=DIRECTION('',(-0.707106781186548,-0.707106781186548,0.));
#4908=DIRECTION('',(-1.,0.,0.));
#4909=DIRECTION('',(0.,0.,1.));
#4910=DIRECTION('',(-0.707106781186548,-0.707106781186548,0.));
#4911=DIRECTION('',(0.707106781186548,-0.707106781186548,0.));
#4912=DIRECTION('',(0.,-1.,0.));
#4913=DIRECTION('',(0.,0.,-1.));
#4914=DIRECTION('',(-1.,0.,0.));
#4915=DIRECTION('',(0.,0.,1.));
#4916=DIRECTION('',(-0.707106781186548,-0.707106781186548,0.));
#4917=DIRECTION('',(0.707106781186548,-0.707106781186548,0.));
#4918=DIRECTION('',(-0.707106781186548,0.707106781186548,0.));
#4919=DIRECTION('',(0.707106781186548,0.707106781186548,0.));
#4920=DIRECTION('',(0.,1.,0.));
#4921=DIRECTION('',(0.,0.,1.));
#4922=DIRECTION('',(0.707106781186548,0.707106781186548,0.));
#4923=DIRECTION('',(0.707106781186548,-0.707106781186548,0.));
#4924=DIRECTION('',(0.,-1.,0.));
#4925=DIRECTION('',(0.,0.,-1.));
#4926=DIRECTION('',(0.707106781186548,-0.707106781186548,0.));
#4927=DIRECTION('',(0.707106781186548,0.707106781186548,0.));
#4928=DIRECTION('',(1.,0.,0.));
#4929=DIRECTION('',(0.,0.,-1.));
#4930=DIRECTION('',(-1.,0.,0.));
#4931=DIRECTION('',(0.,0.,1.));
#4932=DIRECTION('',(-0.707106781186548,-0.707106781186548,0.));
#4933=DIRECTION('',(0.707106781186548,-0.707106781186548,0.));
#4934=DIRECTION('',(-0.707106781186548,0.707106781186548,0.));
#4935=DIRECTION('',(0.707106781186548,0.707106781186548,0.));
#4936=DIRECTION('',(0.,1.,0.));
#4937=DIRECTION('',(0.,0.,1.));
#4938=DIRECTION('',(0.707106781186548,0.707106781186548,0.));
#4939=DIRECTION('',(0.707106781186548,-0.707106781186548,0.));
#4940=DIRECTION('',(0.,-1.,0.));
#4941=DIRECTION('',(0.,0.,-1.));
#4942=DIRECTION('',(0.707106781186548,-0.707106781186548,0.));
#4943=DIRECTION('',(0.707106781186548,0.707106781186548,0.));
#4944=DIRECTION('',(1.,0.,0.));
#4945=DIRECTION('',(0.,0.,-1.));
#4946=DIRECTION('',(-1.,0.,0.));
#4947=DIRECTION('',(0.,0.,1.));
#4948=DIRECTION('',(-0.707106781186548,-0.707106781186548,0.));
#4949=DIRECTION('',(0.707106781186548,-0.707106781186548,0.));
#4950=DIRECTION('',(-0.707106781186548,0.707106781186548,0.));
#4951=DIRECTION('',(0.707106781186548,0.707106781186548,0.));
#4952=DIRECTION('',(0.,1.,0.));
#4953=DIRECTION('',(0.,0.,1.));
#4954=DIRECTION('',(0.707106781186548,0.707106781186548,0.));
#4955=DIRECTION('',(0.707106781186548,-0.707106781186548,0.));
#4956=DIRECTION('',(0.,-1.,0.));
#4957=DIRECTION('',(0.,0.,-1.));
#4958=DIRECTION('',(0.707106781186548,-0.707106781186548,0.));
#4959=DIRECTION('',(0.707106781186548,0.707106781186548,0.));
#4960=DIRECTION('',(1.,0.,0.));
#4961=DIRECTION('',(0.,0.,-1.));
#4962=DIRECTION('',(-1.,0.,0.));
#4963=DIRECTION('',(0.,0.,1.));
#4964=DIRECTION('',(-0.707106781186548,-0.707106781186548,0.));
#4965=DIRECTION('',(0.707106781186548,-0.707106781186548,0.));
#4966=DIRECTION('',(-0.707106781186548,0.707106781186548,0.));
#4967=DIRECTION('',(0.707106781186548,0.707106781186548,0.));
#4968=DIRECTION('',(0.,1.,0.));
#4969=DIRECTION('',(0.,0.,1.));
#4970=DIRECTION('',(0.707106781186548,0.707106781186548,0.));
#4971=DIRECTION('',(0.707106781186548,-0.707106781186548,0.));
#4972=DIRECTION('',(0.,-1.,0.));
#4973=DIRECTION('',(0.,0.,-1.));
#4974=DIRECTION('',(0.707106781186548,-0.707106781186548,0.));
#4975=DIRECTION('',(0.707106781186548,0.707106781186548,0.));
#4976=DIRECTION('',(1.,0.,0.));
#4977=DIRECTION('',(0.,0.,-1.));
#4978=DIRECTION('',(-1.,0.,0.));
#4979=DIRECTION('',(0.,0.,1.));
#4980=DIRECTION('',(-0.707106781186548,-0.707106781186548,0.));
#4981=DIRECTION('',(0.707106781186548,-0.707106781186548,0.));
#4982=DIRECTION('',(-0.707106781186548,0.707106781186548,0.));
#4983=DIRECTION('',(0.707106781186548,0.707106781186548,0.));
#4984=DIRECTION('',(0.,1.,0.));
#4985=DIRECTION('',(0.,0.,1.));
#4986=DIRECTION('',(0.707106781186548,0.707106781186548,0.));
#4987=DIRECTION('',(0.707106781186548,-0.707106781186548,0.));
#4988=DIRECTION('',(0.,-1.,0.));
#4989=DIRECTION('',(0.,0.,-1.));
#4990=DIRECTION('',(0.707106781186548,-0.707106781186548,0.));
#4991=DIRECTION('',(0.707106781186548,0.707106781186548,0.));
#4992=DIRECTION('',(1.,0.,0.));
#4993=DIRECTION('',(0.,0.,-1.));
#4994=DIRECTION('',(-1.,0.,0.));
#4995=DIRECTION('',(0.,0.,1.));
#4996=DIRECTION('',(-0.707106781186548,-0.707106781186548,0.));
#4997=DIRECTION('',(0.707106781186548,-0.707106781186548,0.));
#4998=DIRECTION('',(-0.707106781186548,0.707106781186548,0.));
#4999=DIRECTION('',(0.707106781186548,0.707106781186548,0.));
#5000=DIRECTION('',(0.,1.,0.));
#5001=DIRECTION('',(0.,0.,1.));
#5002=DIRECTION('',(0.707106781186548,0.707106781186548,0.));
#5003=DIRECTION('',(0.707106781186548,-0.707106781186548,0.));
#5004=DIRECTION('',(0.,-1.,0.));
#5005=DIRECTION('',(0.,0.,-1.));
#5006=DIRECTION('',(0.707106781186548,-0.707106781186548,0.));
#5007=DIRECTION('',(0.707106781186548,0.707106781186548,0.));
#5008=DIRECTION('',(1.,0.,0.));
#5009=DIRECTION('',(0.,0.,-1.));
#5010=DIRECTION('',(-1.,0.,0.));
#5011=DIRECTION('',(0.,0.,1.));
#5012=DIRECTION('',(-0.707106781186548,-0.707106781186548,0.));
#5013=DIRECTION('',(0.707106781186548,-0.707106781186548,0.));
#5014=DIRECTION('',(-0.707106781186548,0.707106781186548,0.));
#5015=DIRECTION('',(0.707106781186548,0.707106781186548,0.));
#5016=DIRECTION('',(0.,1.,0.));
#5017=DIRECTION('',(0.,0.,1.));
#5018=DIRECTION('',(0.707106781186548,0.707106781186548,0.));
#5019=DIRECTION('',(0.707106781186548,-0.707106781186548,0.));
#5020=DIRECTION('',(0.,-1.,0.));
#5021=DIRECTION('',(0.,0.,-1.));
#5022=DIRECTION('',(0.707106781186548,-0.707106781186548,0.));
#5023=DIRECTION('',(0.707106781186548,0.707106781186548,0.));
#5024=DIRECTION('',(1.,0.,0.));
#5025=DIRECTION('',(0.,0.,-1.));
#5026=DIRECTION('',(-1.,0.,0.));
#5027=DIRECTION('',(0.,0.,1.));
#5028=DIRECTION('',(-0.707106781186548,-0.707106781186548,0.));
#5029=DIRECTION('',(0.707106781186548,-0.707106781186548,0.));
#5030=DIRECTION('',(-0.707106781186548,0.707106781186548,0.));
#5031=DIRECTION('',(0.707106781186548,0.707106781186548,0.));
#5032=DIRECTION('',(0.,1.,0.));
#5033=DIRECTION('',(0.,0.,1.));
#5034=DIRECTION('',(0.707106781186548,0.707106781186548,0.));
#5035=DIRECTION('',(0.707106781186548,-0.707106781186548,0.));
#5036=DIRECTION('',(0.,-1.,0.));
#5037=DIRECTION('',(0.,0.,-1.));
#5038=DIRECTION('',(0.707106781186548,-0.707106781186548,0.));
#5039=DIRECTION('',(0.707106781186548,0.707106781186548,0.));
#5040=DIRECTION('',(1.,0.,0.));
#5041=DIRECTION('',(0.,0.,-1.));
#5042=DIRECTION('',(-1.,0.,0.));
#5043=DIRECTION('',(0.,0.,1.));
#5044=DIRECTION('',(-0.707106781186548,-0.707106781186548,0.));
#5045=DIRECTION('',(0.707106781186548,-0.707106781186548,0.));
#5046=DIRECTION('',(-0.707106781186548,0.707106781186548,0.));
#5047=DIRECTION('',(0.707106781186548,0.707106781186548,0.));
#5048=DIRECTION('',(0.,1.,0.));
#5049=DIRECTION('',(0.,0.,1.));
#5050=DIRECTION('',(0.707106781186548,0.707106781186548,0.));
#5051=DIRECTION('',(0.707106781186548,-0.707106781186548,0.));
#5052=DIRECTION('',(0.,-1.,0.));
#5053=DIRECTION('',(0.,0.,-1.));
#5054=DIRECTION('',(0.707106781186548,-0.707106781186548,0.));
#5055=DIRECTION('',(0.707106781186548,0.707106781186548,0.));
#5056=DIRECTION('',(1.,0.,0.));
#5057=DIRECTION('',(0.,0.,-1.));
#5058=DIRECTION('',(-1.,0.,0.));
#5059=DIRECTION('',(0.,0.,1.));
#5060=DIRECTION('',(-0.707106781186548,-0.707106781186548,0.));
#5061=DIRECTION('',(0.707106781186548,-0.707106781186548,0.));
#5062=DIRECTION('',(-0.707106781186548,0.707106781186548,0.));
#5063=DIRECTION('',(0.707106781186548,0.707106781186548,0.));
#5064=DIRECTION('',(0.,1.,0.));
#5065=DIRECTION('',(0.,0.,1.));
#5066=DIRECTION('',(0.707106781186548,0.707106781186548,0.));
#5067=DIRECTION('',(0.707106781186548,-0.707106781186548,0.));
#5068=DIRECTION('',(0.,-1.,0.));
#5069=DIRECTION('',(0.,0.,-1.));
#5070=DIRECTION('',(0.707106781186548,-0.707106781186548,0.));
#5071=DIRECTION('',(0.707106781186548,0.707106781186548,0.));
#5072=DIRECTION('',(1.,0.,0.));
#5073=DIRECTION('',(0.,0.,-1.));
#5074=DIRECTION('',(-1.,0.,0.));
#5075=DIRECTION('',(0.,0.,1.));
#5076=DIRECTION('',(-0.707106781186548,-0.707106781186548,0.));
#5077=DIRECTION('',(0.707106781186548,-0.707106781186548,0.));
#5078=DIRECTION('',(-0.707106781186548,0.707106781186548,0.));
#5079=DIRECTION('',(0.707106781186548,0.707106781186548,0.));
#5080=DIRECTION('',(0.,1.,0.));
#5081=DIRECTION('',(0.,0.,1.));
#5082=DIRECTION('',(0.707106781186548,0.707106781186548,0.));
#5083=DIRECTION('',(0.707106781186548,-0.707106781186548,0.));
#5084=DIRECTION('',(0.,-1.,0.));
#5085=DIRECTION('',(0.,0.,-1.));
#5086=DIRECTION('',(0.707106781186548,-0.707106781186548,0.));
#5087=DIRECTION('',(0.707106781186548,0.707106781186548,0.));
#5088=DIRECTION('',(1.,0.,0.));
#5089=DIRECTION('',(0.,0.,-1.));
#5090=DIRECTION('',(-1.,0.,0.));
#5091=DIRECTION('',(0.,0.,1.));
#5092=DIRECTION('',(-0.707106781186548,-0.707106781186548,0.));
#5093=DIRECTION('',(0.707106781186548,-0.707106781186548,0.));
#5094=DIRECTION('',(-0.707106781186548,0.707106781186548,0.));
#5095=DIRECTION('',(0.707106781186548,0.707106781186548,0.));
#5096=DIRECTION('',(0.,1.,0.));
#5097=DIRECTION('',(0.,0.,1.));
#5098=DIRECTION('',(0.707106781186548,0.707106781186548,0.));
#5099=DIRECTION('',(0.707106781186548,-0.707106781186548,0.));
#5100=DIRECTION('',(0.,-1.,0.));
#5101=DIRECTION('',(0.,0.,-1.));
#5102=DIRECTION('',(0.707106781186548,-0.707106781186548,0.));
#5103=DIRECTION('',(0.707106781186548,0.707106781186548,0.));
#5104=DIRECTION('',(1.,0.,0.));
#5105=DIRECTION('',(0.,0.,-1.));
#5106=DIRECTION('',(-1.,0.,0.));
#5107=DIRECTION('',(0.,0.,1.));
#5108=DIRECTION('',(-0.707106781186548,-0.707106781186548,0.));
#5109=DIRECTION('',(0.707106781186548,-0.707106781186548,0.));
#5110=DIRECTION('',(-0.707106781186548,0.707106781186548,0.));
#5111=DIRECTION('',(0.707106781186548,0.707106781186548,0.));
#5112=DIRECTION('',(0.,1.,0.));
#5113=DIRECTION('',(0.,0.,1.));
#5114=DIRECTION('',(0.707106781186548,0.707106781186548,0.));
#5115=DIRECTION('',(0.707106781186548,-0.707106781186548,0.));
#5116=DIRECTION('',(0.,-1.,0.));
#5117=DIRECTION('',(0.,0.,-1.));
#5118=DIRECTION('',(0.707106781186548,-0.707106781186548,0.));
#5119=DIRECTION('',(0.707106781186548,0.707106781186548,0.));
#5120=DIRECTION('',(1.,0.,0.));
#5121=DIRECTION('',(0.,0.,-1.));
#5122=DIRECTION('',(-1.,0.,0.));
#5123=DIRECTION('',(0.,0.,1.));
#5124=DIRECTION('',(-0.707106781186548,-0.707106781186548,0.));
#5125=DIRECTION('',(0.707106781186548,-0.707106781186548,0.));
#5126=DIRECTION('',(-0.707106781186548,0.707106781186548,0.));
#5127=DIRECTION('',(0.707106781186548,0.707106781186548,0.));
#5128=DIRECTION('',(0.,1.,0.));
#5129=DIRECTION('',(0.,0.,1.));
#5130=DIRECTION('',(0.707106781186548,0.707106781186548,0.));
#5131=DIRECTION('',(0.707106781186548,-0.707106781186548,0.));
#5132=DIRECTION('',(0.,-1.,0.));
#5133=DIRECTION('',(0.,0.,-1.));
#5134=DIRECTION('',(0.707106781186548,-0.707106781186548,0.));
#5135=DIRECTION('',(0.707106781186548,0.707106781186548,0.));
#5136=DIRECTION('',(1.,0.,0.));
#5137=DIRECTION('',(0.,0.,-1.));
#5138=DIRECTION('',(-1.,0.,0.));
#5139=DIRECTION('',(0.,0.,1.));
#5140=DIRECTION('',(-0.707106781186548,-0.707106781186548,0.));
#5141=DIRECTION('',(0.707106781186548,-0.707106781186548,0.));
#5142=DIRECTION('',(-0.707106781186548,0.707106781186548,0.));
#5143=DIRECTION('',(0.707106781186548,0.707106781186548,0.));
#5144=DIRECTION('',(0.,1.,0.));
#5145=DIRECTION('',(0.,0.,1.));
#5146=DIRECTION('',(0.707106781186548,0.707106781186548,0.));
#5147=DIRECTION('',(0.707106781186548,-0.707106781186548,0.));
#5148=DIRECTION('',(0.,-1.,0.));
#5149=DIRECTION('',(0.,0.,-1.));
#5150=DIRECTION('',(0.707106781186548,-0.707106781186548,0.));
#5151=DIRECTION('',(0.707106781186548,0.707106781186548,0.));
#5152=DIRECTION('',(1.,0.,0.));
#5153=DIRECTION('',(0.,0.,-1.));
#5154=DIRECTION('',(-1.,0.,0.));
#5155=DIRECTION('',(0.,0.,1.));
#5156=DIRECTION('',(-0.707106781186548,-0.707106781186548,0.));
#5157=DIRECTION('',(0.707106781186548,-0.707106781186548,0.));
#5158=DIRECTION('',(-0.707106781186548,0.707106781186548,0.));
#5159=DIRECTION('',(0.707106781186548,0.707106781186548,0.));
#5160=DIRECTION('',(0.,1.,0.));
#5161=DIRECTION('',(0.,0.,1.));
#5162=DIRECTION('',(0.707106781186548,0.707106781186548,0.));
#5163=DIRECTION('',(0.707106781186548,-0.707106781186548,0.));
#5164=DIRECTION('',(0.,-1.,0.));
#5165=DIRECTION('',(0.,0.,-1.));
#5166=DIRECTION('',(0.707106781186548,-0.707106781186548,0.));
#5167=DIRECTION('',(0.707106781186548,0.707106781186548,0.));
#5168=DIRECTION('',(1.,0.,0.));
#5169=DIRECTION('',(0.,0.,-1.));
#5170=DIRECTION('',(-1.,0.,0.));
#5171=DIRECTION('',(0.,0.,1.));
#5172=DIRECTION('',(-0.707106781186548,-0.707106781186548,0.));
#5173=DIRECTION('',(0.707106781186548,-0.707106781186548,0.));
#5174=DIRECTION('',(-0.707106781186548,0.707106781186548,0.));
#5175=DIRECTION('',(0.707106781186548,0.707106781186548,0.));
#5176=DIRECTION('',(0.,1.,0.));
#5177=DIRECTION('',(0.,0.,1.));
#5178=DIRECTION('',(0.707106781186548,0.707106781186548,0.));
#5179=DIRECTION('',(0.707106781186548,-0.707106781186548,0.));
#5180=DIRECTION('',(0.,-1.,0.));
#5181=DIRECTION('',(0.,0.,-1.));
#5182=DIRECTION('',(0.707106781186548,-0.707106781186548,0.));
#5183=DIRECTION('',(0.707106781186548,0.707106781186548,0.));
#5184=DIRECTION('',(1.,0.,0.));
#5185=DIRECTION('',(0.,0.,-1.));
#5186=DIRECTION('',(-1.,0.,0.));
#5187=DIRECTION('',(0.,0.,1.));
#5188=DIRECTION('',(-0.707106781186548,-0.707106781186548,0.));
#5189=DIRECTION('',(0.707106781186548,-0.707106781186548,0.));
#5190=DIRECTION('',(-0.707106781186548,0.707106781186548,0.));
#5191=DIRECTION('',(0.707106781186548,0.707106781186548,0.));
#5192=DIRECTION('',(0.,1.,0.));
#5193=DIRECTION('',(0.,0.,1.));
#5194=DIRECTION('',(0.707106781186548,0.707106781186548,0.));
#5195=DIRECTION('',(0.707106781186548,-0.707106781186548,0.));
#5196=DIRECTION('',(0.,-1.,0.));
#5197=DIRECTION('',(0.,0.,-1.));
#5198=DIRECTION('',(0.707106781186548,-0.707106781186548,0.));
#5199=DIRECTION('',(0.707106781186548,0.707106781186548,0.));
#5200=DIRECTION('',(1.,0.,0.));
#5201=DIRECTION('',(0.,0.,-1.));
#5202=DIRECTION('',(-1.,0.,0.));
#5203=DIRECTION('',(0.,0.,1.));
#5204=DIRECTION('',(-0.707106781186548,-0.707106781186548,0.));
#5205=DIRECTION('',(0.707106781186548,-0.707106781186548,0.));
#5206=DIRECTION('',(-0.707106781186548,0.707106781186548,0.));
#5207=DIRECTION('',(0.707106781186548,0.707106781186548,0.));
#5208=DIRECTION('',(0.,1.,0.));
#5209=DIRECTION('',(0.,0.,1.));
#5210=DIRECTION('',(0.707106781186548,0.707106781186548,0.));
#5211=DIRECTION('',(0.707106781186548,-0.707106781186548,0.));
#5212=DIRECTION('',(0.,-1.,0.));
#5213=DIRECTION('',(0.,0.,-1.));
#5214=DIRECTION('',(0.707106781186548,-0.707106781186548,0.));
#5215=DIRECTION('',(0.707106781186548,0.707106781186548,0.));
#5216=DIRECTION('',(1.,0.,0.));
#5217=DIRECTION('',(0.,0.,-1.));
#5218=DIRECTION('',(0.,1.,0.));
#5219=DIRECTION('',(0.,0.,1.));
#5220=DIRECTION('',(-0.707106781186548,0.707106781186548,0.));
#5221=DIRECTION('',(0.707106781186548,0.707106781186548,0.));
#5222=DIRECTION('',(0.707106781186548,0.707106781186548,0.));
#5223=DIRECTION('',(-0.707106781186548,0.707106781186548,0.));
#5224=DIRECTION('',(1.,0.,0.));
#5225=DIRECTION('',(0.,0.,-1.));
#5226=DIRECTION('',(0.707106781186548,-0.707106781186548,0.));
#5227=DIRECTION('',(-0.707106781186548,-0.707106781186548,0.));
#5228=DIRECTION('',(-1.,0.,0.));
#5229=DIRECTION('',(0.,0.,1.));
#5230=DIRECTION('',(-0.707106781186548,-0.707106781186548,0.));
#5231=DIRECTION('',(0.707106781186548,-0.707106781186548,0.));
#5232=DIRECTION('',(0.,-1.,0.));
#5233=DIRECTION('',(0.,0.,-1.));
#5234=CARTESIAN_POINT('',(0.,0.,0.));
#5235=CARTESIAN_POINT('',(0.151944780466684,-0.103612572521361,0.01651));
#5236=CARTESIAN_POINT('',(0.152143531410011,-0.0535273348030969,0.01651));
#5237=CARTESIAN_POINT('',(0.152143531410011,-0.0535273348030969,0.01351));
#5238=CARTESIAN_POINT('',(0.152143531410011,-0.0535273348030969,0.015875));
#5239=CARTESIAN_POINT('',(0.151944780466684,-0.103612572521361,0.015875));
#5240=CARTESIAN_POINT('',(0.151734076812264,-0.15670989343539,0.015875));
#5241=CARTESIAN_POINT('',(0.151734076812264,-0.15670989343539,0.01651));
#5242=CARTESIAN_POINT('',(0.151734076812264,-0.15670989343539,0.01351));
#5243=CARTESIAN_POINT('',(0.151944780466684,-0.103612572521361,0.01351));
#5244=CARTESIAN_POINT('',(0.0828797068235203,-0.0486095305358113,0.01651));
#5245=CARTESIAN_POINT('',(0.0155016267390132,-0.0486014777070621,0.01651));
#5246=CARTESIAN_POINT('',(0.0155016267390132,-0.0486014777070621,0.01351));
#5247=CARTESIAN_POINT('',(0.0155016267390132,-0.0486014777070621,0.015875));
#5248=CARTESIAN_POINT('',(0.124858241508413,-0.0486145476860556,0.015875));
#5249=CARTESIAN_POINT('',(0.124858241508413,-0.0486145476860556,0.015875));
#5250=CARTESIAN_POINT('',(0.124858241508413,-0.0486145476860556,0.01651));
#5251=CARTESIAN_POINT('',(0.124858241508413,-0.0486145476860556,0.01351));
#5252=CARTESIAN_POINT('',(0.0828797068235203,-0.0486095305358113,0.01351));
#5253=CARTESIAN_POINT('',(0.1395479,-0.1388975,0.01651));
#5254=CARTESIAN_POINT('',(0.1395479,-0.1458975,0.01651));
#5255=CARTESIAN_POINT('',(0.1395479,-0.1458975,0.015875));
#5256=CARTESIAN_POINT('',(0.1395479,-0.1458975,0.01351));
#5257=CARTESIAN_POINT('',(0.1395479,-0.1388975,0.015875));
#5258=CARTESIAN_POINT('',(0.1395479,-0.1318975,0.015875));
#5259=CARTESIAN_POINT('',(0.1395479,-0.1318975,0.01651));
#5260=CARTESIAN_POINT('',(0.1395479,-0.1318975,0.01351));
#5261=CARTESIAN_POINT('',(0.1395479,-0.1388975,0.01351));
#5262=CARTESIAN_POINT('',(0.1325479,-0.1458975,0.01651));
#5263=CARTESIAN_POINT('',(0.1255479,-0.1458975,0.01651));
#5264=CARTESIAN_POINT('',(0.1255479,-0.1458975,0.015875));
#5265=CARTESIAN_POINT('',(0.1255479,-0.1458975,0.01351));
#5266=CARTESIAN_POINT('',(0.1395479,-0.1458975,0.015875));
#5267=CARTESIAN_POINT('',(0.1325479,-0.1458975,0.01351));
#5268=CARTESIAN_POINT('',(0.1255479,-0.1388975,0.01651));
#5269=CARTESIAN_POINT('',(0.1255479,-0.1318975,0.01651));
#5270=CARTESIAN_POINT('',(0.1255479,-0.1318975,0.015875));
#5271=CARTESIAN_POINT('',(0.1255479,-0.1318975,0.01351));
#5272=CARTESIAN_POINT('',(0.1255479,-0.1458975,0.015875));
#5273=CARTESIAN_POINT('',(0.1255479,-0.1388975,0.01351));
#5274=CARTESIAN_POINT('',(0.1119165,-0.1199956,0.01651));
#5275=CARTESIAN_POINT('',(0.1189165,-0.1199956,0.01651));
#5276=CARTESIAN_POINT('',(0.1189165,-0.1199956,0.015875));
#5277=CARTESIAN_POINT('',(0.1189165,-0.1199956,0.01351));
#5278=CARTESIAN_POINT('',(0.1119165,-0.1199956,0.015875));
#5279=CARTESIAN_POINT('',(0.1049165,-0.1199956,0.015875));
#5280=CARTESIAN_POINT('',(0.1049165,-0.1199956,0.01651));
#5281=CARTESIAN_POINT('',(0.1049165,-0.1199956,0.01351));
#5282=CARTESIAN_POINT('',(0.1119165,-0.1199956,0.01351));
#5283=CARTESIAN_POINT('',(0.1189165,-0.1269956,0.01651));
#5284=CARTESIAN_POINT('',(0.1189165,-0.1339956,0.01651));
#5285=CARTESIAN_POINT('',(0.1189165,-0.1339956,0.015875));
#5286=CARTESIAN_POINT('',(0.1189165,-0.1339956,0.01351));
#5287=CARTESIAN_POINT('',(0.1189165,-0.1269956,0.015875));
#5288=CARTESIAN_POINT('',(0.1189165,-0.1269956,0.01351));
#5289=CARTESIAN_POINT('',(0.1119165,-0.1339956,0.01651));
#5290=CARTESIAN_POINT('',(0.1049165,-0.1339956,0.01651));
#5291=CARTESIAN_POINT('',(0.1049165,-0.1339956,0.015875));
#5292=CARTESIAN_POINT('',(0.1049165,-0.1339956,0.01351));
#5293=CARTESIAN_POINT('',(0.1189165,-0.1339956,0.015875));
#5294=CARTESIAN_POINT('',(0.1119165,-0.1339956,0.01351));
#5295=CARTESIAN_POINT('',(0.1119165,-0.1001519,0.01651));
#5296=CARTESIAN_POINT('',(0.1189165,-0.1001519,0.01651));
#5297=CARTESIAN_POINT('',(0.1189165,-0.1001519,0.015875));
#5298=CARTESIAN_POINT('',(0.1189165,-0.1001519,0.01351));
#5299=CARTESIAN_POINT('',(0.1119165,-0.1001519,0.015875));
#5300=CARTESIAN_POINT('',(0.1049165,-0.1001519,0.015875));
#5301=CARTESIAN_POINT('',(0.1049165,-0.1001519,0.01651));
#5302=CARTESIAN_POINT('',(0.1049165,-0.1001519,0.01351));
#5303=CARTESIAN_POINT('',(0.1119165,-0.1001519,0.01351));
#5304=CARTESIAN_POINT('',(0.1189165,-0.1071519,0.01651));
#5305=CARTESIAN_POINT('',(0.1189165,-0.1141519,0.01651));
#5306=CARTESIAN_POINT('',(0.1189165,-0.1141519,0.015875));
#5307=CARTESIAN_POINT('',(0.1189165,-0.1141519,0.01351));
#5308=CARTESIAN_POINT('',(0.1189165,-0.1071519,0.015875));
#5309=CARTESIAN_POINT('',(0.1189165,-0.1071519,0.01351));
#5310=CARTESIAN_POINT('',(0.1119165,-0.1141519,0.01651));
#5311=CARTESIAN_POINT('',(0.1049165,-0.1141519,0.01651));
#5312=CARTESIAN_POINT('',(0.1049165,-0.1141519,0.015875));
#5313=CARTESIAN_POINT('',(0.1049165,-0.1141519,0.01351));
#5314=CARTESIAN_POINT('',(0.1189165,-0.1141519,0.015875));
#5315=CARTESIAN_POINT('',(0.1119165,-0.1141519,0.01351));
#5316=CARTESIAN_POINT('',(0.1119165,-0.0803082,0.01651));
#5317=CARTESIAN_POINT('',(0.1189165,-0.0803082,0.01651));
#5318=CARTESIAN_POINT('',(0.1189165,-0.0803082,0.015875));
#5319=CARTESIAN_POINT('',(0.1189165,-0.0803082,0.01351));
#5320=CARTESIAN_POINT('',(0.1119165,-0.0803082,0.015875));
#5321=CARTESIAN_POINT('',(0.1049165,-0.0803082,0.015875));
#5322=CARTESIAN_POINT('',(0.1049165,-0.0803082,0.01651));
#5323=CARTESIAN_POINT('',(0.1049165,-0.0803082,0.01351));
#5324=CARTESIAN_POINT('',(0.1119165,-0.0803082,0.01351));
#5325=CARTESIAN_POINT('',(0.1189165,-0.0873082,0.01651));
#5326=CARTESIAN_POINT('',(0.1189165,-0.0943082,0.01651));
#5327=CARTESIAN_POINT('',(0.1189165,-0.0943082,0.015875));
#5328=CARTESIAN_POINT('',(0.1189165,-0.0943082,0.01351));
#5329=CARTESIAN_POINT('',(0.1189165,-0.0873082,0.015875));
#5330=CARTESIAN_POINT('',(0.1189165,-0.0873082,0.01351));
#5331=CARTESIAN_POINT('',(0.1119165,-0.0943082,0.01651));
#5332=CARTESIAN_POINT('',(0.1049165,-0.0943082,0.01651));
#5333=CARTESIAN_POINT('',(0.1049165,-0.0943082,0.015875));
#5334=CARTESIAN_POINT('',(0.1049165,-0.0943082,0.01351));
#5335=CARTESIAN_POINT('',(0.1189165,-0.0943082,0.015875));
#5336=CARTESIAN_POINT('',(0.1119165,-0.0943082,0.01351));
#5337=CARTESIAN_POINT('',(0.1119165,-0.0604645,0.01651));
#5338=CARTESIAN_POINT('',(0.1189165,-0.0604645,0.01651));
#5339=CARTESIAN_POINT('',(0.1189165,-0.0604645,0.015875));
#5340=CARTESIAN_POINT('',(0.1189165,-0.0604645,0.01351));
#5341=CARTESIAN_POINT('',(0.1119165,-0.0604645,0.015875));
#5342=CARTESIAN_POINT('',(0.1049165,-0.0604645,0.015875));
#5343=CARTESIAN_POINT('',(0.1049165,-0.0604645,0.01651));
#5344=CARTESIAN_POINT('',(0.1049165,-0.0604645,0.01351));
#5345=CARTESIAN_POINT('',(0.1119165,-0.0604645,0.01351));
#5346=CARTESIAN_POINT('',(0.1189165,-0.0674645,0.01651));
#5347=CARTESIAN_POINT('',(0.1189165,-0.0744645,0.01651));
#5348=CARTESIAN_POINT('',(0.1189165,-0.0744645,0.015875));
#5349=CARTESIAN_POINT('',(0.1189165,-0.0744645,0.01351));
#5350=CARTESIAN_POINT('',(0.1189165,-0.0674645,0.015875));
#5351=CARTESIAN_POINT('',(0.1189165,-0.0674645,0.01351));
#5352=CARTESIAN_POINT('',(0.1119165,-0.0744645,0.01651));
#5353=CARTESIAN_POINT('',(0.1049165,-0.0744645,0.01651));
#5354=CARTESIAN_POINT('',(0.1049165,-0.0744645,0.015875));
#5355=CARTESIAN_POINT('',(0.1049165,-0.0744645,0.01351));
#5356=CARTESIAN_POINT('',(0.1189165,-0.0744645,0.015875));
#5357=CARTESIAN_POINT('',(0.1119165,-0.0744645,0.01351));
#5358=CARTESIAN_POINT('',(0.0920728,-0.1199956,0.01651));
#5359=CARTESIAN_POINT('',(0.0990728,-0.1199956,0.01651));
#5360=CARTESIAN_POINT('',(0.0990728,-0.1199956,0.015875));
#5361=CARTESIAN_POINT('',(0.0990728,-0.1199956,0.01351));
#5362=CARTESIAN_POINT('',(0.0920728,-0.1199956,0.015875));
#5363=CARTESIAN_POINT('',(0.0850728,-0.1199956,0.015875));
#5364=CARTESIAN_POINT('',(0.0850728,-0.1199956,0.01651));
#5365=CARTESIAN_POINT('',(0.0850728,-0.1199956,0.01351));
#5366=CARTESIAN_POINT('',(0.0920728,-0.1199956,0.01351));
#5367=CARTESIAN_POINT('',(0.0990728,-0.1269956,0.01651));
#5368=CARTESIAN_POINT('',(0.0990728,-0.1339956,0.01651));
#5369=CARTESIAN_POINT('',(0.0990728,-0.1339956,0.015875));
#5370=CARTESIAN_POINT('',(0.0990728,-0.1339956,0.01351));
#5371=CARTESIAN_POINT('',(0.0990728,-0.1269956,0.015875));
#5372=CARTESIAN_POINT('',(0.0990728,-0.1269956,0.01351));
#5373=CARTESIAN_POINT('',(0.0920728,-0.1339956,0.01651));
#5374=CARTESIAN_POINT('',(0.0850728,-0.1339956,0.01651));
#5375=CARTESIAN_POINT('',(0.0850728,-0.1339956,0.015875));
#5376=CARTESIAN_POINT('',(0.0850728,-0.1339956,0.01351));
#5377=CARTESIAN_POINT('',(0.0990728,-0.1339956,0.015875));
#5378=CARTESIAN_POINT('',(0.0920728,-0.1339956,0.01351));
#5379=CARTESIAN_POINT('',(0.0920728,-0.1001519,0.01651));
#5380=CARTESIAN_POINT('',(0.0990728,-0.1001519,0.01651));
#5381=CARTESIAN_POINT('',(0.0990728,-0.1001519,0.015875));
#5382=CARTESIAN_POINT('',(0.0990728,-0.1001519,0.01351));
#5383=CARTESIAN_POINT('',(0.0920728,-0.1001519,0.015875));
#5384=CARTESIAN_POINT('',(0.0850728,-0.1001519,0.015875));
#5385=CARTESIAN_POINT('',(0.0850728,-0.1001519,0.01651));
#5386=CARTESIAN_POINT('',(0.0850728,-0.1001519,0.01351));
#5387=CARTESIAN_POINT('',(0.0920728,-0.1001519,0.01351));
#5388=CARTESIAN_POINT('',(0.0990728,-0.1071519,0.01651));
#5389=CARTESIAN_POINT('',(0.0990728,-0.1141519,0.01651));
#5390=CARTESIAN_POINT('',(0.0990728,-0.1141519,0.015875));
#5391=CARTESIAN_POINT('',(0.0990728,-0.1141519,0.01351));
#5392=CARTESIAN_POINT('',(0.0990728,-0.1071519,0.015875));
#5393=CARTESIAN_POINT('',(0.0990728,-0.1071519,0.01351));
#5394=CARTESIAN_POINT('',(0.0920728,-0.1141519,0.01651));
#5395=CARTESIAN_POINT('',(0.0850728,-0.1141519,0.01651));
#5396=CARTESIAN_POINT('',(0.0850728,-0.1141519,0.015875));
#5397=CARTESIAN_POINT('',(0.0850728,-0.1141519,0.01351));
#5398=CARTESIAN_POINT('',(0.0990728,-0.1141519,0.015875));
#5399=CARTESIAN_POINT('',(0.0920728,-0.1141519,0.01351));
#5400=CARTESIAN_POINT('',(0.0920728,-0.0803082,0.01651));
#5401=CARTESIAN_POINT('',(0.0990728,-0.0803082,0.01651));
#5402=CARTESIAN_POINT('',(0.0990728,-0.0803082,0.015875));
#5403=CARTESIAN_POINT('',(0.0990728,-0.0803082,0.01351));
#5404=CARTESIAN_POINT('',(0.0920728,-0.0803082,0.015875));
#5405=CARTESIAN_POINT('',(0.0850728,-0.0803082,0.015875));
#5406=CARTESIAN_POINT('',(0.0850728,-0.0803082,0.01651));
#5407=CARTESIAN_POINT('',(0.0850728,-0.0803082,0.01351));
#5408=CARTESIAN_POINT('',(0.0920728,-0.0803082,0.01351));
#5409=CARTESIAN_POINT('',(0.0990728,-0.0873082,0.01651));
#5410=CARTESIAN_POINT('',(0.0990728,-0.0943082,0.01651));
#5411=CARTESIAN_POINT('',(0.0990728,-0.0943082,0.015875));
#5412=CARTESIAN_POINT('',(0.0990728,-0.0943082,0.01351));
#5413=CARTESIAN_POINT('',(0.0990728,-0.0873082,0.015875));
#5414=CARTESIAN_POINT('',(0.0990728,-0.0873082,0.01351));
#5415=CARTESIAN_POINT('',(0.0920728,-0.0943082,0.01651));
#5416=CARTESIAN_POINT('',(0.0850728,-0.0943082,0.01651));
#5417=CARTESIAN_POINT('',(0.0850728,-0.0943082,0.015875));
#5418=CARTESIAN_POINT('',(0.0850728,-0.0943082,0.01351));
#5419=CARTESIAN_POINT('',(0.0990728,-0.0943082,0.015875));
#5420=CARTESIAN_POINT('',(0.0920728,-0.0943082,0.01351));
#5421=CARTESIAN_POINT('',(0.0920728,-0.0604645,0.01651));
#5422=CARTESIAN_POINT('',(0.0990728,-0.0604645,0.01651));
#5423=CARTESIAN_POINT('',(0.0990728,-0.0604645,0.015875));
#5424=CARTESIAN_POINT('',(0.0990728,-0.0604645,0.01351));
#5425=CARTESIAN_POINT('',(0.0920728,-0.0604645,0.015875));
#5426=CARTESIAN_POINT('',(0.0850728,-0.0604645,0.015875));
#5427=CARTESIAN_POINT('',(0.0850728,-0.0604645,0.01651));
#5428=CARTESIAN_POINT('',(0.0850728,-0.0604645,0.01351));
#5429=CARTESIAN_POINT('',(0.0920728,-0.0604645,0.01351));
#5430=CARTESIAN_POINT('',(0.0990728,-0.0674645,0.01651));
#5431=CARTESIAN_POINT('',(0.0990728,-0.0744645,0.01651));
#5432=CARTESIAN_POINT('',(0.0990728,-0.0744645,0.015875));
#5433=CARTESIAN_POINT('',(0.0990728,-0.0744645,0.01351));
#5434=CARTESIAN_POINT('',(0.0990728,-0.0674645,0.015875));
#5435=CARTESIAN_POINT('',(0.0990728,-0.0674645,0.01351));
#5436=CARTESIAN_POINT('',(0.0920728,-0.0744645,0.01651));
#5437=CARTESIAN_POINT('',(0.0850728,-0.0744645,0.01651));
#5438=CARTESIAN_POINT('',(0.0850728,-0.0744645,0.015875));
#5439=CARTESIAN_POINT('',(0.0850728,-0.0744645,0.01351));
#5440=CARTESIAN_POINT('',(0.0990728,-0.0744645,0.015875));
#5441=CARTESIAN_POINT('',(0.0920728,-0.0744645,0.01351));
#5442=CARTESIAN_POINT('',(0.0722291,-0.1199956,0.01651));
#5443=CARTESIAN_POINT('',(0.0792291,-0.1199956,0.01651));
#5444=CARTESIAN_POINT('',(0.0792291,-0.1199956,0.015875));
#5445=CARTESIAN_POINT('',(0.0792291,-0.1199956,0.01351));
#5446=CARTESIAN_POINT('',(0.0722291,-0.1199956,0.015875));
#5447=CARTESIAN_POINT('',(0.0652291,-0.1199956,0.015875));
#5448=CARTESIAN_POINT('',(0.0652291,-0.1199956,0.01651));
#5449=CARTESIAN_POINT('',(0.0652291,-0.1199956,0.01351));
#5450=CARTESIAN_POINT('',(0.0722291,-0.1199956,0.01351));
#5451=CARTESIAN_POINT('',(0.0792291,-0.1269956,0.01651));
#5452=CARTESIAN_POINT('',(0.0792291,-0.1339956,0.01651));
#5453=CARTESIAN_POINT('',(0.0792291,-0.1339956,0.015875));
#5454=CARTESIAN_POINT('',(0.0792291,-0.1339956,0.01351));
#5455=CARTESIAN_POINT('',(0.0792291,-0.1269956,0.015875));
#5456=CARTESIAN_POINT('',(0.0792291,-0.1269956,0.01351));
#5457=CARTESIAN_POINT('',(0.0722291,-0.1339956,0.01651));
#5458=CARTESIAN_POINT('',(0.0652291,-0.1339956,0.01651));
#5459=CARTESIAN_POINT('',(0.0652291,-0.1339956,0.015875));
#5460=CARTESIAN_POINT('',(0.0652291,-0.1339956,0.01351));
#5461=CARTESIAN_POINT('',(0.0792291,-0.1339956,0.015875));
#5462=CARTESIAN_POINT('',(0.0722291,-0.1339956,0.01351));
#5463=CARTESIAN_POINT('',(0.0722291,-0.1001519,0.01651));
#5464=CARTESIAN_POINT('',(0.0792291,-0.1001519,0.01651));
#5465=CARTESIAN_POINT('',(0.0792291,-0.1001519,0.015875));
#5466=CARTESIAN_POINT('',(0.0792291,-0.1001519,0.01351));
#5467=CARTESIAN_POINT('',(0.0722291,-0.1001519,0.015875));
#5468=CARTESIAN_POINT('',(0.0652291,-0.1001519,0.015875));
#5469=CARTESIAN_POINT('',(0.0652291,-0.1001519,0.01651));
#5470=CARTESIAN_POINT('',(0.0652291,-0.1001519,0.01351));
#5471=CARTESIAN_POINT('',(0.0722291,-0.1001519,0.01351));
#5472=CARTESIAN_POINT('',(0.0792291,-0.1071519,0.01651));
#5473=CARTESIAN_POINT('',(0.0792291,-0.1141519,0.01651));
#5474=CARTESIAN_POINT('',(0.0792291,-0.1141519,0.015875));
#5475=CARTESIAN_POINT('',(0.0792291,-0.1141519,0.01351));
#5476=CARTESIAN_POINT('',(0.0792291,-0.1071519,0.015875));
#5477=CARTESIAN_POINT('',(0.0792291,-0.1071519,0.01351));
#5478=CARTESIAN_POINT('',(0.0722291,-0.1141519,0.01651));
#5479=CARTESIAN_POINT('',(0.0652291,-0.1141519,0.01651));
#5480=CARTESIAN_POINT('',(0.0652291,-0.1141519,0.015875));
#5481=CARTESIAN_POINT('',(0.0652291,-0.1141519,0.01351));
#5482=CARTESIAN_POINT('',(0.0792291,-0.1141519,0.015875));
#5483=CARTESIAN_POINT('',(0.0722291,-0.1141519,0.01351));
#5484=CARTESIAN_POINT('',(0.0722291,-0.0803082,0.01651));
#5485=CARTESIAN_POINT('',(0.0792291,-0.0803082,0.01651));
#5486=CARTESIAN_POINT('',(0.0792291,-0.0803082,0.015875));
#5487=CARTESIAN_POINT('',(0.0792291,-0.0803082,0.01351));
#5488=CARTESIAN_POINT('',(0.0722291,-0.0803082,0.015875));
#5489=CARTESIAN_POINT('',(0.0652291,-0.0803082,0.015875));
#5490=CARTESIAN_POINT('',(0.0652291,-0.0803082,0.01651));
#5491=CARTESIAN_POINT('',(0.0652291,-0.0803082,0.01351));
#5492=CARTESIAN_POINT('',(0.0722291,-0.0803082,0.01351));
#5493=CARTESIAN_POINT('',(0.0792291,-0.0873082,0.01651));
#5494=CARTESIAN_POINT('',(0.0792291,-0.0943082,0.01651));
#5495=CARTESIAN_POINT('',(0.0792291,-0.0943082,0.015875));
#5496=CARTESIAN_POINT('',(0.0792291,-0.0943082,0.01351));
#5497=CARTESIAN_POINT('',(0.0792291,-0.0873082,0.015875));
#5498=CARTESIAN_POINT('',(0.0792291,-0.0873082,0.01351));
#5499=CARTESIAN_POINT('',(0.0722291,-0.0943082,0.01651));
#5500=CARTESIAN_POINT('',(0.0652291,-0.0943082,0.01651));
#5501=CARTESIAN_POINT('',(0.0652291,-0.0943082,0.015875));
#5502=CARTESIAN_POINT('',(0.0652291,-0.0943082,0.01351));
#5503=CARTESIAN_POINT('',(0.0792291,-0.0943082,0.015875));
#5504=CARTESIAN_POINT('',(0.0722291,-0.0943082,0.01351));
#5505=CARTESIAN_POINT('',(0.0722291,-0.0604645,0.01651));
#5506=CARTESIAN_POINT('',(0.0792291,-0.0604645,0.01651));
#5507=CARTESIAN_POINT('',(0.0792291,-0.0604645,0.015875));
#5508=CARTESIAN_POINT('',(0.0792291,-0.0604645,0.01351));
#5509=CARTESIAN_POINT('',(0.0722291,-0.0604645,0.015875));
#5510=CARTESIAN_POINT('',(0.0652291,-0.0604645,0.015875));
#5511=CARTESIAN_POINT('',(0.0652291,-0.0604645,0.01651));
#5512=CARTESIAN_POINT('',(0.0652291,-0.0604645,0.01351));
#5513=CARTESIAN_POINT('',(0.0722291,-0.0604645,0.01351));
#5514=CARTESIAN_POINT('',(0.0792291,-0.0674645,0.01651));
#5515=CARTESIAN_POINT('',(0.0792291,-0.0744645,0.01651));
#5516=CARTESIAN_POINT('',(0.0792291,-0.0744645,0.015875));
#5517=CARTESIAN_POINT('',(0.0792291,-0.0744645,0.01351));
#5518=CARTESIAN_POINT('',(0.0792291,-0.0674645,0.015875));
#5519=CARTESIAN_POINT('',(0.0792291,-0.0674645,0.01351));
#5520=CARTESIAN_POINT('',(0.0722291,-0.0744645,0.01651));
#5521=CARTESIAN_POINT('',(0.0652291,-0.0744645,0.01651));
#5522=CARTESIAN_POINT('',(0.0652291,-0.0744645,0.015875));
#5523=CARTESIAN_POINT('',(0.0652291,-0.0744645,0.01351));
#5524=CARTESIAN_POINT('',(0.0792291,-0.0744645,0.015875));
#5525=CARTESIAN_POINT('',(0.0722291,-0.0744645,0.01351));
#5526=CARTESIAN_POINT('',(0.0523854,-0.1199956,0.01651));
#5527=CARTESIAN_POINT('',(0.0593854,-0.1199956,0.01651));
#5528=CARTESIAN_POINT('',(0.0593854,-0.1199956,0.015875));
#5529=CARTESIAN_POINT('',(0.0593854,-0.1199956,0.01351));
#5530=CARTESIAN_POINT('',(0.0523854,-0.1199956,0.015875));
#5531=CARTESIAN_POINT('',(0.0453854,-0.1199956,0.015875));
#5532=CARTESIAN_POINT('',(0.0453854,-0.1199956,0.01651));
#5533=CARTESIAN_POINT('',(0.0453854,-0.1199956,0.01351));
#5534=CARTESIAN_POINT('',(0.0523854,-0.1199956,0.01351));
#5535=CARTESIAN_POINT('',(0.0593854,-0.1269956,0.01651));
#5536=CARTESIAN_POINT('',(0.0593854,-0.1339956,0.01651));
#5537=CARTESIAN_POINT('',(0.0593854,-0.1339956,0.015875));
#5538=CARTESIAN_POINT('',(0.0593854,-0.1339956,0.01351));
#5539=CARTESIAN_POINT('',(0.0593854,-0.1269956,0.015875));
#5540=CARTESIAN_POINT('',(0.0593854,-0.1269956,0.01351));
#5541=CARTESIAN_POINT('',(0.0523854,-0.1339956,0.01651));
#5542=CARTESIAN_POINT('',(0.0453854,-0.1339956,0.01651));
#5543=CARTESIAN_POINT('',(0.0453854,-0.1339956,0.015875));
#5544=CARTESIAN_POINT('',(0.0453854,-0.1339956,0.01351));
#5545=CARTESIAN_POINT('',(0.0593854,-0.1339956,0.015875));
#5546=CARTESIAN_POINT('',(0.0523854,-0.1339956,0.01351));
#5547=CARTESIAN_POINT('',(0.0523854,-0.1001519,0.01651));
#5548=CARTESIAN_POINT('',(0.0593854,-0.1001519,0.01651));
#5549=CARTESIAN_POINT('',(0.0593854,-0.1001519,0.015875));
#5550=CARTESIAN_POINT('',(0.0593854,-0.1001519,0.01351));
#5551=CARTESIAN_POINT('',(0.0523854,-0.1001519,0.015875));
#5552=CARTESIAN_POINT('',(0.0453854,-0.1001519,0.015875));
#5553=CARTESIAN_POINT('',(0.0453854,-0.1001519,0.01651));
#5554=CARTESIAN_POINT('',(0.0453854,-0.1001519,0.01351));
#5555=CARTESIAN_POINT('',(0.0523854,-0.1001519,0.01351));
#5556=CARTESIAN_POINT('',(0.0593854,-0.1071519,0.01651));
#5557=CARTESIAN_POINT('',(0.0593854,-0.1141519,0.01651));
#5558=CARTESIAN_POINT('',(0.0593854,-0.1141519,0.015875));
#5559=CARTESIAN_POINT('',(0.0593854,-0.1141519,0.01351));
#5560=CARTESIAN_POINT('',(0.0593854,-0.1071519,0.015875));
#5561=CARTESIAN_POINT('',(0.0593854,-0.1071519,0.01351));
#5562=CARTESIAN_POINT('',(0.0523854,-0.1141519,0.01651));
#5563=CARTESIAN_POINT('',(0.0453854,-0.1141519,0.01651));
#5564=CARTESIAN_POINT('',(0.0453854,-0.1141519,0.015875));
#5565=CARTESIAN_POINT('',(0.0453854,-0.1141519,0.01351));
#5566=CARTESIAN_POINT('',(0.0593854,-0.1141519,0.015875));
#5567=CARTESIAN_POINT('',(0.0523854,-0.1141519,0.01351));
#5568=CARTESIAN_POINT('',(0.0523854,-0.0803082,0.01651));
#5569=CARTESIAN_POINT('',(0.0593854,-0.0803082,0.01651));
#5570=CARTESIAN_POINT('',(0.0593854,-0.0803082,0.015875));
#5571=CARTESIAN_POINT('',(0.0593854,-0.0803082,0.01351));
#5572=CARTESIAN_POINT('',(0.0523854,-0.0803082,0.015875));
#5573=CARTESIAN_POINT('',(0.0453854,-0.0803082,0.015875));
#5574=CARTESIAN_POINT('',(0.0453854,-0.0803082,0.01651));
#5575=CARTESIAN_POINT('',(0.0453854,-0.0803082,0.01351));
#5576=CARTESIAN_POINT('',(0.0523854,-0.0803082,0.01351));
#5577=CARTESIAN_POINT('',(0.0593854,-0.0873082,0.01651));
#5578=CARTESIAN_POINT('',(0.0593854,-0.0943082,0.01651));
#5579=CARTESIAN_POINT('',(0.0593854,-0.0943082,0.015875));
#5580=CARTESIAN_POINT('',(0.0593854,-0.0943082,0.01351));
#5581=CARTESIAN_POINT('',(0.0593854,-0.0873082,0.015875));
#5582=CARTESIAN_POINT('',(0.0593854,-0.0873082,0.01351));
#5583=CARTESIAN_POINT('',(0.0523854,-0.0943082,0.01651));
#5584=CARTESIAN_POINT('',(0.0453854,-0.0943082,0.01651));
#5585=CARTESIAN_POINT('',(0.0453854,-0.0943082,0.015875));
#5586=CARTESIAN_POINT('',(0.0453854,-0.0943082,0.01351));
#5587=CARTESIAN_POINT('',(0.0593854,-0.0943082,0.015875));
#5588=CARTESIAN_POINT('',(0.0523854,-0.0943082,0.01351));
#5589=CARTESIAN_POINT('',(0.0523854,-0.0604645,0.01651));
#5590=CARTESIAN_POINT('',(0.0593854,-0.0604645,0.01651));
#5591=CARTESIAN_POINT('',(0.0593854,-0.0604645,0.015875));
#5592=CARTESIAN_POINT('',(0.0593854,-0.0604645,0.01351));
#5593=CARTESIAN_POINT('',(0.0523854,-0.0604645,0.015875));
#5594=CARTESIAN_POINT('',(0.0453854,-0.0604645,0.015875));
#5595=CARTESIAN_POINT('',(0.0453854,-0.0604645,0.01651));
#5596=CARTESIAN_POINT('',(0.0453854,-0.0604645,0.01351));
#5597=CARTESIAN_POINT('',(0.0523854,-0.0604645,0.01351));
#5598=CARTESIAN_POINT('',(0.0593854,-0.0674645,0.01651));
#5599=CARTESIAN_POINT('',(0.0593854,-0.0744645,0.01651));
#5600=CARTESIAN_POINT('',(0.0593854,-0.0744645,0.015875));
#5601=CARTESIAN_POINT('',(0.0593854,-0.0744645,0.01351));
#5602=CARTESIAN_POINT('',(0.0593854,-0.0674645,0.015875));
#5603=CARTESIAN_POINT('',(0.0593854,-0.0674645,0.01351));
#5604=CARTESIAN_POINT('',(0.0523854,-0.0744645,0.01651));
#5605=CARTESIAN_POINT('',(0.0453854,-0.0744645,0.01651));
#5606=CARTESIAN_POINT('',(0.0453854,-0.0744645,0.015875));
#5607=CARTESIAN_POINT('',(0.0453854,-0.0744645,0.01351));
#5608=CARTESIAN_POINT('',(0.0593854,-0.0744645,0.015875));
#5609=CARTESIAN_POINT('',(0.0523854,-0.0744645,0.01351));
#5610=CARTESIAN_POINT('',(0.0325417,-0.1199956,0.01651));
#5611=CARTESIAN_POINT('',(0.0395417,-0.1199956,0.01651));
#5612=CARTESIAN_POINT('',(0.0395417,-0.1199956,0.015875));
#5613=CARTESIAN_POINT('',(0.0395417,-0.1199956,0.01351));
#5614=CARTESIAN_POINT('',(0.0325417,-0.1199956,0.015875));
#5615=CARTESIAN_POINT('',(0.0255417,-0.1199956,0.015875));
#5616=CARTESIAN_POINT('',(0.0255417,-0.1199956,0.01651));
#5617=CARTESIAN_POINT('',(0.0255417,-0.1199956,0.01351));
#5618=CARTESIAN_POINT('',(0.0325417,-0.1199956,0.01351));
#5619=CARTESIAN_POINT('',(0.0395417,-0.1269956,0.01651));
#5620=CARTESIAN_POINT('',(0.0395417,-0.1339956,0.01651));
#5621=CARTESIAN_POINT('',(0.0395417,-0.1339956,0.015875));
#5622=CARTESIAN_POINT('',(0.0395417,-0.1339956,0.01351));
#5623=CARTESIAN_POINT('',(0.0395417,-0.1269956,0.015875));
#5624=CARTESIAN_POINT('',(0.0395417,-0.1269956,0.01351));
#5625=CARTESIAN_POINT('',(0.0325417,-0.1339956,0.01651));
#5626=CARTESIAN_POINT('',(0.0255417,-0.1339956,0.01651));
#5627=CARTESIAN_POINT('',(0.0255417,-0.1339956,0.015875));
#5628=CARTESIAN_POINT('',(0.0255417,-0.1339956,0.01351));
#5629=CARTESIAN_POINT('',(0.0395417,-0.1339956,0.015875));
#5630=CARTESIAN_POINT('',(0.0325417,-0.1339956,0.01351));
#5631=CARTESIAN_POINT('',(0.0325417,-0.1001519,0.01651));
#5632=CARTESIAN_POINT('',(0.0395417,-0.1001519,0.01651));
#5633=CARTESIAN_POINT('',(0.0395417,-0.1001519,0.015875));
#5634=CARTESIAN_POINT('',(0.0395417,-0.1001519,0.01351));
#5635=CARTESIAN_POINT('',(0.0325417,-0.1001519,0.015875));
#5636=CARTESIAN_POINT('',(0.0255417,-0.1001519,0.015875));
#5637=CARTESIAN_POINT('',(0.0255417,-0.1001519,0.01651));
#5638=CARTESIAN_POINT('',(0.0255417,-0.1001519,0.01351));
#5639=CARTESIAN_POINT('',(0.0325417,-0.1001519,0.01351));
#5640=CARTESIAN_POINT('',(0.0395417,-0.1071519,0.01651));
#5641=CARTESIAN_POINT('',(0.0395417,-0.1141519,0.01651));
#5642=CARTESIAN_POINT('',(0.0395417,-0.1141519,0.015875));
#5643=CARTESIAN_POINT('',(0.0395417,-0.1141519,0.01351));
#5644=CARTESIAN_POINT('',(0.0395417,-0.1071519,0.015875));
#5645=CARTESIAN_POINT('',(0.0395417,-0.1071519,0.01351));
#5646=CARTESIAN_POINT('',(0.0325417,-0.1141519,0.01651));
#5647=CARTESIAN_POINT('',(0.0255417,-0.1141519,0.01651));
#5648=CARTESIAN_POINT('',(0.0255417,-0.1141519,0.015875));
#5649=CARTESIAN_POINT('',(0.0255417,-0.1141519,0.01351));
#5650=CARTESIAN_POINT('',(0.0395417,-0.1141519,0.015875));
#5651=CARTESIAN_POINT('',(0.0325417,-0.1141519,0.01351));
#5652=CARTESIAN_POINT('',(0.0325417,-0.0803082,0.01651));
#5653=CARTESIAN_POINT('',(0.0395417,-0.0803082,0.01651));
#5654=CARTESIAN_POINT('',(0.0395417,-0.0803082,0.015875));
#5655=CARTESIAN_POINT('',(0.0395417,-0.0803082,0.01351));
#5656=CARTESIAN_POINT('',(0.0325417,-0.0803082,0.015875));
#5657=CARTESIAN_POINT('',(0.0255417,-0.0803082,0.015875));
#5658=CARTESIAN_POINT('',(0.0255417,-0.0803082,0.01651));
#5659=CARTESIAN_POINT('',(0.0255417,-0.0803082,0.01351));
#5660=CARTESIAN_POINT('',(0.0325417,-0.0803082,0.01351));
#5661=CARTESIAN_POINT('',(0.0395417,-0.0873082,0.01651));
#5662=CARTESIAN_POINT('',(0.0395417,-0.0943082,0.01651));
#5663=CARTESIAN_POINT('',(0.0395417,-0.0943082,0.015875));
#5664=CARTESIAN_POINT('',(0.0395417,-0.0943082,0.01351));
#5665=CARTESIAN_POINT('',(0.0395417,-0.0873082,0.015875));
#5666=CARTESIAN_POINT('',(0.0395417,-0.0873082,0.01351));
#5667=CARTESIAN_POINT('',(0.0325417,-0.0943082,0.01651));
#5668=CARTESIAN_POINT('',(0.0255417,-0.0943082,0.01651));
#5669=CARTESIAN_POINT('',(0.0255417,-0.0943082,0.015875));
#5670=CARTESIAN_POINT('',(0.0255417,-0.0943082,0.01351));
#5671=CARTESIAN_POINT('',(0.0395417,-0.0943082,0.015875));
#5672=CARTESIAN_POINT('',(0.0325417,-0.0943082,0.01351));
#5673=CARTESIAN_POINT('',(0.0395417,-0.0674645,0.01651));
#5674=CARTESIAN_POINT('',(0.0395417,-0.0744645,0.01651));
#5675=CARTESIAN_POINT('',(0.0395417,-0.0744645,0.015875));
#5676=CARTESIAN_POINT('',(0.0395417,-0.0744645,0.01351));
#5677=CARTESIAN_POINT('',(0.0395417,-0.0674645,0.015875));
#5678=CARTESIAN_POINT('',(0.0395417,-0.0604645,0.015875));
#5679=CARTESIAN_POINT('',(0.0395417,-0.0604645,0.01651));
#5680=CARTESIAN_POINT('',(0.0395417,-0.0604645,0.01351));
#5681=CARTESIAN_POINT('',(0.0395417,-0.0674645,0.01351));
#5682=CARTESIAN_POINT('',(0.0325417,-0.0744645,0.01651));
#5683=CARTESIAN_POINT('',(0.0255417,-0.0744645,0.01651));
#5684=CARTESIAN_POINT('',(0.0255417,-0.0744645,0.015875));
#5685=CARTESIAN_POINT('',(0.0255417,-0.0744645,0.01351));
#5686=CARTESIAN_POINT('',(0.0395417,-0.0744645,0.015875));
#5687=CARTESIAN_POINT('',(0.0325417,-0.0744645,0.01351));
#5688=CARTESIAN_POINT('',(0.0255417,-0.0674645,0.01651));
#5689=CARTESIAN_POINT('',(0.0255417,-0.0604645,0.01651));
#5690=CARTESIAN_POINT('',(0.0255417,-0.0604645,0.015875));
#5691=CARTESIAN_POINT('',(0.0255417,-0.0604645,0.01351));
#5692=CARTESIAN_POINT('',(0.0255417,-0.0744645,0.015875));
#5693=CARTESIAN_POINT('',(0.0255417,-0.0674645,0.01351));
#5694=CARTESIAN_POINT('',(0.0135963728352606,-0.10360429198555,0.01651));
#5695=CARTESIAN_POINT('',(0.0135963466113575,-0.156702333030265,0.01651));
#5696=CARTESIAN_POINT('',(0.0135963466113575,-0.156702333030265,0.01351));
#5697=CARTESIAN_POINT('',(0.0135963466113575,-0.156702333030265,0.015875));
#5698=CARTESIAN_POINT('',(0.0135963728352606,-0.10360429198555,0.015875));
#5699=CARTESIAN_POINT('',(0.0135963990590523,-0.0505064767526205,0.015875));
#5700=CARTESIAN_POINT('',(0.0135963990590523,-0.0505064767526205,0.01351));
#5701=CARTESIAN_POINT('',(0.0135963990590523,-0.0505064767526205,0.01351));
#5702=CARTESIAN_POINT('',(0.0135963728352606,-0.10360429198555,0.01351));
#5703=CARTESIAN_POINT('',(0.0261365850456059,-0.1586073339711,0.01651));
#5704=CARTESIAN_POINT('',(0.0367718244206906,-0.1586073339711,0.01651));
#5705=CARTESIAN_POINT('',(0.0367718244206906,-0.1586073339711,0.01351));
#5706=CARTESIAN_POINT('',(0.0367718244206906,-0.1586073339711,0.015875));
#5707=CARTESIAN_POINT('',(0.0261365850456059,-0.1586073339711,0.015875));
#5708=CARTESIAN_POINT('',(0.0155013466113572,-0.1586073339711,0.015875));
#5709=CARTESIAN_POINT('',(0.0155013466113572,-0.1586073339711,0.01651));
#5710=CARTESIAN_POINT('',(0.0155013466113572,-0.1586073339711,0.01351));
#5711=CARTESIAN_POINT('',(0.0261365850456059,-0.1586073339711,0.01351));
#5712=CARTESIAN_POINT('',(0.0386768244206906,-0.153051503038922,0.01651));
#5713=CARTESIAN_POINT('',(0.0386768244206906,-0.149400672106743,0.01651));
#5714=CARTESIAN_POINT('',(0.0386768244206906,-0.149400672106743,0.01351));
#5715=CARTESIAN_POINT('',(0.0386768244206906,-0.149400672106743,0.015875));
#5716=CARTESIAN_POINT('',(0.0386768244206906,-0.153051503038922,0.015875));
#5717=CARTESIAN_POINT('',(0.0386768244206906,-0.1567023339711,0.015875));
#5718=CARTESIAN_POINT('',(0.0386768244206906,-0.1567023339711,0.01651));
#5719=CARTESIAN_POINT('',(0.0386768244206906,-0.1567023339711,0.01351));
#5720=CARTESIAN_POINT('',(0.0386768244206906,-0.153051503038922,0.01351));
#5721=CARTESIAN_POINT('',(0.0701870042830706,-0.147495672106743,0.01651));
#5722=CARTESIAN_POINT('',(0.0997921841454506,-0.147495672106743,0.01651));
#5723=CARTESIAN_POINT('',(0.0997921841454506,-0.147495672106743,0.01351));
#5724=CARTESIAN_POINT('',(0.0997921841454506,-0.147495672106743,0.015875));
#5725=CARTESIAN_POINT('',(0.0701870042830706,-0.147495672106743,0.015875));
#5726=CARTESIAN_POINT('',(0.0405818244206906,-0.147495672106743,0.015875));
#5727=CARTESIAN_POINT('',(0.0405818244206906,-0.147495672106743,0.01351));
#5728=CARTESIAN_POINT('',(0.0405818244206906,-0.147495672106743,0.01351));
#5729=CARTESIAN_POINT('',(0.0701870042830706,-0.147495672106743,0.01351));
#5730=CARTESIAN_POINT('',(0.101697184145451,-0.153051503038922,0.01651));
#5731=CARTESIAN_POINT('',(0.101697184145451,-0.1567023339711,0.01651));
#5732=CARTESIAN_POINT('',(0.101697184145451,-0.1567023339711,0.01351));
#5733=CARTESIAN_POINT('',(0.101697184145451,-0.1567023339711,0.015875));
#5734=CARTESIAN_POINT('',(0.101697184145451,-0.153051503038922,0.015875));
#5735=CARTESIAN_POINT('',(0.101697184145451,-0.149400672106743,0.015875));
#5736=CARTESIAN_POINT('',(0.101697184145451,-0.149400672106743,0.01351));
#5737=CARTESIAN_POINT('',(0.101697184145451,-0.149400672106743,0.01351));
#5738=CARTESIAN_POINT('',(0.101697184145451,-0.153051503038922,0.01351));
#5739=CARTESIAN_POINT('',(0.1134991,-0.1460408,0.01651));
#5740=CARTESIAN_POINT('',(0.1134991,-0.1460408,0.015875));
#5741=CARTESIAN_POINT('',(0.1152491,-0.1460408,0.015875));
#5742=CARTESIAN_POINT('',(0.1134991,-0.1460408,0.01351));
#5743=CARTESIAN_POINT('',(0.1152491,-0.1460408,0.01351));
#5744=CARTESIAN_POINT('',(0.13374,-0.0895,0.01651));
#5745=CARTESIAN_POINT('',(0.13374,-0.0895,0.015875));
#5746=CARTESIAN_POINT('',(0.13549,-0.0895,0.015875));
#5747=CARTESIAN_POINT('',(0.13374,-0.0895,0.01351));
#5748=CARTESIAN_POINT('',(0.13549,-0.0895,0.01351));
#5749=CARTESIAN_POINT('',(0.1325479,-0.1318975,0.01651));
#5750=CARTESIAN_POINT('',(0.1325479,-0.1318975,0.015875));
#5751=CARTESIAN_POINT('',(0.1325479,-0.1318975,0.01351));
#5752=CARTESIAN_POINT('',(0.1049165,-0.1269956,0.01651));
#5753=CARTESIAN_POINT('',(0.1049165,-0.1339956,0.015875));
#5754=CARTESIAN_POINT('',(0.1049165,-0.1269956,0.01351));
#5755=CARTESIAN_POINT('',(0.1049165,-0.1071519,0.01651));
#5756=CARTESIAN_POINT('',(0.1049165,-0.1141519,0.015875));
#5757=CARTESIAN_POINT('',(0.1049165,-0.1071519,0.01351));
#5758=CARTESIAN_POINT('',(0.1049165,-0.0873082,0.01651));
#5759=CARTESIAN_POINT('',(0.1049165,-0.0943082,0.015875));
#5760=CARTESIAN_POINT('',(0.1049165,-0.0873082,0.01351));
#5761=CARTESIAN_POINT('',(0.1049165,-0.0674645,0.01651));
#5762=CARTESIAN_POINT('',(0.1049165,-0.0744645,0.015875));
#5763=CARTESIAN_POINT('',(0.1049165,-0.0674645,0.01351));
#5764=CARTESIAN_POINT('',(0.0850728,-0.1269956,0.01651));
#5765=CARTESIAN_POINT('',(0.0850728,-0.1339956,0.015875));
#5766=CARTESIAN_POINT('',(0.0850728,-0.1269956,0.01351));
#5767=CARTESIAN_POINT('',(0.0850728,-0.1071519,0.01651));
#5768=CARTESIAN_POINT('',(0.0850728,-0.1141519,0.015875));
#5769=CARTESIAN_POINT('',(0.0850728,-0.1071519,0.01351));
#5770=CARTESIAN_POINT('',(0.0850728,-0.0873082,0.01651));
#5771=CARTESIAN_POINT('',(0.0850728,-0.0943082,0.015875));
#5772=CARTESIAN_POINT('',(0.0850728,-0.0873082,0.01351));
#5773=CARTESIAN_POINT('',(0.0850728,-0.0674645,0.01651));
#5774=CARTESIAN_POINT('',(0.0850728,-0.0744645,0.015875));
#5775=CARTESIAN_POINT('',(0.0850728,-0.0674645,0.01351));
#5776=CARTESIAN_POINT('',(0.0652291,-0.1269956,0.01651));
#5777=CARTESIAN_POINT('',(0.0652291,-0.1339956,0.015875));
#5778=CARTESIAN_POINT('',(0.0652291,-0.1269956,0.01351));
#5779=CARTESIAN_POINT('',(0.0652291,-0.1071519,0.01651));
#5780=CARTESIAN_POINT('',(0.0652291,-0.1141519,0.015875));
#5781=CARTESIAN_POINT('',(0.0652291,-0.1071519,0.01351));
#5782=CARTESIAN_POINT('',(0.0652291,-0.0873082,0.01651));
#5783=CARTESIAN_POINT('',(0.0652291,-0.0943082,0.015875));
#5784=CARTESIAN_POINT('',(0.0652291,-0.0873082,0.01351));
#5785=CARTESIAN_POINT('',(0.0652291,-0.0674645,0.01651));
#5786=CARTESIAN_POINT('',(0.0652291,-0.0744645,0.015875));
#5787=CARTESIAN_POINT('',(0.0652291,-0.0674645,0.01351));
#5788=CARTESIAN_POINT('',(0.0453854,-0.1269956,0.01651));
#5789=CARTESIAN_POINT('',(0.0453854,-0.1339956,0.015875));
#5790=CARTESIAN_POINT('',(0.0453854,-0.1269956,0.01351));
#5791=CARTESIAN_POINT('',(0.0453854,-0.1071519,0.01651));
#5792=CARTESIAN_POINT('',(0.0453854,-0.1141519,0.015875));
#5793=CARTESIAN_POINT('',(0.0453854,-0.1071519,0.01351));
#5794=CARTESIAN_POINT('',(0.0453854,-0.0873082,0.01651));
#5795=CARTESIAN_POINT('',(0.0453854,-0.0943082,0.015875));
#5796=CARTESIAN_POINT('',(0.0453854,-0.0873082,0.01351));
#5797=CARTESIAN_POINT('',(0.0453854,-0.0674645,0.01651));
#5798=CARTESIAN_POINT('',(0.0453854,-0.0744645,0.015875));
#5799=CARTESIAN_POINT('',(0.0453854,-0.0674645,0.01351));
#5800=CARTESIAN_POINT('',(0.0255417,-0.1269956,0.01651));
#5801=CARTESIAN_POINT('',(0.0255417,-0.1339956,0.015875));
#5802=CARTESIAN_POINT('',(0.0255417,-0.1269956,0.01351));
#5803=CARTESIAN_POINT('',(0.0255417,-0.1071519,0.01651));
#5804=CARTESIAN_POINT('',(0.0255417,-0.1141519,0.015875));
#5805=CARTESIAN_POINT('',(0.0255417,-0.1071519,0.01351));
#5806=CARTESIAN_POINT('',(0.0255417,-0.0873082,0.01651));
#5807=CARTESIAN_POINT('',(0.0255417,-0.0943082,0.015875));
#5808=CARTESIAN_POINT('',(0.0255417,-0.0873082,0.01351));
#5809=CARTESIAN_POINT('',(0.0325417,-0.0604645,0.01651));
#5810=CARTESIAN_POINT('',(0.0325417,-0.0604645,0.015875));
#5811=CARTESIAN_POINT('',(0.0325417,-0.0604645,0.01351));
#5812=CARTESIAN_POINT('',(0.126711865715889,-0.1586073339711,0.01651));
#5813=CARTESIAN_POINT('',(0.149829091811142,-0.1586073339711,0.01651));
#5814=CARTESIAN_POINT('',(0.149829091811142,-0.1586073339711,0.01351));
#5815=CARTESIAN_POINT('',(0.149829091811142,-0.1586073339711,0.015875));
#5816=CARTESIAN_POINT('',(0.126711865715889,-0.1586073339711,0.015875));
#5817=CARTESIAN_POINT('',(0.103602184145451,-0.1586073339711,0.015875));
#5818=CARTESIAN_POINT('',(0.103602184145451,-0.1586073339711,0.01651));
#5819=CARTESIAN_POINT('',(0.103602184145451,-0.1586073339711,0.01351));
#5820=CARTESIAN_POINT('',(0.126711865715889,-0.1586073339711,0.01351));
#5821=CARTESIAN_POINT('',(0.0261921,-0.1460408,0.01651));
#5822=CARTESIAN_POINT('',(0.0261921,-0.1460408,0.015875));
#5823=CARTESIAN_POINT('',(0.0279421,-0.1460408,0.015875));
#5824=CARTESIAN_POINT('',(0.0261921,-0.1460408,0.01351));
#5825=CARTESIAN_POINT('',(0.0279421,-0.1460408,0.01351));
#5826=CARTESIAN_POINT('',(0.0828796796587809,-0.10360429198555,0.01651));
#5827=CARTESIAN_POINT('',(0.126763013828451,-0.0522497753388067,0.01651));
#5828=CARTESIAN_POINT('',(0.150238546408889,-0.0522497753388067,0.01651));
#5829=CARTESIAN_POINT('',(0.126128013828451,-0.0522497753388067,0.01651));
#5830=CARTESIAN_POINT('',(0.126128013828451,-0.0505195476724498,0.01651));
#5831=CARTESIAN_POINT('',(0.126128013828451,-0.0505195476724498,0.01651));
#5832=CARTESIAN_POINT('',(0.124858013828451,-0.0505195476724498,0.01651));
#5833=CARTESIAN_POINT('',(0.124858165615092,-0.0492495476815203,0.01651));
#5834=CARTESIAN_POINT('',(0.0155015508456928,-0.0492364777025268,0.01651));
#5835=CARTESIAN_POINT('',(0.0155015508456928,-0.0492364777025268,0.01651));
#5836=CARTESIAN_POINT('',(0.0155013990590521,-0.0505064776934563,0.01651));
#5837=CARTESIAN_POINT('',(0.0142313990590522,-0.0505064770662324,0.01651));
#5838=CARTESIAN_POINT('',(0.0142313728352774,-0.103604258081728,0.01651));
#5839=CARTESIAN_POINT('',(0.0142313466113574,-0.156702333343877,0.01651));
#5840=CARTESIAN_POINT('',(0.0155013466113572,-0.1567023339711,0.01651));
#5841=CARTESIAN_POINT('',(0.0155013466113572,-0.1579723339711,0.01651));
#5842=CARTESIAN_POINT('',(0.0828796796587809,-0.1579723339711,0.01651));
#5843=CARTESIAN_POINT('',(0.0367718244206906,-0.1579723339711,0.01651));
#5844=CARTESIAN_POINT('',(0.0367718244206906,-0.1567023339711,0.01651));
#5845=CARTESIAN_POINT('',(0.0380418244206906,-0.1567023339711,0.01651));
#5846=CARTESIAN_POINT('',(0.0380418244206906,-0.10360429198555,0.01651));
#5847=CARTESIAN_POINT('',(0.0380418244206906,-0.149400672106743,0.01651));
#5848=CARTESIAN_POINT('',(0.0405818244206906,-0.149400672106743,0.01651));
#5849=CARTESIAN_POINT('',(0.0405818244206906,-0.146860672106743,0.01651));
#5850=CARTESIAN_POINT('',(0.0828796796587809,-0.146860672106743,0.01651));
#5851=CARTESIAN_POINT('',(0.0997921841454506,-0.146860672106743,0.01651));
#5852=CARTESIAN_POINT('',(0.0997921841454506,-0.149400672106743,0.01651));
#5853=CARTESIAN_POINT('',(0.102332184145451,-0.149400672106743,0.01651));
#5854=CARTESIAN_POINT('',(0.102332184145451,-0.10360429198555,0.01651));
#5855=CARTESIAN_POINT('',(0.102332184145451,-0.1567023339711,0.01651));
#5856=CARTESIAN_POINT('',(0.103602184145451,-0.1567023339711,0.01651));
#5857=CARTESIAN_POINT('',(0.103602184145451,-0.1579723339711,0.01651));
#5858=CARTESIAN_POINT('',(0.0828796796587809,-0.1579723339711,0.01651));
#5859=CARTESIAN_POINT('',(0.149829091811142,-0.1579723339711,0.01651));
#5860=CARTESIAN_POINT('',(0.149829091811142,-0.1567023339711,0.01651));
#5861=CARTESIAN_POINT('',(0.151099081811889,-0.156707373613961,0.01651));
#5862=CARTESIAN_POINT('',(0.151308730771314,-0.103875835839171,0.01651));
#5863=CARTESIAN_POINT('',(0.151508536409637,-0.0535248149816668,0.01651));
#5864=CARTESIAN_POINT('',(0.150238546408889,-0.0535197753388067,0.01651));
#5865=CARTESIAN_POINT('',(0.0261921,-0.1460408,0.01651));
#5866=CARTESIAN_POINT('',(0.0285771,-0.1460408,0.01651));
#5867=CARTESIAN_POINT('',(0.1134991,-0.1460408,0.01651));
#5868=CARTESIAN_POINT('',(0.1158841,-0.1460408,0.01651));
#5869=CARTESIAN_POINT('',(0.13374,-0.0895,0.01651));
#5870=CARTESIAN_POINT('',(0.136125,-0.0895,0.01651));
#5871=CARTESIAN_POINT('',(0.1249129,-0.1318975,0.01651));
#5872=CARTESIAN_POINT('',(0.1249129,-0.1465325,0.01651));
#5873=CARTESIAN_POINT('',(0.1249129,-0.1312625,0.01651));
#5874=CARTESIAN_POINT('',(0.0828796796587809,-0.1312625,0.01651));
#5875=CARTESIAN_POINT('',(0.1401829,-0.1312625,0.01651));
#5876=CARTESIAN_POINT('',(0.1401829,-0.10360429198555,0.01651));
#5877=CARTESIAN_POINT('',(0.1401829,-0.1465325,0.01651));
#5878=CARTESIAN_POINT('',(0.1255479,-0.1465325,0.01651));
#5879=CARTESIAN_POINT('',(0.1195515,-0.10360429198555,0.01651));
#5880=CARTESIAN_POINT('',(0.1195515,-0.1193606,0.01651));
#5881=CARTESIAN_POINT('',(0.1195515,-0.1346306,0.01651));
#5882=CARTESIAN_POINT('',(0.1049165,-0.1346306,0.01651));
#5883=CARTESIAN_POINT('',(0.1042815,-0.1346306,0.01651));
#5884=CARTESIAN_POINT('',(0.1042815,-0.1199956,0.01651));
#5885=CARTESIAN_POINT('',(0.1042815,-0.1193606,0.01651));
#5886=CARTESIAN_POINT('',(0.0828796796587809,-0.1193606,0.01651));
#5887=CARTESIAN_POINT('',(0.1195515,-0.10360429198555,0.01651));
#5888=CARTESIAN_POINT('',(0.1195515,-0.0995169,0.01651));
#5889=CARTESIAN_POINT('',(0.1195515,-0.1147869,0.01651));
#5890=CARTESIAN_POINT('',(0.1049165,-0.1147869,0.01651));
#5891=CARTESIAN_POINT('',(0.1042815,-0.1147869,0.01651));
#5892=CARTESIAN_POINT('',(0.1042815,-0.1001519,0.01651));
#5893=CARTESIAN_POINT('',(0.1042815,-0.0995169,0.01651));
#5894=CARTESIAN_POINT('',(0.0828796796587809,-0.0995169,0.01651));
#5895=CARTESIAN_POINT('',(0.1195515,-0.10360429198555,0.01651));
#5896=CARTESIAN_POINT('',(0.1195515,-0.0796732,0.01651));
#5897=CARTESIAN_POINT('',(0.1195515,-0.0949432,0.01651));
#5898=CARTESIAN_POINT('',(0.1049165,-0.0949432,0.01651));
#5899=CARTESIAN_POINT('',(0.1042815,-0.0949432,0.01651));
#5900=CARTESIAN_POINT('',(0.1042815,-0.0803082,0.01651));
#5901=CARTESIAN_POINT('',(0.1042815,-0.0796732,0.01651));
#5902=CARTESIAN_POINT('',(0.0828796796587809,-0.0796732,0.01651));
#5903=CARTESIAN_POINT('',(0.1195515,-0.10360429198555,0.01651));
#5904=CARTESIAN_POINT('',(0.1195515,-0.0598295,0.01651));
#5905=CARTESIAN_POINT('',(0.1195515,-0.0750995,0.01651));
#5906=CARTESIAN_POINT('',(0.1049165,-0.0750995,0.01651));
#5907=CARTESIAN_POINT('',(0.1042815,-0.0750995,0.01651));
#5908=CARTESIAN_POINT('',(0.1042815,-0.0604645,0.01651));
#5909=CARTESIAN_POINT('',(0.1042815,-0.0598295,0.01651));
#5910=CARTESIAN_POINT('',(0.0828796796587809,-0.0598295,0.01651));
#5911=CARTESIAN_POINT('',(0.0997078,-0.10360429198555,0.01651));
#5912=CARTESIAN_POINT('',(0.0997078,-0.1193606,0.01651));
#5913=CARTESIAN_POINT('',(0.0997078,-0.1346306,0.01651));
#5914=CARTESIAN_POINT('',(0.0850728,-0.1346306,0.01651));
#5915=CARTESIAN_POINT('',(0.0844378,-0.1346306,0.01651));
#5916=CARTESIAN_POINT('',(0.0844378,-0.1199956,0.01651));
#5917=CARTESIAN_POINT('',(0.0844378,-0.1193606,0.01651));
#5918=CARTESIAN_POINT('',(0.0828796796587809,-0.1193606,0.01651));
#5919=CARTESIAN_POINT('',(0.0997078,-0.10360429198555,0.01651));
#5920=CARTESIAN_POINT('',(0.0997078,-0.0995169,0.01651));
#5921=CARTESIAN_POINT('',(0.0997078,-0.1147869,0.01651));
#5922=CARTESIAN_POINT('',(0.0850728,-0.1147869,0.01651));
#5923=CARTESIAN_POINT('',(0.0844378,-0.1147869,0.01651));
#5924=CARTESIAN_POINT('',(0.0844378,-0.1001519,0.01651));
#5925=CARTESIAN_POINT('',(0.0844378,-0.0995169,0.01651));
#5926=CARTESIAN_POINT('',(0.0828796796587809,-0.0995169,0.01651));
#5927=CARTESIAN_POINT('',(0.0997078,-0.10360429198555,0.01651));
#5928=CARTESIAN_POINT('',(0.0997078,-0.0796732,0.01651));
#5929=CARTESIAN_POINT('',(0.0997078,-0.0949432,0.01651));
#5930=CARTESIAN_POINT('',(0.0850728,-0.0949432,0.01651));
#5931=CARTESIAN_POINT('',(0.0844378,-0.0949432,0.01651));
#5932=CARTESIAN_POINT('',(0.0844378,-0.0803082,0.01651));
#5933=CARTESIAN_POINT('',(0.0844378,-0.0796732,0.01651));
#5934=CARTESIAN_POINT('',(0.0828796796587809,-0.0796732,0.01651));
#5935=CARTESIAN_POINT('',(0.0997078,-0.10360429198555,0.01651));
#5936=CARTESIAN_POINT('',(0.0997078,-0.0598295,0.01651));
#5937=CARTESIAN_POINT('',(0.0997078,-0.0750995,0.01651));
#5938=CARTESIAN_POINT('',(0.0850728,-0.0750995,0.01651));
#5939=CARTESIAN_POINT('',(0.0844378,-0.0750995,0.01651));
#5940=CARTESIAN_POINT('',(0.0844378,-0.0604645,0.01651));
#5941=CARTESIAN_POINT('',(0.0844378,-0.0598295,0.01651));
#5942=CARTESIAN_POINT('',(0.0828796796587809,-0.0598295,0.01651));
#5943=CARTESIAN_POINT('',(0.0798641,-0.10360429198555,0.01651));
#5944=CARTESIAN_POINT('',(0.0798641,-0.1193606,0.01651));
#5945=CARTESIAN_POINT('',(0.0798641,-0.1346306,0.01651));
#5946=CARTESIAN_POINT('',(0.0652291,-0.1346306,0.01651));
#5947=CARTESIAN_POINT('',(0.0645941,-0.1346306,0.01651));
#5948=CARTESIAN_POINT('',(0.0645941,-0.1199956,0.01651));
#5949=CARTESIAN_POINT('',(0.0645941,-0.1193606,0.01651));
#5950=CARTESIAN_POINT('',(0.0828796796587809,-0.1193606,0.01651));
#5951=CARTESIAN_POINT('',(0.0798641,-0.10360429198555,0.01651));
#5952=CARTESIAN_POINT('',(0.0798641,-0.0995169,0.01651));
#5953=CARTESIAN_POINT('',(0.0798641,-0.1147869,0.01651));
#5954=CARTESIAN_POINT('',(0.0652291,-0.1147869,0.01651));
#5955=CARTESIAN_POINT('',(0.0645941,-0.1147869,0.01651));
#5956=CARTESIAN_POINT('',(0.0645941,-0.1001519,0.01651));
#5957=CARTESIAN_POINT('',(0.0645941,-0.0995169,0.01651));
#5958=CARTESIAN_POINT('',(0.0828796796587809,-0.0995169,0.01651));
#5959=CARTESIAN_POINT('',(0.0798641,-0.10360429198555,0.01651));
#5960=CARTESIAN_POINT('',(0.0798641,-0.0796732,0.01651));
#5961=CARTESIAN_POINT('',(0.0798641,-0.0949432,0.01651));
#5962=CARTESIAN_POINT('',(0.0652291,-0.0949432,0.01651));
#5963=CARTESIAN_POINT('',(0.0645941,-0.0949432,0.01651));
#5964=CARTESIAN_POINT('',(0.0645941,-0.0803082,0.01651));
#5965=CARTESIAN_POINT('',(0.0645941,-0.0796732,0.01651));
#5966=CARTESIAN_POINT('',(0.0828796796587809,-0.0796732,0.01651));
#5967=CARTESIAN_POINT('',(0.0798641,-0.10360429198555,0.01651));
#5968=CARTESIAN_POINT('',(0.0798641,-0.0598295,0.01651));
#5969=CARTESIAN_POINT('',(0.0798641,-0.0750995,0.01651));
#5970=CARTESIAN_POINT('',(0.0652291,-0.0750995,0.01651));
#5971=CARTESIAN_POINT('',(0.0645941,-0.0750995,0.01651));
#5972=CARTESIAN_POINT('',(0.0645941,-0.0604645,0.01651));
#5973=CARTESIAN_POINT('',(0.0645941,-0.0598295,0.01651));
#5974=CARTESIAN_POINT('',(0.0828796796587809,-0.0598295,0.01651));
#5975=CARTESIAN_POINT('',(0.0600204,-0.10360429198555,0.01651));
#5976=CARTESIAN_POINT('',(0.0600204,-0.1193606,0.01651));
#5977=CARTESIAN_POINT('',(0.0600204,-0.1346306,0.01651));
#5978=CARTESIAN_POINT('',(0.0453854,-0.1346306,0.01651));
#5979=CARTESIAN_POINT('',(0.0447504,-0.1346306,0.01651));
#5980=CARTESIAN_POINT('',(0.0447504,-0.1199956,0.01651));
#5981=CARTESIAN_POINT('',(0.0447504,-0.1193606,0.01651));
#5982=CARTESIAN_POINT('',(0.0828796796587809,-0.1193606,0.01651));
#5983=CARTESIAN_POINT('',(0.0600204,-0.10360429198555,0.01651));
#5984=CARTESIAN_POINT('',(0.0600204,-0.0995169,0.01651));
#5985=CARTESIAN_POINT('',(0.0600204,-0.1147869,0.01651));
#5986=CARTESIAN_POINT('',(0.0453854,-0.1147869,0.01651));
#5987=CARTESIAN_POINT('',(0.0447504,-0.1147869,0.01651));
#5988=CARTESIAN_POINT('',(0.0447504,-0.1001519,0.01651));
#5989=CARTESIAN_POINT('',(0.0447504,-0.0995169,0.01651));
#5990=CARTESIAN_POINT('',(0.0828796796587809,-0.0995169,0.01651));
#5991=CARTESIAN_POINT('',(0.0600204,-0.10360429198555,0.01651));
#5992=CARTESIAN_POINT('',(0.0600204,-0.0796732,0.01651));
#5993=CARTESIAN_POINT('',(0.0600204,-0.0949432,0.01651));
#5994=CARTESIAN_POINT('',(0.0453854,-0.0949432,0.01651));
#5995=CARTESIAN_POINT('',(0.0447504,-0.0949432,0.01651));
#5996=CARTESIAN_POINT('',(0.0447504,-0.0803082,0.01651));
#5997=CARTESIAN_POINT('',(0.0447504,-0.0796732,0.01651));
#5998=CARTESIAN_POINT('',(0.0828796796587809,-0.0796732,0.01651));
#5999=CARTESIAN_POINT('',(0.0600204,-0.10360429198555,0.01651));
#6000=CARTESIAN_POINT('',(0.0600204,-0.0598295,0.01651));
#6001=CARTESIAN_POINT('',(0.0600204,-0.0750995,0.01651));
#6002=CARTESIAN_POINT('',(0.0453854,-0.0750995,0.01651));
#6003=CARTESIAN_POINT('',(0.0447504,-0.0750995,0.01651));
#6004=CARTESIAN_POINT('',(0.0447504,-0.0604645,0.01651));
#6005=CARTESIAN_POINT('',(0.0447504,-0.0598295,0.01651));
#6006=CARTESIAN_POINT('',(0.0828796796587809,-0.0598295,0.01651));
#6007=CARTESIAN_POINT('',(0.0401767,-0.10360429198555,0.01651));
#6008=CARTESIAN_POINT('',(0.0401767,-0.1193606,0.01651));
#6009=CARTESIAN_POINT('',(0.0401767,-0.1346306,0.01651));
#6010=CARTESIAN_POINT('',(0.0255417,-0.1346306,0.01651));
#6011=CARTESIAN_POINT('',(0.0249067,-0.1346306,0.01651));
#6012=CARTESIAN_POINT('',(0.0249067,-0.1199956,0.01651));
#6013=CARTESIAN_POINT('',(0.0249067,-0.1193606,0.01651));
#6014=CARTESIAN_POINT('',(0.0828796796587809,-0.1193606,0.01651));
#6015=CARTESIAN_POINT('',(0.0401767,-0.10360429198555,0.01651));
#6016=CARTESIAN_POINT('',(0.0401767,-0.0995169,0.01651));
#6017=CARTESIAN_POINT('',(0.0401767,-0.1147869,0.01651));
#6018=CARTESIAN_POINT('',(0.0255417,-0.1147869,0.01651));
#6019=CARTESIAN_POINT('',(0.0249067,-0.1147869,0.01651));
#6020=CARTESIAN_POINT('',(0.0249067,-0.1001519,0.01651));
#6021=CARTESIAN_POINT('',(0.0249067,-0.0995169,0.01651));
#6022=CARTESIAN_POINT('',(0.0828796796587809,-0.0995169,0.01651));
#6023=CARTESIAN_POINT('',(0.0401767,-0.10360429198555,0.01651));
#6024=CARTESIAN_POINT('',(0.0401767,-0.0796732,0.01651));
#6025=CARTESIAN_POINT('',(0.0401767,-0.0949432,0.01651));
#6026=CARTESIAN_POINT('',(0.0255417,-0.0949432,0.01651));
#6027=CARTESIAN_POINT('',(0.0249067,-0.0949432,0.01651));
#6028=CARTESIAN_POINT('',(0.0249067,-0.0803082,0.01651));
#6029=CARTESIAN_POINT('',(0.0249067,-0.0796732,0.01651));
#6030=CARTESIAN_POINT('',(0.0828796796587809,-0.0796732,0.01651));
#6031=CARTESIAN_POINT('',(0.0249067,-0.0604645,0.01651));
#6032=CARTESIAN_POINT('',(0.0249067,-0.0750995,0.01651));
#6033=CARTESIAN_POINT('',(0.0249067,-0.0598295,0.01651));
#6034=CARTESIAN_POINT('',(0.0828796796587809,-0.0598295,0.01651));
#6035=CARTESIAN_POINT('',(0.0401767,-0.0598295,0.01651));
#6036=CARTESIAN_POINT('',(0.0401767,-0.10360429198555,0.01651));
#6037=CARTESIAN_POINT('',(0.0401767,-0.0750995,0.01651));
#6038=CARTESIAN_POINT('',(0.0255417,-0.0750995,0.01651));
#6039=CARTESIAN_POINT('',(0.0828796796587809,-0.10360429198555,0.01351));
#6040=CARTESIAN_POINT('',(0.124858013828451,-0.0505195476724498,0.01351));
#6041=CARTESIAN_POINT('',(0.126763013828451,-0.0505195476724498,0.01351));
#6042=CARTESIAN_POINT('',(0.126763013828451,-0.0501147753388067,0.01351));
#6043=CARTESIAN_POINT('',(0.126763013828451,-0.0516147753388067,0.01351));
#6044=CARTESIAN_POINT('',(0.139457067380073,-0.0516147753388067,0.01351));
#6045=CARTESIAN_POINT('',(0.150238546408889,-0.0516147753388067,0.01351));
#6046=CARTESIAN_POINT('',(0.150238546408889,-0.0535197753388067,0.01351));
#6047=CARTESIAN_POINT('',(0.149829091811142,-0.1567023339711,0.01351));
#6048=CARTESIAN_POINT('',(0.103602184145451,-0.1567023339711,0.01351));
#6049=CARTESIAN_POINT('',(0.0997921841454506,-0.149400672106743,0.01351));
#6050=CARTESIAN_POINT('',(0.0405818244206906,-0.149400672106743,0.01351));
#6051=CARTESIAN_POINT('',(0.0367718244206906,-0.1567023339711,0.01351));
#6052=CARTESIAN_POINT('',(0.0155013466113572,-0.1567023339711,0.01351));
#6053=CARTESIAN_POINT('',(0.0155013990590521,-0.0505064776934563,0.01351));
#6054=CARTESIAN_POINT('',(0.126763013828451,-0.0501147753388067,0.01351));
#6055=CARTESIAN_POINT('',(0.126763013828451,-0.0505195476724498,0.01351));
#6056=CARTESIAN_POINT('',(0.126763013828451,-0.0505195476724498,0.015875));
#6057=CARTESIAN_POINT('',(0.126763013828451,-0.0516147753388067,0.015875));
#6058=CARTESIAN_POINT('',(0.126763013828451,-0.0516147753388067,0.015875));
#6059=CARTESIAN_POINT('',(0.126763013828451,-0.0516147753388067,0.01351));
#6060=CARTESIAN_POINT('',(0.139457067380073,-0.0516147753388067,0.01351));
#6061=CARTESIAN_POINT('',(0.150238546408889,-0.0516147753388067,0.015875));
#6062=CARTESIAN_POINT('',(0.150238546408889,-0.0516147753388067,0.015875));
#6063=CARTESIAN_POINT('',(0.150238546408889,-0.0516147753388067,0.01351));
#6064=CARTESIAN_POINT('',(0.0155013990590521,-0.0505064776934563,0.01651));
#6065=CARTESIAN_POINT('',(0.0155013990590521,-0.0505064776934563,0.015875));
#6066=CARTESIAN_POINT('',(0.149829091811142,-0.1567023339711,0.01651));
#6067=CARTESIAN_POINT('',(0.149829091811142,-0.1567023339711,0.015875));
#6068=CARTESIAN_POINT('',(0.103602184145451,-0.1567023339711,0.01651));
#6069=CARTESIAN_POINT('',(0.103602184145451,-0.1567023339711,0.015875));
#6070=CARTESIAN_POINT('',(0.0997921841454506,-0.149400672106743,0.01651));
#6071=CARTESIAN_POINT('',(0.0997921841454506,-0.149400672106743,0.015875));
#6072=CARTESIAN_POINT('',(0.0405818244206906,-0.149400672106743,0.01651));
#6073=CARTESIAN_POINT('',(0.0405818244206906,-0.149400672106743,0.015875));
#6074=CARTESIAN_POINT('',(0.0367718244206906,-0.1567023339711,0.01651));
#6075=CARTESIAN_POINT('',(0.0367718244206906,-0.1567023339711,0.015875));
#6076=CARTESIAN_POINT('',(0.0155013466113572,-0.1567023339711,0.01651));
#6077=CARTESIAN_POINT('',(0.0155013466113572,-0.1567023339711,0.015875));
#6078=CARTESIAN_POINT('',(0.124858013828451,-0.0505195476724498,0.01351));
#6079=CARTESIAN_POINT('',(0.124858013828451,-0.0505195476724498,0.015875));
#6080=CARTESIAN_POINT('',(0.150238546408889,-0.0535197753388067,0.01651));
#6081=CARTESIAN_POINT('',(0.150238546408889,-0.0535197753388067,0.015875));
#6082=CARTESIAN_POINT('',(0.0405818244206906,-0.149400672106743,0.015875));
#6083=CARTESIAN_POINT('',(0.0380418244206906,-0.149400672106743,0.015875));
#6084=CARTESIAN_POINT('',(0.0405818244206906,-0.146860672106743,0.015875));
#6085=CARTESIAN_POINT('',(0.0701870042830706,-0.146860672106743,0.015875));
#6086=CARTESIAN_POINT('',(0.0997921841454506,-0.146860672106743,0.015875));
#6087=CARTESIAN_POINT('',(0.0380418244206906,-0.153051503038922,0.015875));
#6088=CARTESIAN_POINT('',(0.0380418244206906,-0.1567023339711,0.015875));
#6089=CARTESIAN_POINT('',(0.0997921841454506,-0.149400672106743,0.015875));
#6090=CARTESIAN_POINT('',(0.102332184145451,-0.149400672106743,0.015875));
#6091=CARTESIAN_POINT('',(0.0367718244206906,-0.1567023339711,0.015875));
#6092=CARTESIAN_POINT('',(0.0367718244206906,-0.1579723339711,0.015875));
#6093=CARTESIAN_POINT('',(0.102332184145451,-0.153051503038922,0.015875));
#6094=CARTESIAN_POINT('',(0.102332184145451,-0.1567023339711,0.015875));
#6095=CARTESIAN_POINT('',(0.0261365850456059,-0.1579723339711,0.015875));
#6096=CARTESIAN_POINT('',(0.0155013466113572,-0.1579723339711,0.015875));
#6097=CARTESIAN_POINT('',(0.103602184145451,-0.1567023339711,0.015875));
#6098=CARTESIAN_POINT('',(0.103602184145451,-0.1579723339711,0.015875));
#6099=CARTESIAN_POINT('',(0.0155013466113572,-0.1567023339711,0.015875));
#6100=CARTESIAN_POINT('',(0.0142313466113574,-0.156702333343877,0.015875));
#6101=CARTESIAN_POINT('',(0.126711865715889,-0.1579723339711,0.015875));
#6102=CARTESIAN_POINT('',(0.149829091811142,-0.1579723339711,0.015875));
#6103=CARTESIAN_POINT('',(0.0142313728352606,-0.103604292299162,0.015875));
#6104=CARTESIAN_POINT('',(0.0142313990590522,-0.0505064770662324,0.015875));
#6105=CARTESIAN_POINT('',(0.149829091811142,-0.1567023339711,0.015875));
#6106=CARTESIAN_POINT('',(0.151099081811889,-0.156707373613961,0.015875));
#6107=CARTESIAN_POINT('',(0.0155013990590521,-0.0505064776934563,0.015875));
#6108=CARTESIAN_POINT('',(0.0155015508456928,-0.0492364777025268,0.015875));
#6109=CARTESIAN_POINT('',(0.151309785466311,-0.103610052699931,0.015875));
#6110=CARTESIAN_POINT('',(0.151508536409637,-0.0535248149816668,0.015875));
#6111=CARTESIAN_POINT('',(0.0828861765765172,-0.0492445313135923,0.015875));
#6112=CARTESIAN_POINT('',(0.124858165615092,-0.0492495476815203,0.015875));
#6113=CARTESIAN_POINT('',(0.150238546408889,-0.0535197753388067,0.015875));
#6114=CARTESIAN_POINT('',(0.150238546408889,-0.0522497753388067,0.015875));
#6115=CARTESIAN_POINT('',(0.124858013828451,-0.0505195476724498,0.015875));
#6116=CARTESIAN_POINT('',(0.126128013828451,-0.0505195476724498,0.015875));
#6117=CARTESIAN_POINT('',(0.139457067380073,-0.0522497753388067,0.015875));
#6118=CARTESIAN_POINT('',(0.126128013828451,-0.0522497753388067,0.015875));
#6119=CARTESIAN_POINT('',(0.126128013828451,-0.0501147753388067,0.015875));
#6120=CARTESIAN_POINT('',(0.0261921,-0.1460408,0.015875));
#6121=CARTESIAN_POINT('',(0.1134991,-0.1460408,0.015875));
#6122=CARTESIAN_POINT('',(0.13374,-0.0895,0.015875));
#6123=CARTESIAN_POINT('',(0.1401829,-0.1388975,0.015875));
#6124=CARTESIAN_POINT('',(0.1401829,-0.1312625,0.015875));
#6125=CARTESIAN_POINT('',(0.1401829,-0.1465325,0.015875));
#6126=CARTESIAN_POINT('',(0.0828796796587809,-0.1465325,0.015875));
#6127=CARTESIAN_POINT('',(0.1249129,-0.1465325,0.015875));
#6128=CARTESIAN_POINT('',(0.1325479,-0.1312625,0.015875));
#6129=CARTESIAN_POINT('',(0.1249129,-0.1312625,0.015875));
#6130=CARTESIAN_POINT('',(0.1249129,-0.10360429198555,0.015875));
#6131=CARTESIAN_POINT('',(0.1119165,-0.1193606,0.015875));
#6132=CARTESIAN_POINT('',(0.1042815,-0.1193606,0.015875));
#6133=CARTESIAN_POINT('',(0.1195515,-0.1193606,0.015875));
#6134=CARTESIAN_POINT('',(0.1195515,-0.1269956,0.015875));
#6135=CARTESIAN_POINT('',(0.1195515,-0.1346306,0.015875));
#6136=CARTESIAN_POINT('',(0.1042815,-0.10360429198555,0.015875));
#6137=CARTESIAN_POINT('',(0.1042815,-0.1346306,0.015875));
#6138=CARTESIAN_POINT('',(0.0828796796587809,-0.1346306,0.015875));
#6139=CARTESIAN_POINT('',(0.1119165,-0.0995169,0.015875));
#6140=CARTESIAN_POINT('',(0.1042815,-0.0995169,0.015875));
#6141=CARTESIAN_POINT('',(0.1195515,-0.0995169,0.015875));
#6142=CARTESIAN_POINT('',(0.1195515,-0.1071519,0.015875));
#6143=CARTESIAN_POINT('',(0.1195515,-0.1147869,0.015875));
#6144=CARTESIAN_POINT('',(0.1042815,-0.10360429198555,0.015875));
#6145=CARTESIAN_POINT('',(0.1042815,-0.1147869,0.015875));
#6146=CARTESIAN_POINT('',(0.0828796796587809,-0.1147869,0.015875));
#6147=CARTESIAN_POINT('',(0.1119165,-0.0796732,0.015875));
#6148=CARTESIAN_POINT('',(0.1042815,-0.0796732,0.015875));
#6149=CARTESIAN_POINT('',(0.1195515,-0.0796732,0.015875));
#6150=CARTESIAN_POINT('',(0.1195515,-0.0873082,0.015875));
#6151=CARTESIAN_POINT('',(0.1195515,-0.0949432,0.015875));
#6152=CARTESIAN_POINT('',(0.1042815,-0.10360429198555,0.015875));
#6153=CARTESIAN_POINT('',(0.1042815,-0.0949432,0.015875));
#6154=CARTESIAN_POINT('',(0.0828796796587809,-0.0949432,0.015875));
#6155=CARTESIAN_POINT('',(0.1119165,-0.0598295,0.015875));
#6156=CARTESIAN_POINT('',(0.1042815,-0.0598295,0.015875));
#6157=CARTESIAN_POINT('',(0.1195515,-0.0598295,0.015875));
#6158=CARTESIAN_POINT('',(0.1195515,-0.0674645,0.015875));
#6159=CARTESIAN_POINT('',(0.1195515,-0.0750995,0.015875));
#6160=CARTESIAN_POINT('',(0.1042815,-0.10360429198555,0.015875));
#6161=CARTESIAN_POINT('',(0.1042815,-0.0750995,0.015875));
#6162=CARTESIAN_POINT('',(0.0828796796587809,-0.0750995,0.015875));
#6163=CARTESIAN_POINT('',(0.0920728,-0.1193606,0.015875));
#6164=CARTESIAN_POINT('',(0.0844378,-0.1193606,0.015875));
#6165=CARTESIAN_POINT('',(0.0997078,-0.1193606,0.015875));
#6166=CARTESIAN_POINT('',(0.0997078,-0.1269956,0.015875));
#6167=CARTESIAN_POINT('',(0.0997078,-0.1346306,0.015875));
#6168=CARTESIAN_POINT('',(0.0844378,-0.10360429198555,0.015875));
#6169=CARTESIAN_POINT('',(0.0844378,-0.1346306,0.015875));
#6170=CARTESIAN_POINT('',(0.0828796796587809,-0.1346306,0.015875));
#6171=CARTESIAN_POINT('',(0.0920728,-0.0995169,0.015875));
#6172=CARTESIAN_POINT('',(0.0844378,-0.0995169,0.015875));
#6173=CARTESIAN_POINT('',(0.0997078,-0.0995169,0.015875));
#6174=CARTESIAN_POINT('',(0.0997078,-0.1071519,0.015875));
#6175=CARTESIAN_POINT('',(0.0997078,-0.1147869,0.015875));
#6176=CARTESIAN_POINT('',(0.0844378,-0.10360429198555,0.015875));
#6177=CARTESIAN_POINT('',(0.0844378,-0.1147869,0.015875));
#6178=CARTESIAN_POINT('',(0.0828796796587809,-0.1147869,0.015875));
#6179=CARTESIAN_POINT('',(0.0920728,-0.0796732,0.015875));
#6180=CARTESIAN_POINT('',(0.0844378,-0.0796732,0.015875));
#6181=CARTESIAN_POINT('',(0.0997078,-0.0796732,0.015875));
#6182=CARTESIAN_POINT('',(0.0997078,-0.0873082,0.015875));
#6183=CARTESIAN_POINT('',(0.0997078,-0.0949432,0.015875));
#6184=CARTESIAN_POINT('',(0.0844378,-0.10360429198555,0.015875));
#6185=CARTESIAN_POINT('',(0.0844378,-0.0949432,0.015875));
#6186=CARTESIAN_POINT('',(0.0828796796587809,-0.0949432,0.015875));
#6187=CARTESIAN_POINT('',(0.0920728,-0.0598295,0.015875));
#6188=CARTESIAN_POINT('',(0.0844378,-0.0598295,0.015875));
#6189=CARTESIAN_POINT('',(0.0997078,-0.0598295,0.015875));
#6190=CARTESIAN_POINT('',(0.0997078,-0.0674645,0.015875));
#6191=CARTESIAN_POINT('',(0.0997078,-0.0750995,0.015875));
#6192=CARTESIAN_POINT('',(0.0844378,-0.10360429198555,0.015875));
#6193=CARTESIAN_POINT('',(0.0844378,-0.0750995,0.015875));
#6194=CARTESIAN_POINT('',(0.0828796796587809,-0.0750995,0.015875));
#6195=CARTESIAN_POINT('',(0.0722291,-0.1193606,0.015875));
#6196=CARTESIAN_POINT('',(0.0645941,-0.1193606,0.015875));
#6197=CARTESIAN_POINT('',(0.0798641,-0.1193606,0.015875));
#6198=CARTESIAN_POINT('',(0.0798641,-0.1269956,0.015875));
#6199=CARTESIAN_POINT('',(0.0798641,-0.1346306,0.015875));
#6200=CARTESIAN_POINT('',(0.0645941,-0.10360429198555,0.015875));
#6201=CARTESIAN_POINT('',(0.0645941,-0.1346306,0.015875));
#6202=CARTESIAN_POINT('',(0.0828796796587809,-0.1346306,0.015875));
#6203=CARTESIAN_POINT('',(0.0722291,-0.0995169,0.015875));
#6204=CARTESIAN_POINT('',(0.0645941,-0.0995169,0.015875));
#6205=CARTESIAN_POINT('',(0.0798641,-0.0995169,0.015875));
#6206=CARTESIAN_POINT('',(0.0798641,-0.1071519,0.015875));
#6207=CARTESIAN_POINT('',(0.0798641,-0.1147869,0.015875));
#6208=CARTESIAN_POINT('',(0.0645941,-0.10360429198555,0.015875));
#6209=CARTESIAN_POINT('',(0.0645941,-0.1147869,0.015875));
#6210=CARTESIAN_POINT('',(0.0828796796587809,-0.1147869,0.015875));
#6211=CARTESIAN_POINT('',(0.0722291,-0.0796732,0.015875));
#6212=CARTESIAN_POINT('',(0.0645941,-0.0796732,0.015875));
#6213=CARTESIAN_POINT('',(0.0798641,-0.0796732,0.015875));
#6214=CARTESIAN_POINT('',(0.0798641,-0.0873082,0.015875));
#6215=CARTESIAN_POINT('',(0.0798641,-0.0949432,0.015875));
#6216=CARTESIAN_POINT('',(0.0645941,-0.10360429198555,0.015875));
#6217=CARTESIAN_POINT('',(0.0645941,-0.0949432,0.015875));
#6218=CARTESIAN_POINT('',(0.0828796796587809,-0.0949432,0.015875));
#6219=CARTESIAN_POINT('',(0.0722291,-0.0598295,0.015875));
#6220=CARTESIAN_POINT('',(0.0645941,-0.0598295,0.015875));
#6221=CARTESIAN_POINT('',(0.0798641,-0.0598295,0.015875));
#6222=CARTESIAN_POINT('',(0.0798641,-0.0674645,0.015875));
#6223=CARTESIAN_POINT('',(0.0798641,-0.0750995,0.015875));
#6224=CARTESIAN_POINT('',(0.0645941,-0.10360429198555,0.015875));
#6225=CARTESIAN_POINT('',(0.0645941,-0.0750995,0.015875));
#6226=CARTESIAN_POINT('',(0.0828796796587809,-0.0750995,0.015875));
#6227=CARTESIAN_POINT('',(0.0523854,-0.1193606,0.015875));
#6228=CARTESIAN_POINT('',(0.0447504,-0.1193606,0.015875));
#6229=CARTESIAN_POINT('',(0.0600204,-0.1193606,0.015875));
#6230=CARTESIAN_POINT('',(0.0600204,-0.1269956,0.015875));
#6231=CARTESIAN_POINT('',(0.0600204,-0.1346306,0.015875));
#6232=CARTESIAN_POINT('',(0.0447504,-0.10360429198555,0.015875));
#6233=CARTESIAN_POINT('',(0.0447504,-0.1346306,0.015875));
#6234=CARTESIAN_POINT('',(0.0828796796587809,-0.1346306,0.015875));
#6235=CARTESIAN_POINT('',(0.0523854,-0.0995169,0.015875));
#6236=CARTESIAN_POINT('',(0.0447504,-0.0995169,0.015875));
#6237=CARTESIAN_POINT('',(0.0600204,-0.0995169,0.015875));
#6238=CARTESIAN_POINT('',(0.0600204,-0.1071519,0.015875));
#6239=CARTESIAN_POINT('',(0.0600204,-0.1147869,0.015875));
#6240=CARTESIAN_POINT('',(0.0447504,-0.10360429198555,0.015875));
#6241=CARTESIAN_POINT('',(0.0447504,-0.1147869,0.015875));
#6242=CARTESIAN_POINT('',(0.0828796796587809,-0.1147869,0.015875));
#6243=CARTESIAN_POINT('',(0.0523854,-0.0796732,0.015875));
#6244=CARTESIAN_POINT('',(0.0447504,-0.0796732,0.015875));
#6245=CARTESIAN_POINT('',(0.0600204,-0.0796732,0.015875));
#6246=CARTESIAN_POINT('',(0.0600204,-0.0873082,0.015875));
#6247=CARTESIAN_POINT('',(0.0600204,-0.0949432,0.015875));
#6248=CARTESIAN_POINT('',(0.0447504,-0.10360429198555,0.015875));
#6249=CARTESIAN_POINT('',(0.0447504,-0.0949432,0.015875));
#6250=CARTESIAN_POINT('',(0.0828796796587809,-0.0949432,0.015875));
#6251=CARTESIAN_POINT('',(0.0523854,-0.0598295,0.015875));
#6252=CARTESIAN_POINT('',(0.0447504,-0.0598295,0.015875));
#6253=CARTESIAN_POINT('',(0.0600204,-0.0598295,0.015875));
#6254=CARTESIAN_POINT('',(0.0600204,-0.0674645,0.015875));
#6255=CARTESIAN_POINT('',(0.0600204,-0.0750995,0.015875));
#6256=CARTESIAN_POINT('',(0.0447504,-0.10360429198555,0.015875));
#6257=CARTESIAN_POINT('',(0.0447504,-0.0750995,0.015875));
#6258=CARTESIAN_POINT('',(0.0828796796587809,-0.0750995,0.015875));
#6259=CARTESIAN_POINT('',(0.0325417,-0.1193606,0.015875));
#6260=CARTESIAN_POINT('',(0.0249067,-0.1193606,0.015875));
#6261=CARTESIAN_POINT('',(0.0401767,-0.1193606,0.015875));
#6262=CARTESIAN_POINT('',(0.0401767,-0.1269956,0.015875));
#6263=CARTESIAN_POINT('',(0.0401767,-0.1346306,0.015875));
#6264=CARTESIAN_POINT('',(0.0249067,-0.10360429198555,0.015875));
#6265=CARTESIAN_POINT('',(0.0249067,-0.1346306,0.015875));
#6266=CARTESIAN_POINT('',(0.0828796796587809,-0.1346306,0.015875));
#6267=CARTESIAN_POINT('',(0.0325417,-0.0995169,0.015875));
#6268=CARTESIAN_POINT('',(0.0249067,-0.0995169,0.015875));
#6269=CARTESIAN_POINT('',(0.0401767,-0.0995169,0.015875));
#6270=CARTESIAN_POINT('',(0.0401767,-0.1071519,0.015875));
#6271=CARTESIAN_POINT('',(0.0401767,-0.1147869,0.015875));
#6272=CARTESIAN_POINT('',(0.0249067,-0.10360429198555,0.015875));
#6273=CARTESIAN_POINT('',(0.0249067,-0.1147869,0.015875));
#6274=CARTESIAN_POINT('',(0.0828796796587809,-0.1147869,0.015875));
#6275=CARTESIAN_POINT('',(0.0325417,-0.0796732,0.015875));
#6276=CARTESIAN_POINT('',(0.0249067,-0.0796732,0.015875));
#6277=CARTESIAN_POINT('',(0.0401767,-0.0796732,0.015875));
#6278=CARTESIAN_POINT('',(0.0401767,-0.0873082,0.015875));
#6279=CARTESIAN_POINT('',(0.0401767,-0.0949432,0.015875));
#6280=CARTESIAN_POINT('',(0.0249067,-0.10360429198555,0.015875));
#6281=CARTESIAN_POINT('',(0.0249067,-0.0949432,0.015875));
#6282=CARTESIAN_POINT('',(0.0828796796587809,-0.0949432,0.015875));
#6283=CARTESIAN_POINT('',(0.0401767,-0.0674645,0.015875));
#6284=CARTESIAN_POINT('',(0.0401767,-0.0598295,0.015875));
#6285=CARTESIAN_POINT('',(0.0401767,-0.0750995,0.015875));
#6286=CARTESIAN_POINT('',(0.0828796796587809,-0.0750995,0.015875));
#6287=CARTESIAN_POINT('',(0.0249067,-0.0750995,0.015875));
#6288=CARTESIAN_POINT('',(0.0325417,-0.0598295,0.015875));
#6289=CARTESIAN_POINT('',(0.0249067,-0.0598295,0.015875));
#6290=CARTESIAN_POINT('',(0.0249067,-0.10360429198555,0.015875));
#6291=MECHANICAL_DESIGN_GEOMETRIC_PRESENTATION_REPRESENTATION('',(#3776),
#6292);
#6292=(
GEOMETRIC_REPRESENTATION_CONTEXT(3)
GLOBAL_UNCERTAINTY_ASSIGNED_CONTEXT((#6293))
GLOBAL_UNIT_ASSIGNED_CONTEXT((#6296,#6295,#6294))
REPRESENTATION_CONTEXT('LTop','TOP_LEVEL_ASSEMBLY_PART')
);
#6293=UNCERTAINTY_MEASURE_WITH_UNIT(LENGTH_MEASURE(1.E-8),#6296,
'DISTANCE_ACCURACY_VALUE','Maximum Tolerance applied to model');
#6294=(
NAMED_UNIT(*)
SI_UNIT($,.STERADIAN.)
SOLID_ANGLE_UNIT()
);
#6295=(
NAMED_UNIT(*)
PLANE_ANGLE_UNIT()
SI_UNIT($,.RADIAN.)
);
#6296=(
LENGTH_UNIT()
NAMED_UNIT(*)
SI_UNIT($,.METRE.)
);
#6297=PRODUCT_DEFINITION_SHAPE('','',#6298);
#6298=PRODUCT_DEFINITION('','',#6300,#6299);
#6299=PRODUCT_DEFINITION_CONTEXT('',#6306,'design');
#6300=PRODUCT_DEFINITION_FORMATION_WITH_SPECIFIED_SOURCE('','',#6302,
 .NOT_KNOWN.);
#6301=PRODUCT_RELATED_PRODUCT_CATEGORY('','',(#6302));
#6302=PRODUCT('LTop','LTop','LTop',(#6304));
#6303=PRODUCT_CATEGORY('','');
#6304=PRODUCT_CONTEXT('',#6306,'mechanical');
#6305=APPLICATION_PROTOCOL_DEFINITION('international standard',
'ap242_managed_model_based_3d_engineering',2020,#6306);
#6306=APPLICATION_CONTEXT('managed model based 3d engineering');
ENDSEC;
END-ISO-10303-21;
