ISO-10303-21;
HEADER;
/* Generated by software containing ST-Developer
 * from STEP Tools, Inc. (www.steptools.com) 
 */
/* OPTION: using custom renumber hook */

FILE_DESCRIPTION(
/* description */ ('STEP AP242 Edition 2',
'CAx-IF Rec.Pracs.---Representation and Presentation of Product Manufa
cturing Information (PMI)---4.0---2014-10-13',
'CAx-IF Rec.Pracs.---3D Tessellated Geometry---0.4---2014-09-14','2;1',
'CAx-IF Rec.Pracs.---User Defined Attributes---1.5---2016-08-15'),
/* implementation_level */ '2;1');

FILE_NAME(
/* name */ 'splitkeyboard (1) - RBottom',
/* time_stamp */ '2026-07-02T00:31:08Z',
/* author */ (''),
/* organization */ (''),
/* preprocessor_version */ 'ST-DEVELOPER v20',
/* originating_system */ 'ONSHAPE BY PTC INC, 1.217',
/* authorisation */ '  ');

FILE_SCHEMA (('AP242_MANAGED_MODEL_BASED_3D_ENGINEERING_MIM_LF { 1 0 10303 442 3 1 4 }'));
ENDSEC;

DATA;
#10=SHAPE_REPRESENTATION_RELATIONSHIP('','',#8563,#11);
#11=ADVANCED_BREP_SHAPE_REPRESENTATION('',(#8561),#14919);
#12=B_SPLINE_SURFACE_WITH_KNOTS('',3,1,((#11539,#11540),(#11541,#11542),
(#11543,#11544),(#11545,#11546)),.SURF_OF_LINEAR_EXTRUSION.,.F.,.F.,.F.,
(4,4),(2,2),(0.,1.),(0.,1.),.PIECEWISE_BEZIER_KNOTS.);
#13=B_SPLINE_SURFACE_WITH_KNOTS('',3,1,((#11590,#11591),(#11592,#11593),
(#11594,#11595),(#11596,#11597)),.SURF_OF_LINEAR_EXTRUSION.,.F.,.F.,.F.,
(4,4),(2,2),(0.,1.),(0.,1.),.PIECEWISE_BEZIER_KNOTS.);
#14=B_SPLINE_SURFACE_WITH_KNOTS('',3,1,((#11603,#11604),(#11605,#11606),
(#11607,#11608),(#11609,#11610)),.SURF_OF_LINEAR_EXTRUSION.,.F.,.F.,.F.,
(4,4),(2,2),(0.,1.),(0.,1.),.PIECEWISE_BEZIER_KNOTS.);
#15=B_SPLINE_SURFACE_WITH_KNOTS('',3,1,((#11616,#11617),(#11618,#11619),
(#11620,#11621),(#11622,#11623)),.SURF_OF_LINEAR_EXTRUSION.,.F.,.F.,.F.,
(4,4),(2,2),(0.,1.),(0.,1.),.PIECEWISE_BEZIER_KNOTS.);
#16=B_SPLINE_SURFACE_WITH_KNOTS('',3,1,((#11629,#11630),(#11631,#11632),
(#11633,#11634),(#11635,#11636)),.SURF_OF_LINEAR_EXTRUSION.,.F.,.F.,.F.,
(4,4),(2,2),(0.,1.),(0.,1.),.PIECEWISE_BEZIER_KNOTS.);
#17=B_SPLINE_SURFACE_WITH_KNOTS('',3,1,((#11662,#11663),(#11664,#11665),
(#11666,#11667),(#11668,#11669)),.SURF_OF_LINEAR_EXTRUSION.,.F.,.F.,.F.,
(4,4),(2,2),(0.,1.),(0.,1.),.PIECEWISE_BEZIER_KNOTS.);
#18=B_SPLINE_SURFACE_WITH_KNOTS('',3,1,((#11675,#11676),(#11677,#11678),
(#11679,#11680),(#11681,#11682)),.SURF_OF_LINEAR_EXTRUSION.,.F.,.F.,.F.,
(4,4),(2,2),(0.,1.),(0.,1.),.PIECEWISE_BEZIER_KNOTS.);
#19=B_SPLINE_SURFACE_WITH_KNOTS('',3,1,((#11688,#11689),(#11690,#11691),
(#11692,#11693),(#11694,#11695)),.SURF_OF_LINEAR_EXTRUSION.,.F.,.F.,.F.,
(4,4),(2,2),(0.,1.),(0.,1.),.PIECEWISE_BEZIER_KNOTS.);
#20=B_SPLINE_SURFACE_WITH_KNOTS('',3,1,((#11700,#11701),(#11702,#11703),
(#11704,#11705),(#11706,#11707)),.SURF_OF_LINEAR_EXTRUSION.,.F.,.F.,.F.,
(4,4),(2,2),(0.,1.),(0.,1.),.PIECEWISE_BEZIER_KNOTS.);
#21=B_SPLINE_SURFACE_WITH_KNOTS('',3,1,((#11720,#11721),(#11722,#11723),
(#11724,#11725),(#11726,#11727)),.SURF_OF_LINEAR_EXTRUSION.,.F.,.F.,.F.,
(4,4),(2,2),(0.,1.),(0.,1.),.PIECEWISE_BEZIER_KNOTS.);
#22=B_SPLINE_SURFACE_WITH_KNOTS('',3,1,((#11737,#11738),(#11739,#11740),
(#11741,#11742),(#11743,#11744)),.SURF_OF_LINEAR_EXTRUSION.,.F.,.F.,.F.,
(4,4),(2,2),(0.,1.),(0.,1.),.PIECEWISE_BEZIER_KNOTS.);
#23=B_SPLINE_SURFACE_WITH_KNOTS('',3,1,((#11772,#11773),(#11774,#11775),
(#11776,#11777),(#11778,#11779)),.SURF_OF_LINEAR_EXTRUSION.,.F.,.F.,.F.,
(4,4),(2,2),(0.,1.),(0.,1.),.PIECEWISE_BEZIER_KNOTS.);
#24=B_SPLINE_SURFACE_WITH_KNOTS('',3,1,((#11787,#11788),(#11789,#11790),
(#11791,#11792),(#11793,#11794)),.SURF_OF_LINEAR_EXTRUSION.,.F.,.F.,.F.,
(4,4),(2,2),(0.,1.),(0.,1.),.PIECEWISE_BEZIER_KNOTS.);
#25=B_SPLINE_SURFACE_WITH_KNOTS('',3,1,((#11800,#11801),(#11802,#11803),
(#11804,#11805),(#11806,#11807)),.SURF_OF_LINEAR_EXTRUSION.,.F.,.F.,.F.,
(4,4),(2,2),(0.,1.),(0.,1.),.PIECEWISE_BEZIER_KNOTS.);
#26=B_SPLINE_SURFACE_WITH_KNOTS('',3,1,((#11821,#11822),(#11823,#11824),
(#11825,#11826),(#11827,#11828)),.SURF_OF_LINEAR_EXTRUSION.,.F.,.F.,.F.,
(4,4),(2,2),(0.,1.),(0.,1.),.PIECEWISE_BEZIER_KNOTS.);
#27=B_SPLINE_SURFACE_WITH_KNOTS('',3,1,((#11834,#11835),(#11836,#11837),
(#11838,#11839),(#11840,#11841)),.SURF_OF_LINEAR_EXTRUSION.,.F.,.F.,.F.,
(4,4),(2,2),(0.,1.),(0.,1.),.PIECEWISE_BEZIER_KNOTS.);
#28=B_SPLINE_SURFACE_WITH_KNOTS('',3,1,((#11847,#11848),(#11849,#11850),
(#11851,#11852),(#11853,#11854)),.SURF_OF_LINEAR_EXTRUSION.,.F.,.F.,.F.,
(4,4),(2,2),(0.,1.),(0.,1.),.PIECEWISE_BEZIER_KNOTS.);
#29=B_SPLINE_SURFACE_WITH_KNOTS('',3,1,((#11872,#11873),(#11874,#11875),
(#11876,#11877),(#11878,#11879)),.SURF_OF_LINEAR_EXTRUSION.,.F.,.F.,.F.,
(4,4),(2,2),(0.,1.),(0.,1.),.PIECEWISE_BEZIER_KNOTS.);
#30=B_SPLINE_SURFACE_WITH_KNOTS('',3,1,((#11885,#11886),(#11887,#11888),
(#11889,#11890),(#11891,#11892)),.SURF_OF_LINEAR_EXTRUSION.,.F.,.F.,.F.,
(4,4),(2,2),(0.,1.),(0.,1.),.PIECEWISE_BEZIER_KNOTS.);
#31=B_SPLINE_SURFACE_WITH_KNOTS('',3,1,((#11898,#11899),(#11900,#11901),
(#11902,#11903),(#11904,#11905)),.SURF_OF_LINEAR_EXTRUSION.,.F.,.F.,.F.,
(4,4),(2,2),(0.,1.),(0.,1.),.PIECEWISE_BEZIER_KNOTS.);
#32=B_SPLINE_SURFACE_WITH_KNOTS('',3,1,((#11911,#11912),(#11913,#11914),
(#11915,#11916),(#11917,#11918)),.SURF_OF_LINEAR_EXTRUSION.,.F.,.F.,.F.,
(4,4),(2,2),(0.,1.),(0.,1.),.PIECEWISE_BEZIER_KNOTS.);
#33=B_SPLINE_SURFACE_WITH_KNOTS('',3,1,((#11928,#11929),(#11930,#11931),
(#11932,#11933),(#11934,#11935)),.SURF_OF_LINEAR_EXTRUSION.,.F.,.F.,.F.,
(4,4),(2,2),(0.,1.),(0.,1.),.PIECEWISE_BEZIER_KNOTS.);
#34=B_SPLINE_SURFACE_WITH_KNOTS('',3,1,((#11939,#11940),(#11941,#11942),
(#11943,#11944),(#11945,#11946)),.SURF_OF_LINEAR_EXTRUSION.,.F.,.F.,.F.,
(4,4),(2,2),(0.,1.),(0.,1.),.PIECEWISE_BEZIER_KNOTS.);
#35=B_SPLINE_SURFACE_WITH_KNOTS('',3,1,((#11980,#11981),(#11982,#11983),
(#11984,#11985),(#11986,#11987)),.SURF_OF_LINEAR_EXTRUSION.,.F.,.F.,.F.,
(4,4),(2,2),(0.,1.),(0.,1.),.PIECEWISE_BEZIER_KNOTS.);
#36=B_SPLINE_SURFACE_WITH_KNOTS('',3,1,((#11993,#11994),(#11995,#11996),
(#11997,#11998),(#11999,#12000)),.SURF_OF_LINEAR_EXTRUSION.,.F.,.F.,.F.,
(4,4),(2,2),(0.,1.),(0.,1.),.PIECEWISE_BEZIER_KNOTS.);
#37=B_SPLINE_SURFACE_WITH_KNOTS('',3,1,((#12006,#12007),(#12008,#12009),
(#12010,#12011),(#12012,#12013)),.SURF_OF_LINEAR_EXTRUSION.,.F.,.F.,.F.,
(4,4),(2,2),(0.,1.),(0.,1.),.PIECEWISE_BEZIER_KNOTS.);
#38=B_SPLINE_SURFACE_WITH_KNOTS('',3,1,((#12019,#12020),(#12021,#12022),
(#12023,#12024),(#12025,#12026)),.SURF_OF_LINEAR_EXTRUSION.,.F.,.F.,.F.,
(4,4),(2,2),(0.,1.),(0.,1.),.PIECEWISE_BEZIER_KNOTS.);
#39=B_SPLINE_SURFACE_WITH_KNOTS('',3,1,((#12060,#12061),(#12062,#12063),
(#12064,#12065),(#12066,#12067)),.SURF_OF_LINEAR_EXTRUSION.,.F.,.F.,.F.,
(4,4),(2,2),(0.,1.),(0.,1.),.PIECEWISE_BEZIER_KNOTS.);
#40=B_SPLINE_SURFACE_WITH_KNOTS('',3,1,((#12073,#12074),(#12075,#12076),
(#12077,#12078),(#12079,#12080)),.SURF_OF_LINEAR_EXTRUSION.,.F.,.F.,.F.,
(4,4),(2,2),(0.,1.),(0.,1.),.PIECEWISE_BEZIER_KNOTS.);
#41=B_SPLINE_SURFACE_WITH_KNOTS('',3,1,((#12086,#12087),(#12088,#12089),
(#12090,#12091),(#12092,#12093)),.SURF_OF_LINEAR_EXTRUSION.,.F.,.F.,.F.,
(4,4),(2,2),(0.,1.),(0.,1.),.PIECEWISE_BEZIER_KNOTS.);
#42=B_SPLINE_SURFACE_WITH_KNOTS('',3,1,((#12099,#12100),(#12101,#12102),
(#12103,#12104),(#12105,#12106)),.SURF_OF_LINEAR_EXTRUSION.,.F.,.F.,.F.,
(4,4),(2,2),(0.,1.),(0.,1.),.PIECEWISE_BEZIER_KNOTS.);
#43=B_SPLINE_SURFACE_WITH_KNOTS('',3,1,((#12140,#12141),(#12142,#12143),
(#12144,#12145),(#12146,#12147)),.SURF_OF_LINEAR_EXTRUSION.,.F.,.F.,.F.,
(4,4),(2,2),(0.,1.),(0.,1.),.PIECEWISE_BEZIER_KNOTS.);
#44=B_SPLINE_SURFACE_WITH_KNOTS('',3,1,((#12153,#12154),(#12155,#12156),
(#12157,#12158),(#12159,#12160)),.SURF_OF_LINEAR_EXTRUSION.,.F.,.F.,.F.,
(4,4),(2,2),(0.,1.),(0.,1.),.PIECEWISE_BEZIER_KNOTS.);
#45=B_SPLINE_SURFACE_WITH_KNOTS('',3,1,((#12166,#12167),(#12168,#12169),
(#12170,#12171),(#12172,#12173)),.SURF_OF_LINEAR_EXTRUSION.,.F.,.F.,.F.,
(4,4),(2,2),(0.,1.),(0.,1.),.PIECEWISE_BEZIER_KNOTS.);
#46=B_SPLINE_SURFACE_WITH_KNOTS('',3,1,((#12183,#12184),(#12185,#12186),
(#12187,#12188),(#12189,#12190)),.SURF_OF_LINEAR_EXTRUSION.,.F.,.F.,.F.,
(4,4),(2,2),(0.,1.),(0.,1.),.PIECEWISE_BEZIER_KNOTS.);
#47=B_SPLINE_SURFACE_WITH_KNOTS('',3,1,((#12196,#12197),(#12198,#12199),
(#12200,#12201),(#12202,#12203)),.SURF_OF_LINEAR_EXTRUSION.,.F.,.F.,.F.,
(4,4),(2,2),(0.,1.),(0.,1.),.PIECEWISE_BEZIER_KNOTS.);
#48=B_SPLINE_SURFACE_WITH_KNOTS('',3,1,((#12209,#12210),(#12211,#12212),
(#12213,#12214),(#12215,#12216)),.SURF_OF_LINEAR_EXTRUSION.,.F.,.F.,.F.,
(4,4),(2,2),(0.,1.),(0.,1.),.PIECEWISE_BEZIER_KNOTS.);
#49=B_SPLINE_SURFACE_WITH_KNOTS('',3,1,((#12255,#12256),(#12257,#12258),
(#12259,#12260),(#12261,#12262)),.SURF_OF_LINEAR_EXTRUSION.,.F.,.F.,.F.,
(4,4),(2,2),(0.,1.),(0.,1.),.PIECEWISE_BEZIER_KNOTS.);
#50=B_SPLINE_SURFACE_WITH_KNOTS('',3,1,((#12268,#12269),(#12270,#12271),
(#12272,#12273),(#12274,#12275)),.SURF_OF_LINEAR_EXTRUSION.,.F.,.F.,.F.,
(4,4),(2,2),(0.,1.),(0.,1.),.PIECEWISE_BEZIER_KNOTS.);
#51=B_SPLINE_SURFACE_WITH_KNOTS('',3,1,((#12281,#12282),(#12283,#12284),
(#12285,#12286),(#12287,#12288)),.SURF_OF_LINEAR_EXTRUSION.,.F.,.F.,.F.,
(4,4),(2,2),(0.,1.),(0.,1.),.PIECEWISE_BEZIER_KNOTS.);
#52=B_SPLINE_SURFACE_WITH_KNOTS('',3,1,((#12294,#12295),(#12296,#12297),
(#12298,#12299),(#12300,#12301)),.SURF_OF_LINEAR_EXTRUSION.,.F.,.F.,.F.,
(4,4),(2,2),(0.,1.),(0.,1.),.PIECEWISE_BEZIER_KNOTS.);
#53=B_SPLINE_SURFACE_WITH_KNOTS('',3,1,((#12311,#12312),(#12313,#12314),
(#12315,#12316),(#12317,#12318)),.SURF_OF_LINEAR_EXTRUSION.,.F.,.F.,.F.,
(4,4),(2,2),(0.,1.),(0.,1.),.PIECEWISE_BEZIER_KNOTS.);
#54=B_SPLINE_SURFACE_WITH_KNOTS('',3,1,((#12324,#12325),(#12326,#12327),
(#12328,#12329),(#12330,#12331)),.SURF_OF_LINEAR_EXTRUSION.,.F.,.F.,.F.,
(4,4),(2,2),(0.,1.),(0.,1.),.PIECEWISE_BEZIER_KNOTS.);
#55=B_SPLINE_SURFACE_WITH_KNOTS('',3,1,((#12337,#12338),(#12339,#12340),
(#12341,#12342),(#12343,#12344)),.SURF_OF_LINEAR_EXTRUSION.,.F.,.F.,.F.,
(4,4),(2,2),(0.,1.),(0.,1.),.PIECEWISE_BEZIER_KNOTS.);
#56=B_SPLINE_SURFACE_WITH_KNOTS('',3,1,((#12350,#12351),(#12352,#12353),
(#12354,#12355),(#12356,#12357)),.SURF_OF_LINEAR_EXTRUSION.,.F.,.F.,.F.,
(4,4),(2,2),(0.,1.),(0.,1.),.PIECEWISE_BEZIER_KNOTS.);
#57=B_SPLINE_SURFACE_WITH_KNOTS('',3,1,((#12375,#12376),(#12377,#12378),
(#12379,#12380),(#12381,#12382)),.SURF_OF_LINEAR_EXTRUSION.,.F.,.F.,.F.,
(4,4),(2,2),(0.,1.),(0.,1.),.PIECEWISE_BEZIER_KNOTS.);
#58=B_SPLINE_SURFACE_WITH_KNOTS('',3,1,((#12388,#12389),(#12390,#12391),
(#12392,#12393),(#12394,#12395)),.SURF_OF_LINEAR_EXTRUSION.,.F.,.F.,.F.,
(4,4),(2,2),(0.,1.),(0.,1.),.PIECEWISE_BEZIER_KNOTS.);
#59=B_SPLINE_SURFACE_WITH_KNOTS('',3,1,((#12401,#12402),(#12403,#12404),
(#12405,#12406),(#12407,#12408)),.SURF_OF_LINEAR_EXTRUSION.,.F.,.F.,.F.,
(4,4),(2,2),(0.,1.),(0.,1.),.PIECEWISE_BEZIER_KNOTS.);
#60=B_SPLINE_SURFACE_WITH_KNOTS('',3,1,((#12414,#12415),(#12416,#12417),
(#12418,#12419),(#12420,#12421)),.SURF_OF_LINEAR_EXTRUSION.,.F.,.F.,.F.,
(4,4),(2,2),(0.,1.),(0.,1.),.PIECEWISE_BEZIER_KNOTS.);
#61=B_SPLINE_SURFACE_WITH_KNOTS('',3,1,((#12431,#12432),(#12433,#12434),
(#12435,#12436),(#12437,#12438)),.SURF_OF_LINEAR_EXTRUSION.,.F.,.F.,.F.,
(4,4),(2,2),(0.,1.),(0.,1.),.PIECEWISE_BEZIER_KNOTS.);
#62=B_SPLINE_SURFACE_WITH_KNOTS('',3,1,((#12444,#12445),(#12446,#12447),
(#12448,#12449),(#12450,#12451)),.SURF_OF_LINEAR_EXTRUSION.,.F.,.F.,.F.,
(4,4),(2,2),(0.,1.),(0.,1.),.PIECEWISE_BEZIER_KNOTS.);
#63=B_SPLINE_SURFACE_WITH_KNOTS('',3,1,((#12457,#12458),(#12459,#12460),
(#12461,#12462),(#12463,#12464)),.SURF_OF_LINEAR_EXTRUSION.,.F.,.F.,.F.,
(4,4),(2,2),(0.,1.),(0.,1.),.PIECEWISE_BEZIER_KNOTS.);
#64=B_SPLINE_SURFACE_WITH_KNOTS('',3,1,((#12564,#12565),(#12566,#12567),
(#12568,#12569),(#12570,#12571)),.SURF_OF_LINEAR_EXTRUSION.,.F.,.F.,.F.,
(4,4),(2,2),(0.,1.),(0.,1.),.PIECEWISE_BEZIER_KNOTS.);
#65=B_SPLINE_SURFACE_WITH_KNOTS('',3,1,((#12577,#12578),(#12579,#12580),
(#12581,#12582),(#12583,#12584)),.SURF_OF_LINEAR_EXTRUSION.,.F.,.F.,.F.,
(4,4),(2,2),(0.,1.),(0.,1.),.PIECEWISE_BEZIER_KNOTS.);
#66=B_SPLINE_SURFACE_WITH_KNOTS('',3,1,((#12606,#12607),(#12608,#12609),
(#12610,#12611),(#12612,#12613)),.SURF_OF_LINEAR_EXTRUSION.,.F.,.F.,.F.,
(4,4),(2,2),(0.,1.),(0.,1.),.PIECEWISE_BEZIER_KNOTS.);
#67=B_SPLINE_SURFACE_WITH_KNOTS('',3,1,((#12619,#12620),(#12621,#12622),
(#12623,#12624),(#12625,#12626)),.SURF_OF_LINEAR_EXTRUSION.,.F.,.F.,.F.,
(4,4),(2,2),(0.,1.),(0.,1.),.PIECEWISE_BEZIER_KNOTS.);
#68=B_SPLINE_SURFACE_WITH_KNOTS('',3,1,((#12669,#12670),(#12671,#12672),
(#12673,#12674),(#12675,#12676)),.SURF_OF_LINEAR_EXTRUSION.,.F.,.F.,.F.,
(4,4),(2,2),(0.,1.),(0.,1.),.PIECEWISE_BEZIER_KNOTS.);
#69=B_SPLINE_SURFACE_WITH_KNOTS('',3,1,((#12682,#12683),(#12684,#12685),
(#12686,#12687),(#12688,#12689)),.SURF_OF_LINEAR_EXTRUSION.,.F.,.F.,.F.,
(4,4),(2,2),(0.,1.),(0.,1.),.PIECEWISE_BEZIER_KNOTS.);
#70=B_SPLINE_SURFACE_WITH_KNOTS('',3,1,((#12699,#12700),(#12701,#12702),
(#12703,#12704),(#12705,#12706)),.SURF_OF_LINEAR_EXTRUSION.,.F.,.F.,.F.,
(4,4),(2,2),(0.,1.),(0.,1.),.PIECEWISE_BEZIER_KNOTS.);
#71=B_SPLINE_SURFACE_WITH_KNOTS('',3,1,((#12724,#12725),(#12726,#12727),
(#12728,#12729),(#12730,#12731)),.SURF_OF_LINEAR_EXTRUSION.,.F.,.F.,.F.,
(4,4),(2,2),(0.,1.),(0.,1.),.PIECEWISE_BEZIER_KNOTS.);
#72=B_SPLINE_SURFACE_WITH_KNOTS('',3,1,((#12737,#12738),(#12739,#12740),
(#12741,#12742),(#12743,#12744)),.SURF_OF_LINEAR_EXTRUSION.,.F.,.F.,.F.,
(4,4),(2,2),(0.,1.),(0.,1.),.PIECEWISE_BEZIER_KNOTS.);
#73=B_SPLINE_SURFACE_WITH_KNOTS('',3,1,((#12775,#12776),(#12777,#12778),
(#12779,#12780),(#12781,#12782)),.SURF_OF_LINEAR_EXTRUSION.,.F.,.F.,.F.,
(4,4),(2,2),(0.,1.),(0.,1.),.PIECEWISE_BEZIER_KNOTS.);
#74=B_SPLINE_SURFACE_WITH_KNOTS('',3,1,((#12788,#12789),(#12790,#12791),
(#12792,#12793),(#12794,#12795)),.SURF_OF_LINEAR_EXTRUSION.,.F.,.F.,.F.,
(4,4),(2,2),(0.,1.),(0.,1.),.PIECEWISE_BEZIER_KNOTS.);
#75=B_SPLINE_SURFACE_WITH_KNOTS('',3,1,((#12801,#12802),(#12803,#12804),
(#12805,#12806),(#12807,#12808)),.SURF_OF_LINEAR_EXTRUSION.,.F.,.F.,.F.,
(4,4),(2,2),(0.,1.),(0.,1.),.PIECEWISE_BEZIER_KNOTS.);
#76=B_SPLINE_SURFACE_WITH_KNOTS('',3,1,((#12814,#12815),(#12816,#12817),
(#12818,#12819),(#12820,#12821)),.SURF_OF_LINEAR_EXTRUSION.,.F.,.F.,.F.,
(4,4),(2,2),(0.,1.),(0.,1.),.PIECEWISE_BEZIER_KNOTS.);
#77=B_SPLINE_SURFACE_WITH_KNOTS('',3,1,((#12827,#12828),(#12829,#12830),
(#12831,#12832),(#12833,#12834)),.SURF_OF_LINEAR_EXTRUSION.,.F.,.F.,.F.,
(4,4),(2,2),(0.,1.),(0.,1.),.PIECEWISE_BEZIER_KNOTS.);
#78=B_SPLINE_SURFACE_WITH_KNOTS('',3,1,((#12840,#12841),(#12842,#12843),
(#12844,#12845),(#12846,#12847)),.SURF_OF_LINEAR_EXTRUSION.,.F.,.F.,.F.,
(4,4),(2,2),(0.,1.),(0.,1.),.PIECEWISE_BEZIER_KNOTS.);
#79=B_SPLINE_SURFACE_WITH_KNOTS('',3,1,((#12853,#12854),(#12855,#12856),
(#12857,#12858),(#12859,#12860)),.SURF_OF_LINEAR_EXTRUSION.,.F.,.F.,.F.,
(4,4),(2,2),(0.,1.),(0.,1.),.PIECEWISE_BEZIER_KNOTS.);
#80=B_SPLINE_SURFACE_WITH_KNOTS('',3,1,((#12870,#12871),(#12872,#12873),
(#12874,#12875),(#12876,#12877)),.SURF_OF_LINEAR_EXTRUSION.,.F.,.F.,.F.,
(4,4),(2,2),(0.,1.),(0.,1.),.PIECEWISE_BEZIER_KNOTS.);
#81=B_SPLINE_SURFACE_WITH_KNOTS('',3,1,((#12883,#12884),(#12885,#12886),
(#12887,#12888),(#12889,#12890)),.SURF_OF_LINEAR_EXTRUSION.,.F.,.F.,.F.,
(4,4),(2,2),(0.,1.),(0.,1.),.PIECEWISE_BEZIER_KNOTS.);
#82=B_SPLINE_SURFACE_WITH_KNOTS('',3,1,((#12900,#12901),(#12902,#12903),
(#12904,#12905),(#12906,#12907)),.SURF_OF_LINEAR_EXTRUSION.,.F.,.F.,.F.,
(4,4),(2,2),(0.,1.),(0.,1.),.PIECEWISE_BEZIER_KNOTS.);
#83=B_SPLINE_SURFACE_WITH_KNOTS('',3,1,((#12929,#12930),(#12931,#12932),
(#12933,#12934),(#12935,#12936)),.SURF_OF_LINEAR_EXTRUSION.,.F.,.F.,.F.,
(4,4),(2,2),(0.,1.),(0.,1.),.PIECEWISE_BEZIER_KNOTS.);
#84=B_SPLINE_SURFACE_WITH_KNOTS('',3,1,((#12942,#12943),(#12944,#12945),
(#12946,#12947),(#12948,#12949)),.SURF_OF_LINEAR_EXTRUSION.,.F.,.F.,.F.,
(4,4),(2,2),(0.,1.),(0.,1.),.PIECEWISE_BEZIER_KNOTS.);
#85=B_SPLINE_SURFACE_WITH_KNOTS('',3,1,((#12955,#12956),(#12957,#12958),
(#12959,#12960),(#12961,#12962)),.SURF_OF_LINEAR_EXTRUSION.,.F.,.F.,.F.,
(4,4),(2,2),(0.,1.),(0.,1.),.PIECEWISE_BEZIER_KNOTS.);
#86=B_SPLINE_SURFACE_WITH_KNOTS('',3,1,((#12968,#12969),(#12970,#12971),
(#12972,#12973),(#12974,#12975)),.SURF_OF_LINEAR_EXTRUSION.,.F.,.F.,.F.,
(4,4),(2,2),(0.,1.),(0.,1.),.PIECEWISE_BEZIER_KNOTS.);
#87=B_SPLINE_SURFACE_WITH_KNOTS('',3,1,((#12981,#12982),(#12983,#12984),
(#12985,#12986),(#12987,#12988)),.SURF_OF_LINEAR_EXTRUSION.,.F.,.F.,.F.,
(4,4),(2,2),(0.,1.),(0.,1.),.PIECEWISE_BEZIER_KNOTS.);
#88=B_SPLINE_SURFACE_WITH_KNOTS('',3,1,((#12994,#12995),(#12996,#12997),
(#12998,#12999),(#13000,#13001)),.SURF_OF_LINEAR_EXTRUSION.,.F.,.F.,.F.,
(4,4),(2,2),(0.,1.),(0.,1.),.PIECEWISE_BEZIER_KNOTS.);
#89=B_SPLINE_SURFACE_WITH_KNOTS('',3,1,((#13007,#13008),(#13009,#13010),
(#13011,#13012),(#13013,#13014)),.SURF_OF_LINEAR_EXTRUSION.,.F.,.F.,.F.,
(4,4),(2,2),(0.,1.),(0.,1.),.PIECEWISE_BEZIER_KNOTS.);
#90=B_SPLINE_SURFACE_WITH_KNOTS('',3,1,((#13020,#13021),(#13022,#13023),
(#13024,#13025),(#13026,#13027)),.SURF_OF_LINEAR_EXTRUSION.,.F.,.F.,.F.,
(4,4),(2,2),(0.,1.),(0.,1.),.PIECEWISE_BEZIER_KNOTS.);
#91=B_SPLINE_SURFACE_WITH_KNOTS('',3,1,((#13033,#13034),(#13035,#13036),
(#13037,#13038),(#13039,#13040)),.SURF_OF_LINEAR_EXTRUSION.,.F.,.F.,.F.,
(4,4),(2,2),(0.,1.),(0.,1.),.PIECEWISE_BEZIER_KNOTS.);
#92=B_SPLINE_SURFACE_WITH_KNOTS('',3,1,((#13046,#13047),(#13048,#13049),
(#13050,#13051),(#13052,#13053)),.SURF_OF_LINEAR_EXTRUSION.,.F.,.F.,.F.,
(4,4),(2,2),(0.,1.),(0.,1.),.PIECEWISE_BEZIER_KNOTS.);
#93=B_SPLINE_SURFACE_WITH_KNOTS('',3,1,((#13059,#13060),(#13061,#13062),
(#13063,#13064),(#13065,#13066)),.SURF_OF_LINEAR_EXTRUSION.,.F.,.F.,.F.,
(4,4),(2,2),(0.,1.),(0.,1.),.PIECEWISE_BEZIER_KNOTS.);
#94=B_SPLINE_SURFACE_WITH_KNOTS('',3,1,((#13105,#13106),(#13107,#13108),
(#13109,#13110),(#13111,#13112)),.SURF_OF_LINEAR_EXTRUSION.,.F.,.F.,.F.,
(4,4),(2,2),(0.,1.),(0.,1.),.PIECEWISE_BEZIER_KNOTS.);
#95=B_SPLINE_SURFACE_WITH_KNOTS('',3,1,((#13118,#13119),(#13120,#13121),
(#13122,#13123),(#13124,#13125)),.SURF_OF_LINEAR_EXTRUSION.,.F.,.F.,.F.,
(4,4),(2,2),(0.,1.),(0.,1.),.PIECEWISE_BEZIER_KNOTS.);
#96=B_SPLINE_SURFACE_WITH_KNOTS('',3,1,((#13135,#13136),(#13137,#13138),
(#13139,#13140),(#13141,#13142)),.SURF_OF_LINEAR_EXTRUSION.,.F.,.F.,.F.,
(4,4),(2,2),(0.,1.),(0.,1.),.PIECEWISE_BEZIER_KNOTS.);
#97=B_SPLINE_SURFACE_WITH_KNOTS('',3,1,((#13160,#13161),(#13162,#13163),
(#13164,#13165),(#13166,#13167)),.SURF_OF_LINEAR_EXTRUSION.,.F.,.F.,.F.,
(4,4),(2,2),(0.,1.),(0.,1.),.PIECEWISE_BEZIER_KNOTS.);
#98=B_SPLINE_SURFACE_WITH_KNOTS('',3,1,((#13173,#13174),(#13175,#13176),
(#13177,#13178),(#13179,#13180)),.SURF_OF_LINEAR_EXTRUSION.,.F.,.F.,.F.,
(4,4),(2,2),(0.,1.),(0.,1.),.PIECEWISE_BEZIER_KNOTS.);
#99=B_SPLINE_SURFACE_WITH_KNOTS('',3,1,((#13314,#13315),(#13316,#13317),
(#13318,#13319),(#13320,#13321)),.SURF_OF_LINEAR_EXTRUSION.,.F.,.F.,.F.,
(4,4),(2,2),(0.,1.),(0.,1.),.PIECEWISE_BEZIER_KNOTS.);
#100=B_SPLINE_SURFACE_WITH_KNOTS('',3,1,((#13340,#13341),(#13342,#13343),
(#13344,#13345),(#13346,#13347)),.SURF_OF_LINEAR_EXTRUSION.,.F.,.F.,.F.,
(4,4),(2,2),(0.,1.),(0.,1.),.PIECEWISE_BEZIER_KNOTS.);
#101=B_SPLINE_SURFACE_WITH_KNOTS('',3,1,((#13357,#13358),(#13359,#13360),
(#13361,#13362),(#13363,#13364)),.SURF_OF_LINEAR_EXTRUSION.,.F.,.F.,.F.,
(4,4),(2,2),(0.,1.),(0.,1.),.PIECEWISE_BEZIER_KNOTS.);
#102=B_SPLINE_SURFACE_WITH_KNOTS('',3,1,((#13374,#13375),(#13376,#13377),
(#13378,#13379),(#13380,#13381)),.SURF_OF_LINEAR_EXTRUSION.,.F.,.F.,.F.,
(4,4),(2,2),(0.,1.),(0.,1.),.PIECEWISE_BEZIER_KNOTS.);
#103=B_SPLINE_SURFACE_WITH_KNOTS('',3,1,((#13391,#13392),(#13393,#13394),
(#13395,#13396),(#13397,#13398)),.SURF_OF_LINEAR_EXTRUSION.,.F.,.F.,.F.,
(4,4),(2,2),(0.,1.),(0.,1.),.PIECEWISE_BEZIER_KNOTS.);
#104=B_SPLINE_SURFACE_WITH_KNOTS('',3,1,((#13414,#13415),(#13416,#13417),
(#13418,#13419),(#13420,#13421)),.SURF_OF_LINEAR_EXTRUSION.,.F.,.F.,.F.,
(4,4),(2,2),(0.,1.),(0.,1.),.PIECEWISE_BEZIER_KNOTS.);
#105=B_SPLINE_SURFACE_WITH_KNOTS('',3,1,((#13431,#13432),(#13433,#13434),
(#13435,#13436),(#13437,#13438)),.SURF_OF_LINEAR_EXTRUSION.,.F.,.F.,.F.,
(4,4),(2,2),(0.,1.),(0.,1.),.PIECEWISE_BEZIER_KNOTS.);
#106=B_SPLINE_SURFACE_WITH_KNOTS('',3,1,((#13448,#13449),(#13450,#13451),
(#13452,#13453),(#13454,#13455)),.SURF_OF_LINEAR_EXTRUSION.,.F.,.F.,.F.,
(4,4),(2,2),(0.,1.),(0.,1.),.PIECEWISE_BEZIER_KNOTS.);
#107=B_SPLINE_SURFACE_WITH_KNOTS('',3,1,((#13467,#13468),(#13469,#13470),
(#13471,#13472),(#13473,#13474)),.SURF_OF_LINEAR_EXTRUSION.,.F.,.F.,.F.,
(4,4),(2,2),(0.,1.),(0.,1.),.PIECEWISE_BEZIER_KNOTS.);
#108=B_SPLINE_SURFACE_WITH_KNOTS('',3,1,((#13480,#13481),(#13482,#13483),
(#13484,#13485),(#13486,#13487)),.SURF_OF_LINEAR_EXTRUSION.,.F.,.F.,.F.,
(4,4),(2,2),(0.,1.),(0.,1.),.PIECEWISE_BEZIER_KNOTS.);
#109=B_SPLINE_SURFACE_WITH_KNOTS('',3,1,((#13493,#13494),(#13495,#13496),
(#13497,#13498),(#13499,#13500)),.SURF_OF_LINEAR_EXTRUSION.,.F.,.F.,.F.,
(4,4),(2,2),(0.,1.),(0.,1.),.PIECEWISE_BEZIER_KNOTS.);
#110=B_SPLINE_SURFACE_WITH_KNOTS('',3,1,((#13506,#13507),(#13508,#13509),
(#13510,#13511),(#13512,#13513)),.SURF_OF_LINEAR_EXTRUSION.,.F.,.F.,.F.,
(4,4),(2,2),(0.,1.),(0.,1.),.PIECEWISE_BEZIER_KNOTS.);
#111=B_SPLINE_SURFACE_WITH_KNOTS('',3,1,((#13523,#13524),(#13525,#13526),
(#13527,#13528),(#13529,#13530)),.SURF_OF_LINEAR_EXTRUSION.,.F.,.F.,.F.,
(4,4),(2,2),(0.,1.),(0.,1.),.PIECEWISE_BEZIER_KNOTS.);
#112=B_SPLINE_SURFACE_WITH_KNOTS('',3,1,((#13536,#13537),(#13538,#13539),
(#13540,#13541),(#13542,#13543)),.SURF_OF_LINEAR_EXTRUSION.,.F.,.F.,.F.,
(4,4),(2,2),(0.,1.),(0.,1.),.PIECEWISE_BEZIER_KNOTS.);
#113=B_SPLINE_SURFACE_WITH_KNOTS('',3,1,((#13549,#13550),(#13551,#13552),
(#13553,#13554),(#13555,#13556)),.SURF_OF_LINEAR_EXTRUSION.,.F.,.F.,.F.,
(4,4),(2,2),(0.,1.),(0.,1.),.PIECEWISE_BEZIER_KNOTS.);
#114=B_SPLINE_SURFACE_WITH_KNOTS('',3,1,((#13560,#13561),(#13562,#13563),
(#13564,#13565),(#13566,#13567)),.SURF_OF_LINEAR_EXTRUSION.,.F.,.F.,.F.,
(4,4),(2,2),(0.,1.),(0.,1.),.PIECEWISE_BEZIER_KNOTS.);
#115=B_SPLINE_SURFACE_WITH_KNOTS('',3,1,((#13575,#13576),(#13577,#13578),
(#13579,#13580),(#13581,#13582)),.SURF_OF_LINEAR_EXTRUSION.,.F.,.F.,.F.,
(4,4),(2,2),(0.,1.),(0.,1.),.PIECEWISE_BEZIER_KNOTS.);
#116=B_SPLINE_SURFACE_WITH_KNOTS('',3,1,((#13595,#13596),(#13597,#13598),
(#13599,#13600),(#13601,#13602)),.SURF_OF_LINEAR_EXTRUSION.,.F.,.F.,.F.,
(4,4),(2,2),(0.,1.),(0.,1.),.PIECEWISE_BEZIER_KNOTS.);
#117=B_SPLINE_SURFACE_WITH_KNOTS('',3,1,((#13612,#13613),(#13614,#13615),
(#13616,#13617),(#13618,#13619)),.SURF_OF_LINEAR_EXTRUSION.,.F.,.F.,.F.,
(4,4),(2,2),(0.,1.),(0.,1.),.PIECEWISE_BEZIER_KNOTS.);
#118=B_SPLINE_SURFACE_WITH_KNOTS('',3,1,((#13647,#13648),(#13649,#13650),
(#13651,#13652),(#13653,#13654)),.SURF_OF_LINEAR_EXTRUSION.,.F.,.F.,.F.,
(4,4),(2,2),(0.,1.),(0.,1.),.PIECEWISE_BEZIER_KNOTS.);
#119=B_SPLINE_SURFACE_WITH_KNOTS('',3,1,((#13662,#13663),(#13664,#13665),
(#13666,#13667),(#13668,#13669)),.SURF_OF_LINEAR_EXTRUSION.,.F.,.F.,.F.,
(4,4),(2,2),(0.,1.),(0.,1.),.PIECEWISE_BEZIER_KNOTS.);
#120=B_SPLINE_SURFACE_WITH_KNOTS('',3,1,((#13675,#13676),(#13677,#13678),
(#13679,#13680),(#13681,#13682)),.SURF_OF_LINEAR_EXTRUSION.,.F.,.F.,.F.,
(4,4),(2,2),(0.,1.),(0.,1.),.PIECEWISE_BEZIER_KNOTS.);
#121=B_SPLINE_SURFACE_WITH_KNOTS('',3,1,((#13696,#13697),(#13698,#13699),
(#13700,#13701),(#13702,#13703)),.SURF_OF_LINEAR_EXTRUSION.,.F.,.F.,.F.,
(4,4),(2,2),(0.,1.),(0.,1.),.PIECEWISE_BEZIER_KNOTS.);
#122=B_SPLINE_SURFACE_WITH_KNOTS('',3,1,((#13709,#13710),(#13711,#13712),
(#13713,#13714),(#13715,#13716)),.SURF_OF_LINEAR_EXTRUSION.,.F.,.F.,.F.,
(4,4),(2,2),(0.,1.),(0.,1.),.PIECEWISE_BEZIER_KNOTS.);
#123=B_SPLINE_SURFACE_WITH_KNOTS('',3,1,((#13722,#13723),(#13724,#13725),
(#13726,#13727),(#13728,#13729)),.SURF_OF_LINEAR_EXTRUSION.,.F.,.F.,.F.,
(4,4),(2,2),(0.,1.),(0.,1.),.PIECEWISE_BEZIER_KNOTS.);
#124=B_SPLINE_SURFACE_WITH_KNOTS('',3,1,((#13747,#13748),(#13749,#13750),
(#13751,#13752),(#13753,#13754)),.SURF_OF_LINEAR_EXTRUSION.,.F.,.F.,.F.,
(4,4),(2,2),(0.,1.),(0.,1.),.PIECEWISE_BEZIER_KNOTS.);
#125=B_SPLINE_SURFACE_WITH_KNOTS('',3,1,((#13760,#13761),(#13762,#13763),
(#13764,#13765),(#13766,#13767)),.SURF_OF_LINEAR_EXTRUSION.,.F.,.F.,.F.,
(4,4),(2,2),(0.,1.),(0.,1.),.PIECEWISE_BEZIER_KNOTS.);
#126=B_SPLINE_SURFACE_WITH_KNOTS('',3,1,((#13773,#13774),(#13775,#13776),
(#13777,#13778),(#13779,#13780)),.SURF_OF_LINEAR_EXTRUSION.,.F.,.F.,.F.,
(4,4),(2,2),(0.,1.),(0.,1.),.PIECEWISE_BEZIER_KNOTS.);
#127=B_SPLINE_SURFACE_WITH_KNOTS('',3,1,((#13786,#13787),(#13788,#13789),
(#13790,#13791),(#13792,#13793)),.SURF_OF_LINEAR_EXTRUSION.,.F.,.F.,.F.,
(4,4),(2,2),(0.,1.),(0.,1.),.PIECEWISE_BEZIER_KNOTS.);
#128=B_SPLINE_SURFACE_WITH_KNOTS('',3,1,((#13803,#13804),(#13805,#13806),
(#13807,#13808),(#13809,#13810)),.SURF_OF_LINEAR_EXTRUSION.,.F.,.F.,.F.,
(4,4),(2,2),(0.,1.),(0.,1.),.PIECEWISE_BEZIER_KNOTS.);
#129=B_SPLINE_SURFACE_WITH_KNOTS('',3,1,((#13814,#13815),(#13816,#13817),
(#13818,#13819),(#13820,#13821)),.SURF_OF_LINEAR_EXTRUSION.,.F.,.F.,.F.,
(4,4),(2,2),(0.,1.),(0.,1.),.PIECEWISE_BEZIER_KNOTS.);
#130=B_SPLINE_SURFACE_WITH_KNOTS('',3,1,((#13829,#13830),(#13831,#13832),
(#13833,#13834),(#13835,#13836)),.SURF_OF_LINEAR_EXTRUSION.,.F.,.F.,.F.,
(4,4),(2,2),(0.,1.),(0.,1.),.PIECEWISE_BEZIER_KNOTS.);
#131=B_SPLINE_SURFACE_WITH_KNOTS('',3,1,((#13849,#13850),(#13851,#13852),
(#13853,#13854),(#13855,#13856)),.SURF_OF_LINEAR_EXTRUSION.,.F.,.F.,.F.,
(4,4),(2,2),(0.,1.),(0.,1.),.PIECEWISE_BEZIER_KNOTS.);
#132=B_SPLINE_SURFACE_WITH_KNOTS('',3,1,((#13866,#13867),(#13868,#13869),
(#13870,#13871),(#13872,#13873)),.SURF_OF_LINEAR_EXTRUSION.,.F.,.F.,.F.,
(4,4),(2,2),(0.,1.),(0.,1.),.PIECEWISE_BEZIER_KNOTS.);
#133=B_SPLINE_SURFACE_WITH_KNOTS('',3,1,((#13901,#13902),(#13903,#13904),
(#13905,#13906),(#13907,#13908)),.SURF_OF_LINEAR_EXTRUSION.,.F.,.F.,.F.,
(4,4),(2,2),(0.,1.),(0.,1.),.PIECEWISE_BEZIER_KNOTS.);
#134=B_SPLINE_SURFACE_WITH_KNOTS('',3,1,((#13916,#13917),(#13918,#13919),
(#13920,#13921),(#13922,#13923)),.SURF_OF_LINEAR_EXTRUSION.,.F.,.F.,.F.,
(4,4),(2,2),(0.,1.),(0.,1.),.PIECEWISE_BEZIER_KNOTS.);
#135=B_SPLINE_SURFACE_WITH_KNOTS('',3,1,((#13929,#13930),(#13931,#13932),
(#13933,#13934),(#13935,#13936)),.SURF_OF_LINEAR_EXTRUSION.,.F.,.F.,.F.,
(4,4),(2,2),(0.,1.),(0.,1.),.PIECEWISE_BEZIER_KNOTS.);
#136=B_SPLINE_SURFACE_WITH_KNOTS('',3,1,((#13950,#13951),(#13952,#13953),
(#13954,#13955),(#13956,#13957)),.SURF_OF_LINEAR_EXTRUSION.,.F.,.F.,.F.,
(4,4),(2,2),(0.,1.),(0.,1.),.PIECEWISE_BEZIER_KNOTS.);
#137=B_SPLINE_SURFACE_WITH_KNOTS('',3,1,((#13963,#13964),(#13965,#13966),
(#13967,#13968),(#13969,#13970)),.SURF_OF_LINEAR_EXTRUSION.,.F.,.F.,.F.,
(4,4),(2,2),(0.,1.),(0.,1.),.PIECEWISE_BEZIER_KNOTS.);
#138=B_SPLINE_SURFACE_WITH_KNOTS('',3,1,((#13976,#13977),(#13978,#13979),
(#13980,#13981),(#13982,#13983)),.SURF_OF_LINEAR_EXTRUSION.,.F.,.F.,.F.,
(4,4),(2,2),(0.,1.),(0.,1.),.PIECEWISE_BEZIER_KNOTS.);
#139=B_SPLINE_SURFACE_WITH_KNOTS('',3,1,((#14001,#14002),(#14003,#14004),
(#14005,#14006),(#14007,#14008)),.SURF_OF_LINEAR_EXTRUSION.,.F.,.F.,.F.,
(4,4),(2,2),(0.,1.),(0.,1.),.PIECEWISE_BEZIER_KNOTS.);
#140=B_SPLINE_SURFACE_WITH_KNOTS('',3,1,((#14014,#14015),(#14016,#14017),
(#14018,#14019),(#14020,#14021)),.SURF_OF_LINEAR_EXTRUSION.,.F.,.F.,.F.,
(4,4),(2,2),(0.,1.),(0.,1.),.PIECEWISE_BEZIER_KNOTS.);
#141=B_SPLINE_SURFACE_WITH_KNOTS('',3,1,((#14027,#14028),(#14029,#14030),
(#14031,#14032),(#14033,#14034)),.SURF_OF_LINEAR_EXTRUSION.,.F.,.F.,.F.,
(4,4),(2,2),(0.,1.),(0.,1.),.PIECEWISE_BEZIER_KNOTS.);
#142=B_SPLINE_SURFACE_WITH_KNOTS('',3,1,((#14040,#14041),(#14042,#14043),
(#14044,#14045),(#14046,#14047)),.SURF_OF_LINEAR_EXTRUSION.,.F.,.F.,.F.,
(4,4),(2,2),(0.,1.),(0.,1.),.PIECEWISE_BEZIER_KNOTS.);
#143=B_SPLINE_SURFACE_WITH_KNOTS('',3,1,((#14057,#14058),(#14059,#14060),
(#14061,#14062),(#14063,#14064)),.SURF_OF_LINEAR_EXTRUSION.,.F.,.F.,.F.,
(4,4),(2,2),(0.,1.),(0.,1.),.PIECEWISE_BEZIER_KNOTS.);
#144=B_SPLINE_SURFACE_WITH_KNOTS('',3,1,((#14068,#14069),(#14070,#14071),
(#14072,#14073),(#14074,#14075)),.SURF_OF_LINEAR_EXTRUSION.,.F.,.F.,.F.,
(4,4),(2,2),(0.,1.),(0.,1.),.PIECEWISE_BEZIER_KNOTS.);
#145=B_SPLINE_SURFACE_WITH_KNOTS('',3,1,((#14083,#14084),(#14085,#14086),
(#14087,#14088),(#14089,#14090)),.SURF_OF_LINEAR_EXTRUSION.,.F.,.F.,.F.,
(4,4),(2,2),(0.,1.),(0.,1.),.PIECEWISE_BEZIER_KNOTS.);
#146=B_SPLINE_SURFACE_WITH_KNOTS('',3,1,((#14109,#14110),(#14111,#14112),
(#14113,#14114),(#14115,#14116)),.SURF_OF_LINEAR_EXTRUSION.,.F.,.F.,.F.,
(4,4),(2,2),(0.,1.),(0.,1.),.PIECEWISE_BEZIER_KNOTS.);
#147=B_SPLINE_SURFACE_WITH_KNOTS('',3,1,((#14126,#14127),(#14128,#14129),
(#14130,#14131),(#14132,#14133)),.SURF_OF_LINEAR_EXTRUSION.,.F.,.F.,.F.,
(4,4),(2,2),(0.,1.),(0.,1.),.PIECEWISE_BEZIER_KNOTS.);
#148=B_SPLINE_SURFACE_WITH_KNOTS('',3,1,((#14143,#14144),(#14145,#14146),
(#14147,#14148),(#14149,#14150)),.SURF_OF_LINEAR_EXTRUSION.,.F.,.F.,.F.,
(4,4),(2,2),(0.,1.),(0.,1.),.PIECEWISE_BEZIER_KNOTS.);
#149=B_SPLINE_SURFACE_WITH_KNOTS('',3,1,((#14160,#14161),(#14162,#14163),
(#14164,#14165),(#14166,#14167)),.SURF_OF_LINEAR_EXTRUSION.,.F.,.F.,.F.,
(4,4),(2,2),(0.,1.),(0.,1.),.PIECEWISE_BEZIER_KNOTS.);
#150=B_SPLINE_SURFACE_WITH_KNOTS('',3,1,((#14183,#14184),(#14185,#14186),
(#14187,#14188),(#14189,#14190)),.SURF_OF_LINEAR_EXTRUSION.,.F.,.F.,.F.,
(4,4),(2,2),(0.,1.),(0.,1.),.PIECEWISE_BEZIER_KNOTS.);
#151=B_SPLINE_SURFACE_WITH_KNOTS('',3,1,((#14200,#14201),(#14202,#14203),
(#14204,#14205),(#14206,#14207)),.SURF_OF_LINEAR_EXTRUSION.,.F.,.F.,.F.,
(4,4),(2,2),(0.,1.),(0.,1.),.PIECEWISE_BEZIER_KNOTS.);
#152=B_SPLINE_SURFACE_WITH_KNOTS('',3,1,((#14217,#14218),(#14219,#14220),
(#14221,#14222),(#14223,#14224)),.SURF_OF_LINEAR_EXTRUSION.,.F.,.F.,.F.,
(4,4),(2,2),(0.,1.),(0.,1.),.PIECEWISE_BEZIER_KNOTS.);
#153=B_SPLINE_SURFACE_WITH_KNOTS('',3,1,((#14236,#14237),(#14238,#14239),
(#14240,#14241),(#14242,#14243)),.SURF_OF_LINEAR_EXTRUSION.,.F.,.F.,.F.,
(4,4),(2,2),(0.,1.),(0.,1.),.PIECEWISE_BEZIER_KNOTS.);
#154=B_SPLINE_SURFACE_WITH_KNOTS('',3,1,((#14249,#14250),(#14251,#14252),
(#14253,#14254),(#14255,#14256)),.SURF_OF_LINEAR_EXTRUSION.,.F.,.F.,.F.,
(4,4),(2,2),(0.,1.),(0.,1.),.PIECEWISE_BEZIER_KNOTS.);
#155=B_SPLINE_SURFACE_WITH_KNOTS('',3,1,((#14262,#14263),(#14264,#14265),
(#14266,#14267),(#14268,#14269)),.SURF_OF_LINEAR_EXTRUSION.,.F.,.F.,.F.,
(4,4),(2,2),(0.,1.),(0.,1.),.PIECEWISE_BEZIER_KNOTS.);
#156=B_SPLINE_SURFACE_WITH_KNOTS('',3,1,((#14275,#14276),(#14277,#14278),
(#14279,#14280),(#14281,#14282)),.SURF_OF_LINEAR_EXTRUSION.,.F.,.F.,.F.,
(4,4),(2,2),(0.,1.),(0.,1.),.PIECEWISE_BEZIER_KNOTS.);
#157=B_SPLINE_SURFACE_WITH_KNOTS('',3,1,((#14292,#14293),(#14294,#14295),
(#14296,#14297),(#14298,#14299)),.SURF_OF_LINEAR_EXTRUSION.,.F.,.F.,.F.,
(4,4),(2,2),(0.,1.),(0.,1.),.PIECEWISE_BEZIER_KNOTS.);
#158=B_SPLINE_SURFACE_WITH_KNOTS('',3,1,((#14305,#14306),(#14307,#14308),
(#14309,#14310),(#14311,#14312)),.SURF_OF_LINEAR_EXTRUSION.,.F.,.F.,.F.,
(4,4),(2,2),(0.,1.),(0.,1.),.PIECEWISE_BEZIER_KNOTS.);
#159=B_SPLINE_SURFACE_WITH_KNOTS('',3,1,((#14318,#14319),(#14320,#14321),
(#14322,#14323),(#14324,#14325)),.SURF_OF_LINEAR_EXTRUSION.,.F.,.F.,.F.,
(4,4),(2,2),(0.,1.),(0.,1.),.PIECEWISE_BEZIER_KNOTS.);
#160=B_SPLINE_SURFACE_WITH_KNOTS('',3,1,((#14329,#14330),(#14331,#14332),
(#14333,#14334),(#14335,#14336)),.SURF_OF_LINEAR_EXTRUSION.,.F.,.F.,.F.,
(4,4),(2,2),(0.,1.),(0.,1.),.PIECEWISE_BEZIER_KNOTS.);
#161=B_SPLINE_SURFACE_WITH_KNOTS('',3,1,((#14344,#14345),(#14346,#14347),
(#14348,#14349),(#14350,#14351)),.SURF_OF_LINEAR_EXTRUSION.,.F.,.F.,.F.,
(4,4),(2,2),(0.,1.),(0.,1.),.PIECEWISE_BEZIER_KNOTS.);
#162=B_SPLINE_SURFACE_WITH_KNOTS('',3,1,((#14370,#14371),(#14372,#14373),
(#14374,#14375),(#14376,#14377)),.SURF_OF_LINEAR_EXTRUSION.,.F.,.F.,.F.,
(4,4),(2,2),(0.,1.),(0.,1.),.PIECEWISE_BEZIER_KNOTS.);
#163=B_SPLINE_SURFACE_WITH_KNOTS('',3,1,((#14387,#14388),(#14389,#14390),
(#14391,#14392),(#14393,#14394)),.SURF_OF_LINEAR_EXTRUSION.,.F.,.F.,.F.,
(4,4),(2,2),(0.,1.),(0.,1.),.PIECEWISE_BEZIER_KNOTS.);
#164=B_SPLINE_SURFACE_WITH_KNOTS('',3,1,((#14404,#14405),(#14406,#14407),
(#14408,#14409),(#14410,#14411)),.SURF_OF_LINEAR_EXTRUSION.,.F.,.F.,.F.,
(4,4),(2,2),(0.,1.),(0.,1.),.PIECEWISE_BEZIER_KNOTS.);
#165=B_SPLINE_SURFACE_WITH_KNOTS('',3,1,((#14421,#14422),(#14423,#14424),
(#14425,#14426),(#14427,#14428)),.SURF_OF_LINEAR_EXTRUSION.,.F.,.F.,.F.,
(4,4),(2,2),(0.,1.),(0.,1.),.PIECEWISE_BEZIER_KNOTS.);
#166=B_SPLINE_SURFACE_WITH_KNOTS('',3,1,((#14450,#14451),(#14452,#14453),
(#14454,#14455),(#14456,#14457)),.SURF_OF_LINEAR_EXTRUSION.,.F.,.F.,.F.,
(4,4),(2,2),(0.,1.),(0.,1.),.PIECEWISE_BEZIER_KNOTS.);
#167=B_SPLINE_SURFACE_WITH_KNOTS('',3,1,((#14497,#14498),(#14499,#14500),
(#14501,#14502),(#14503,#14504)),.SURF_OF_LINEAR_EXTRUSION.,.F.,.F.,.F.,
(4,4),(2,2),(0.,1.),(0.,1.),.PIECEWISE_BEZIER_KNOTS.);
#168=B_SPLINE_SURFACE_WITH_KNOTS('',3,1,((#14510,#14511),(#14512,#14513),
(#14514,#14515),(#14516,#14517)),.SURF_OF_LINEAR_EXTRUSION.,.F.,.F.,.F.,
(4,4),(2,2),(0.,1.),(0.,1.),.PIECEWISE_BEZIER_KNOTS.);
#169=B_SPLINE_SURFACE_WITH_KNOTS('',3,1,((#14523,#14524),(#14525,#14526),
(#14527,#14528),(#14529,#14530)),.SURF_OF_LINEAR_EXTRUSION.,.F.,.F.,.F.,
(4,4),(2,2),(0.,1.),(0.,1.),.PIECEWISE_BEZIER_KNOTS.);
#170=B_SPLINE_SURFACE_WITH_KNOTS('',3,1,((#14540,#14541),(#14542,#14543),
(#14544,#14545),(#14546,#14547)),.SURF_OF_LINEAR_EXTRUSION.,.F.,.F.,.F.,
(4,4),(2,2),(0.,1.),(0.,1.),.PIECEWISE_BEZIER_KNOTS.);
#171=B_SPLINE_SURFACE_WITH_KNOTS('',3,1,((#14553,#14554),(#14555,#14556),
(#14557,#14558),(#14559,#14560)),.SURF_OF_LINEAR_EXTRUSION.,.F.,.F.,.F.,
(4,4),(2,2),(0.,1.),(0.,1.),.PIECEWISE_BEZIER_KNOTS.);
#172=B_SPLINE_SURFACE_WITH_KNOTS('',3,1,((#14566,#14567),(#14568,#14569),
(#14570,#14571),(#14572,#14573)),.SURF_OF_LINEAR_EXTRUSION.,.F.,.F.,.F.,
(4,4),(2,2),(0.,1.),(0.,1.),.PIECEWISE_BEZIER_KNOTS.);
#173=B_SPLINE_SURFACE_WITH_KNOTS('',3,1,((#14601,#14602),(#14603,#14604),
(#14605,#14606),(#14607,#14608)),.SURF_OF_LINEAR_EXTRUSION.,.F.,.F.,.F.,
(4,4),(2,2),(0.,1.),(0.,1.),.PIECEWISE_BEZIER_KNOTS.);
#174=B_SPLINE_SURFACE_WITH_KNOTS('',3,1,((#14616,#14617),(#14618,#14619),
(#14620,#14621),(#14622,#14623)),.SURF_OF_LINEAR_EXTRUSION.,.F.,.F.,.F.,
(4,4),(2,2),(0.,1.),(0.,1.),.PIECEWISE_BEZIER_KNOTS.);
#175=B_SPLINE_SURFACE_WITH_KNOTS('',3,1,((#14642,#14643),(#14644,#14645),
(#14646,#14647),(#14648,#14649)),.SURF_OF_LINEAR_EXTRUSION.,.F.,.F.,.F.,
(4,4),(2,2),(0.,1.),(0.,1.),.PIECEWISE_BEZIER_KNOTS.);
#176=B_SPLINE_SURFACE_WITH_KNOTS('',3,1,((#14659,#14660),(#14661,#14662),
(#14663,#14664),(#14665,#14666)),.SURF_OF_LINEAR_EXTRUSION.,.F.,.F.,.F.,
(4,4),(2,2),(0.,1.),(0.,1.),.PIECEWISE_BEZIER_KNOTS.);
#177=B_SPLINE_SURFACE_WITH_KNOTS('',3,1,((#14676,#14677),(#14678,#14679),
(#14680,#14681),(#14682,#14683)),.SURF_OF_LINEAR_EXTRUSION.,.F.,.F.,.F.,
(4,4),(2,2),(0.,1.),(0.,1.),.PIECEWISE_BEZIER_KNOTS.);
#178=B_SPLINE_SURFACE_WITH_KNOTS('',3,1,((#14693,#14694),(#14695,#14696),
(#14697,#14698),(#14699,#14700)),.SURF_OF_LINEAR_EXTRUSION.,.F.,.F.,.F.,
(4,4),(2,2),(0.,1.),(0.,1.),.PIECEWISE_BEZIER_KNOTS.);
#179=B_SPLINE_SURFACE_WITH_KNOTS('',3,1,((#14716,#14717),(#14718,#14719),
(#14720,#14721),(#14722,#14723)),.SURF_OF_LINEAR_EXTRUSION.,.F.,.F.,.F.,
(4,4),(2,2),(0.,1.),(0.,1.),.PIECEWISE_BEZIER_KNOTS.);
#180=B_SPLINE_SURFACE_WITH_KNOTS('',3,1,((#14733,#14734),(#14735,#14736),
(#14737,#14738),(#14739,#14740)),.SURF_OF_LINEAR_EXTRUSION.,.F.,.F.,.F.,
(4,4),(2,2),(0.,1.),(0.,1.),.PIECEWISE_BEZIER_KNOTS.);
#181=B_SPLINE_SURFACE_WITH_KNOTS('',3,1,((#14750,#14751),(#14752,#14753),
(#14754,#14755),(#14756,#14757)),.SURF_OF_LINEAR_EXTRUSION.,.F.,.F.,.F.,
(4,4),(2,2),(0.,1.),(0.,1.),.PIECEWISE_BEZIER_KNOTS.);
#182=B_SPLINE_SURFACE_WITH_KNOTS('',3,1,((#14769,#14770),(#14771,#14772),
(#14773,#14774),(#14775,#14776)),.SURF_OF_LINEAR_EXTRUSION.,.F.,.F.,.F.,
(4,4),(2,2),(0.,1.),(0.,1.),.PIECEWISE_BEZIER_KNOTS.);
#183=B_SPLINE_SURFACE_WITH_KNOTS('',3,1,((#14782,#14783),(#14784,#14785),
(#14786,#14787),(#14788,#14789)),.SURF_OF_LINEAR_EXTRUSION.,.F.,.F.,.F.,
(4,4),(2,2),(0.,1.),(0.,1.),.PIECEWISE_BEZIER_KNOTS.);
#184=B_SPLINE_SURFACE_WITH_KNOTS('',3,1,((#14795,#14796),(#14797,#14798),
(#14799,#14800),(#14801,#14802)),.SURF_OF_LINEAR_EXTRUSION.,.F.,.F.,.F.,
(4,4),(2,2),(0.,1.),(0.,1.),.PIECEWISE_BEZIER_KNOTS.);
#185=B_SPLINE_SURFACE_WITH_KNOTS('',3,1,((#14808,#14809),(#14810,#14811),
(#14812,#14813),(#14814,#14815)),.SURF_OF_LINEAR_EXTRUSION.,.F.,.F.,.F.,
(4,4),(2,2),(0.,1.),(0.,1.),.PIECEWISE_BEZIER_KNOTS.);
#186=B_SPLINE_SURFACE_WITH_KNOTS('',3,1,((#14825,#14826),(#14827,#14828),
(#14829,#14830),(#14831,#14832)),.SURF_OF_LINEAR_EXTRUSION.,.F.,.F.,.F.,
(4,4),(2,2),(0.,1.),(0.,1.),.PIECEWISE_BEZIER_KNOTS.);
#187=B_SPLINE_SURFACE_WITH_KNOTS('',3,1,((#14838,#14839),(#14840,#14841),
(#14842,#14843),(#14844,#14845)),.SURF_OF_LINEAR_EXTRUSION.,.F.,.F.,.F.,
(4,4),(2,2),(0.,1.),(0.,1.),.PIECEWISE_BEZIER_KNOTS.);
#188=B_SPLINE_SURFACE_WITH_KNOTS('',3,1,((#14851,#14852),(#14853,#14854),
(#14855,#14856),(#14857,#14858)),.SURF_OF_LINEAR_EXTRUSION.,.F.,.F.,.F.,
(4,4),(2,2),(0.,1.),(0.,1.),.PIECEWISE_BEZIER_KNOTS.);
#189=B_SPLINE_SURFACE_WITH_KNOTS('',3,1,((#14862,#14863),(#14864,#14865),
(#14866,#14867),(#14868,#14869)),.SURF_OF_LINEAR_EXTRUSION.,.F.,.F.,.F.,
(4,4),(2,2),(0.,1.),(0.,1.),.PIECEWISE_BEZIER_KNOTS.);
#190=ELLIPSE('',#8638,0.001905535492395,0.001905);
#191=ELLIPSE('',#8639,0.001905535492395,0.001905);
#192=CYLINDRICAL_SURFACE('',#8628,0.0016);
#193=CYLINDRICAL_SURFACE('',#8631,0.0016);
#194=CYLINDRICAL_SURFACE('',#8634,0.0016);
#195=CYLINDRICAL_SURFACE('',#8641,0.001905);
#196=CYLINDRICAL_SURFACE('',#8642,0.001905);
#197=CYLINDRICAL_SURFACE('',#8643,0.001905);
#198=CYLINDRICAL_SURFACE('',#8644,0.001905);
#199=CYLINDRICAL_SURFACE('',#8645,0.001905);
#200=CYLINDRICAL_SURFACE('',#8646,0.001905);
#201=CYLINDRICAL_SURFACE('',#8647,0.001905);
#202=CYLINDRICAL_SURFACE('',#8648,0.001905);
#203=CYLINDRICAL_SURFACE('',#8649,0.001905);
#204=CYLINDRICAL_SURFACE('',#8650,0.001905);
#205=CYLINDRICAL_SURFACE('',#8651,0.001905);
#206=CYLINDRICAL_SURFACE('',#8671,0.00267256589674242);
#207=CYLINDRICAL_SURFACE('',#8698,0.00265066941994715);
#208=CYLINDRICAL_SURFACE('',#8700,0.00235572367081247);
#209=CYLINDRICAL_SURFACE('',#8715,0.00251151632888525);
#210=CYLINDRICAL_SURFACE('',#8743,0.00170557903138419);
#211=CYLINDRICAL_SURFACE('',#8745,0.00220697542231325);
#212=CYLINDRICAL_SURFACE('',#8757,0.00342142482198804);
#213=CYLINDRICAL_SURFACE('',#8760,0.00494649352042371);
#214=CYLINDRICAL_SURFACE('',#8762,0.00286891723169837);
#215=CYLINDRICAL_SURFACE('',#8771,0.000885088977179898);
#216=CYLINDRICAL_SURFACE('',#8773,0.00339388255320627);
#217=CYLINDRICAL_SURFACE('',#8778,0.00390971320837496);
#218=CYLINDRICAL_SURFACE('',#8789,0.00342142482033242);
#219=CYLINDRICAL_SURFACE('',#8792,0.00494649352037409);
#220=CYLINDRICAL_SURFACE('',#8794,0.00286891723170121);
#221=CYLINDRICAL_SURFACE('',#8839,0.00267256589673917);
#222=CYLINDRICAL_SURFACE('',#8850,0.00267256589673846);
#223=CYLINDRICAL_SURFACE('',#8864,0.00190073552090078);
#224=CYLINDRICAL_SURFACE('',#8873,0.00225607974044894);
#225=CYLINDRICAL_SURFACE('',#8876,0.0024152696581956);
#226=B_SPLINE_CURVE_WITH_KNOTS('',2,(#10443,#10444,#10445),
 .UNSPECIFIED.,.F.,.F.,(3,3),(0.,1.),.PIECEWISE_BEZIER_KNOTS.);
#227=B_SPLINE_CURVE_WITH_KNOTS('',2,(#10447,#10448,#10449),
 .UNSPECIFIED.,.F.,.F.,(3,3),(0.,1.),.PIECEWISE_BEZIER_KNOTS.);
#228=B_SPLINE_CURVE_WITH_KNOTS('',2,(#10451,#10452,#10453),
 .UNSPECIFIED.,.F.,.F.,(3,3),(0.,1.),.PIECEWISE_BEZIER_KNOTS.);
#229=B_SPLINE_CURVE_WITH_KNOTS('',2,(#10457,#10458,#10459),
 .UNSPECIFIED.,.F.,.F.,(3,3),(0.,1.),.PIECEWISE_BEZIER_KNOTS.);
#230=B_SPLINE_CURVE_WITH_KNOTS('',2,(#10461,#10462,#10463),
 .UNSPECIFIED.,.F.,.F.,(3,3),(0.,1.),.PIECEWISE_BEZIER_KNOTS.);
#231=B_SPLINE_CURVE_WITH_KNOTS('',2,(#10465,#10466,#10467),
 .UNSPECIFIED.,.F.,.F.,(3,3),(0.,1.),.PIECEWISE_BEZIER_KNOTS.);
#232=B_SPLINE_CURVE_WITH_KNOTS('',2,(#10480,#10481,#10482),
 .UNSPECIFIED.,.F.,.F.,(3,3),(0.,1.),.PIECEWISE_BEZIER_KNOTS.);
#233=B_SPLINE_CURVE_WITH_KNOTS('',2,(#10485,#10486,#10487),
 .UNSPECIFIED.,.F.,.F.,(3,3),(0.,1.),.PIECEWISE_BEZIER_KNOTS.);
#234=B_SPLINE_CURVE_WITH_KNOTS('',2,(#10491,#10492,#10493),
 .UNSPECIFIED.,.F.,.F.,(3,3),(0.,1.),.PIECEWISE_BEZIER_KNOTS.);
#235=B_SPLINE_CURVE_WITH_KNOTS('',2,(#10495,#10496,#10497),
 .UNSPECIFIED.,.F.,.F.,(3,3),(0.,1.),.PIECEWISE_BEZIER_KNOTS.);
#236=B_SPLINE_CURVE_WITH_KNOTS('',2,(#10499,#10500,#10501),
 .UNSPECIFIED.,.F.,.F.,(3,3),(0.,1.),.PIECEWISE_BEZIER_KNOTS.);
#237=B_SPLINE_CURVE_WITH_KNOTS('',2,(#10503,#10504,#10505),
 .UNSPECIFIED.,.F.,.F.,(3,3),(0.,1.),.PIECEWISE_BEZIER_KNOTS.);
#238=B_SPLINE_CURVE_WITH_KNOTS('',2,(#10513,#10514,#10515),
 .UNSPECIFIED.,.F.,.F.,(3,3),(0.,1.),.PIECEWISE_BEZIER_KNOTS.);
#239=B_SPLINE_CURVE_WITH_KNOTS('',2,(#10517,#10518,#10519),
 .UNSPECIFIED.,.F.,.F.,(3,3),(0.,1.),.PIECEWISE_BEZIER_KNOTS.);
#240=B_SPLINE_CURVE_WITH_KNOTS('',2,(#10521,#10522,#10523),
 .UNSPECIFIED.,.F.,.F.,(3,3),(0.,1.),.PIECEWISE_BEZIER_KNOTS.);
#241=B_SPLINE_CURVE_WITH_KNOTS('',2,(#10529,#10530,#10531),
 .UNSPECIFIED.,.F.,.F.,(3,3),(0.,1.),.PIECEWISE_BEZIER_KNOTS.);
#242=B_SPLINE_CURVE_WITH_KNOTS('',2,(#10533,#10534,#10535),
 .UNSPECIFIED.,.F.,.F.,(3,3),(0.,1.),.PIECEWISE_BEZIER_KNOTS.);
#243=B_SPLINE_CURVE_WITH_KNOTS('',2,(#10536,#10537,#10538),
 .UNSPECIFIED.,.F.,.F.,(3,3),(0.,1.),.PIECEWISE_BEZIER_KNOTS.);
#244=B_SPLINE_CURVE_WITH_KNOTS('',2,(#10541,#10542,#10543),
 .UNSPECIFIED.,.F.,.F.,(3,3),(0.,1.),.PIECEWISE_BEZIER_KNOTS.);
#245=B_SPLINE_CURVE_WITH_KNOTS('',2,(#10545,#10546,#10547),
 .UNSPECIFIED.,.F.,.F.,(3,3),(0.,1.),.PIECEWISE_BEZIER_KNOTS.);
#246=B_SPLINE_CURVE_WITH_KNOTS('',2,(#10549,#10550,#10551),
 .UNSPECIFIED.,.F.,.F.,(3,3),(0.,1.),.PIECEWISE_BEZIER_KNOTS.);
#247=B_SPLINE_CURVE_WITH_KNOTS('',2,(#10555,#10556,#10557),
 .UNSPECIFIED.,.F.,.F.,(3,3),(0.,1.),.PIECEWISE_BEZIER_KNOTS.);
#248=B_SPLINE_CURVE_WITH_KNOTS('',2,(#10559,#10560,#10561),
 .UNSPECIFIED.,.F.,.F.,(3,3),(0.,1.),.PIECEWISE_BEZIER_KNOTS.);
#249=B_SPLINE_CURVE_WITH_KNOTS('',2,(#10563,#10564,#10565),
 .UNSPECIFIED.,.F.,.F.,(3,3),(0.,1.),.PIECEWISE_BEZIER_KNOTS.);
#250=B_SPLINE_CURVE_WITH_KNOTS('',2,(#10567,#10568,#10569),
 .UNSPECIFIED.,.F.,.F.,(3,3),(0.,1.),.PIECEWISE_BEZIER_KNOTS.);
#251=B_SPLINE_CURVE_WITH_KNOTS('',2,(#10583,#10584,#10585),
 .UNSPECIFIED.,.F.,.F.,(3,3),(0.,1.),.PIECEWISE_BEZIER_KNOTS.);
#252=B_SPLINE_CURVE_WITH_KNOTS('',2,(#10587,#10588,#10589),
 .UNSPECIFIED.,.F.,.F.,(3,3),(0.,1.),.PIECEWISE_BEZIER_KNOTS.);
#253=B_SPLINE_CURVE_WITH_KNOTS('',2,(#10597,#10598,#10599),
 .UNSPECIFIED.,.F.,.F.,(3,3),(0.,1.),.PIECEWISE_BEZIER_KNOTS.);
#254=B_SPLINE_CURVE_WITH_KNOTS('',2,(#10603,#10604,#10605),
 .UNSPECIFIED.,.F.,.F.,(3,3),(0.,1.),.PIECEWISE_BEZIER_KNOTS.);
#255=B_SPLINE_CURVE_WITH_KNOTS('',2,(#10607,#10608,#10609),
 .UNSPECIFIED.,.F.,.F.,(3,3),(0.,1.),.PIECEWISE_BEZIER_KNOTS.);
#256=B_SPLINE_CURVE_WITH_KNOTS('',2,(#10633,#10634,#10635),
 .UNSPECIFIED.,.F.,.F.,(3,3),(0.,1.),.PIECEWISE_BEZIER_KNOTS.);
#257=B_SPLINE_CURVE_WITH_KNOTS('',2,(#10637,#10638,#10639),
 .UNSPECIFIED.,.F.,.F.,(3,3),(0.,1.),.PIECEWISE_BEZIER_KNOTS.);
#258=B_SPLINE_CURVE_WITH_KNOTS('',2,(#10647,#10648,#10649),
 .UNSPECIFIED.,.F.,.F.,(3,3),(0.,1.),.PIECEWISE_BEZIER_KNOTS.);
#259=B_SPLINE_CURVE_WITH_KNOTS('',2,(#10653,#10654,#10655),
 .UNSPECIFIED.,.F.,.F.,(3,3),(0.,1.),.PIECEWISE_BEZIER_KNOTS.);
#260=B_SPLINE_CURVE_WITH_KNOTS('',2,(#10657,#10658,#10659),
 .UNSPECIFIED.,.F.,.F.,(3,3),(0.,1.),.PIECEWISE_BEZIER_KNOTS.);
#261=B_SPLINE_CURVE_WITH_KNOTS('',2,(#10711,#10712,#10713),
 .UNSPECIFIED.,.F.,.F.,(3,3),(0.,1.),.PIECEWISE_BEZIER_KNOTS.);
#262=B_SPLINE_CURVE_WITH_KNOTS('',2,(#10715,#10716,#10717),
 .UNSPECIFIED.,.F.,.F.,(3,3),(0.,1.),.PIECEWISE_BEZIER_KNOTS.);
#263=B_SPLINE_CURVE_WITH_KNOTS('',2,(#10719,#10720,#10721),
 .UNSPECIFIED.,.F.,.F.,(3,3),(0.,1.),.PIECEWISE_BEZIER_KNOTS.);
#264=B_SPLINE_CURVE_WITH_KNOTS('',2,(#10725,#10726,#10727),
 .UNSPECIFIED.,.F.,.F.,(3,3),(0.,1.),.PIECEWISE_BEZIER_KNOTS.);
#265=B_SPLINE_CURVE_WITH_KNOTS('',2,(#10729,#10730,#10731),
 .UNSPECIFIED.,.F.,.F.,(3,3),(0.,1.),.PIECEWISE_BEZIER_KNOTS.);
#266=B_SPLINE_CURVE_WITH_KNOTS('',2,(#10733,#10734,#10735),
 .UNSPECIFIED.,.F.,.F.,(3,3),(0.,1.),.PIECEWISE_BEZIER_KNOTS.);
#267=B_SPLINE_CURVE_WITH_KNOTS('',2,(#10751,#10752,#10753),
 .UNSPECIFIED.,.F.,.F.,(3,3),(0.,1.),.PIECEWISE_BEZIER_KNOTS.);
#268=B_SPLINE_CURVE_WITH_KNOTS('',2,(#10755,#10756,#10757),
 .UNSPECIFIED.,.F.,.F.,(3,3),(0.,1.),.PIECEWISE_BEZIER_KNOTS.);
#269=B_SPLINE_CURVE_WITH_KNOTS('',2,(#10759,#10760,#10761),
 .UNSPECIFIED.,.F.,.F.,(3,3),(0.,1.),.PIECEWISE_BEZIER_KNOTS.);
#270=B_SPLINE_CURVE_WITH_KNOTS('',2,(#10763,#10764,#10765),
 .UNSPECIFIED.,.F.,.F.,(3,3),(0.,1.),.PIECEWISE_BEZIER_KNOTS.);
#271=B_SPLINE_CURVE_WITH_KNOTS('',2,(#10781,#10782,#10783),
 .UNSPECIFIED.,.F.,.F.,(3,3),(0.,1.),.PIECEWISE_BEZIER_KNOTS.);
#272=B_SPLINE_CURVE_WITH_KNOTS('',2,(#10785,#10786,#10787),
 .UNSPECIFIED.,.F.,.F.,(3,3),(0.,1.),.PIECEWISE_BEZIER_KNOTS.);
#273=B_SPLINE_CURVE_WITH_KNOTS('',2,(#10789,#10790,#10791),
 .UNSPECIFIED.,.F.,.F.,(3,3),(0.,1.),.PIECEWISE_BEZIER_KNOTS.);
#274=B_SPLINE_CURVE_WITH_KNOTS('',2,(#10793,#10794,#10795),
 .UNSPECIFIED.,.F.,.F.,(3,3),(0.,1.),.PIECEWISE_BEZIER_KNOTS.);
#275=B_SPLINE_CURVE_WITH_KNOTS('',2,(#10806,#10807,#10808),
 .UNSPECIFIED.,.F.,.F.,(3,3),(0.,1.),.PIECEWISE_BEZIER_KNOTS.);
#276=B_SPLINE_CURVE_WITH_KNOTS('',2,(#10811,#10812,#10813),
 .UNSPECIFIED.,.F.,.F.,(3,3),(0.,1.),.PIECEWISE_BEZIER_KNOTS.);
#277=B_SPLINE_CURVE_WITH_KNOTS('',2,(#10815,#10816,#10817),
 .UNSPECIFIED.,.F.,.F.,(3,3),(0.,1.),.PIECEWISE_BEZIER_KNOTS.);
#278=B_SPLINE_CURVE_WITH_KNOTS('',2,(#10819,#10820,#10821),
 .UNSPECIFIED.,.F.,.F.,(3,3),(0.,1.),.PIECEWISE_BEZIER_KNOTS.);
#279=B_SPLINE_CURVE_WITH_KNOTS('',2,(#10833,#10834,#10835),
 .UNSPECIFIED.,.F.,.F.,(3,3),(0.,1.),.PIECEWISE_BEZIER_KNOTS.);
#280=B_SPLINE_CURVE_WITH_KNOTS('',2,(#10837,#10838,#10839),
 .UNSPECIFIED.,.F.,.F.,(3,3),(0.,1.),.PIECEWISE_BEZIER_KNOTS.);
#281=B_SPLINE_CURVE_WITH_KNOTS('',2,(#10841,#10842,#10843),
 .UNSPECIFIED.,.F.,.F.,(3,3),(0.,1.),.PIECEWISE_BEZIER_KNOTS.);
#282=B_SPLINE_CURVE_WITH_KNOTS('',2,(#10845,#10846,#10847),
 .UNSPECIFIED.,.F.,.F.,(3,3),(0.,1.),.PIECEWISE_BEZIER_KNOTS.);
#283=B_SPLINE_CURVE_WITH_KNOTS('',2,(#10898,#10899,#10900),
 .UNSPECIFIED.,.F.,.F.,(3,3),(0.,1.),.PIECEWISE_BEZIER_KNOTS.);
#284=B_SPLINE_CURVE_WITH_KNOTS('',2,(#10903,#10904,#10905),
 .UNSPECIFIED.,.F.,.F.,(3,3),(0.,1.),.PIECEWISE_BEZIER_KNOTS.);
#285=B_SPLINE_CURVE_WITH_KNOTS('',2,(#10909,#10910,#10911),
 .UNSPECIFIED.,.F.,.F.,(3,3),(0.,1.),.PIECEWISE_BEZIER_KNOTS.);
#286=B_SPLINE_CURVE_WITH_KNOTS('',2,(#10913,#10914,#10915),
 .UNSPECIFIED.,.F.,.F.,(3,3),(0.,1.),.PIECEWISE_BEZIER_KNOTS.);
#287=B_SPLINE_CURVE_WITH_KNOTS('',2,(#10917,#10918,#10919),
 .UNSPECIFIED.,.F.,.F.,(3,3),(0.,1.),.PIECEWISE_BEZIER_KNOTS.);
#288=B_SPLINE_CURVE_WITH_KNOTS('',2,(#10921,#10922,#10923),
 .UNSPECIFIED.,.F.,.F.,(3,3),(0.,1.),.PIECEWISE_BEZIER_KNOTS.);
#289=B_SPLINE_CURVE_WITH_KNOTS('',2,(#10931,#10932,#10933),
 .UNSPECIFIED.,.F.,.F.,(3,3),(0.,1.),.PIECEWISE_BEZIER_KNOTS.);
#290=B_SPLINE_CURVE_WITH_KNOTS('',2,(#10935,#10936,#10937),
 .UNSPECIFIED.,.F.,.F.,(3,3),(0.,1.),.PIECEWISE_BEZIER_KNOTS.);
#291=B_SPLINE_CURVE_WITH_KNOTS('',2,(#10939,#10940,#10941),
 .UNSPECIFIED.,.F.,.F.,(3,3),(0.,1.),.PIECEWISE_BEZIER_KNOTS.);
#292=B_SPLINE_CURVE_WITH_KNOTS('',2,(#10947,#10948,#10949),
 .UNSPECIFIED.,.F.,.F.,(3,3),(0.,1.),.PIECEWISE_BEZIER_KNOTS.);
#293=B_SPLINE_CURVE_WITH_KNOTS('',2,(#10951,#10952,#10953),
 .UNSPECIFIED.,.F.,.F.,(3,3),(0.,1.),.PIECEWISE_BEZIER_KNOTS.);
#294=B_SPLINE_CURVE_WITH_KNOTS('',2,(#10961,#10962,#10963),
 .UNSPECIFIED.,.F.,.F.,(3,3),(0.,1.),.PIECEWISE_BEZIER_KNOTS.);
#295=B_SPLINE_CURVE_WITH_KNOTS('',2,(#10965,#10966,#10967),
 .UNSPECIFIED.,.F.,.F.,(3,3),(0.,1.),.PIECEWISE_BEZIER_KNOTS.);
#296=B_SPLINE_CURVE_WITH_KNOTS('',2,(#10969,#10970,#10971),
 .UNSPECIFIED.,.F.,.F.,(3,3),(0.,1.),.PIECEWISE_BEZIER_KNOTS.);
#297=B_SPLINE_CURVE_WITH_KNOTS('',2,(#10975,#10976,#10977),
 .UNSPECIFIED.,.F.,.F.,(3,3),(0.,1.),.PIECEWISE_BEZIER_KNOTS.);
#298=B_SPLINE_CURVE_WITH_KNOTS('',2,(#10979,#10980,#10981),
 .UNSPECIFIED.,.F.,.F.,(3,3),(0.,1.),.PIECEWISE_BEZIER_KNOTS.);
#299=B_SPLINE_CURVE_WITH_KNOTS('',2,(#10983,#10984,#10985),
 .UNSPECIFIED.,.F.,.F.,(3,3),(0.,1.),.PIECEWISE_BEZIER_KNOTS.);
#300=B_SPLINE_CURVE_WITH_KNOTS('',2,(#10987,#10988,#10989),
 .UNSPECIFIED.,.F.,.F.,(3,3),(0.,1.),.PIECEWISE_BEZIER_KNOTS.);
#301=B_SPLINE_CURVE_WITH_KNOTS('',2,(#10997,#10998,#10999),
 .UNSPECIFIED.,.F.,.F.,(3,3),(0.,1.),.PIECEWISE_BEZIER_KNOTS.);
#302=B_SPLINE_CURVE_WITH_KNOTS('',2,(#11001,#11002,#11003),
 .UNSPECIFIED.,.F.,.F.,(3,3),(0.,1.),.PIECEWISE_BEZIER_KNOTS.);
#303=B_SPLINE_CURVE_WITH_KNOTS('',2,(#11005,#11006,#11007),
 .UNSPECIFIED.,.F.,.F.,(3,3),(0.,1.),.PIECEWISE_BEZIER_KNOTS.);
#304=B_SPLINE_CURVE_WITH_KNOTS('',2,(#11009,#11010,#11011),
 .UNSPECIFIED.,.F.,.F.,(3,3),(0.,1.),.PIECEWISE_BEZIER_KNOTS.);
#305=B_SPLINE_CURVE_WITH_KNOTS('',2,(#11015,#11016,#11017),
 .UNSPECIFIED.,.F.,.F.,(3,3),(0.,1.),.PIECEWISE_BEZIER_KNOTS.);
#306=B_SPLINE_CURVE_WITH_KNOTS('',2,(#11019,#11020,#11021),
 .UNSPECIFIED.,.F.,.F.,(3,3),(0.,1.),.PIECEWISE_BEZIER_KNOTS.);
#307=B_SPLINE_CURVE_WITH_KNOTS('',2,(#11023,#11024,#11025),
 .UNSPECIFIED.,.F.,.F.,(3,3),(0.,1.),.PIECEWISE_BEZIER_KNOTS.);
#308=B_SPLINE_CURVE_WITH_KNOTS('',2,(#11027,#11028,#11029),
 .UNSPECIFIED.,.F.,.F.,(3,3),(0.,1.),.PIECEWISE_BEZIER_KNOTS.);
#309=B_SPLINE_CURVE_WITH_KNOTS('',2,(#11039,#11040,#11041),
 .UNSPECIFIED.,.F.,.F.,(3,3),(0.,1.),.PIECEWISE_BEZIER_KNOTS.);
#310=B_SPLINE_CURVE_WITH_KNOTS('',2,(#11043,#11044,#11045),
 .UNSPECIFIED.,.F.,.F.,(3,3),(0.,1.),.PIECEWISE_BEZIER_KNOTS.);
#311=B_SPLINE_CURVE_WITH_KNOTS('',2,(#11055,#11056,#11057),
 .UNSPECIFIED.,.F.,.F.,(3,3),(0.,1.),.PIECEWISE_BEZIER_KNOTS.);
#312=B_SPLINE_CURVE_WITH_KNOTS('',2,(#11059,#11060,#11061),
 .UNSPECIFIED.,.F.,.F.,(3,3),(0.,1.),.PIECEWISE_BEZIER_KNOTS.);
#313=B_SPLINE_CURVE_WITH_KNOTS('',2,(#11083,#11084,#11085),
 .UNSPECIFIED.,.F.,.F.,(3,3),(0.,1.),.PIECEWISE_BEZIER_KNOTS.);
#314=B_SPLINE_CURVE_WITH_KNOTS('',2,(#11087,#11088,#11089),
 .UNSPECIFIED.,.F.,.F.,(3,3),(0.,1.),.PIECEWISE_BEZIER_KNOTS.);
#315=B_SPLINE_CURVE_WITH_KNOTS('',2,(#11091,#11092,#11093),
 .UNSPECIFIED.,.F.,.F.,(3,3),(0.,1.),.PIECEWISE_BEZIER_KNOTS.);
#316=B_SPLINE_CURVE_WITH_KNOTS('',2,(#11095,#11096,#11097),
 .UNSPECIFIED.,.F.,.F.,(3,3),(0.,1.),.PIECEWISE_BEZIER_KNOTS.);
#317=B_SPLINE_CURVE_WITH_KNOTS('',2,(#11099,#11100,#11101),
 .UNSPECIFIED.,.F.,.F.,(3,3),(0.,1.),.PIECEWISE_BEZIER_KNOTS.);
#318=B_SPLINE_CURVE_WITH_KNOTS('',2,(#11103,#11104,#11105),
 .UNSPECIFIED.,.F.,.F.,(3,3),(0.,1.),.PIECEWISE_BEZIER_KNOTS.);
#319=B_SPLINE_CURVE_WITH_KNOTS('',2,(#11107,#11108,#11109),
 .UNSPECIFIED.,.F.,.F.,(3,3),(0.,1.),.PIECEWISE_BEZIER_KNOTS.);
#320=B_SPLINE_CURVE_WITH_KNOTS('',2,(#11111,#11112,#11113),
 .UNSPECIFIED.,.F.,.F.,(3,3),(0.,1.),.PIECEWISE_BEZIER_KNOTS.);
#321=B_SPLINE_CURVE_WITH_KNOTS('',2,(#11115,#11116,#11117),
 .UNSPECIFIED.,.F.,.F.,(3,3),(0.,1.),.PIECEWISE_BEZIER_KNOTS.);
#322=B_SPLINE_CURVE_WITH_KNOTS('',2,(#11119,#11120,#11121),
 .UNSPECIFIED.,.F.,.F.,(3,3),(0.,1.),.PIECEWISE_BEZIER_KNOTS.);
#323=B_SPLINE_CURVE_WITH_KNOTS('',2,(#11123,#11124,#11125),
 .UNSPECIFIED.,.F.,.F.,(3,3),(0.,1.),.PIECEWISE_BEZIER_KNOTS.);
#324=B_SPLINE_CURVE_WITH_KNOTS('',2,(#11135,#11136,#11137),
 .UNSPECIFIED.,.F.,.F.,(3,3),(0.,1.),.PIECEWISE_BEZIER_KNOTS.);
#325=B_SPLINE_CURVE_WITH_KNOTS('',2,(#11141,#11142,#11143),
 .UNSPECIFIED.,.F.,.F.,(3,3),(0.,1.),.PIECEWISE_BEZIER_KNOTS.);
#326=B_SPLINE_CURVE_WITH_KNOTS('',2,(#11145,#11146,#11147),
 .UNSPECIFIED.,.F.,.F.,(3,3),(0.,1.),.PIECEWISE_BEZIER_KNOTS.);
#327=B_SPLINE_CURVE_WITH_KNOTS('',2,(#11151,#11152,#11153),
 .UNSPECIFIED.,.F.,.F.,(3,3),(0.,1.),.PIECEWISE_BEZIER_KNOTS.);
#328=B_SPLINE_CURVE_WITH_KNOTS('',2,(#11155,#11156,#11157),
 .UNSPECIFIED.,.F.,.F.,(3,3),(0.,1.),.PIECEWISE_BEZIER_KNOTS.);
#329=B_SPLINE_CURVE_WITH_KNOTS('',2,(#11159,#11160,#11161),
 .UNSPECIFIED.,.F.,.F.,(3,3),(0.,1.),.PIECEWISE_BEZIER_KNOTS.);
#330=B_SPLINE_CURVE_WITH_KNOTS('',2,(#11163,#11164,#11165),
 .UNSPECIFIED.,.F.,.F.,(3,3),(0.,1.),.PIECEWISE_BEZIER_KNOTS.);
#331=B_SPLINE_CURVE_WITH_KNOTS('',2,(#11167,#11168,#11169),
 .UNSPECIFIED.,.F.,.F.,(3,3),(0.,1.),.PIECEWISE_BEZIER_KNOTS.);
#332=B_SPLINE_CURVE_WITH_KNOTS('',2,(#11171,#11172,#11173),
 .UNSPECIFIED.,.F.,.F.,(3,3),(0.,1.),.PIECEWISE_BEZIER_KNOTS.);
#333=B_SPLINE_CURVE_WITH_KNOTS('',2,(#11175,#11176,#11177),
 .UNSPECIFIED.,.F.,.F.,(3,3),(0.,1.),.PIECEWISE_BEZIER_KNOTS.);
#334=B_SPLINE_CURVE_WITH_KNOTS('',2,(#11236,#11237,#11238),
 .UNSPECIFIED.,.F.,.F.,(3,3),(0.,1.),.PIECEWISE_BEZIER_KNOTS.);
#335=B_SPLINE_CURVE_WITH_KNOTS('',2,(#11241,#11242,#11243),
 .UNSPECIFIED.,.F.,.F.,(3,3),(0.,1.),.PIECEWISE_BEZIER_KNOTS.);
#336=B_SPLINE_CURVE_WITH_KNOTS('',2,(#11247,#11248,#11249),
 .UNSPECIFIED.,.F.,.F.,(3,3),(0.,1.),.PIECEWISE_BEZIER_KNOTS.);
#337=B_SPLINE_CURVE_WITH_KNOTS('',2,(#11251,#11252,#11253),
 .UNSPECIFIED.,.F.,.F.,(3,3),(0.,1.),.PIECEWISE_BEZIER_KNOTS.);
#338=B_SPLINE_CURVE_WITH_KNOTS('',2,(#11255,#11256,#11257),
 .UNSPECIFIED.,.F.,.F.,(3,3),(0.,1.),.PIECEWISE_BEZIER_KNOTS.);
#339=B_SPLINE_CURVE_WITH_KNOTS('',2,(#11259,#11260,#11261),
 .UNSPECIFIED.,.F.,.F.,(3,3),(0.,1.),.PIECEWISE_BEZIER_KNOTS.);
#340=B_SPLINE_CURVE_WITH_KNOTS('',2,(#11269,#11270,#11271),
 .UNSPECIFIED.,.F.,.F.,(3,3),(0.,1.),.PIECEWISE_BEZIER_KNOTS.);
#341=B_SPLINE_CURVE_WITH_KNOTS('',2,(#11273,#11274,#11275),
 .UNSPECIFIED.,.F.,.F.,(3,3),(0.,1.),.PIECEWISE_BEZIER_KNOTS.);
#342=B_SPLINE_CURVE_WITH_KNOTS('',2,(#11277,#11278,#11279),
 .UNSPECIFIED.,.F.,.F.,(3,3),(0.,1.),.PIECEWISE_BEZIER_KNOTS.);
#343=B_SPLINE_CURVE_WITH_KNOTS('',2,(#11285,#11286,#11287),
 .UNSPECIFIED.,.F.,.F.,(3,3),(0.,1.),.PIECEWISE_BEZIER_KNOTS.);
#344=B_SPLINE_CURVE_WITH_KNOTS('',2,(#11289,#11290,#11291),
 .UNSPECIFIED.,.F.,.F.,(3,3),(0.,1.),.PIECEWISE_BEZIER_KNOTS.);
#345=B_SPLINE_CURVE_WITH_KNOTS('',2,(#11292,#11293,#11294),
 .UNSPECIFIED.,.F.,.F.,(3,3),(0.,1.),.PIECEWISE_BEZIER_KNOTS.);
#346=B_SPLINE_CURVE_WITH_KNOTS('',2,(#11297,#11298,#11299),
 .UNSPECIFIED.,.F.,.F.,(3,3),(0.,1.),.PIECEWISE_BEZIER_KNOTS.);
#347=B_SPLINE_CURVE_WITH_KNOTS('',2,(#11301,#11302,#11303),
 .UNSPECIFIED.,.F.,.F.,(3,3),(0.,1.),.PIECEWISE_BEZIER_KNOTS.);
#348=B_SPLINE_CURVE_WITH_KNOTS('',2,(#11305,#11306,#11307),
 .UNSPECIFIED.,.F.,.F.,(3,3),(0.,1.),.PIECEWISE_BEZIER_KNOTS.);
#349=B_SPLINE_CURVE_WITH_KNOTS('',2,(#11311,#11312,#11313),
 .UNSPECIFIED.,.F.,.F.,(3,3),(0.,1.),.PIECEWISE_BEZIER_KNOTS.);
#350=B_SPLINE_CURVE_WITH_KNOTS('',2,(#11315,#11316,#11317),
 .UNSPECIFIED.,.F.,.F.,(3,3),(0.,1.),.PIECEWISE_BEZIER_KNOTS.);
#351=B_SPLINE_CURVE_WITH_KNOTS('',2,(#11319,#11320,#11321),
 .UNSPECIFIED.,.F.,.F.,(3,3),(0.,1.),.PIECEWISE_BEZIER_KNOTS.);
#352=B_SPLINE_CURVE_WITH_KNOTS('',2,(#11323,#11324,#11325),
 .UNSPECIFIED.,.F.,.F.,(3,3),(0.,1.),.PIECEWISE_BEZIER_KNOTS.);
#353=B_SPLINE_CURVE_WITH_KNOTS('',2,(#11328,#11329,#11330),
 .UNSPECIFIED.,.F.,.F.,(3,3),(0.,1.),.PIECEWISE_BEZIER_KNOTS.);
#354=B_SPLINE_CURVE_WITH_KNOTS('',2,(#11333,#11334,#11335),
 .UNSPECIFIED.,.F.,.F.,(3,3),(0.,1.),.PIECEWISE_BEZIER_KNOTS.);
#355=B_SPLINE_CURVE_WITH_KNOTS('',2,(#11337,#11338,#11339),
 .UNSPECIFIED.,.F.,.F.,(3,3),(0.,1.),.PIECEWISE_BEZIER_KNOTS.);
#356=B_SPLINE_CURVE_WITH_KNOTS('',2,(#11341,#11342,#11343),
 .UNSPECIFIED.,.F.,.F.,(3,3),(0.,1.),.PIECEWISE_BEZIER_KNOTS.);
#357=B_SPLINE_CURVE_WITH_KNOTS('',2,(#11347,#11348,#11349),
 .UNSPECIFIED.,.F.,.F.,(3,3),(0.,1.),.PIECEWISE_BEZIER_KNOTS.);
#358=B_SPLINE_CURVE_WITH_KNOTS('',2,(#11351,#11352,#11353),
 .UNSPECIFIED.,.F.,.F.,(3,3),(0.,1.),.PIECEWISE_BEZIER_KNOTS.);
#359=B_SPLINE_CURVE_WITH_KNOTS('',2,(#11355,#11356,#11357),
 .UNSPECIFIED.,.F.,.F.,(3,3),(0.,1.),.PIECEWISE_BEZIER_KNOTS.);
#360=B_SPLINE_CURVE_WITH_KNOTS('',2,(#11359,#11360,#11361),
 .UNSPECIFIED.,.F.,.F.,(3,3),(0.,1.),.PIECEWISE_BEZIER_KNOTS.);
#361=B_SPLINE_CURVE_WITH_KNOTS('',2,(#11549,#11550,#11551),
 .UNSPECIFIED.,.F.,.F.,(3,3),(0.,1.),.PIECEWISE_BEZIER_KNOTS.);
#362=B_SPLINE_CURVE_WITH_KNOTS('',2,(#11600,#11601,#11602),
 .UNSPECIFIED.,.F.,.F.,(3,3),(0.,1.),.PIECEWISE_BEZIER_KNOTS.);
#363=B_SPLINE_CURVE_WITH_KNOTS('',2,(#11613,#11614,#11615),
 .UNSPECIFIED.,.F.,.F.,(3,3),(0.,1.),.PIECEWISE_BEZIER_KNOTS.);
#364=B_SPLINE_CURVE_WITH_KNOTS('',2,(#11626,#11627,#11628),
 .UNSPECIFIED.,.F.,.F.,(3,3),(0.,1.),.PIECEWISE_BEZIER_KNOTS.);
#365=B_SPLINE_CURVE_WITH_KNOTS('',2,(#11639,#11640,#11641),
 .UNSPECIFIED.,.F.,.F.,(3,3),(0.,1.),.PIECEWISE_BEZIER_KNOTS.);
#366=B_SPLINE_CURVE_WITH_KNOTS('',2,(#11672,#11673,#11674),
 .UNSPECIFIED.,.F.,.F.,(3,3),(0.,1.),.PIECEWISE_BEZIER_KNOTS.);
#367=B_SPLINE_CURVE_WITH_KNOTS('',2,(#11685,#11686,#11687),
 .UNSPECIFIED.,.F.,.F.,(3,3),(0.,1.),.PIECEWISE_BEZIER_KNOTS.);
#368=B_SPLINE_CURVE_WITH_KNOTS('',2,(#11696,#11697,#11698),
 .UNSPECIFIED.,.F.,.F.,(3,3),(0.,1.),.PIECEWISE_BEZIER_KNOTS.);
#369=B_SPLINE_CURVE_WITH_KNOTS('',2,(#11708,#11709,#11710),
 .UNSPECIFIED.,.F.,.F.,(3,3),(0.,1.),.PIECEWISE_BEZIER_KNOTS.);
#370=B_SPLINE_CURVE_WITH_KNOTS('',2,(#11715,#11716,#11717),
 .UNSPECIFIED.,.F.,.F.,(3,3),(0.,1.),.PIECEWISE_BEZIER_KNOTS.);
#371=B_SPLINE_CURVE_WITH_KNOTS('',2,(#11728,#11729,#11730),
 .UNSPECIFIED.,.F.,.F.,(3,3),(0.,1.),.PIECEWISE_BEZIER_KNOTS.);
#372=B_SPLINE_CURVE_WITH_KNOTS('',2,(#11734,#11735,#11736),
 .UNSPECIFIED.,.F.,.F.,(3,3),(0.,1.),.PIECEWISE_BEZIER_KNOTS.);
#373=B_SPLINE_CURVE_WITH_KNOTS('',2,(#11745,#11746,#11747),
 .UNSPECIFIED.,.F.,.F.,(3,3),(0.,1.),.PIECEWISE_BEZIER_KNOTS.);
#374=B_SPLINE_CURVE_WITH_KNOTS('',2,(#11751,#11752,#11753),
 .UNSPECIFIED.,.F.,.F.,(3,3),(0.,1.),.PIECEWISE_BEZIER_KNOTS.);
#375=B_SPLINE_CURVE_WITH_KNOTS('',2,(#11782,#11783,#11784),
 .UNSPECIFIED.,.F.,.F.,(3,3),(0.,1.),.PIECEWISE_BEZIER_KNOTS.);
#376=B_SPLINE_CURVE_WITH_KNOTS('',2,(#11797,#11798,#11799),
 .UNSPECIFIED.,.F.,.F.,(3,3),(0.,1.),.PIECEWISE_BEZIER_KNOTS.);
#377=B_SPLINE_CURVE_WITH_KNOTS('',2,(#11810,#11811,#11812),
 .UNSPECIFIED.,.F.,.F.,(3,3),(0.,1.),.PIECEWISE_BEZIER_KNOTS.);
#378=B_SPLINE_CURVE_WITH_KNOTS('',2,(#11831,#11832,#11833),
 .UNSPECIFIED.,.F.,.F.,(3,3),(0.,1.),.PIECEWISE_BEZIER_KNOTS.);
#379=B_SPLINE_CURVE_WITH_KNOTS('',2,(#11844,#11845,#11846),
 .UNSPECIFIED.,.F.,.F.,(3,3),(0.,1.),.PIECEWISE_BEZIER_KNOTS.);
#380=B_SPLINE_CURVE_WITH_KNOTS('',2,(#11857,#11858,#11859),
 .UNSPECIFIED.,.F.,.F.,(3,3),(0.,1.),.PIECEWISE_BEZIER_KNOTS.);
#381=B_SPLINE_CURVE_WITH_KNOTS('',2,(#11882,#11883,#11884),
 .UNSPECIFIED.,.F.,.F.,(3,3),(0.,1.),.PIECEWISE_BEZIER_KNOTS.);
#382=B_SPLINE_CURVE_WITH_KNOTS('',2,(#11895,#11896,#11897),
 .UNSPECIFIED.,.F.,.F.,(3,3),(0.,1.),.PIECEWISE_BEZIER_KNOTS.);
#383=B_SPLINE_CURVE_WITH_KNOTS('',2,(#11908,#11909,#11910),
 .UNSPECIFIED.,.F.,.F.,(3,3),(0.,1.),.PIECEWISE_BEZIER_KNOTS.);
#384=B_SPLINE_CURVE_WITH_KNOTS('',2,(#11921,#11922,#11923),
 .UNSPECIFIED.,.F.,.F.,(3,3),(0.,1.),.PIECEWISE_BEZIER_KNOTS.);
#385=B_SPLINE_CURVE_WITH_KNOTS('',2,(#11936,#11937,#11938),
 .UNSPECIFIED.,.F.,.F.,(3,3),(0.,1.),.PIECEWISE_BEZIER_KNOTS.);
#386=B_SPLINE_CURVE_WITH_KNOTS('',2,(#11947,#11948,#11949),
 .UNSPECIFIED.,.F.,.F.,(3,3),(0.,1.),.PIECEWISE_BEZIER_KNOTS.);
#387=B_SPLINE_CURVE_WITH_KNOTS('',2,(#11950,#11951,#11952),
 .UNSPECIFIED.,.F.,.F.,(3,3),(0.,1.),.PIECEWISE_BEZIER_KNOTS.);
#388=B_SPLINE_CURVE_WITH_KNOTS('',2,(#11990,#11991,#11992),
 .UNSPECIFIED.,.F.,.F.,(3,3),(0.,1.),.PIECEWISE_BEZIER_KNOTS.);
#389=B_SPLINE_CURVE_WITH_KNOTS('',2,(#12003,#12004,#12005),
 .UNSPECIFIED.,.F.,.F.,(3,3),(0.,1.),.PIECEWISE_BEZIER_KNOTS.);
#390=B_SPLINE_CURVE_WITH_KNOTS('',2,(#12016,#12017,#12018),
 .UNSPECIFIED.,.F.,.F.,(3,3),(0.,1.),.PIECEWISE_BEZIER_KNOTS.);
#391=B_SPLINE_CURVE_WITH_KNOTS('',2,(#12029,#12030,#12031),
 .UNSPECIFIED.,.F.,.F.,(3,3),(0.,1.),.PIECEWISE_BEZIER_KNOTS.);
#392=B_SPLINE_CURVE_WITH_KNOTS('',2,(#12070,#12071,#12072),
 .UNSPECIFIED.,.F.,.F.,(3,3),(0.,1.),.PIECEWISE_BEZIER_KNOTS.);
#393=B_SPLINE_CURVE_WITH_KNOTS('',2,(#12083,#12084,#12085),
 .UNSPECIFIED.,.F.,.F.,(3,3),(0.,1.),.PIECEWISE_BEZIER_KNOTS.);
#394=B_SPLINE_CURVE_WITH_KNOTS('',2,(#12096,#12097,#12098),
 .UNSPECIFIED.,.F.,.F.,(3,3),(0.,1.),.PIECEWISE_BEZIER_KNOTS.);
#395=B_SPLINE_CURVE_WITH_KNOTS('',2,(#12109,#12110,#12111),
 .UNSPECIFIED.,.F.,.F.,(3,3),(0.,1.),.PIECEWISE_BEZIER_KNOTS.);
#396=B_SPLINE_CURVE_WITH_KNOTS('',2,(#12150,#12151,#12152),
 .UNSPECIFIED.,.F.,.F.,(3,3),(0.,1.),.PIECEWISE_BEZIER_KNOTS.);
#397=B_SPLINE_CURVE_WITH_KNOTS('',2,(#12163,#12164,#12165),
 .UNSPECIFIED.,.F.,.F.,(3,3),(0.,1.),.PIECEWISE_BEZIER_KNOTS.);
#398=B_SPLINE_CURVE_WITH_KNOTS('',2,(#12176,#12177,#12178),
 .UNSPECIFIED.,.F.,.F.,(3,3),(0.,1.),.PIECEWISE_BEZIER_KNOTS.);
#399=B_SPLINE_CURVE_WITH_KNOTS('',2,(#12193,#12194,#12195),
 .UNSPECIFIED.,.F.,.F.,(3,3),(0.,1.),.PIECEWISE_BEZIER_KNOTS.);
#400=B_SPLINE_CURVE_WITH_KNOTS('',2,(#12206,#12207,#12208),
 .UNSPECIFIED.,.F.,.F.,(3,3),(0.,1.),.PIECEWISE_BEZIER_KNOTS.);
#401=B_SPLINE_CURVE_WITH_KNOTS('',2,(#12219,#12220,#12221),
 .UNSPECIFIED.,.F.,.F.,(3,3),(0.,1.),.PIECEWISE_BEZIER_KNOTS.);
#402=B_SPLINE_CURVE_WITH_KNOTS('',2,(#12265,#12266,#12267),
 .UNSPECIFIED.,.F.,.F.,(3,3),(0.,1.),.PIECEWISE_BEZIER_KNOTS.);
#403=B_SPLINE_CURVE_WITH_KNOTS('',2,(#12278,#12279,#12280),
 .UNSPECIFIED.,.F.,.F.,(3,3),(0.,1.),.PIECEWISE_BEZIER_KNOTS.);
#404=B_SPLINE_CURVE_WITH_KNOTS('',2,(#12291,#12292,#12293),
 .UNSPECIFIED.,.F.,.F.,(3,3),(0.,1.),.PIECEWISE_BEZIER_KNOTS.);
#405=B_SPLINE_CURVE_WITH_KNOTS('',2,(#12304,#12305,#12306),
 .UNSPECIFIED.,.F.,.F.,(3,3),(0.,1.),.PIECEWISE_BEZIER_KNOTS.);
#406=B_SPLINE_CURVE_WITH_KNOTS('',2,(#12321,#12322,#12323),
 .UNSPECIFIED.,.F.,.F.,(3,3),(0.,1.),.PIECEWISE_BEZIER_KNOTS.);
#407=B_SPLINE_CURVE_WITH_KNOTS('',2,(#12334,#12335,#12336),
 .UNSPECIFIED.,.F.,.F.,(3,3),(0.,1.),.PIECEWISE_BEZIER_KNOTS.);
#408=B_SPLINE_CURVE_WITH_KNOTS('',2,(#12347,#12348,#12349),
 .UNSPECIFIED.,.F.,.F.,(3,3),(0.,1.),.PIECEWISE_BEZIER_KNOTS.);
#409=B_SPLINE_CURVE_WITH_KNOTS('',2,(#12360,#12361,#12362),
 .UNSPECIFIED.,.F.,.F.,(3,3),(0.,1.),.PIECEWISE_BEZIER_KNOTS.);
#410=B_SPLINE_CURVE_WITH_KNOTS('',2,(#12385,#12386,#12387),
 .UNSPECIFIED.,.F.,.F.,(3,3),(0.,1.),.PIECEWISE_BEZIER_KNOTS.);
#411=B_SPLINE_CURVE_WITH_KNOTS('',2,(#12398,#12399,#12400),
 .UNSPECIFIED.,.F.,.F.,(3,3),(0.,1.),.PIECEWISE_BEZIER_KNOTS.);
#412=B_SPLINE_CURVE_WITH_KNOTS('',2,(#12411,#12412,#12413),
 .UNSPECIFIED.,.F.,.F.,(3,3),(0.,1.),.PIECEWISE_BEZIER_KNOTS.);
#413=B_SPLINE_CURVE_WITH_KNOTS('',2,(#12424,#12425,#12426),
 .UNSPECIFIED.,.F.,.F.,(3,3),(0.,1.),.PIECEWISE_BEZIER_KNOTS.);
#414=B_SPLINE_CURVE_WITH_KNOTS('',2,(#12441,#12442,#12443),
 .UNSPECIFIED.,.F.,.F.,(3,3),(0.,1.),.PIECEWISE_BEZIER_KNOTS.);
#415=B_SPLINE_CURVE_WITH_KNOTS('',2,(#12454,#12455,#12456),
 .UNSPECIFIED.,.F.,.F.,(3,3),(0.,1.),.PIECEWISE_BEZIER_KNOTS.);
#416=B_SPLINE_CURVE_WITH_KNOTS('',2,(#12467,#12468,#12469),
 .UNSPECIFIED.,.F.,.F.,(3,3),(0.,1.),.PIECEWISE_BEZIER_KNOTS.);
#417=B_SPLINE_CURVE_WITH_KNOTS('',2,(#12574,#12575,#12576),
 .UNSPECIFIED.,.F.,.F.,(3,3),(0.,1.),.PIECEWISE_BEZIER_KNOTS.);
#418=B_SPLINE_CURVE_WITH_KNOTS('',2,(#12587,#12588,#12589),
 .UNSPECIFIED.,.F.,.F.,(3,3),(0.,1.),.PIECEWISE_BEZIER_KNOTS.);
#419=B_SPLINE_CURVE_WITH_KNOTS('',2,(#12616,#12617,#12618),
 .UNSPECIFIED.,.F.,.F.,(3,3),(0.,1.),.PIECEWISE_BEZIER_KNOTS.);
#420=B_SPLINE_CURVE_WITH_KNOTS('',2,(#12629,#12630,#12631),
 .UNSPECIFIED.,.F.,.F.,(3,3),(0.,1.),.PIECEWISE_BEZIER_KNOTS.);
#421=B_SPLINE_CURVE_WITH_KNOTS('',2,(#12679,#12680,#12681),
 .UNSPECIFIED.,.F.,.F.,(3,3),(0.,1.),.PIECEWISE_BEZIER_KNOTS.);
#422=B_SPLINE_CURVE_WITH_KNOTS('',2,(#12692,#12693,#12694),
 .UNSPECIFIED.,.F.,.F.,(3,3),(0.,1.),.PIECEWISE_BEZIER_KNOTS.);
#423=B_SPLINE_CURVE_WITH_KNOTS('',2,(#12709,#12710,#12711),
 .UNSPECIFIED.,.F.,.F.,(3,3),(0.,1.),.PIECEWISE_BEZIER_KNOTS.);
#424=B_SPLINE_CURVE_WITH_KNOTS('',2,(#12734,#12735,#12736),
 .UNSPECIFIED.,.F.,.F.,(3,3),(0.,1.),.PIECEWISE_BEZIER_KNOTS.);
#425=B_SPLINE_CURVE_WITH_KNOTS('',2,(#12747,#12748,#12749),
 .UNSPECIFIED.,.F.,.F.,(3,3),(0.,1.),.PIECEWISE_BEZIER_KNOTS.);
#426=B_SPLINE_CURVE_WITH_KNOTS('',2,(#12785,#12786,#12787),
 .UNSPECIFIED.,.F.,.F.,(3,3),(0.,1.),.PIECEWISE_BEZIER_KNOTS.);
#427=B_SPLINE_CURVE_WITH_KNOTS('',2,(#12798,#12799,#12800),
 .UNSPECIFIED.,.F.,.F.,(3,3),(0.,1.),.PIECEWISE_BEZIER_KNOTS.);
#428=B_SPLINE_CURVE_WITH_KNOTS('',2,(#12811,#12812,#12813),
 .UNSPECIFIED.,.F.,.F.,(3,3),(0.,1.),.PIECEWISE_BEZIER_KNOTS.);
#429=B_SPLINE_CURVE_WITH_KNOTS('',2,(#12824,#12825,#12826),
 .UNSPECIFIED.,.F.,.F.,(3,3),(0.,1.),.PIECEWISE_BEZIER_KNOTS.);
#430=B_SPLINE_CURVE_WITH_KNOTS('',2,(#12837,#12838,#12839),
 .UNSPECIFIED.,.F.,.F.,(3,3),(0.,1.),.PIECEWISE_BEZIER_KNOTS.);
#431=B_SPLINE_CURVE_WITH_KNOTS('',2,(#12850,#12851,#12852),
 .UNSPECIFIED.,.F.,.F.,(3,3),(0.,1.),.PIECEWISE_BEZIER_KNOTS.);
#432=B_SPLINE_CURVE_WITH_KNOTS('',2,(#12863,#12864,#12865),
 .UNSPECIFIED.,.F.,.F.,(3,3),(0.,1.),.PIECEWISE_BEZIER_KNOTS.);
#433=B_SPLINE_CURVE_WITH_KNOTS('',2,(#12880,#12881,#12882),
 .UNSPECIFIED.,.F.,.F.,(3,3),(0.,1.),.PIECEWISE_BEZIER_KNOTS.);
#434=B_SPLINE_CURVE_WITH_KNOTS('',2,(#12893,#12894,#12895),
 .UNSPECIFIED.,.F.,.F.,(3,3),(0.,1.),.PIECEWISE_BEZIER_KNOTS.);
#435=B_SPLINE_CURVE_WITH_KNOTS('',2,(#12910,#12911,#12912),
 .UNSPECIFIED.,.F.,.F.,(3,3),(0.,1.),.PIECEWISE_BEZIER_KNOTS.);
#436=B_SPLINE_CURVE_WITH_KNOTS('',2,(#12939,#12940,#12941),
 .UNSPECIFIED.,.F.,.F.,(3,3),(0.,1.),.PIECEWISE_BEZIER_KNOTS.);
#437=B_SPLINE_CURVE_WITH_KNOTS('',2,(#12952,#12953,#12954),
 .UNSPECIFIED.,.F.,.F.,(3,3),(0.,1.),.PIECEWISE_BEZIER_KNOTS.);
#438=B_SPLINE_CURVE_WITH_KNOTS('',2,(#12965,#12966,#12967),
 .UNSPECIFIED.,.F.,.F.,(3,3),(0.,1.),.PIECEWISE_BEZIER_KNOTS.);
#439=B_SPLINE_CURVE_WITH_KNOTS('',2,(#12978,#12979,#12980),
 .UNSPECIFIED.,.F.,.F.,(3,3),(0.,1.),.PIECEWISE_BEZIER_KNOTS.);
#440=B_SPLINE_CURVE_WITH_KNOTS('',2,(#12991,#12992,#12993),
 .UNSPECIFIED.,.F.,.F.,(3,3),(0.,1.),.PIECEWISE_BEZIER_KNOTS.);
#441=B_SPLINE_CURVE_WITH_KNOTS('',2,(#13004,#13005,#13006),
 .UNSPECIFIED.,.F.,.F.,(3,3),(0.,1.),.PIECEWISE_BEZIER_KNOTS.);
#442=B_SPLINE_CURVE_WITH_KNOTS('',2,(#13017,#13018,#13019),
 .UNSPECIFIED.,.F.,.F.,(3,3),(0.,1.),.PIECEWISE_BEZIER_KNOTS.);
#443=B_SPLINE_CURVE_WITH_KNOTS('',2,(#13030,#13031,#13032),
 .UNSPECIFIED.,.F.,.F.,(3,3),(0.,1.),.PIECEWISE_BEZIER_KNOTS.);
#444=B_SPLINE_CURVE_WITH_KNOTS('',2,(#13043,#13044,#13045),
 .UNSPECIFIED.,.F.,.F.,(3,3),(0.,1.),.PIECEWISE_BEZIER_KNOTS.);
#445=B_SPLINE_CURVE_WITH_KNOTS('',2,(#13056,#13057,#13058),
 .UNSPECIFIED.,.F.,.F.,(3,3),(0.,1.),.PIECEWISE_BEZIER_KNOTS.);
#446=B_SPLINE_CURVE_WITH_KNOTS('',2,(#13069,#13070,#13071),
 .UNSPECIFIED.,.F.,.F.,(3,3),(0.,1.),.PIECEWISE_BEZIER_KNOTS.);
#447=B_SPLINE_CURVE_WITH_KNOTS('',2,(#13115,#13116,#13117),
 .UNSPECIFIED.,.F.,.F.,(3,3),(0.,1.),.PIECEWISE_BEZIER_KNOTS.);
#448=B_SPLINE_CURVE_WITH_KNOTS('',2,(#13128,#13129,#13130),
 .UNSPECIFIED.,.F.,.F.,(3,3),(0.,1.),.PIECEWISE_BEZIER_KNOTS.);
#449=B_SPLINE_CURVE_WITH_KNOTS('',2,(#13145,#13146,#13147),
 .UNSPECIFIED.,.F.,.F.,(3,3),(0.,1.),.PIECEWISE_BEZIER_KNOTS.);
#450=B_SPLINE_CURVE_WITH_KNOTS('',2,(#13170,#13171,#13172),
 .UNSPECIFIED.,.F.,.F.,(3,3),(0.,1.),.PIECEWISE_BEZIER_KNOTS.);
#451=B_SPLINE_CURVE_WITH_KNOTS('',2,(#13183,#13184,#13185),
 .UNSPECIFIED.,.F.,.F.,(3,3),(0.,1.),.PIECEWISE_BEZIER_KNOTS.);
#452=B_SPLINE_CURVE_WITH_KNOTS('',2,(#13322,#13323,#13324),
 .UNSPECIFIED.,.F.,.F.,(3,3),(0.,1.),.PIECEWISE_BEZIER_KNOTS.);
#453=B_SPLINE_CURVE_WITH_KNOTS('',2,(#13329,#13330,#13331),
 .UNSPECIFIED.,.F.,.F.,(3,3),(0.,1.),.PIECEWISE_BEZIER_KNOTS.);
#454=B_SPLINE_CURVE_WITH_KNOTS('',2,(#13348,#13349,#13350),
 .UNSPECIFIED.,.F.,.F.,(3,3),(0.,1.),.PIECEWISE_BEZIER_KNOTS.);
#455=B_SPLINE_CURVE_WITH_KNOTS('',2,(#13354,#13355,#13356),
 .UNSPECIFIED.,.F.,.F.,(3,3),(0.,1.),.PIECEWISE_BEZIER_KNOTS.);
#456=B_SPLINE_CURVE_WITH_KNOTS('',2,(#13365,#13366,#13367),
 .UNSPECIFIED.,.F.,.F.,(3,3),(0.,1.),.PIECEWISE_BEZIER_KNOTS.);
#457=B_SPLINE_CURVE_WITH_KNOTS('',2,(#13371,#13372,#13373),
 .UNSPECIFIED.,.F.,.F.,(3,3),(0.,1.),.PIECEWISE_BEZIER_KNOTS.);
#458=B_SPLINE_CURVE_WITH_KNOTS('',2,(#13382,#13383,#13384),
 .UNSPECIFIED.,.F.,.F.,(3,3),(0.,1.),.PIECEWISE_BEZIER_KNOTS.);
#459=B_SPLINE_CURVE_WITH_KNOTS('',2,(#13388,#13389,#13390),
 .UNSPECIFIED.,.F.,.F.,(3,3),(0.,1.),.PIECEWISE_BEZIER_KNOTS.);
#460=B_SPLINE_CURVE_WITH_KNOTS('',2,(#13399,#13400,#13401),
 .UNSPECIFIED.,.F.,.F.,(3,3),(0.,1.),.PIECEWISE_BEZIER_KNOTS.);
#461=B_SPLINE_CURVE_WITH_KNOTS('',2,(#13405,#13406,#13407),
 .UNSPECIFIED.,.F.,.F.,(3,3),(0.,1.),.PIECEWISE_BEZIER_KNOTS.);
#462=B_SPLINE_CURVE_WITH_KNOTS('',2,(#13422,#13423,#13424),
 .UNSPECIFIED.,.F.,.F.,(3,3),(0.,1.),.PIECEWISE_BEZIER_KNOTS.);
#463=B_SPLINE_CURVE_WITH_KNOTS('',2,(#13428,#13429,#13430),
 .UNSPECIFIED.,.F.,.F.,(3,3),(0.,1.),.PIECEWISE_BEZIER_KNOTS.);
#464=B_SPLINE_CURVE_WITH_KNOTS('',2,(#13439,#13440,#13441),
 .UNSPECIFIED.,.F.,.F.,(3,3),(0.,1.),.PIECEWISE_BEZIER_KNOTS.);
#465=B_SPLINE_CURVE_WITH_KNOTS('',2,(#13445,#13446,#13447),
 .UNSPECIFIED.,.F.,.F.,(3,3),(0.,1.),.PIECEWISE_BEZIER_KNOTS.);
#466=B_SPLINE_CURVE_WITH_KNOTS('',2,(#13458,#13459,#13460),
 .UNSPECIFIED.,.F.,.F.,(3,3),(0.,1.),.PIECEWISE_BEZIER_KNOTS.);
#467=B_SPLINE_CURVE_WITH_KNOTS('',2,(#13477,#13478,#13479),
 .UNSPECIFIED.,.F.,.F.,(3,3),(0.,1.),.PIECEWISE_BEZIER_KNOTS.);
#468=B_SPLINE_CURVE_WITH_KNOTS('',2,(#13490,#13491,#13492),
 .UNSPECIFIED.,.F.,.F.,(3,3),(0.,1.),.PIECEWISE_BEZIER_KNOTS.);
#469=B_SPLINE_CURVE_WITH_KNOTS('',2,(#13503,#13504,#13505),
 .UNSPECIFIED.,.F.,.F.,(3,3),(0.,1.),.PIECEWISE_BEZIER_KNOTS.);
#470=B_SPLINE_CURVE_WITH_KNOTS('',2,(#13516,#13517,#13518),
 .UNSPECIFIED.,.F.,.F.,(3,3),(0.,1.),.PIECEWISE_BEZIER_KNOTS.);
#471=B_SPLINE_CURVE_WITH_KNOTS('',2,(#13533,#13534,#13535),
 .UNSPECIFIED.,.F.,.F.,(3,3),(0.,1.),.PIECEWISE_BEZIER_KNOTS.);
#472=B_SPLINE_CURVE_WITH_KNOTS('',2,(#13546,#13547,#13548),
 .UNSPECIFIED.,.F.,.F.,(3,3),(0.,1.),.PIECEWISE_BEZIER_KNOTS.);
#473=B_SPLINE_CURVE_WITH_KNOTS('',2,(#13557,#13558,#13559),
 .UNSPECIFIED.,.F.,.F.,(3,3),(0.,1.),.PIECEWISE_BEZIER_KNOTS.);
#474=B_SPLINE_CURVE_WITH_KNOTS('',2,(#13568,#13569,#13570),
 .UNSPECIFIED.,.F.,.F.,(3,3),(0.,1.),.PIECEWISE_BEZIER_KNOTS.);
#475=B_SPLINE_CURVE_WITH_KNOTS('',2,(#13571,#13572,#13573),
 .UNSPECIFIED.,.F.,.F.,(3,3),(0.,1.),.PIECEWISE_BEZIER_KNOTS.);
#476=B_SPLINE_CURVE_WITH_KNOTS('',2,(#13583,#13584,#13585),
 .UNSPECIFIED.,.F.,.F.,(3,3),(0.,1.),.PIECEWISE_BEZIER_KNOTS.);
#477=B_SPLINE_CURVE_WITH_KNOTS('',2,(#13590,#13591,#13592),
 .UNSPECIFIED.,.F.,.F.,(3,3),(0.,1.),.PIECEWISE_BEZIER_KNOTS.);
#478=B_SPLINE_CURVE_WITH_KNOTS('',2,(#13603,#13604,#13605),
 .UNSPECIFIED.,.F.,.F.,(3,3),(0.,1.),.PIECEWISE_BEZIER_KNOTS.);
#479=B_SPLINE_CURVE_WITH_KNOTS('',2,(#13609,#13610,#13611),
 .UNSPECIFIED.,.F.,.F.,(3,3),(0.,1.),.PIECEWISE_BEZIER_KNOTS.);
#480=B_SPLINE_CURVE_WITH_KNOTS('',2,(#13620,#13621,#13622),
 .UNSPECIFIED.,.F.,.F.,(3,3),(0.,1.),.PIECEWISE_BEZIER_KNOTS.);
#481=B_SPLINE_CURVE_WITH_KNOTS('',2,(#13626,#13627,#13628),
 .UNSPECIFIED.,.F.,.F.,(3,3),(0.,1.),.PIECEWISE_BEZIER_KNOTS.);
#482=B_SPLINE_CURVE_WITH_KNOTS('',2,(#13657,#13658,#13659),
 .UNSPECIFIED.,.F.,.F.,(3,3),(0.,1.),.PIECEWISE_BEZIER_KNOTS.);
#483=B_SPLINE_CURVE_WITH_KNOTS('',2,(#13672,#13673,#13674),
 .UNSPECIFIED.,.F.,.F.,(3,3),(0.,1.),.PIECEWISE_BEZIER_KNOTS.);
#484=B_SPLINE_CURVE_WITH_KNOTS('',2,(#13685,#13686,#13687),
 .UNSPECIFIED.,.F.,.F.,(3,3),(0.,1.),.PIECEWISE_BEZIER_KNOTS.);
#485=B_SPLINE_CURVE_WITH_KNOTS('',2,(#13706,#13707,#13708),
 .UNSPECIFIED.,.F.,.F.,(3,3),(0.,1.),.PIECEWISE_BEZIER_KNOTS.);
#486=B_SPLINE_CURVE_WITH_KNOTS('',2,(#13719,#13720,#13721),
 .UNSPECIFIED.,.F.,.F.,(3,3),(0.,1.),.PIECEWISE_BEZIER_KNOTS.);
#487=B_SPLINE_CURVE_WITH_KNOTS('',2,(#13732,#13733,#13734),
 .UNSPECIFIED.,.F.,.F.,(3,3),(0.,1.),.PIECEWISE_BEZIER_KNOTS.);
#488=B_SPLINE_CURVE_WITH_KNOTS('',2,(#13757,#13758,#13759),
 .UNSPECIFIED.,.F.,.F.,(3,3),(0.,1.),.PIECEWISE_BEZIER_KNOTS.);
#489=B_SPLINE_CURVE_WITH_KNOTS('',2,(#13770,#13771,#13772),
 .UNSPECIFIED.,.F.,.F.,(3,3),(0.,1.),.PIECEWISE_BEZIER_KNOTS.);
#490=B_SPLINE_CURVE_WITH_KNOTS('',2,(#13783,#13784,#13785),
 .UNSPECIFIED.,.F.,.F.,(3,3),(0.,1.),.PIECEWISE_BEZIER_KNOTS.);
#491=B_SPLINE_CURVE_WITH_KNOTS('',2,(#13796,#13797,#13798),
 .UNSPECIFIED.,.F.,.F.,(3,3),(0.,1.),.PIECEWISE_BEZIER_KNOTS.);
#492=B_SPLINE_CURVE_WITH_KNOTS('',2,(#13811,#13812,#13813),
 .UNSPECIFIED.,.F.,.F.,(3,3),(0.,1.),.PIECEWISE_BEZIER_KNOTS.);
#493=B_SPLINE_CURVE_WITH_KNOTS('',2,(#13822,#13823,#13824),
 .UNSPECIFIED.,.F.,.F.,(3,3),(0.,1.),.PIECEWISE_BEZIER_KNOTS.);
#494=B_SPLINE_CURVE_WITH_KNOTS('',2,(#13825,#13826,#13827),
 .UNSPECIFIED.,.F.,.F.,(3,3),(0.,1.),.PIECEWISE_BEZIER_KNOTS.);
#495=B_SPLINE_CURVE_WITH_KNOTS('',2,(#13837,#13838,#13839),
 .UNSPECIFIED.,.F.,.F.,(3,3),(0.,1.),.PIECEWISE_BEZIER_KNOTS.);
#496=B_SPLINE_CURVE_WITH_KNOTS('',2,(#13844,#13845,#13846),
 .UNSPECIFIED.,.F.,.F.,(3,3),(0.,1.),.PIECEWISE_BEZIER_KNOTS.);
#497=B_SPLINE_CURVE_WITH_KNOTS('',2,(#13857,#13858,#13859),
 .UNSPECIFIED.,.F.,.F.,(3,3),(0.,1.),.PIECEWISE_BEZIER_KNOTS.);
#498=B_SPLINE_CURVE_WITH_KNOTS('',2,(#13863,#13864,#13865),
 .UNSPECIFIED.,.F.,.F.,(3,3),(0.,1.),.PIECEWISE_BEZIER_KNOTS.);
#499=B_SPLINE_CURVE_WITH_KNOTS('',2,(#13874,#13875,#13876),
 .UNSPECIFIED.,.F.,.F.,(3,3),(0.,1.),.PIECEWISE_BEZIER_KNOTS.);
#500=B_SPLINE_CURVE_WITH_KNOTS('',2,(#13880,#13881,#13882),
 .UNSPECIFIED.,.F.,.F.,(3,3),(0.,1.),.PIECEWISE_BEZIER_KNOTS.);
#501=B_SPLINE_CURVE_WITH_KNOTS('',2,(#13911,#13912,#13913),
 .UNSPECIFIED.,.F.,.F.,(3,3),(0.,1.),.PIECEWISE_BEZIER_KNOTS.);
#502=B_SPLINE_CURVE_WITH_KNOTS('',2,(#13926,#13927,#13928),
 .UNSPECIFIED.,.F.,.F.,(3,3),(0.,1.),.PIECEWISE_BEZIER_KNOTS.);
#503=B_SPLINE_CURVE_WITH_KNOTS('',2,(#13939,#13940,#13941),
 .UNSPECIFIED.,.F.,.F.,(3,3),(0.,1.),.PIECEWISE_BEZIER_KNOTS.);
#504=B_SPLINE_CURVE_WITH_KNOTS('',2,(#13960,#13961,#13962),
 .UNSPECIFIED.,.F.,.F.,(3,3),(0.,1.),.PIECEWISE_BEZIER_KNOTS.);
#505=B_SPLINE_CURVE_WITH_KNOTS('',2,(#13973,#13974,#13975),
 .UNSPECIFIED.,.F.,.F.,(3,3),(0.,1.),.PIECEWISE_BEZIER_KNOTS.);
#506=B_SPLINE_CURVE_WITH_KNOTS('',2,(#13986,#13987,#13988),
 .UNSPECIFIED.,.F.,.F.,(3,3),(0.,1.),.PIECEWISE_BEZIER_KNOTS.);
#507=B_SPLINE_CURVE_WITH_KNOTS('',2,(#14011,#14012,#14013),
 .UNSPECIFIED.,.F.,.F.,(3,3),(0.,1.),.PIECEWISE_BEZIER_KNOTS.);
#508=B_SPLINE_CURVE_WITH_KNOTS('',2,(#14024,#14025,#14026),
 .UNSPECIFIED.,.F.,.F.,(3,3),(0.,1.),.PIECEWISE_BEZIER_KNOTS.);
#509=B_SPLINE_CURVE_WITH_KNOTS('',2,(#14037,#14038,#14039),
 .UNSPECIFIED.,.F.,.F.,(3,3),(0.,1.),.PIECEWISE_BEZIER_KNOTS.);
#510=B_SPLINE_CURVE_WITH_KNOTS('',2,(#14050,#14051,#14052),
 .UNSPECIFIED.,.F.,.F.,(3,3),(0.,1.),.PIECEWISE_BEZIER_KNOTS.);
#511=B_SPLINE_CURVE_WITH_KNOTS('',2,(#14065,#14066,#14067),
 .UNSPECIFIED.,.F.,.F.,(3,3),(0.,1.),.PIECEWISE_BEZIER_KNOTS.);
#512=B_SPLINE_CURVE_WITH_KNOTS('',2,(#14076,#14077,#14078),
 .UNSPECIFIED.,.F.,.F.,(3,3),(0.,1.),.PIECEWISE_BEZIER_KNOTS.);
#513=B_SPLINE_CURVE_WITH_KNOTS('',2,(#14079,#14080,#14081),
 .UNSPECIFIED.,.F.,.F.,(3,3),(0.,1.),.PIECEWISE_BEZIER_KNOTS.);
#514=B_SPLINE_CURVE_WITH_KNOTS('',2,(#14091,#14092,#14093),
 .UNSPECIFIED.,.F.,.F.,(3,3),(0.,1.),.PIECEWISE_BEZIER_KNOTS.);
#515=B_SPLINE_CURVE_WITH_KNOTS('',2,(#14098,#14099,#14100),
 .UNSPECIFIED.,.F.,.F.,(3,3),(0.,1.),.PIECEWISE_BEZIER_KNOTS.);
#516=B_SPLINE_CURVE_WITH_KNOTS('',2,(#14117,#14118,#14119),
 .UNSPECIFIED.,.F.,.F.,(3,3),(0.,1.),.PIECEWISE_BEZIER_KNOTS.);
#517=B_SPLINE_CURVE_WITH_KNOTS('',2,(#14123,#14124,#14125),
 .UNSPECIFIED.,.F.,.F.,(3,3),(0.,1.),.PIECEWISE_BEZIER_KNOTS.);
#518=B_SPLINE_CURVE_WITH_KNOTS('',2,(#14134,#14135,#14136),
 .UNSPECIFIED.,.F.,.F.,(3,3),(0.,1.),.PIECEWISE_BEZIER_KNOTS.);
#519=B_SPLINE_CURVE_WITH_KNOTS('',2,(#14140,#14141,#14142),
 .UNSPECIFIED.,.F.,.F.,(3,3),(0.,1.),.PIECEWISE_BEZIER_KNOTS.);
#520=B_SPLINE_CURVE_WITH_KNOTS('',2,(#14151,#14152,#14153),
 .UNSPECIFIED.,.F.,.F.,(3,3),(0.,1.),.PIECEWISE_BEZIER_KNOTS.);
#521=B_SPLINE_CURVE_WITH_KNOTS('',2,(#14157,#14158,#14159),
 .UNSPECIFIED.,.F.,.F.,(3,3),(0.,1.),.PIECEWISE_BEZIER_KNOTS.);
#522=B_SPLINE_CURVE_WITH_KNOTS('',2,(#14168,#14169,#14170),
 .UNSPECIFIED.,.F.,.F.,(3,3),(0.,1.),.PIECEWISE_BEZIER_KNOTS.);
#523=B_SPLINE_CURVE_WITH_KNOTS('',2,(#14174,#14175,#14176),
 .UNSPECIFIED.,.F.,.F.,(3,3),(0.,1.),.PIECEWISE_BEZIER_KNOTS.);
#524=B_SPLINE_CURVE_WITH_KNOTS('',2,(#14191,#14192,#14193),
 .UNSPECIFIED.,.F.,.F.,(3,3),(0.,1.),.PIECEWISE_BEZIER_KNOTS.);
#525=B_SPLINE_CURVE_WITH_KNOTS('',2,(#14197,#14198,#14199),
 .UNSPECIFIED.,.F.,.F.,(3,3),(0.,1.),.PIECEWISE_BEZIER_KNOTS.);
#526=B_SPLINE_CURVE_WITH_KNOTS('',2,(#14208,#14209,#14210),
 .UNSPECIFIED.,.F.,.F.,(3,3),(0.,1.),.PIECEWISE_BEZIER_KNOTS.);
#527=B_SPLINE_CURVE_WITH_KNOTS('',2,(#14214,#14215,#14216),
 .UNSPECIFIED.,.F.,.F.,(3,3),(0.,1.),.PIECEWISE_BEZIER_KNOTS.);
#528=B_SPLINE_CURVE_WITH_KNOTS('',2,(#14227,#14228,#14229),
 .UNSPECIFIED.,.F.,.F.,(3,3),(0.,1.),.PIECEWISE_BEZIER_KNOTS.);
#529=B_SPLINE_CURVE_WITH_KNOTS('',2,(#14246,#14247,#14248),
 .UNSPECIFIED.,.F.,.F.,(3,3),(0.,1.),.PIECEWISE_BEZIER_KNOTS.);
#530=B_SPLINE_CURVE_WITH_KNOTS('',2,(#14259,#14260,#14261),
 .UNSPECIFIED.,.F.,.F.,(3,3),(0.,1.),.PIECEWISE_BEZIER_KNOTS.);
#531=B_SPLINE_CURVE_WITH_KNOTS('',2,(#14272,#14273,#14274),
 .UNSPECIFIED.,.F.,.F.,(3,3),(0.,1.),.PIECEWISE_BEZIER_KNOTS.);
#532=B_SPLINE_CURVE_WITH_KNOTS('',2,(#14285,#14286,#14287),
 .UNSPECIFIED.,.F.,.F.,(3,3),(0.,1.),.PIECEWISE_BEZIER_KNOTS.);
#533=B_SPLINE_CURVE_WITH_KNOTS('',2,(#14302,#14303,#14304),
 .UNSPECIFIED.,.F.,.F.,(3,3),(0.,1.),.PIECEWISE_BEZIER_KNOTS.);
#534=B_SPLINE_CURVE_WITH_KNOTS('',2,(#14315,#14316,#14317),
 .UNSPECIFIED.,.F.,.F.,(3,3),(0.,1.),.PIECEWISE_BEZIER_KNOTS.);
#535=B_SPLINE_CURVE_WITH_KNOTS('',2,(#14326,#14327,#14328),
 .UNSPECIFIED.,.F.,.F.,(3,3),(0.,1.),.PIECEWISE_BEZIER_KNOTS.);
#536=B_SPLINE_CURVE_WITH_KNOTS('',2,(#14337,#14338,#14339),
 .UNSPECIFIED.,.F.,.F.,(3,3),(0.,1.),.PIECEWISE_BEZIER_KNOTS.);
#537=B_SPLINE_CURVE_WITH_KNOTS('',2,(#14340,#14341,#14342),
 .UNSPECIFIED.,.F.,.F.,(3,3),(0.,1.),.PIECEWISE_BEZIER_KNOTS.);
#538=B_SPLINE_CURVE_WITH_KNOTS('',2,(#14352,#14353,#14354),
 .UNSPECIFIED.,.F.,.F.,(3,3),(0.,1.),.PIECEWISE_BEZIER_KNOTS.);
#539=B_SPLINE_CURVE_WITH_KNOTS('',2,(#14359,#14360,#14361),
 .UNSPECIFIED.,.F.,.F.,(3,3),(0.,1.),.PIECEWISE_BEZIER_KNOTS.);
#540=B_SPLINE_CURVE_WITH_KNOTS('',2,(#14378,#14379,#14380),
 .UNSPECIFIED.,.F.,.F.,(3,3),(0.,1.),.PIECEWISE_BEZIER_KNOTS.);
#541=B_SPLINE_CURVE_WITH_KNOTS('',2,(#14384,#14385,#14386),
 .UNSPECIFIED.,.F.,.F.,(3,3),(0.,1.),.PIECEWISE_BEZIER_KNOTS.);
#542=B_SPLINE_CURVE_WITH_KNOTS('',2,(#14395,#14396,#14397),
 .UNSPECIFIED.,.F.,.F.,(3,3),(0.,1.),.PIECEWISE_BEZIER_KNOTS.);
#543=B_SPLINE_CURVE_WITH_KNOTS('',2,(#14401,#14402,#14403),
 .UNSPECIFIED.,.F.,.F.,(3,3),(0.,1.),.PIECEWISE_BEZIER_KNOTS.);
#544=B_SPLINE_CURVE_WITH_KNOTS('',2,(#14412,#14413,#14414),
 .UNSPECIFIED.,.F.,.F.,(3,3),(0.,1.),.PIECEWISE_BEZIER_KNOTS.);
#545=B_SPLINE_CURVE_WITH_KNOTS('',2,(#14418,#14419,#14420),
 .UNSPECIFIED.,.F.,.F.,(3,3),(0.,1.),.PIECEWISE_BEZIER_KNOTS.);
#546=B_SPLINE_CURVE_WITH_KNOTS('',2,(#14429,#14430,#14431),
 .UNSPECIFIED.,.F.,.F.,(3,3),(0.,1.),.PIECEWISE_BEZIER_KNOTS.);
#547=B_SPLINE_CURVE_WITH_KNOTS('',2,(#14435,#14436,#14437),
 .UNSPECIFIED.,.F.,.F.,(3,3),(0.,1.),.PIECEWISE_BEZIER_KNOTS.);
#548=B_SPLINE_CURVE_WITH_KNOTS('',2,(#14458,#14459,#14460),
 .UNSPECIFIED.,.F.,.F.,(3,3),(0.,1.),.PIECEWISE_BEZIER_KNOTS.);
#549=B_SPLINE_CURVE_WITH_KNOTS('',2,(#14464,#14465,#14466),
 .UNSPECIFIED.,.F.,.F.,(3,3),(0.,1.),.PIECEWISE_BEZIER_KNOTS.);
#550=B_SPLINE_CURVE_WITH_KNOTS('',2,(#14507,#14508,#14509),
 .UNSPECIFIED.,.F.,.F.,(3,3),(0.,1.),.PIECEWISE_BEZIER_KNOTS.);
#551=B_SPLINE_CURVE_WITH_KNOTS('',2,(#14520,#14521,#14522),
 .UNSPECIFIED.,.F.,.F.,(3,3),(0.,1.),.PIECEWISE_BEZIER_KNOTS.);
#552=B_SPLINE_CURVE_WITH_KNOTS('',2,(#14533,#14534,#14535),
 .UNSPECIFIED.,.F.,.F.,(3,3),(0.,1.),.PIECEWISE_BEZIER_KNOTS.);
#553=B_SPLINE_CURVE_WITH_KNOTS('',2,(#14550,#14551,#14552),
 .UNSPECIFIED.,.F.,.F.,(3,3),(0.,1.),.PIECEWISE_BEZIER_KNOTS.);
#554=B_SPLINE_CURVE_WITH_KNOTS('',2,(#14563,#14564,#14565),
 .UNSPECIFIED.,.F.,.F.,(3,3),(0.,1.),.PIECEWISE_BEZIER_KNOTS.);
#555=B_SPLINE_CURVE_WITH_KNOTS('',2,(#14576,#14577,#14578),
 .UNSPECIFIED.,.F.,.F.,(3,3),(0.,1.),.PIECEWISE_BEZIER_KNOTS.);
#556=B_SPLINE_CURVE_WITH_KNOTS('',2,(#14609,#14610,#14611),
 .UNSPECIFIED.,.F.,.F.,(3,3),(0.,1.),.PIECEWISE_BEZIER_KNOTS.);
#557=B_SPLINE_CURVE_WITH_KNOTS('',2,(#14612,#14613,#14614),
 .UNSPECIFIED.,.F.,.F.,(3,3),(0.,1.),.PIECEWISE_BEZIER_KNOTS.);
#558=B_SPLINE_CURVE_WITH_KNOTS('',2,(#14624,#14625,#14626),
 .UNSPECIFIED.,.F.,.F.,(3,3),(0.,1.),.PIECEWISE_BEZIER_KNOTS.);
#559=B_SPLINE_CURVE_WITH_KNOTS('',2,(#14631,#14632,#14633),
 .UNSPECIFIED.,.F.,.F.,(3,3),(0.,1.),.PIECEWISE_BEZIER_KNOTS.);
#560=B_SPLINE_CURVE_WITH_KNOTS('',2,(#14650,#14651,#14652),
 .UNSPECIFIED.,.F.,.F.,(3,3),(0.,1.),.PIECEWISE_BEZIER_KNOTS.);
#561=B_SPLINE_CURVE_WITH_KNOTS('',2,(#14656,#14657,#14658),
 .UNSPECIFIED.,.F.,.F.,(3,3),(0.,1.),.PIECEWISE_BEZIER_KNOTS.);
#562=B_SPLINE_CURVE_WITH_KNOTS('',2,(#14667,#14668,#14669),
 .UNSPECIFIED.,.F.,.F.,(3,3),(0.,1.),.PIECEWISE_BEZIER_KNOTS.);
#563=B_SPLINE_CURVE_WITH_KNOTS('',2,(#14673,#14674,#14675),
 .UNSPECIFIED.,.F.,.F.,(3,3),(0.,1.),.PIECEWISE_BEZIER_KNOTS.);
#564=B_SPLINE_CURVE_WITH_KNOTS('',2,(#14684,#14685,#14686),
 .UNSPECIFIED.,.F.,.F.,(3,3),(0.,1.),.PIECEWISE_BEZIER_KNOTS.);
#565=B_SPLINE_CURVE_WITH_KNOTS('',2,(#14690,#14691,#14692),
 .UNSPECIFIED.,.F.,.F.,(3,3),(0.,1.),.PIECEWISE_BEZIER_KNOTS.);
#566=B_SPLINE_CURVE_WITH_KNOTS('',2,(#14701,#14702,#14703),
 .UNSPECIFIED.,.F.,.F.,(3,3),(0.,1.),.PIECEWISE_BEZIER_KNOTS.);
#567=B_SPLINE_CURVE_WITH_KNOTS('',2,(#14707,#14708,#14709),
 .UNSPECIFIED.,.F.,.F.,(3,3),(0.,1.),.PIECEWISE_BEZIER_KNOTS.);
#568=B_SPLINE_CURVE_WITH_KNOTS('',2,(#14724,#14725,#14726),
 .UNSPECIFIED.,.F.,.F.,(3,3),(0.,1.),.PIECEWISE_BEZIER_KNOTS.);
#569=B_SPLINE_CURVE_WITH_KNOTS('',2,(#14730,#14731,#14732),
 .UNSPECIFIED.,.F.,.F.,(3,3),(0.,1.),.PIECEWISE_BEZIER_KNOTS.);
#570=B_SPLINE_CURVE_WITH_KNOTS('',2,(#14741,#14742,#14743),
 .UNSPECIFIED.,.F.,.F.,(3,3),(0.,1.),.PIECEWISE_BEZIER_KNOTS.);
#571=B_SPLINE_CURVE_WITH_KNOTS('',2,(#14747,#14748,#14749),
 .UNSPECIFIED.,.F.,.F.,(3,3),(0.,1.),.PIECEWISE_BEZIER_KNOTS.);
#572=B_SPLINE_CURVE_WITH_KNOTS('',2,(#14760,#14761,#14762),
 .UNSPECIFIED.,.F.,.F.,(3,3),(0.,1.),.PIECEWISE_BEZIER_KNOTS.);
#573=B_SPLINE_CURVE_WITH_KNOTS('',2,(#14779,#14780,#14781),
 .UNSPECIFIED.,.F.,.F.,(3,3),(0.,1.),.PIECEWISE_BEZIER_KNOTS.);
#574=B_SPLINE_CURVE_WITH_KNOTS('',2,(#14792,#14793,#14794),
 .UNSPECIFIED.,.F.,.F.,(3,3),(0.,1.),.PIECEWISE_BEZIER_KNOTS.);
#575=B_SPLINE_CURVE_WITH_KNOTS('',2,(#14805,#14806,#14807),
 .UNSPECIFIED.,.F.,.F.,(3,3),(0.,1.),.PIECEWISE_BEZIER_KNOTS.);
#576=B_SPLINE_CURVE_WITH_KNOTS('',2,(#14818,#14819,#14820),
 .UNSPECIFIED.,.F.,.F.,(3,3),(0.,1.),.PIECEWISE_BEZIER_KNOTS.);
#577=B_SPLINE_CURVE_WITH_KNOTS('',2,(#14835,#14836,#14837),
 .UNSPECIFIED.,.F.,.F.,(3,3),(0.,1.),.PIECEWISE_BEZIER_KNOTS.);
#578=B_SPLINE_CURVE_WITH_KNOTS('',2,(#14848,#14849,#14850),
 .UNSPECIFIED.,.F.,.F.,(3,3),(0.,1.),.PIECEWISE_BEZIER_KNOTS.);
#579=B_SPLINE_CURVE_WITH_KNOTS('',2,(#14859,#14860,#14861),
 .UNSPECIFIED.,.F.,.F.,(3,3),(0.,1.),.PIECEWISE_BEZIER_KNOTS.);
#580=B_SPLINE_CURVE_WITH_KNOTS('',2,(#14870,#14871,#14872),
 .UNSPECIFIED.,.F.,.F.,(3,3),(0.,1.),.PIECEWISE_BEZIER_KNOTS.);
#581=B_SPLINE_CURVE_WITH_KNOTS('',2,(#14873,#14874,#14875),
 .UNSPECIFIED.,.F.,.F.,(3,3),(0.,1.),.PIECEWISE_BEZIER_KNOTS.);
#582=CIRCLE('',#8566,0.0024152696581956);
#583=CIRCLE('',#8567,0.00225607974044894);
#584=CIRCLE('',#8568,0.00267256589673846);
#585=CIRCLE('',#8569,0.00286891723170121);
#586=CIRCLE('',#8570,0.00494649352037409);
#587=CIRCLE('',#8571,0.00342142482033242);
#588=CIRCLE('',#8572,0.00286891723169837);
#589=CIRCLE('',#8573,0.00494649352042371);
#590=CIRCLE('',#8574,0.00342142482198804);
#591=CIRCLE('',#8575,0.00235572367081247);
#592=CIRCLE('',#8576,0.00265066941994715);
#593=CIRCLE('',#8577,0.001905);
#594=CIRCLE('',#8578,0.001905);
#595=CIRCLE('',#8579,0.001905);
#596=CIRCLE('',#8580,0.001905);
#597=CIRCLE('',#8581,0.001905);
#598=CIRCLE('',#8582,0.001905);
#599=CIRCLE('',#8583,0.001905);
#600=CIRCLE('',#8584,0.001905);
#601=CIRCLE('',#8585,0.00267256589674242);
#602=CIRCLE('',#8586,0.00251151632888525);
#603=CIRCLE('',#8587,0.00220697542231325);
#604=CIRCLE('',#8588,0.00170557903138419);
#605=CIRCLE('',#8589,0.00390971320837496);
#606=CIRCLE('',#8590,0.00339388255320627);
#607=CIRCLE('',#8591,0.000885088977179898);
#608=CIRCLE('',#8592,0.00267256589673917);
#609=CIRCLE('',#8597,0.001905);
#610=CIRCLE('',#8598,0.001905);
#611=CIRCLE('',#8599,0.001905);
#612=CIRCLE('',#8600,0.001905);
#613=CIRCLE('',#8601,0.001905);
#614=CIRCLE('',#8602,0.001905);
#615=CIRCLE('',#8603,0.001905);
#616=CIRCLE('',#8604,0.001905);
#617=CIRCLE('',#8605,0.001905);
#618=CIRCLE('',#8606,0.001905);
#619=CIRCLE('',#8621,0.001905);
#620=CIRCLE('',#8622,0.001905);
#621=CIRCLE('',#8623,0.001905);
#622=CIRCLE('',#8624,0.001905);
#623=CIRCLE('',#8625,0.0016);
#624=CIRCLE('',#8626,0.0016);
#625=CIRCLE('',#8627,0.0016);
#626=CIRCLE('',#8629,0.0016);
#627=CIRCLE('',#8632,0.0016);
#628=CIRCLE('',#8635,0.0016);
#629=CIRCLE('',#8672,0.00267256589674242);
#630=CIRCLE('',#8699,0.00265066941994715);
#631=CIRCLE('',#8701,0.00235572367081247);
#632=CIRCLE('',#8716,0.00251151632888525);
#633=CIRCLE('',#8744,0.00170557903138419);
#634=CIRCLE('',#8746,0.00220697542231325);
#635=CIRCLE('',#8758,0.00342142482198804);
#636=CIRCLE('',#8761,0.00494649352042371);
#637=CIRCLE('',#8763,0.00286891723169837);
#638=CIRCLE('',#8772,0.000885088977179898);
#639=CIRCLE('',#8774,0.00339388255320627);
#640=CIRCLE('',#8779,0.00390971320837496);
#641=CIRCLE('',#8790,0.00342142482033242);
#642=CIRCLE('',#8793,0.00494649352037409);
#643=CIRCLE('',#8795,0.00286891723170121);
#644=CIRCLE('',#8840,0.00267256589673917);
#645=CIRCLE('',#8851,0.00267256589673846);
#646=CIRCLE('',#8865,0.00190073552090078);
#647=CIRCLE('',#8866,0.00190073552090078);
#648=CIRCLE('',#8874,0.00225607974044894);
#649=CIRCLE('',#8877,0.0024152696581956);
#650=ORIENTED_EDGE('',*,*,#3158,.T.);
#651=ORIENTED_EDGE('',*,*,#3159,.T.);
#652=ORIENTED_EDGE('',*,*,#3160,.T.);
#653=ORIENTED_EDGE('',*,*,#3161,.T.);
#654=ORIENTED_EDGE('',*,*,#3162,.T.);
#655=ORIENTED_EDGE('',*,*,#3163,.T.);
#656=ORIENTED_EDGE('',*,*,#3164,.T.);
#657=ORIENTED_EDGE('',*,*,#3165,.T.);
#658=ORIENTED_EDGE('',*,*,#3166,.T.);
#659=ORIENTED_EDGE('',*,*,#3167,.T.);
#660=ORIENTED_EDGE('',*,*,#3168,.T.);
#661=ORIENTED_EDGE('',*,*,#3169,.T.);
#662=ORIENTED_EDGE('',*,*,#3170,.T.);
#663=ORIENTED_EDGE('',*,*,#3171,.T.);
#664=ORIENTED_EDGE('',*,*,#3172,.T.);
#665=ORIENTED_EDGE('',*,*,#3173,.T.);
#666=ORIENTED_EDGE('',*,*,#3174,.T.);
#667=ORIENTED_EDGE('',*,*,#3175,.T.);
#668=ORIENTED_EDGE('',*,*,#3176,.T.);
#669=ORIENTED_EDGE('',*,*,#3177,.T.);
#670=ORIENTED_EDGE('',*,*,#3178,.T.);
#671=ORIENTED_EDGE('',*,*,#3179,.T.);
#672=ORIENTED_EDGE('',*,*,#3180,.T.);
#673=ORIENTED_EDGE('',*,*,#3181,.T.);
#674=ORIENTED_EDGE('',*,*,#3182,.T.);
#675=ORIENTED_EDGE('',*,*,#3183,.T.);
#676=ORIENTED_EDGE('',*,*,#3184,.T.);
#677=ORIENTED_EDGE('',*,*,#3185,.T.);
#678=ORIENTED_EDGE('',*,*,#3186,.T.);
#679=ORIENTED_EDGE('',*,*,#3187,.T.);
#680=ORIENTED_EDGE('',*,*,#3188,.T.);
#681=ORIENTED_EDGE('',*,*,#3189,.T.);
#682=ORIENTED_EDGE('',*,*,#3190,.T.);
#683=ORIENTED_EDGE('',*,*,#3191,.T.);
#684=ORIENTED_EDGE('',*,*,#3192,.T.);
#685=ORIENTED_EDGE('',*,*,#3193,.T.);
#686=ORIENTED_EDGE('',*,*,#3194,.T.);
#687=ORIENTED_EDGE('',*,*,#3195,.T.);
#688=ORIENTED_EDGE('',*,*,#3196,.T.);
#689=ORIENTED_EDGE('',*,*,#3197,.T.);
#690=ORIENTED_EDGE('',*,*,#3198,.T.);
#691=ORIENTED_EDGE('',*,*,#3199,.T.);
#692=ORIENTED_EDGE('',*,*,#3200,.T.);
#693=ORIENTED_EDGE('',*,*,#3201,.T.);
#694=ORIENTED_EDGE('',*,*,#3202,.T.);
#695=ORIENTED_EDGE('',*,*,#3203,.T.);
#696=ORIENTED_EDGE('',*,*,#3204,.T.);
#697=ORIENTED_EDGE('',*,*,#3205,.T.);
#698=ORIENTED_EDGE('',*,*,#3206,.T.);
#699=ORIENTED_EDGE('',*,*,#3207,.T.);
#700=ORIENTED_EDGE('',*,*,#3208,.T.);
#701=ORIENTED_EDGE('',*,*,#3209,.T.);
#702=ORIENTED_EDGE('',*,*,#3210,.T.);
#703=ORIENTED_EDGE('',*,*,#3211,.T.);
#704=ORIENTED_EDGE('',*,*,#3212,.T.);
#705=ORIENTED_EDGE('',*,*,#3213,.T.);
#706=ORIENTED_EDGE('',*,*,#3214,.T.);
#707=ORIENTED_EDGE('',*,*,#3215,.T.);
#708=ORIENTED_EDGE('',*,*,#3216,.T.);
#709=ORIENTED_EDGE('',*,*,#3217,.T.);
#710=ORIENTED_EDGE('',*,*,#3218,.T.);
#711=ORIENTED_EDGE('',*,*,#3219,.T.);
#712=ORIENTED_EDGE('',*,*,#3220,.T.);
#713=ORIENTED_EDGE('',*,*,#3221,.T.);
#714=ORIENTED_EDGE('',*,*,#3222,.T.);
#715=ORIENTED_EDGE('',*,*,#3223,.T.);
#716=ORIENTED_EDGE('',*,*,#3224,.T.);
#717=ORIENTED_EDGE('',*,*,#3225,.T.);
#718=ORIENTED_EDGE('',*,*,#3226,.T.);
#719=ORIENTED_EDGE('',*,*,#3227,.T.);
#720=ORIENTED_EDGE('',*,*,#3228,.T.);
#721=ORIENTED_EDGE('',*,*,#3229,.T.);
#722=ORIENTED_EDGE('',*,*,#3230,.T.);
#723=ORIENTED_EDGE('',*,*,#3231,.T.);
#724=ORIENTED_EDGE('',*,*,#3232,.T.);
#725=ORIENTED_EDGE('',*,*,#3233,.T.);
#726=ORIENTED_EDGE('',*,*,#3234,.T.);
#727=ORIENTED_EDGE('',*,*,#3235,.T.);
#728=ORIENTED_EDGE('',*,*,#3236,.T.);
#729=ORIENTED_EDGE('',*,*,#3237,.T.);
#730=ORIENTED_EDGE('',*,*,#3238,.T.);
#731=ORIENTED_EDGE('',*,*,#3239,.T.);
#732=ORIENTED_EDGE('',*,*,#3240,.T.);
#733=ORIENTED_EDGE('',*,*,#3241,.T.);
#734=ORIENTED_EDGE('',*,*,#3242,.T.);
#735=ORIENTED_EDGE('',*,*,#3243,.T.);
#736=ORIENTED_EDGE('',*,*,#3244,.T.);
#737=ORIENTED_EDGE('',*,*,#3245,.T.);
#738=ORIENTED_EDGE('',*,*,#3246,.T.);
#739=ORIENTED_EDGE('',*,*,#3247,.T.);
#740=ORIENTED_EDGE('',*,*,#3248,.T.);
#741=ORIENTED_EDGE('',*,*,#3249,.T.);
#742=ORIENTED_EDGE('',*,*,#3250,.T.);
#743=ORIENTED_EDGE('',*,*,#3251,.T.);
#744=ORIENTED_EDGE('',*,*,#3252,.T.);
#745=ORIENTED_EDGE('',*,*,#3253,.T.);
#746=ORIENTED_EDGE('',*,*,#3254,.T.);
#747=ORIENTED_EDGE('',*,*,#3255,.T.);
#748=ORIENTED_EDGE('',*,*,#3256,.T.);
#749=ORIENTED_EDGE('',*,*,#3257,.T.);
#750=ORIENTED_EDGE('',*,*,#3258,.T.);
#751=ORIENTED_EDGE('',*,*,#3259,.T.);
#752=ORIENTED_EDGE('',*,*,#3260,.T.);
#753=ORIENTED_EDGE('',*,*,#3261,.T.);
#754=ORIENTED_EDGE('',*,*,#3262,.T.);
#755=ORIENTED_EDGE('',*,*,#3263,.T.);
#756=ORIENTED_EDGE('',*,*,#3264,.T.);
#757=ORIENTED_EDGE('',*,*,#3265,.T.);
#758=ORIENTED_EDGE('',*,*,#3266,.T.);
#759=ORIENTED_EDGE('',*,*,#3267,.T.);
#760=ORIENTED_EDGE('',*,*,#3268,.T.);
#761=ORIENTED_EDGE('',*,*,#3269,.T.);
#762=ORIENTED_EDGE('',*,*,#3270,.T.);
#763=ORIENTED_EDGE('',*,*,#3271,.T.);
#764=ORIENTED_EDGE('',*,*,#3272,.T.);
#765=ORIENTED_EDGE('',*,*,#3273,.T.);
#766=ORIENTED_EDGE('',*,*,#3274,.T.);
#767=ORIENTED_EDGE('',*,*,#3275,.T.);
#768=ORIENTED_EDGE('',*,*,#3276,.T.);
#769=ORIENTED_EDGE('',*,*,#3277,.T.);
#770=ORIENTED_EDGE('',*,*,#3278,.T.);
#771=ORIENTED_EDGE('',*,*,#3279,.T.);
#772=ORIENTED_EDGE('',*,*,#3280,.T.);
#773=ORIENTED_EDGE('',*,*,#3281,.T.);
#774=ORIENTED_EDGE('',*,*,#3282,.T.);
#775=ORIENTED_EDGE('',*,*,#3283,.T.);
#776=ORIENTED_EDGE('',*,*,#3284,.T.);
#777=ORIENTED_EDGE('',*,*,#3285,.T.);
#778=ORIENTED_EDGE('',*,*,#3286,.T.);
#779=ORIENTED_EDGE('',*,*,#3287,.T.);
#780=ORIENTED_EDGE('',*,*,#3288,.T.);
#781=ORIENTED_EDGE('',*,*,#3289,.T.);
#782=ORIENTED_EDGE('',*,*,#3290,.T.);
#783=ORIENTED_EDGE('',*,*,#3291,.T.);
#784=ORIENTED_EDGE('',*,*,#3292,.T.);
#785=ORIENTED_EDGE('',*,*,#3293,.T.);
#786=ORIENTED_EDGE('',*,*,#3294,.T.);
#787=ORIENTED_EDGE('',*,*,#3295,.T.);
#788=ORIENTED_EDGE('',*,*,#3296,.T.);
#789=ORIENTED_EDGE('',*,*,#3297,.T.);
#790=ORIENTED_EDGE('',*,*,#3298,.T.);
#791=ORIENTED_EDGE('',*,*,#3299,.T.);
#792=ORIENTED_EDGE('',*,*,#3300,.T.);
#793=ORIENTED_EDGE('',*,*,#3301,.T.);
#794=ORIENTED_EDGE('',*,*,#3302,.T.);
#795=ORIENTED_EDGE('',*,*,#3303,.T.);
#796=ORIENTED_EDGE('',*,*,#3304,.T.);
#797=ORIENTED_EDGE('',*,*,#3305,.T.);
#798=ORIENTED_EDGE('',*,*,#3306,.T.);
#799=ORIENTED_EDGE('',*,*,#3307,.T.);
#800=ORIENTED_EDGE('',*,*,#3308,.T.);
#801=ORIENTED_EDGE('',*,*,#3309,.T.);
#802=ORIENTED_EDGE('',*,*,#3310,.T.);
#803=ORIENTED_EDGE('',*,*,#3311,.T.);
#804=ORIENTED_EDGE('',*,*,#3312,.T.);
#805=ORIENTED_EDGE('',*,*,#3313,.T.);
#806=ORIENTED_EDGE('',*,*,#3314,.T.);
#807=ORIENTED_EDGE('',*,*,#3315,.T.);
#808=ORIENTED_EDGE('',*,*,#3316,.T.);
#809=ORIENTED_EDGE('',*,*,#3317,.T.);
#810=ORIENTED_EDGE('',*,*,#3318,.T.);
#811=ORIENTED_EDGE('',*,*,#3319,.T.);
#812=ORIENTED_EDGE('',*,*,#3320,.T.);
#813=ORIENTED_EDGE('',*,*,#3321,.T.);
#814=ORIENTED_EDGE('',*,*,#3322,.T.);
#815=ORIENTED_EDGE('',*,*,#3323,.T.);
#816=ORIENTED_EDGE('',*,*,#3324,.T.);
#817=ORIENTED_EDGE('',*,*,#3325,.T.);
#818=ORIENTED_EDGE('',*,*,#3326,.T.);
#819=ORIENTED_EDGE('',*,*,#3327,.T.);
#820=ORIENTED_EDGE('',*,*,#3328,.T.);
#821=ORIENTED_EDGE('',*,*,#3329,.T.);
#822=ORIENTED_EDGE('',*,*,#3330,.T.);
#823=ORIENTED_EDGE('',*,*,#3331,.T.);
#824=ORIENTED_EDGE('',*,*,#3332,.T.);
#825=ORIENTED_EDGE('',*,*,#3333,.T.);
#826=ORIENTED_EDGE('',*,*,#3334,.T.);
#827=ORIENTED_EDGE('',*,*,#3335,.T.);
#828=ORIENTED_EDGE('',*,*,#3336,.T.);
#829=ORIENTED_EDGE('',*,*,#3337,.T.);
#830=ORIENTED_EDGE('',*,*,#3338,.T.);
#831=ORIENTED_EDGE('',*,*,#3339,.T.);
#832=ORIENTED_EDGE('',*,*,#3340,.T.);
#833=ORIENTED_EDGE('',*,*,#3341,.T.);
#834=ORIENTED_EDGE('',*,*,#3342,.T.);
#835=ORIENTED_EDGE('',*,*,#3343,.T.);
#836=ORIENTED_EDGE('',*,*,#3344,.T.);
#837=ORIENTED_EDGE('',*,*,#3345,.T.);
#838=ORIENTED_EDGE('',*,*,#3346,.T.);
#839=ORIENTED_EDGE('',*,*,#3347,.T.);
#840=ORIENTED_EDGE('',*,*,#3348,.T.);
#841=ORIENTED_EDGE('',*,*,#3349,.T.);
#842=ORIENTED_EDGE('',*,*,#3350,.T.);
#843=ORIENTED_EDGE('',*,*,#3351,.T.);
#844=ORIENTED_EDGE('',*,*,#3352,.T.);
#845=ORIENTED_EDGE('',*,*,#3353,.T.);
#846=ORIENTED_EDGE('',*,*,#3354,.T.);
#847=ORIENTED_EDGE('',*,*,#3355,.T.);
#848=ORIENTED_EDGE('',*,*,#3356,.T.);
#849=ORIENTED_EDGE('',*,*,#3357,.T.);
#850=ORIENTED_EDGE('',*,*,#3358,.T.);
#851=ORIENTED_EDGE('',*,*,#3359,.T.);
#852=ORIENTED_EDGE('',*,*,#3360,.T.);
#853=ORIENTED_EDGE('',*,*,#3361,.T.);
#854=ORIENTED_EDGE('',*,*,#3362,.T.);
#855=ORIENTED_EDGE('',*,*,#3363,.T.);
#856=ORIENTED_EDGE('',*,*,#3364,.T.);
#857=ORIENTED_EDGE('',*,*,#3365,.T.);
#858=ORIENTED_EDGE('',*,*,#3366,.T.);
#859=ORIENTED_EDGE('',*,*,#3367,.T.);
#860=ORIENTED_EDGE('',*,*,#3368,.T.);
#861=ORIENTED_EDGE('',*,*,#3369,.T.);
#862=ORIENTED_EDGE('',*,*,#3370,.T.);
#863=ORIENTED_EDGE('',*,*,#3371,.T.);
#864=ORIENTED_EDGE('',*,*,#3372,.T.);
#865=ORIENTED_EDGE('',*,*,#3373,.T.);
#866=ORIENTED_EDGE('',*,*,#3374,.T.);
#867=ORIENTED_EDGE('',*,*,#3375,.T.);
#868=ORIENTED_EDGE('',*,*,#3376,.T.);
#869=ORIENTED_EDGE('',*,*,#3377,.T.);
#870=ORIENTED_EDGE('',*,*,#3378,.T.);
#871=ORIENTED_EDGE('',*,*,#3379,.T.);
#872=ORIENTED_EDGE('',*,*,#3380,.T.);
#873=ORIENTED_EDGE('',*,*,#3381,.T.);
#874=ORIENTED_EDGE('',*,*,#3382,.T.);
#875=ORIENTED_EDGE('',*,*,#3383,.T.);
#876=ORIENTED_EDGE('',*,*,#3384,.T.);
#877=ORIENTED_EDGE('',*,*,#3385,.T.);
#878=ORIENTED_EDGE('',*,*,#3386,.T.);
#879=ORIENTED_EDGE('',*,*,#3387,.T.);
#880=ORIENTED_EDGE('',*,*,#3388,.T.);
#881=ORIENTED_EDGE('',*,*,#3389,.T.);
#882=ORIENTED_EDGE('',*,*,#3390,.T.);
#883=ORIENTED_EDGE('',*,*,#3391,.T.);
#884=ORIENTED_EDGE('',*,*,#3392,.T.);
#885=ORIENTED_EDGE('',*,*,#3393,.T.);
#886=ORIENTED_EDGE('',*,*,#3394,.T.);
#887=ORIENTED_EDGE('',*,*,#3395,.T.);
#888=ORIENTED_EDGE('',*,*,#3396,.T.);
#889=ORIENTED_EDGE('',*,*,#3397,.T.);
#890=ORIENTED_EDGE('',*,*,#3398,.T.);
#891=ORIENTED_EDGE('',*,*,#3399,.T.);
#892=ORIENTED_EDGE('',*,*,#3400,.T.);
#893=ORIENTED_EDGE('',*,*,#3401,.T.);
#894=ORIENTED_EDGE('',*,*,#3402,.T.);
#895=ORIENTED_EDGE('',*,*,#3403,.T.);
#896=ORIENTED_EDGE('',*,*,#3404,.T.);
#897=ORIENTED_EDGE('',*,*,#3405,.T.);
#898=ORIENTED_EDGE('',*,*,#3406,.T.);
#899=ORIENTED_EDGE('',*,*,#3407,.T.);
#900=ORIENTED_EDGE('',*,*,#3408,.T.);
#901=ORIENTED_EDGE('',*,*,#3409,.T.);
#902=ORIENTED_EDGE('',*,*,#3410,.T.);
#903=ORIENTED_EDGE('',*,*,#3411,.T.);
#904=ORIENTED_EDGE('',*,*,#3412,.T.);
#905=ORIENTED_EDGE('',*,*,#3413,.T.);
#906=ORIENTED_EDGE('',*,*,#3414,.T.);
#907=ORIENTED_EDGE('',*,*,#3415,.T.);
#908=ORIENTED_EDGE('',*,*,#3416,.T.);
#909=ORIENTED_EDGE('',*,*,#3417,.T.);
#910=ORIENTED_EDGE('',*,*,#3418,.T.);
#911=ORIENTED_EDGE('',*,*,#3419,.T.);
#912=ORIENTED_EDGE('',*,*,#3420,.T.);
#913=ORIENTED_EDGE('',*,*,#3421,.T.);
#914=ORIENTED_EDGE('',*,*,#3422,.T.);
#915=ORIENTED_EDGE('',*,*,#3423,.T.);
#916=ORIENTED_EDGE('',*,*,#3424,.T.);
#917=ORIENTED_EDGE('',*,*,#3425,.T.);
#918=ORIENTED_EDGE('',*,*,#3426,.T.);
#919=ORIENTED_EDGE('',*,*,#3427,.T.);
#920=ORIENTED_EDGE('',*,*,#3428,.T.);
#921=ORIENTED_EDGE('',*,*,#3429,.T.);
#922=ORIENTED_EDGE('',*,*,#3430,.T.);
#923=ORIENTED_EDGE('',*,*,#3431,.T.);
#924=ORIENTED_EDGE('',*,*,#3432,.T.);
#925=ORIENTED_EDGE('',*,*,#3433,.T.);
#926=ORIENTED_EDGE('',*,*,#3434,.T.);
#927=ORIENTED_EDGE('',*,*,#3435,.T.);
#928=ORIENTED_EDGE('',*,*,#3436,.T.);
#929=ORIENTED_EDGE('',*,*,#3437,.T.);
#930=ORIENTED_EDGE('',*,*,#3438,.T.);
#931=ORIENTED_EDGE('',*,*,#3439,.T.);
#932=ORIENTED_EDGE('',*,*,#3440,.T.);
#933=ORIENTED_EDGE('',*,*,#3441,.T.);
#934=ORIENTED_EDGE('',*,*,#3442,.T.);
#935=ORIENTED_EDGE('',*,*,#3443,.T.);
#936=ORIENTED_EDGE('',*,*,#3444,.T.);
#937=ORIENTED_EDGE('',*,*,#3445,.T.);
#938=ORIENTED_EDGE('',*,*,#3446,.T.);
#939=ORIENTED_EDGE('',*,*,#3447,.T.);
#940=ORIENTED_EDGE('',*,*,#3448,.T.);
#941=ORIENTED_EDGE('',*,*,#3449,.T.);
#942=ORIENTED_EDGE('',*,*,#3450,.T.);
#943=ORIENTED_EDGE('',*,*,#3451,.T.);
#944=ORIENTED_EDGE('',*,*,#3452,.T.);
#945=ORIENTED_EDGE('',*,*,#3453,.T.);
#946=ORIENTED_EDGE('',*,*,#3454,.T.);
#947=ORIENTED_EDGE('',*,*,#3455,.T.);
#948=ORIENTED_EDGE('',*,*,#3456,.T.);
#949=ORIENTED_EDGE('',*,*,#3457,.T.);
#950=ORIENTED_EDGE('',*,*,#3458,.T.);
#951=ORIENTED_EDGE('',*,*,#3459,.T.);
#952=ORIENTED_EDGE('',*,*,#3460,.T.);
#953=ORIENTED_EDGE('',*,*,#3461,.T.);
#954=ORIENTED_EDGE('',*,*,#3462,.T.);
#955=ORIENTED_EDGE('',*,*,#3463,.T.);
#956=ORIENTED_EDGE('',*,*,#3464,.T.);
#957=ORIENTED_EDGE('',*,*,#3465,.T.);
#958=ORIENTED_EDGE('',*,*,#3466,.T.);
#959=ORIENTED_EDGE('',*,*,#3467,.T.);
#960=ORIENTED_EDGE('',*,*,#3468,.T.);
#961=ORIENTED_EDGE('',*,*,#3469,.T.);
#962=ORIENTED_EDGE('',*,*,#3470,.T.);
#963=ORIENTED_EDGE('',*,*,#3471,.T.);
#964=ORIENTED_EDGE('',*,*,#3472,.T.);
#965=ORIENTED_EDGE('',*,*,#3473,.T.);
#966=ORIENTED_EDGE('',*,*,#3474,.T.);
#967=ORIENTED_EDGE('',*,*,#3475,.T.);
#968=ORIENTED_EDGE('',*,*,#3476,.T.);
#969=ORIENTED_EDGE('',*,*,#3477,.T.);
#970=ORIENTED_EDGE('',*,*,#3478,.T.);
#971=ORIENTED_EDGE('',*,*,#3479,.T.);
#972=ORIENTED_EDGE('',*,*,#3480,.T.);
#973=ORIENTED_EDGE('',*,*,#3481,.T.);
#974=ORIENTED_EDGE('',*,*,#3482,.T.);
#975=ORIENTED_EDGE('',*,*,#3483,.T.);
#976=ORIENTED_EDGE('',*,*,#3484,.T.);
#977=ORIENTED_EDGE('',*,*,#3485,.T.);
#978=ORIENTED_EDGE('',*,*,#3486,.T.);
#979=ORIENTED_EDGE('',*,*,#3487,.T.);
#980=ORIENTED_EDGE('',*,*,#3488,.T.);
#981=ORIENTED_EDGE('',*,*,#3489,.T.);
#982=ORIENTED_EDGE('',*,*,#3490,.T.);
#983=ORIENTED_EDGE('',*,*,#3491,.T.);
#984=ORIENTED_EDGE('',*,*,#3492,.T.);
#985=ORIENTED_EDGE('',*,*,#3493,.T.);
#986=ORIENTED_EDGE('',*,*,#3494,.T.);
#987=ORIENTED_EDGE('',*,*,#3495,.T.);
#988=ORIENTED_EDGE('',*,*,#3496,.T.);
#989=ORIENTED_EDGE('',*,*,#3497,.T.);
#990=ORIENTED_EDGE('',*,*,#3498,.T.);
#991=ORIENTED_EDGE('',*,*,#3326,.F.);
#992=ORIENTED_EDGE('',*,*,#3499,.T.);
#993=ORIENTED_EDGE('',*,*,#3500,.F.);
#994=ORIENTED_EDGE('',*,*,#3501,.T.);
#995=ORIENTED_EDGE('',*,*,#3502,.F.);
#996=ORIENTED_EDGE('',*,*,#3503,.T.);
#997=ORIENTED_EDGE('',*,*,#3504,.F.);
#998=ORIENTED_EDGE('',*,*,#3505,.T.);
#999=ORIENTED_EDGE('',*,*,#3506,.T.);
#1000=ORIENTED_EDGE('',*,*,#3507,.T.);
#1001=ORIENTED_EDGE('',*,*,#3508,.T.);
#1002=ORIENTED_EDGE('',*,*,#3509,.T.);
#1003=ORIENTED_EDGE('',*,*,#3510,.F.);
#1004=ORIENTED_EDGE('',*,*,#3511,.F.);
#1005=ORIENTED_EDGE('',*,*,#3506,.F.);
#1006=ORIENTED_EDGE('',*,*,#3512,.T.);
#1007=ORIENTED_EDGE('',*,*,#3513,.T.);
#1008=ORIENTED_EDGE('',*,*,#3500,.T.);
#1009=ORIENTED_EDGE('',*,*,#3514,.T.);
#1010=ORIENTED_EDGE('',*,*,#3515,.T.);
#1011=ORIENTED_EDGE('',*,*,#3516,.T.);
#1012=ORIENTED_EDGE('',*,*,#3517,.T.);
#1013=ORIENTED_EDGE('',*,*,#3518,.T.);
#1014=ORIENTED_EDGE('',*,*,#3519,.T.);
#1015=ORIENTED_EDGE('',*,*,#3520,.T.);
#1016=ORIENTED_EDGE('',*,*,#3521,.T.);
#1017=ORIENTED_EDGE('',*,*,#3522,.T.);
#1018=ORIENTED_EDGE('',*,*,#3523,.T.);
#1019=ORIENTED_EDGE('',*,*,#3524,.T.);
#1020=ORIENTED_EDGE('',*,*,#3525,.T.);
#1021=ORIENTED_EDGE('',*,*,#3526,.T.);
#1022=ORIENTED_EDGE('',*,*,#3527,.T.);
#1023=ORIENTED_EDGE('',*,*,#3528,.T.);
#1024=ORIENTED_EDGE('',*,*,#3529,.F.);
#1025=ORIENTED_EDGE('',*,*,#3508,.F.);
#1026=ORIENTED_EDGE('',*,*,#3530,.F.);
#1027=ORIENTED_EDGE('',*,*,#3531,.F.);
#1028=ORIENTED_EDGE('',*,*,#3532,.F.);
#1029=ORIENTED_EDGE('',*,*,#3533,.F.);
#1030=ORIENTED_EDGE('',*,*,#3534,.F.);
#1031=ORIENTED_EDGE('',*,*,#3535,.F.);
#1032=ORIENTED_EDGE('',*,*,#3525,.F.);
#1033=ORIENTED_EDGE('',*,*,#3536,.T.);
#1034=ORIENTED_EDGE('',*,*,#3330,.F.);
#1035=ORIENTED_EDGE('',*,*,#3537,.T.);
#1036=ORIENTED_EDGE('',*,*,#3527,.F.);
#1037=ORIENTED_EDGE('',*,*,#3538,.T.);
#1038=ORIENTED_EDGE('',*,*,#3328,.F.);
#1039=ORIENTED_EDGE('',*,*,#3539,.T.);
#1040=ORIENTED_EDGE('',*,*,#3540,.T.);
#1041=ORIENTED_EDGE('',*,*,#3541,.T.);
#1042=ORIENTED_EDGE('',*,*,#3515,.F.);
#1043=ORIENTED_EDGE('',*,*,#3542,.T.);
#1044=ORIENTED_EDGE('',*,*,#3324,.F.);
#1045=ORIENTED_EDGE('',*,*,#3543,.T.);
#1046=ORIENTED_EDGE('',*,*,#3517,.F.);
#1047=ORIENTED_EDGE('',*,*,#3544,.T.);
#1048=ORIENTED_EDGE('',*,*,#3338,.F.);
#1049=ORIENTED_EDGE('',*,*,#3545,.T.);
#1050=ORIENTED_EDGE('',*,*,#3519,.F.);
#1051=ORIENTED_EDGE('',*,*,#3546,.T.);
#1052=ORIENTED_EDGE('',*,*,#3336,.F.);
#1053=ORIENTED_EDGE('',*,*,#3547,.T.);
#1054=ORIENTED_EDGE('',*,*,#3521,.F.);
#1055=ORIENTED_EDGE('',*,*,#3548,.T.);
#1056=ORIENTED_EDGE('',*,*,#3334,.F.);
#1057=ORIENTED_EDGE('',*,*,#3549,.T.);
#1058=ORIENTED_EDGE('',*,*,#3523,.F.);
#1059=ORIENTED_EDGE('',*,*,#3550,.T.);
#1060=ORIENTED_EDGE('',*,*,#3332,.F.);
#1061=ORIENTED_EDGE('',*,*,#3551,.T.);
#1062=ORIENTED_EDGE('',*,*,#3552,.F.);
#1063=ORIENTED_EDGE('',*,*,#3553,.F.);
#1064=ORIENTED_EDGE('',*,*,#3530,.T.);
#1065=ORIENTED_EDGE('',*,*,#3511,.T.);
#1066=ORIENTED_EDGE('',*,*,#3554,.F.);
#1067=ORIENTED_EDGE('',*,*,#3555,.F.);
#1068=ORIENTED_EDGE('',*,*,#3531,.T.);
#1069=ORIENTED_EDGE('',*,*,#3553,.T.);
#1070=ORIENTED_EDGE('',*,*,#3556,.F.);
#1071=ORIENTED_EDGE('',*,*,#3557,.F.);
#1072=ORIENTED_EDGE('',*,*,#3532,.T.);
#1073=ORIENTED_EDGE('',*,*,#3555,.T.);
#1074=ORIENTED_EDGE('',*,*,#3558,.F.);
#1075=ORIENTED_EDGE('',*,*,#3559,.F.);
#1076=ORIENTED_EDGE('',*,*,#3533,.T.);
#1077=ORIENTED_EDGE('',*,*,#3557,.T.);
#1078=ORIENTED_EDGE('',*,*,#3560,.F.);
#1079=ORIENTED_EDGE('',*,*,#3561,.F.);
#1080=ORIENTED_EDGE('',*,*,#3534,.T.);
#1081=ORIENTED_EDGE('',*,*,#3559,.T.);
#1082=ORIENTED_EDGE('',*,*,#3562,.F.);
#1083=ORIENTED_EDGE('',*,*,#3507,.F.);
#1084=ORIENTED_EDGE('',*,*,#3535,.T.);
#1085=ORIENTED_EDGE('',*,*,#3561,.T.);
#1086=ORIENTED_EDGE('',*,*,#3540,.F.);
#1087=ORIENTED_EDGE('',*,*,#3563,.T.);
#1088=ORIENTED_EDGE('',*,*,#3564,.F.);
#1089=ORIENTED_EDGE('',*,*,#3565,.T.);
#1090=ORIENTED_EDGE('',*,*,#3566,.T.);
#1091=ORIENTED_EDGE('',*,*,#3504,.T.);
#1092=ORIENTED_EDGE('',*,*,#3562,.T.);
#1093=ORIENTED_EDGE('',*,*,#3560,.T.);
#1094=ORIENTED_EDGE('',*,*,#3558,.T.);
#1095=ORIENTED_EDGE('',*,*,#3556,.T.);
#1096=ORIENTED_EDGE('',*,*,#3554,.T.);
#1097=ORIENTED_EDGE('',*,*,#3552,.T.);
#1098=ORIENTED_EDGE('',*,*,#3510,.T.);
#1099=ORIENTED_EDGE('',*,*,#3567,.T.);
#1100=ORIENTED_EDGE('',*,*,#3568,.T.);
#1101=ORIENTED_EDGE('',*,*,#3569,.T.);
#1102=ORIENTED_EDGE('',*,*,#3570,.T.);
#1103=ORIENTED_EDGE('',*,*,#3571,.T.);
#1104=ORIENTED_EDGE('',*,*,#3571,.F.);
#1105=ORIENTED_EDGE('',*,*,#3572,.T.);
#1106=ORIENTED_EDGE('',*,*,#3572,.F.);
#1107=ORIENTED_EDGE('',*,*,#3570,.F.);
#1108=ORIENTED_EDGE('',*,*,#3573,.T.);
#1109=ORIENTED_EDGE('',*,*,#3573,.F.);
#1110=ORIENTED_EDGE('',*,*,#3569,.F.);
#1111=ORIENTED_EDGE('',*,*,#3574,.T.);
#1112=ORIENTED_EDGE('',*,*,#3574,.F.);
#1113=ORIENTED_EDGE('',*,*,#3564,.T.);
#1114=ORIENTED_EDGE('',*,*,#3575,.T.);
#1115=ORIENTED_EDGE('',*,*,#3502,.T.);
#1116=ORIENTED_EDGE('',*,*,#3576,.T.);
#1117=ORIENTED_EDGE('',*,*,#3529,.T.);
#1118=ORIENTED_EDGE('',*,*,#3577,.T.);
#1119=ORIENTED_EDGE('',*,*,#3567,.F.);
#1120=ORIENTED_EDGE('',*,*,#3509,.F.);
#1121=ORIENTED_EDGE('',*,*,#3325,.F.);
#1122=ORIENTED_EDGE('',*,*,#3542,.F.);
#1123=ORIENTED_EDGE('',*,*,#3514,.F.);
#1124=ORIENTED_EDGE('',*,*,#3499,.F.);
#1125=ORIENTED_EDGE('',*,*,#3339,.F.);
#1126=ORIENTED_EDGE('',*,*,#3544,.F.);
#1127=ORIENTED_EDGE('',*,*,#3516,.F.);
#1128=ORIENTED_EDGE('',*,*,#3543,.F.);
#1129=ORIENTED_EDGE('',*,*,#3337,.F.);
#1130=ORIENTED_EDGE('',*,*,#3546,.F.);
#1131=ORIENTED_EDGE('',*,*,#3518,.F.);
#1132=ORIENTED_EDGE('',*,*,#3545,.F.);
#1133=ORIENTED_EDGE('',*,*,#3335,.F.);
#1134=ORIENTED_EDGE('',*,*,#3548,.F.);
#1135=ORIENTED_EDGE('',*,*,#3520,.F.);
#1136=ORIENTED_EDGE('',*,*,#3547,.F.);
#1137=ORIENTED_EDGE('',*,*,#3333,.F.);
#1138=ORIENTED_EDGE('',*,*,#3550,.F.);
#1139=ORIENTED_EDGE('',*,*,#3522,.F.);
#1140=ORIENTED_EDGE('',*,*,#3549,.F.);
#1141=ORIENTED_EDGE('',*,*,#3331,.F.);
#1142=ORIENTED_EDGE('',*,*,#3536,.F.);
#1143=ORIENTED_EDGE('',*,*,#3524,.F.);
#1144=ORIENTED_EDGE('',*,*,#3551,.F.);
#1145=ORIENTED_EDGE('',*,*,#3329,.F.);
#1146=ORIENTED_EDGE('',*,*,#3538,.F.);
#1147=ORIENTED_EDGE('',*,*,#3526,.F.);
#1148=ORIENTED_EDGE('',*,*,#3537,.F.);
#1149=ORIENTED_EDGE('',*,*,#3568,.F.);
#1150=ORIENTED_EDGE('',*,*,#3577,.F.);
#1151=ORIENTED_EDGE('',*,*,#3528,.F.);
#1152=ORIENTED_EDGE('',*,*,#3541,.F.);
#1153=ORIENTED_EDGE('',*,*,#3513,.F.);
#1154=ORIENTED_EDGE('',*,*,#3578,.T.);
#1155=ORIENTED_EDGE('',*,*,#3565,.F.);
#1156=ORIENTED_EDGE('',*,*,#3576,.F.);
#1157=ORIENTED_EDGE('',*,*,#3501,.F.);
#1158=ORIENTED_EDGE('',*,*,#3327,.F.);
#1159=ORIENTED_EDGE('',*,*,#3503,.F.);
#1160=ORIENTED_EDGE('',*,*,#3575,.F.);
#1161=ORIENTED_EDGE('',*,*,#3563,.F.);
#1162=ORIENTED_EDGE('',*,*,#3539,.F.);
#1163=ORIENTED_EDGE('',*,*,#3566,.F.);
#1164=ORIENTED_EDGE('',*,*,#3578,.F.);
#1165=ORIENTED_EDGE('',*,*,#3512,.F.);
#1166=ORIENTED_EDGE('',*,*,#3505,.F.);
#1167=ORIENTED_EDGE('',*,*,#3302,.F.);
#1168=ORIENTED_EDGE('',*,*,#3579,.F.);
#1169=ORIENTED_EDGE('',*,*,#3580,.T.);
#1170=ORIENTED_EDGE('',*,*,#3581,.T.);
#1171=ORIENTED_EDGE('',*,*,#3323,.F.);
#1172=ORIENTED_EDGE('',*,*,#3582,.F.);
#1173=ORIENTED_EDGE('',*,*,#3583,.T.);
#1174=ORIENTED_EDGE('',*,*,#3579,.T.);
#1175=ORIENTED_EDGE('',*,*,#3322,.F.);
#1176=ORIENTED_EDGE('',*,*,#3584,.F.);
#1177=ORIENTED_EDGE('',*,*,#3585,.T.);
#1178=ORIENTED_EDGE('',*,*,#3582,.T.);
#1179=ORIENTED_EDGE('',*,*,#3321,.F.);
#1180=ORIENTED_EDGE('',*,*,#3586,.F.);
#1181=ORIENTED_EDGE('',*,*,#3587,.T.);
#1182=ORIENTED_EDGE('',*,*,#3584,.T.);
#1183=ORIENTED_EDGE('',*,*,#3320,.F.);
#1184=ORIENTED_EDGE('',*,*,#3588,.F.);
#1185=ORIENTED_EDGE('',*,*,#3589,.T.);
#1186=ORIENTED_EDGE('',*,*,#3586,.T.);
#1187=ORIENTED_EDGE('',*,*,#3319,.F.);
#1188=ORIENTED_EDGE('',*,*,#3590,.F.);
#1189=ORIENTED_EDGE('',*,*,#3591,.T.);
#1190=ORIENTED_EDGE('',*,*,#3588,.T.);
#1191=ORIENTED_EDGE('',*,*,#3318,.F.);
#1192=ORIENTED_EDGE('',*,*,#3592,.F.);
#1193=ORIENTED_EDGE('',*,*,#3593,.T.);
#1194=ORIENTED_EDGE('',*,*,#3590,.T.);
#1195=ORIENTED_EDGE('',*,*,#3317,.F.);
#1196=ORIENTED_EDGE('',*,*,#3594,.F.);
#1197=ORIENTED_EDGE('',*,*,#3595,.T.);
#1198=ORIENTED_EDGE('',*,*,#3592,.T.);
#1199=ORIENTED_EDGE('',*,*,#3316,.F.);
#1200=ORIENTED_EDGE('',*,*,#3596,.F.);
#1201=ORIENTED_EDGE('',*,*,#3597,.T.);
#1202=ORIENTED_EDGE('',*,*,#3594,.T.);
#1203=ORIENTED_EDGE('',*,*,#3315,.F.);
#1204=ORIENTED_EDGE('',*,*,#3598,.F.);
#1205=ORIENTED_EDGE('',*,*,#3599,.T.);
#1206=ORIENTED_EDGE('',*,*,#3596,.T.);
#1207=ORIENTED_EDGE('',*,*,#3314,.F.);
#1208=ORIENTED_EDGE('',*,*,#3600,.F.);
#1209=ORIENTED_EDGE('',*,*,#3601,.T.);
#1210=ORIENTED_EDGE('',*,*,#3598,.T.);
#1211=ORIENTED_EDGE('',*,*,#3313,.F.);
#1212=ORIENTED_EDGE('',*,*,#3602,.F.);
#1213=ORIENTED_EDGE('',*,*,#3603,.T.);
#1214=ORIENTED_EDGE('',*,*,#3600,.T.);
#1215=ORIENTED_EDGE('',*,*,#3312,.F.);
#1216=ORIENTED_EDGE('',*,*,#3604,.F.);
#1217=ORIENTED_EDGE('',*,*,#3605,.T.);
#1218=ORIENTED_EDGE('',*,*,#3602,.T.);
#1219=ORIENTED_EDGE('',*,*,#3311,.F.);
#1220=ORIENTED_EDGE('',*,*,#3606,.F.);
#1221=ORIENTED_EDGE('',*,*,#3607,.T.);
#1222=ORIENTED_EDGE('',*,*,#3604,.T.);
#1223=ORIENTED_EDGE('',*,*,#3310,.F.);
#1224=ORIENTED_EDGE('',*,*,#3608,.F.);
#1225=ORIENTED_EDGE('',*,*,#3609,.T.);
#1226=ORIENTED_EDGE('',*,*,#3606,.T.);
#1227=ORIENTED_EDGE('',*,*,#3309,.F.);
#1228=ORIENTED_EDGE('',*,*,#3610,.F.);
#1229=ORIENTED_EDGE('',*,*,#3611,.T.);
#1230=ORIENTED_EDGE('',*,*,#3608,.T.);
#1231=ORIENTED_EDGE('',*,*,#3308,.F.);
#1232=ORIENTED_EDGE('',*,*,#3612,.F.);
#1233=ORIENTED_EDGE('',*,*,#3613,.T.);
#1234=ORIENTED_EDGE('',*,*,#3610,.T.);
#1235=ORIENTED_EDGE('',*,*,#3307,.F.);
#1236=ORIENTED_EDGE('',*,*,#3614,.F.);
#1237=ORIENTED_EDGE('',*,*,#3615,.T.);
#1238=ORIENTED_EDGE('',*,*,#3612,.T.);
#1239=ORIENTED_EDGE('',*,*,#3306,.F.);
#1240=ORIENTED_EDGE('',*,*,#3616,.F.);
#1241=ORIENTED_EDGE('',*,*,#3617,.T.);
#1242=ORIENTED_EDGE('',*,*,#3614,.T.);
#1243=ORIENTED_EDGE('',*,*,#3305,.F.);
#1244=ORIENTED_EDGE('',*,*,#3618,.F.);
#1245=ORIENTED_EDGE('',*,*,#3619,.T.);
#1246=ORIENTED_EDGE('',*,*,#3616,.T.);
#1247=ORIENTED_EDGE('',*,*,#3304,.F.);
#1248=ORIENTED_EDGE('',*,*,#3620,.F.);
#1249=ORIENTED_EDGE('',*,*,#3621,.T.);
#1250=ORIENTED_EDGE('',*,*,#3618,.T.);
#1251=ORIENTED_EDGE('',*,*,#3303,.F.);
#1252=ORIENTED_EDGE('',*,*,#3581,.F.);
#1253=ORIENTED_EDGE('',*,*,#3622,.T.);
#1254=ORIENTED_EDGE('',*,*,#3620,.T.);
#1255=ORIENTED_EDGE('',*,*,#3580,.F.);
#1256=ORIENTED_EDGE('',*,*,#3583,.F.);
#1257=ORIENTED_EDGE('',*,*,#3585,.F.);
#1258=ORIENTED_EDGE('',*,*,#3587,.F.);
#1259=ORIENTED_EDGE('',*,*,#3589,.F.);
#1260=ORIENTED_EDGE('',*,*,#3591,.F.);
#1261=ORIENTED_EDGE('',*,*,#3593,.F.);
#1262=ORIENTED_EDGE('',*,*,#3595,.F.);
#1263=ORIENTED_EDGE('',*,*,#3597,.F.);
#1264=ORIENTED_EDGE('',*,*,#3599,.F.);
#1265=ORIENTED_EDGE('',*,*,#3601,.F.);
#1266=ORIENTED_EDGE('',*,*,#3603,.F.);
#1267=ORIENTED_EDGE('',*,*,#3605,.F.);
#1268=ORIENTED_EDGE('',*,*,#3607,.F.);
#1269=ORIENTED_EDGE('',*,*,#3609,.F.);
#1270=ORIENTED_EDGE('',*,*,#3611,.F.);
#1271=ORIENTED_EDGE('',*,*,#3613,.F.);
#1272=ORIENTED_EDGE('',*,*,#3615,.F.);
#1273=ORIENTED_EDGE('',*,*,#3617,.F.);
#1274=ORIENTED_EDGE('',*,*,#3619,.F.);
#1275=ORIENTED_EDGE('',*,*,#3621,.F.);
#1276=ORIENTED_EDGE('',*,*,#3622,.F.);
#1277=ORIENTED_EDGE('',*,*,#3623,.F.);
#1278=ORIENTED_EDGE('',*,*,#3624,.F.);
#1279=ORIENTED_EDGE('',*,*,#3625,.T.);
#1280=ORIENTED_EDGE('',*,*,#3626,.T.);
#1281=ORIENTED_EDGE('',*,*,#3627,.F.);
#1282=ORIENTED_EDGE('',*,*,#3628,.F.);
#1283=ORIENTED_EDGE('',*,*,#3629,.T.);
#1284=ORIENTED_EDGE('',*,*,#3624,.T.);
#1285=ORIENTED_EDGE('',*,*,#3630,.F.);
#1286=ORIENTED_EDGE('',*,*,#3631,.F.);
#1287=ORIENTED_EDGE('',*,*,#3632,.T.);
#1288=ORIENTED_EDGE('',*,*,#3628,.T.);
#1289=ORIENTED_EDGE('',*,*,#3633,.F.);
#1290=ORIENTED_EDGE('',*,*,#3634,.F.);
#1291=ORIENTED_EDGE('',*,*,#3635,.T.);
#1292=ORIENTED_EDGE('',*,*,#3631,.T.);
#1293=ORIENTED_EDGE('',*,*,#3636,.F.);
#1294=ORIENTED_EDGE('',*,*,#3637,.F.);
#1295=ORIENTED_EDGE('',*,*,#3638,.T.);
#1296=ORIENTED_EDGE('',*,*,#3634,.T.);
#1297=ORIENTED_EDGE('',*,*,#3639,.F.);
#1298=ORIENTED_EDGE('',*,*,#3640,.F.);
#1299=ORIENTED_EDGE('',*,*,#3641,.T.);
#1300=ORIENTED_EDGE('',*,*,#3637,.T.);
#1301=ORIENTED_EDGE('',*,*,#3340,.F.);
#1302=ORIENTED_EDGE('',*,*,#3642,.F.);
#1303=ORIENTED_EDGE('',*,*,#3643,.T.);
#1304=ORIENTED_EDGE('',*,*,#3644,.T.);
#1305=ORIENTED_EDGE('',*,*,#3356,.F.);
#1306=ORIENTED_EDGE('',*,*,#3645,.F.);
#1307=ORIENTED_EDGE('',*,*,#3646,.T.);
#1308=ORIENTED_EDGE('',*,*,#3642,.T.);
#1309=ORIENTED_EDGE('',*,*,#3355,.F.);
#1310=ORIENTED_EDGE('',*,*,#3647,.F.);
#1311=ORIENTED_EDGE('',*,*,#3648,.T.);
#1312=ORIENTED_EDGE('',*,*,#3645,.T.);
#1313=ORIENTED_EDGE('',*,*,#3354,.F.);
#1314=ORIENTED_EDGE('',*,*,#3649,.F.);
#1315=ORIENTED_EDGE('',*,*,#3650,.T.);
#1316=ORIENTED_EDGE('',*,*,#3647,.T.);
#1317=ORIENTED_EDGE('',*,*,#3353,.F.);
#1318=ORIENTED_EDGE('',*,*,#3651,.F.);
#1319=ORIENTED_EDGE('',*,*,#3652,.T.);
#1320=ORIENTED_EDGE('',*,*,#3649,.T.);
#1321=ORIENTED_EDGE('',*,*,#3352,.F.);
#1322=ORIENTED_EDGE('',*,*,#3653,.F.);
#1323=ORIENTED_EDGE('',*,*,#3654,.T.);
#1324=ORIENTED_EDGE('',*,*,#3651,.T.);
#1325=ORIENTED_EDGE('',*,*,#3351,.F.);
#1326=ORIENTED_EDGE('',*,*,#3655,.F.);
#1327=ORIENTED_EDGE('',*,*,#3656,.T.);
#1328=ORIENTED_EDGE('',*,*,#3653,.T.);
#1329=ORIENTED_EDGE('',*,*,#3350,.F.);
#1330=ORIENTED_EDGE('',*,*,#3657,.F.);
#1331=ORIENTED_EDGE('',*,*,#3658,.T.);
#1332=ORIENTED_EDGE('',*,*,#3655,.T.);
#1333=ORIENTED_EDGE('',*,*,#3349,.F.);
#1334=ORIENTED_EDGE('',*,*,#3659,.F.);
#1335=ORIENTED_EDGE('',*,*,#3660,.T.);
#1336=ORIENTED_EDGE('',*,*,#3657,.T.);
#1337=ORIENTED_EDGE('',*,*,#3348,.F.);
#1338=ORIENTED_EDGE('',*,*,#3661,.F.);
#1339=ORIENTED_EDGE('',*,*,#3662,.T.);
#1340=ORIENTED_EDGE('',*,*,#3659,.T.);
#1341=ORIENTED_EDGE('',*,*,#3347,.F.);
#1342=ORIENTED_EDGE('',*,*,#3663,.F.);
#1343=ORIENTED_EDGE('',*,*,#3664,.T.);
#1344=ORIENTED_EDGE('',*,*,#3661,.T.);
#1345=ORIENTED_EDGE('',*,*,#3346,.F.);
#1346=ORIENTED_EDGE('',*,*,#3665,.F.);
#1347=ORIENTED_EDGE('',*,*,#3666,.T.);
#1348=ORIENTED_EDGE('',*,*,#3663,.T.);
#1349=ORIENTED_EDGE('',*,*,#3345,.F.);
#1350=ORIENTED_EDGE('',*,*,#3667,.F.);
#1351=ORIENTED_EDGE('',*,*,#3668,.T.);
#1352=ORIENTED_EDGE('',*,*,#3665,.T.);
#1353=ORIENTED_EDGE('',*,*,#3344,.F.);
#1354=ORIENTED_EDGE('',*,*,#3669,.F.);
#1355=ORIENTED_EDGE('',*,*,#3670,.T.);
#1356=ORIENTED_EDGE('',*,*,#3667,.T.);
#1357=ORIENTED_EDGE('',*,*,#3343,.F.);
#1358=ORIENTED_EDGE('',*,*,#3671,.F.);
#1359=ORIENTED_EDGE('',*,*,#3672,.T.);
#1360=ORIENTED_EDGE('',*,*,#3669,.T.);
#1361=ORIENTED_EDGE('',*,*,#3342,.F.);
#1362=ORIENTED_EDGE('',*,*,#3673,.F.);
#1363=ORIENTED_EDGE('',*,*,#3674,.T.);
#1364=ORIENTED_EDGE('',*,*,#3671,.T.);
#1365=ORIENTED_EDGE('',*,*,#3341,.F.);
#1366=ORIENTED_EDGE('',*,*,#3644,.F.);
#1367=ORIENTED_EDGE('',*,*,#3675,.T.);
#1368=ORIENTED_EDGE('',*,*,#3673,.T.);
#1369=ORIENTED_EDGE('',*,*,#3676,.F.);
#1370=ORIENTED_EDGE('',*,*,#3626,.F.);
#1371=ORIENTED_EDGE('',*,*,#3677,.T.);
#1372=ORIENTED_EDGE('',*,*,#3640,.T.);
#1373=ORIENTED_EDGE('',*,*,#3643,.F.);
#1374=ORIENTED_EDGE('',*,*,#3646,.F.);
#1375=ORIENTED_EDGE('',*,*,#3648,.F.);
#1376=ORIENTED_EDGE('',*,*,#3650,.F.);
#1377=ORIENTED_EDGE('',*,*,#3652,.F.);
#1378=ORIENTED_EDGE('',*,*,#3654,.F.);
#1379=ORIENTED_EDGE('',*,*,#3656,.F.);
#1380=ORIENTED_EDGE('',*,*,#3658,.F.);
#1381=ORIENTED_EDGE('',*,*,#3660,.F.);
#1382=ORIENTED_EDGE('',*,*,#3662,.F.);
#1383=ORIENTED_EDGE('',*,*,#3664,.F.);
#1384=ORIENTED_EDGE('',*,*,#3666,.F.);
#1385=ORIENTED_EDGE('',*,*,#3668,.F.);
#1386=ORIENTED_EDGE('',*,*,#3670,.F.);
#1387=ORIENTED_EDGE('',*,*,#3672,.F.);
#1388=ORIENTED_EDGE('',*,*,#3674,.F.);
#1389=ORIENTED_EDGE('',*,*,#3675,.F.);
#1390=ORIENTED_EDGE('',*,*,#3625,.F.);
#1391=ORIENTED_EDGE('',*,*,#3629,.F.);
#1392=ORIENTED_EDGE('',*,*,#3632,.F.);
#1393=ORIENTED_EDGE('',*,*,#3635,.F.);
#1394=ORIENTED_EDGE('',*,*,#3638,.F.);
#1395=ORIENTED_EDGE('',*,*,#3641,.F.);
#1396=ORIENTED_EDGE('',*,*,#3677,.F.);
#1397=ORIENTED_EDGE('',*,*,#3261,.F.);
#1398=ORIENTED_EDGE('',*,*,#3678,.F.);
#1399=ORIENTED_EDGE('',*,*,#3679,.T.);
#1400=ORIENTED_EDGE('',*,*,#3680,.T.);
#1401=ORIENTED_EDGE('',*,*,#3301,.F.);
#1402=ORIENTED_EDGE('',*,*,#3681,.F.);
#1403=ORIENTED_EDGE('',*,*,#3682,.T.);
#1404=ORIENTED_EDGE('',*,*,#3678,.T.);
#1405=ORIENTED_EDGE('',*,*,#3300,.F.);
#1406=ORIENTED_EDGE('',*,*,#3683,.F.);
#1407=ORIENTED_EDGE('',*,*,#3684,.T.);
#1408=ORIENTED_EDGE('',*,*,#3681,.T.);
#1409=ORIENTED_EDGE('',*,*,#3299,.F.);
#1410=ORIENTED_EDGE('',*,*,#3685,.F.);
#1411=ORIENTED_EDGE('',*,*,#3686,.T.);
#1412=ORIENTED_EDGE('',*,*,#3683,.T.);
#1413=ORIENTED_EDGE('',*,*,#3298,.F.);
#1414=ORIENTED_EDGE('',*,*,#3687,.F.);
#1415=ORIENTED_EDGE('',*,*,#3688,.T.);
#1416=ORIENTED_EDGE('',*,*,#3685,.T.);
#1417=ORIENTED_EDGE('',*,*,#3297,.F.);
#1418=ORIENTED_EDGE('',*,*,#3689,.F.);
#1419=ORIENTED_EDGE('',*,*,#3690,.T.);
#1420=ORIENTED_EDGE('',*,*,#3687,.T.);
#1421=ORIENTED_EDGE('',*,*,#3296,.F.);
#1422=ORIENTED_EDGE('',*,*,#3691,.F.);
#1423=ORIENTED_EDGE('',*,*,#3692,.T.);
#1424=ORIENTED_EDGE('',*,*,#3689,.T.);
#1425=ORIENTED_EDGE('',*,*,#3295,.F.);
#1426=ORIENTED_EDGE('',*,*,#3693,.F.);
#1427=ORIENTED_EDGE('',*,*,#3694,.T.);
#1428=ORIENTED_EDGE('',*,*,#3691,.T.);
#1429=ORIENTED_EDGE('',*,*,#3294,.F.);
#1430=ORIENTED_EDGE('',*,*,#3695,.F.);
#1431=ORIENTED_EDGE('',*,*,#3696,.T.);
#1432=ORIENTED_EDGE('',*,*,#3693,.T.);
#1433=ORIENTED_EDGE('',*,*,#3293,.F.);
#1434=ORIENTED_EDGE('',*,*,#3697,.F.);
#1435=ORIENTED_EDGE('',*,*,#3698,.T.);
#1436=ORIENTED_EDGE('',*,*,#3695,.T.);
#1437=ORIENTED_EDGE('',*,*,#3292,.F.);
#1438=ORIENTED_EDGE('',*,*,#3699,.F.);
#1439=ORIENTED_EDGE('',*,*,#3700,.T.);
#1440=ORIENTED_EDGE('',*,*,#3697,.T.);
#1441=ORIENTED_EDGE('',*,*,#3291,.F.);
#1442=ORIENTED_EDGE('',*,*,#3701,.F.);
#1443=ORIENTED_EDGE('',*,*,#3702,.T.);
#1444=ORIENTED_EDGE('',*,*,#3699,.T.);
#1445=ORIENTED_EDGE('',*,*,#3290,.F.);
#1446=ORIENTED_EDGE('',*,*,#3703,.F.);
#1447=ORIENTED_EDGE('',*,*,#3704,.T.);
#1448=ORIENTED_EDGE('',*,*,#3701,.T.);
#1449=ORIENTED_EDGE('',*,*,#3289,.F.);
#1450=ORIENTED_EDGE('',*,*,#3705,.F.);
#1451=ORIENTED_EDGE('',*,*,#3706,.T.);
#1452=ORIENTED_EDGE('',*,*,#3703,.T.);
#1453=ORIENTED_EDGE('',*,*,#3288,.F.);
#1454=ORIENTED_EDGE('',*,*,#3707,.F.);
#1455=ORIENTED_EDGE('',*,*,#3708,.T.);
#1456=ORIENTED_EDGE('',*,*,#3705,.T.);
#1457=ORIENTED_EDGE('',*,*,#3287,.F.);
#1458=ORIENTED_EDGE('',*,*,#3709,.F.);
#1459=ORIENTED_EDGE('',*,*,#3710,.T.);
#1460=ORIENTED_EDGE('',*,*,#3707,.T.);
#1461=ORIENTED_EDGE('',*,*,#3286,.F.);
#1462=ORIENTED_EDGE('',*,*,#3711,.F.);
#1463=ORIENTED_EDGE('',*,*,#3712,.T.);
#1464=ORIENTED_EDGE('',*,*,#3709,.T.);
#1465=ORIENTED_EDGE('',*,*,#3285,.F.);
#1466=ORIENTED_EDGE('',*,*,#3713,.F.);
#1467=ORIENTED_EDGE('',*,*,#3714,.T.);
#1468=ORIENTED_EDGE('',*,*,#3711,.T.);
#1469=ORIENTED_EDGE('',*,*,#3284,.F.);
#1470=ORIENTED_EDGE('',*,*,#3715,.F.);
#1471=ORIENTED_EDGE('',*,*,#3716,.T.);
#1472=ORIENTED_EDGE('',*,*,#3713,.T.);
#1473=ORIENTED_EDGE('',*,*,#3283,.F.);
#1474=ORIENTED_EDGE('',*,*,#3717,.F.);
#1475=ORIENTED_EDGE('',*,*,#3718,.T.);
#1476=ORIENTED_EDGE('',*,*,#3715,.T.);
#1477=ORIENTED_EDGE('',*,*,#3282,.F.);
#1478=ORIENTED_EDGE('',*,*,#3719,.F.);
#1479=ORIENTED_EDGE('',*,*,#3720,.T.);
#1480=ORIENTED_EDGE('',*,*,#3717,.T.);
#1481=ORIENTED_EDGE('',*,*,#3281,.F.);
#1482=ORIENTED_EDGE('',*,*,#3721,.F.);
#1483=ORIENTED_EDGE('',*,*,#3722,.T.);
#1484=ORIENTED_EDGE('',*,*,#3719,.T.);
#1485=ORIENTED_EDGE('',*,*,#3280,.F.);
#1486=ORIENTED_EDGE('',*,*,#3723,.F.);
#1487=ORIENTED_EDGE('',*,*,#3724,.T.);
#1488=ORIENTED_EDGE('',*,*,#3721,.T.);
#1489=ORIENTED_EDGE('',*,*,#3279,.F.);
#1490=ORIENTED_EDGE('',*,*,#3725,.F.);
#1491=ORIENTED_EDGE('',*,*,#3726,.T.);
#1492=ORIENTED_EDGE('',*,*,#3723,.T.);
#1493=ORIENTED_EDGE('',*,*,#3278,.F.);
#1494=ORIENTED_EDGE('',*,*,#3727,.F.);
#1495=ORIENTED_EDGE('',*,*,#3728,.T.);
#1496=ORIENTED_EDGE('',*,*,#3725,.T.);
#1497=ORIENTED_EDGE('',*,*,#3277,.F.);
#1498=ORIENTED_EDGE('',*,*,#3729,.F.);
#1499=ORIENTED_EDGE('',*,*,#3730,.T.);
#1500=ORIENTED_EDGE('',*,*,#3727,.T.);
#1501=ORIENTED_EDGE('',*,*,#3276,.F.);
#1502=ORIENTED_EDGE('',*,*,#3731,.F.);
#1503=ORIENTED_EDGE('',*,*,#3732,.T.);
#1504=ORIENTED_EDGE('',*,*,#3729,.T.);
#1505=ORIENTED_EDGE('',*,*,#3275,.F.);
#1506=ORIENTED_EDGE('',*,*,#3733,.F.);
#1507=ORIENTED_EDGE('',*,*,#3734,.T.);
#1508=ORIENTED_EDGE('',*,*,#3731,.T.);
#1509=ORIENTED_EDGE('',*,*,#3274,.F.);
#1510=ORIENTED_EDGE('',*,*,#3735,.F.);
#1511=ORIENTED_EDGE('',*,*,#3736,.T.);
#1512=ORIENTED_EDGE('',*,*,#3733,.T.);
#1513=ORIENTED_EDGE('',*,*,#3273,.F.);
#1514=ORIENTED_EDGE('',*,*,#3737,.F.);
#1515=ORIENTED_EDGE('',*,*,#3738,.T.);
#1516=ORIENTED_EDGE('',*,*,#3735,.T.);
#1517=ORIENTED_EDGE('',*,*,#3272,.F.);
#1518=ORIENTED_EDGE('',*,*,#3739,.F.);
#1519=ORIENTED_EDGE('',*,*,#3740,.T.);
#1520=ORIENTED_EDGE('',*,*,#3737,.T.);
#1521=ORIENTED_EDGE('',*,*,#3271,.F.);
#1522=ORIENTED_EDGE('',*,*,#3741,.F.);
#1523=ORIENTED_EDGE('',*,*,#3742,.T.);
#1524=ORIENTED_EDGE('',*,*,#3739,.T.);
#1525=ORIENTED_EDGE('',*,*,#3270,.F.);
#1526=ORIENTED_EDGE('',*,*,#3743,.F.);
#1527=ORIENTED_EDGE('',*,*,#3744,.T.);
#1528=ORIENTED_EDGE('',*,*,#3741,.T.);
#1529=ORIENTED_EDGE('',*,*,#3269,.F.);
#1530=ORIENTED_EDGE('',*,*,#3745,.F.);
#1531=ORIENTED_EDGE('',*,*,#3746,.T.);
#1532=ORIENTED_EDGE('',*,*,#3743,.T.);
#1533=ORIENTED_EDGE('',*,*,#3268,.F.);
#1534=ORIENTED_EDGE('',*,*,#3747,.F.);
#1535=ORIENTED_EDGE('',*,*,#3748,.T.);
#1536=ORIENTED_EDGE('',*,*,#3745,.T.);
#1537=ORIENTED_EDGE('',*,*,#3267,.F.);
#1538=ORIENTED_EDGE('',*,*,#3749,.F.);
#1539=ORIENTED_EDGE('',*,*,#3750,.T.);
#1540=ORIENTED_EDGE('',*,*,#3747,.T.);
#1541=ORIENTED_EDGE('',*,*,#3266,.F.);
#1542=ORIENTED_EDGE('',*,*,#3751,.F.);
#1543=ORIENTED_EDGE('',*,*,#3752,.T.);
#1544=ORIENTED_EDGE('',*,*,#3749,.T.);
#1545=ORIENTED_EDGE('',*,*,#3265,.F.);
#1546=ORIENTED_EDGE('',*,*,#3753,.F.);
#1547=ORIENTED_EDGE('',*,*,#3754,.T.);
#1548=ORIENTED_EDGE('',*,*,#3751,.T.);
#1549=ORIENTED_EDGE('',*,*,#3264,.F.);
#1550=ORIENTED_EDGE('',*,*,#3755,.F.);
#1551=ORIENTED_EDGE('',*,*,#3756,.T.);
#1552=ORIENTED_EDGE('',*,*,#3753,.T.);
#1553=ORIENTED_EDGE('',*,*,#3263,.F.);
#1554=ORIENTED_EDGE('',*,*,#3757,.F.);
#1555=ORIENTED_EDGE('',*,*,#3758,.T.);
#1556=ORIENTED_EDGE('',*,*,#3755,.T.);
#1557=ORIENTED_EDGE('',*,*,#3262,.F.);
#1558=ORIENTED_EDGE('',*,*,#3680,.F.);
#1559=ORIENTED_EDGE('',*,*,#3759,.T.);
#1560=ORIENTED_EDGE('',*,*,#3757,.T.);
#1561=ORIENTED_EDGE('',*,*,#3679,.F.);
#1562=ORIENTED_EDGE('',*,*,#3682,.F.);
#1563=ORIENTED_EDGE('',*,*,#3684,.F.);
#1564=ORIENTED_EDGE('',*,*,#3686,.F.);
#1565=ORIENTED_EDGE('',*,*,#3688,.F.);
#1566=ORIENTED_EDGE('',*,*,#3690,.F.);
#1567=ORIENTED_EDGE('',*,*,#3692,.F.);
#1568=ORIENTED_EDGE('',*,*,#3694,.F.);
#1569=ORIENTED_EDGE('',*,*,#3696,.F.);
#1570=ORIENTED_EDGE('',*,*,#3698,.F.);
#1571=ORIENTED_EDGE('',*,*,#3700,.F.);
#1572=ORIENTED_EDGE('',*,*,#3702,.F.);
#1573=ORIENTED_EDGE('',*,*,#3704,.F.);
#1574=ORIENTED_EDGE('',*,*,#3706,.F.);
#1575=ORIENTED_EDGE('',*,*,#3708,.F.);
#1576=ORIENTED_EDGE('',*,*,#3710,.F.);
#1577=ORIENTED_EDGE('',*,*,#3712,.F.);
#1578=ORIENTED_EDGE('',*,*,#3714,.F.);
#1579=ORIENTED_EDGE('',*,*,#3716,.F.);
#1580=ORIENTED_EDGE('',*,*,#3718,.F.);
#1581=ORIENTED_EDGE('',*,*,#3720,.F.);
#1582=ORIENTED_EDGE('',*,*,#3722,.F.);
#1583=ORIENTED_EDGE('',*,*,#3724,.F.);
#1584=ORIENTED_EDGE('',*,*,#3726,.F.);
#1585=ORIENTED_EDGE('',*,*,#3728,.F.);
#1586=ORIENTED_EDGE('',*,*,#3730,.F.);
#1587=ORIENTED_EDGE('',*,*,#3732,.F.);
#1588=ORIENTED_EDGE('',*,*,#3734,.F.);
#1589=ORIENTED_EDGE('',*,*,#3736,.F.);
#1590=ORIENTED_EDGE('',*,*,#3738,.F.);
#1591=ORIENTED_EDGE('',*,*,#3740,.F.);
#1592=ORIENTED_EDGE('',*,*,#3742,.F.);
#1593=ORIENTED_EDGE('',*,*,#3744,.F.);
#1594=ORIENTED_EDGE('',*,*,#3746,.F.);
#1595=ORIENTED_EDGE('',*,*,#3748,.F.);
#1596=ORIENTED_EDGE('',*,*,#3750,.F.);
#1597=ORIENTED_EDGE('',*,*,#3752,.F.);
#1598=ORIENTED_EDGE('',*,*,#3754,.F.);
#1599=ORIENTED_EDGE('',*,*,#3756,.F.);
#1600=ORIENTED_EDGE('',*,*,#3758,.F.);
#1601=ORIENTED_EDGE('',*,*,#3759,.F.);
#1602=ORIENTED_EDGE('',*,*,#3357,.F.);
#1603=ORIENTED_EDGE('',*,*,#3760,.F.);
#1604=ORIENTED_EDGE('',*,*,#3761,.T.);
#1605=ORIENTED_EDGE('',*,*,#3762,.T.);
#1606=ORIENTED_EDGE('',*,*,#3380,.F.);
#1607=ORIENTED_EDGE('',*,*,#3763,.F.);
#1608=ORIENTED_EDGE('',*,*,#3764,.T.);
#1609=ORIENTED_EDGE('',*,*,#3760,.T.);
#1610=ORIENTED_EDGE('',*,*,#3379,.F.);
#1611=ORIENTED_EDGE('',*,*,#3765,.F.);
#1612=ORIENTED_EDGE('',*,*,#3766,.T.);
#1613=ORIENTED_EDGE('',*,*,#3763,.T.);
#1614=ORIENTED_EDGE('',*,*,#3378,.F.);
#1615=ORIENTED_EDGE('',*,*,#3767,.F.);
#1616=ORIENTED_EDGE('',*,*,#3768,.T.);
#1617=ORIENTED_EDGE('',*,*,#3765,.T.);
#1618=ORIENTED_EDGE('',*,*,#3377,.F.);
#1619=ORIENTED_EDGE('',*,*,#3769,.F.);
#1620=ORIENTED_EDGE('',*,*,#3770,.T.);
#1621=ORIENTED_EDGE('',*,*,#3767,.T.);
#1622=ORIENTED_EDGE('',*,*,#3376,.F.);
#1623=ORIENTED_EDGE('',*,*,#3771,.F.);
#1624=ORIENTED_EDGE('',*,*,#3772,.T.);
#1625=ORIENTED_EDGE('',*,*,#3769,.T.);
#1626=ORIENTED_EDGE('',*,*,#3375,.F.);
#1627=ORIENTED_EDGE('',*,*,#3773,.F.);
#1628=ORIENTED_EDGE('',*,*,#3774,.T.);
#1629=ORIENTED_EDGE('',*,*,#3771,.T.);
#1630=ORIENTED_EDGE('',*,*,#3374,.F.);
#1631=ORIENTED_EDGE('',*,*,#3775,.F.);
#1632=ORIENTED_EDGE('',*,*,#3776,.T.);
#1633=ORIENTED_EDGE('',*,*,#3773,.T.);
#1634=ORIENTED_EDGE('',*,*,#3373,.F.);
#1635=ORIENTED_EDGE('',*,*,#3777,.F.);
#1636=ORIENTED_EDGE('',*,*,#3778,.T.);
#1637=ORIENTED_EDGE('',*,*,#3775,.T.);
#1638=ORIENTED_EDGE('',*,*,#3372,.F.);
#1639=ORIENTED_EDGE('',*,*,#3779,.F.);
#1640=ORIENTED_EDGE('',*,*,#3780,.T.);
#1641=ORIENTED_EDGE('',*,*,#3777,.T.);
#1642=ORIENTED_EDGE('',*,*,#3371,.F.);
#1643=ORIENTED_EDGE('',*,*,#3781,.F.);
#1644=ORIENTED_EDGE('',*,*,#3782,.T.);
#1645=ORIENTED_EDGE('',*,*,#3779,.T.);
#1646=ORIENTED_EDGE('',*,*,#3370,.F.);
#1647=ORIENTED_EDGE('',*,*,#3783,.F.);
#1648=ORIENTED_EDGE('',*,*,#3784,.T.);
#1649=ORIENTED_EDGE('',*,*,#3781,.T.);
#1650=ORIENTED_EDGE('',*,*,#3369,.F.);
#1651=ORIENTED_EDGE('',*,*,#3785,.F.);
#1652=ORIENTED_EDGE('',*,*,#3786,.T.);
#1653=ORIENTED_EDGE('',*,*,#3783,.T.);
#1654=ORIENTED_EDGE('',*,*,#3368,.F.);
#1655=ORIENTED_EDGE('',*,*,#3787,.F.);
#1656=ORIENTED_EDGE('',*,*,#3788,.T.);
#1657=ORIENTED_EDGE('',*,*,#3785,.T.);
#1658=ORIENTED_EDGE('',*,*,#3367,.F.);
#1659=ORIENTED_EDGE('',*,*,#3789,.F.);
#1660=ORIENTED_EDGE('',*,*,#3790,.T.);
#1661=ORIENTED_EDGE('',*,*,#3787,.T.);
#1662=ORIENTED_EDGE('',*,*,#3366,.F.);
#1663=ORIENTED_EDGE('',*,*,#3791,.F.);
#1664=ORIENTED_EDGE('',*,*,#3792,.T.);
#1665=ORIENTED_EDGE('',*,*,#3789,.T.);
#1666=ORIENTED_EDGE('',*,*,#3365,.F.);
#1667=ORIENTED_EDGE('',*,*,#3793,.F.);
#1668=ORIENTED_EDGE('',*,*,#3794,.T.);
#1669=ORIENTED_EDGE('',*,*,#3791,.T.);
#1670=ORIENTED_EDGE('',*,*,#3364,.F.);
#1671=ORIENTED_EDGE('',*,*,#3795,.F.);
#1672=ORIENTED_EDGE('',*,*,#3796,.T.);
#1673=ORIENTED_EDGE('',*,*,#3793,.T.);
#1674=ORIENTED_EDGE('',*,*,#3363,.F.);
#1675=ORIENTED_EDGE('',*,*,#3797,.F.);
#1676=ORIENTED_EDGE('',*,*,#3798,.T.);
#1677=ORIENTED_EDGE('',*,*,#3795,.T.);
#1678=ORIENTED_EDGE('',*,*,#3362,.F.);
#1679=ORIENTED_EDGE('',*,*,#3799,.F.);
#1680=ORIENTED_EDGE('',*,*,#3800,.T.);
#1681=ORIENTED_EDGE('',*,*,#3797,.T.);
#1682=ORIENTED_EDGE('',*,*,#3361,.F.);
#1683=ORIENTED_EDGE('',*,*,#3801,.F.);
#1684=ORIENTED_EDGE('',*,*,#3802,.T.);
#1685=ORIENTED_EDGE('',*,*,#3799,.T.);
#1686=ORIENTED_EDGE('',*,*,#3360,.F.);
#1687=ORIENTED_EDGE('',*,*,#3803,.F.);
#1688=ORIENTED_EDGE('',*,*,#3804,.T.);
#1689=ORIENTED_EDGE('',*,*,#3801,.T.);
#1690=ORIENTED_EDGE('',*,*,#3359,.F.);
#1691=ORIENTED_EDGE('',*,*,#3805,.F.);
#1692=ORIENTED_EDGE('',*,*,#3806,.T.);
#1693=ORIENTED_EDGE('',*,*,#3803,.T.);
#1694=ORIENTED_EDGE('',*,*,#3358,.F.);
#1695=ORIENTED_EDGE('',*,*,#3762,.F.);
#1696=ORIENTED_EDGE('',*,*,#3807,.T.);
#1697=ORIENTED_EDGE('',*,*,#3805,.T.);
#1698=ORIENTED_EDGE('',*,*,#3761,.F.);
#1699=ORIENTED_EDGE('',*,*,#3764,.F.);
#1700=ORIENTED_EDGE('',*,*,#3766,.F.);
#1701=ORIENTED_EDGE('',*,*,#3768,.F.);
#1702=ORIENTED_EDGE('',*,*,#3770,.F.);
#1703=ORIENTED_EDGE('',*,*,#3772,.F.);
#1704=ORIENTED_EDGE('',*,*,#3774,.F.);
#1705=ORIENTED_EDGE('',*,*,#3776,.F.);
#1706=ORIENTED_EDGE('',*,*,#3778,.F.);
#1707=ORIENTED_EDGE('',*,*,#3780,.F.);
#1708=ORIENTED_EDGE('',*,*,#3782,.F.);
#1709=ORIENTED_EDGE('',*,*,#3784,.F.);
#1710=ORIENTED_EDGE('',*,*,#3786,.F.);
#1711=ORIENTED_EDGE('',*,*,#3788,.F.);
#1712=ORIENTED_EDGE('',*,*,#3790,.F.);
#1713=ORIENTED_EDGE('',*,*,#3792,.F.);
#1714=ORIENTED_EDGE('',*,*,#3794,.F.);
#1715=ORIENTED_EDGE('',*,*,#3796,.F.);
#1716=ORIENTED_EDGE('',*,*,#3798,.F.);
#1717=ORIENTED_EDGE('',*,*,#3800,.F.);
#1718=ORIENTED_EDGE('',*,*,#3802,.F.);
#1719=ORIENTED_EDGE('',*,*,#3804,.F.);
#1720=ORIENTED_EDGE('',*,*,#3806,.F.);
#1721=ORIENTED_EDGE('',*,*,#3807,.F.);
#1722=ORIENTED_EDGE('',*,*,#3249,.F.);
#1723=ORIENTED_EDGE('',*,*,#3808,.F.);
#1724=ORIENTED_EDGE('',*,*,#3809,.T.);
#1725=ORIENTED_EDGE('',*,*,#3810,.T.);
#1726=ORIENTED_EDGE('',*,*,#3260,.F.);
#1727=ORIENTED_EDGE('',*,*,#3811,.F.);
#1728=ORIENTED_EDGE('',*,*,#3812,.T.);
#1729=ORIENTED_EDGE('',*,*,#3808,.T.);
#1730=ORIENTED_EDGE('',*,*,#3259,.F.);
#1731=ORIENTED_EDGE('',*,*,#3813,.F.);
#1732=ORIENTED_EDGE('',*,*,#3814,.T.);
#1733=ORIENTED_EDGE('',*,*,#3811,.T.);
#1734=ORIENTED_EDGE('',*,*,#3258,.F.);
#1735=ORIENTED_EDGE('',*,*,#3815,.F.);
#1736=ORIENTED_EDGE('',*,*,#3816,.T.);
#1737=ORIENTED_EDGE('',*,*,#3813,.T.);
#1738=ORIENTED_EDGE('',*,*,#3257,.F.);
#1739=ORIENTED_EDGE('',*,*,#3817,.F.);
#1740=ORIENTED_EDGE('',*,*,#3818,.T.);
#1741=ORIENTED_EDGE('',*,*,#3815,.T.);
#1742=ORIENTED_EDGE('',*,*,#3256,.F.);
#1743=ORIENTED_EDGE('',*,*,#3819,.F.);
#1744=ORIENTED_EDGE('',*,*,#3820,.T.);
#1745=ORIENTED_EDGE('',*,*,#3817,.T.);
#1746=ORIENTED_EDGE('',*,*,#3255,.F.);
#1747=ORIENTED_EDGE('',*,*,#3821,.F.);
#1748=ORIENTED_EDGE('',*,*,#3822,.T.);
#1749=ORIENTED_EDGE('',*,*,#3819,.T.);
#1750=ORIENTED_EDGE('',*,*,#3254,.F.);
#1751=ORIENTED_EDGE('',*,*,#3823,.F.);
#1752=ORIENTED_EDGE('',*,*,#3824,.T.);
#1753=ORIENTED_EDGE('',*,*,#3821,.T.);
#1754=ORIENTED_EDGE('',*,*,#3253,.F.);
#1755=ORIENTED_EDGE('',*,*,#3825,.F.);
#1756=ORIENTED_EDGE('',*,*,#3826,.T.);
#1757=ORIENTED_EDGE('',*,*,#3823,.T.);
#1758=ORIENTED_EDGE('',*,*,#3252,.F.);
#1759=ORIENTED_EDGE('',*,*,#3827,.F.);
#1760=ORIENTED_EDGE('',*,*,#3828,.T.);
#1761=ORIENTED_EDGE('',*,*,#3825,.T.);
#1762=ORIENTED_EDGE('',*,*,#3251,.F.);
#1763=ORIENTED_EDGE('',*,*,#3829,.F.);
#1764=ORIENTED_EDGE('',*,*,#3830,.T.);
#1765=ORIENTED_EDGE('',*,*,#3827,.T.);
#1766=ORIENTED_EDGE('',*,*,#3250,.F.);
#1767=ORIENTED_EDGE('',*,*,#3810,.F.);
#1768=ORIENTED_EDGE('',*,*,#3831,.T.);
#1769=ORIENTED_EDGE('',*,*,#3829,.T.);
#1770=ORIENTED_EDGE('',*,*,#3809,.F.);
#1771=ORIENTED_EDGE('',*,*,#3812,.F.);
#1772=ORIENTED_EDGE('',*,*,#3814,.F.);
#1773=ORIENTED_EDGE('',*,*,#3816,.F.);
#1774=ORIENTED_EDGE('',*,*,#3818,.F.);
#1775=ORIENTED_EDGE('',*,*,#3820,.F.);
#1776=ORIENTED_EDGE('',*,*,#3822,.F.);
#1777=ORIENTED_EDGE('',*,*,#3824,.F.);
#1778=ORIENTED_EDGE('',*,*,#3826,.F.);
#1779=ORIENTED_EDGE('',*,*,#3828,.F.);
#1780=ORIENTED_EDGE('',*,*,#3830,.F.);
#1781=ORIENTED_EDGE('',*,*,#3831,.F.);
#1782=ORIENTED_EDGE('',*,*,#3381,.F.);
#1783=ORIENTED_EDGE('',*,*,#3832,.F.);
#1784=ORIENTED_EDGE('',*,*,#3833,.T.);
#1785=ORIENTED_EDGE('',*,*,#3834,.T.);
#1786=ORIENTED_EDGE('',*,*,#3399,.F.);
#1787=ORIENTED_EDGE('',*,*,#3835,.F.);
#1788=ORIENTED_EDGE('',*,*,#3836,.T.);
#1789=ORIENTED_EDGE('',*,*,#3832,.T.);
#1790=ORIENTED_EDGE('',*,*,#3398,.F.);
#1791=ORIENTED_EDGE('',*,*,#3837,.F.);
#1792=ORIENTED_EDGE('',*,*,#3838,.T.);
#1793=ORIENTED_EDGE('',*,*,#3835,.T.);
#1794=ORIENTED_EDGE('',*,*,#3397,.F.);
#1795=ORIENTED_EDGE('',*,*,#3839,.F.);
#1796=ORIENTED_EDGE('',*,*,#3840,.T.);
#1797=ORIENTED_EDGE('',*,*,#3837,.T.);
#1798=ORIENTED_EDGE('',*,*,#3396,.F.);
#1799=ORIENTED_EDGE('',*,*,#3841,.F.);
#1800=ORIENTED_EDGE('',*,*,#3842,.T.);
#1801=ORIENTED_EDGE('',*,*,#3839,.T.);
#1802=ORIENTED_EDGE('',*,*,#3395,.F.);
#1803=ORIENTED_EDGE('',*,*,#3843,.F.);
#1804=ORIENTED_EDGE('',*,*,#3844,.T.);
#1805=ORIENTED_EDGE('',*,*,#3841,.T.);
#1806=ORIENTED_EDGE('',*,*,#3394,.F.);
#1807=ORIENTED_EDGE('',*,*,#3845,.F.);
#1808=ORIENTED_EDGE('',*,*,#3846,.T.);
#1809=ORIENTED_EDGE('',*,*,#3843,.T.);
#1810=ORIENTED_EDGE('',*,*,#3393,.F.);
#1811=ORIENTED_EDGE('',*,*,#3847,.F.);
#1812=ORIENTED_EDGE('',*,*,#3848,.T.);
#1813=ORIENTED_EDGE('',*,*,#3845,.T.);
#1814=ORIENTED_EDGE('',*,*,#3392,.F.);
#1815=ORIENTED_EDGE('',*,*,#3849,.F.);
#1816=ORIENTED_EDGE('',*,*,#3850,.T.);
#1817=ORIENTED_EDGE('',*,*,#3847,.T.);
#1818=ORIENTED_EDGE('',*,*,#3391,.F.);
#1819=ORIENTED_EDGE('',*,*,#3851,.F.);
#1820=ORIENTED_EDGE('',*,*,#3852,.T.);
#1821=ORIENTED_EDGE('',*,*,#3849,.T.);
#1822=ORIENTED_EDGE('',*,*,#3390,.F.);
#1823=ORIENTED_EDGE('',*,*,#3853,.F.);
#1824=ORIENTED_EDGE('',*,*,#3854,.T.);
#1825=ORIENTED_EDGE('',*,*,#3851,.T.);
#1826=ORIENTED_EDGE('',*,*,#3389,.F.);
#1827=ORIENTED_EDGE('',*,*,#3855,.F.);
#1828=ORIENTED_EDGE('',*,*,#3856,.T.);
#1829=ORIENTED_EDGE('',*,*,#3853,.T.);
#1830=ORIENTED_EDGE('',*,*,#3388,.F.);
#1831=ORIENTED_EDGE('',*,*,#3857,.F.);
#1832=ORIENTED_EDGE('',*,*,#3858,.T.);
#1833=ORIENTED_EDGE('',*,*,#3855,.T.);
#1834=ORIENTED_EDGE('',*,*,#3387,.F.);
#1835=ORIENTED_EDGE('',*,*,#3859,.F.);
#1836=ORIENTED_EDGE('',*,*,#3860,.T.);
#1837=ORIENTED_EDGE('',*,*,#3857,.T.);
#1838=ORIENTED_EDGE('',*,*,#3386,.F.);
#1839=ORIENTED_EDGE('',*,*,#3861,.F.);
#1840=ORIENTED_EDGE('',*,*,#3862,.T.);
#1841=ORIENTED_EDGE('',*,*,#3859,.T.);
#1842=ORIENTED_EDGE('',*,*,#3385,.F.);
#1843=ORIENTED_EDGE('',*,*,#3863,.F.);
#1844=ORIENTED_EDGE('',*,*,#3864,.T.);
#1845=ORIENTED_EDGE('',*,*,#3861,.T.);
#1846=ORIENTED_EDGE('',*,*,#3384,.F.);
#1847=ORIENTED_EDGE('',*,*,#3865,.F.);
#1848=ORIENTED_EDGE('',*,*,#3866,.T.);
#1849=ORIENTED_EDGE('',*,*,#3863,.T.);
#1850=ORIENTED_EDGE('',*,*,#3383,.F.);
#1851=ORIENTED_EDGE('',*,*,#3867,.F.);
#1852=ORIENTED_EDGE('',*,*,#3868,.T.);
#1853=ORIENTED_EDGE('',*,*,#3865,.T.);
#1854=ORIENTED_EDGE('',*,*,#3382,.F.);
#1855=ORIENTED_EDGE('',*,*,#3834,.F.);
#1856=ORIENTED_EDGE('',*,*,#3869,.T.);
#1857=ORIENTED_EDGE('',*,*,#3867,.T.);
#1858=ORIENTED_EDGE('',*,*,#3833,.F.);
#1859=ORIENTED_EDGE('',*,*,#3836,.F.);
#1860=ORIENTED_EDGE('',*,*,#3838,.F.);
#1861=ORIENTED_EDGE('',*,*,#3840,.F.);
#1862=ORIENTED_EDGE('',*,*,#3842,.F.);
#1863=ORIENTED_EDGE('',*,*,#3844,.F.);
#1864=ORIENTED_EDGE('',*,*,#3846,.F.);
#1865=ORIENTED_EDGE('',*,*,#3848,.F.);
#1866=ORIENTED_EDGE('',*,*,#3850,.F.);
#1867=ORIENTED_EDGE('',*,*,#3852,.F.);
#1868=ORIENTED_EDGE('',*,*,#3854,.F.);
#1869=ORIENTED_EDGE('',*,*,#3856,.F.);
#1870=ORIENTED_EDGE('',*,*,#3858,.F.);
#1871=ORIENTED_EDGE('',*,*,#3860,.F.);
#1872=ORIENTED_EDGE('',*,*,#3862,.F.);
#1873=ORIENTED_EDGE('',*,*,#3864,.F.);
#1874=ORIENTED_EDGE('',*,*,#3866,.F.);
#1875=ORIENTED_EDGE('',*,*,#3868,.F.);
#1876=ORIENTED_EDGE('',*,*,#3869,.F.);
#1877=ORIENTED_EDGE('',*,*,#3229,.F.);
#1878=ORIENTED_EDGE('',*,*,#3870,.F.);
#1879=ORIENTED_EDGE('',*,*,#3871,.T.);
#1880=ORIENTED_EDGE('',*,*,#3872,.T.);
#1881=ORIENTED_EDGE('',*,*,#3248,.F.);
#1882=ORIENTED_EDGE('',*,*,#3873,.F.);
#1883=ORIENTED_EDGE('',*,*,#3874,.T.);
#1884=ORIENTED_EDGE('',*,*,#3870,.T.);
#1885=ORIENTED_EDGE('',*,*,#3247,.F.);
#1886=ORIENTED_EDGE('',*,*,#3875,.F.);
#1887=ORIENTED_EDGE('',*,*,#3876,.T.);
#1888=ORIENTED_EDGE('',*,*,#3873,.T.);
#1889=ORIENTED_EDGE('',*,*,#3246,.F.);
#1890=ORIENTED_EDGE('',*,*,#3877,.F.);
#1891=ORIENTED_EDGE('',*,*,#3878,.T.);
#1892=ORIENTED_EDGE('',*,*,#3875,.T.);
#1893=ORIENTED_EDGE('',*,*,#3245,.F.);
#1894=ORIENTED_EDGE('',*,*,#3879,.F.);
#1895=ORIENTED_EDGE('',*,*,#3880,.T.);
#1896=ORIENTED_EDGE('',*,*,#3877,.T.);
#1897=ORIENTED_EDGE('',*,*,#3244,.F.);
#1898=ORIENTED_EDGE('',*,*,#3881,.F.);
#1899=ORIENTED_EDGE('',*,*,#3882,.T.);
#1900=ORIENTED_EDGE('',*,*,#3879,.T.);
#1901=ORIENTED_EDGE('',*,*,#3243,.F.);
#1902=ORIENTED_EDGE('',*,*,#3883,.F.);
#1903=ORIENTED_EDGE('',*,*,#3884,.T.);
#1904=ORIENTED_EDGE('',*,*,#3881,.T.);
#1905=ORIENTED_EDGE('',*,*,#3242,.F.);
#1906=ORIENTED_EDGE('',*,*,#3885,.F.);
#1907=ORIENTED_EDGE('',*,*,#3886,.T.);
#1908=ORIENTED_EDGE('',*,*,#3883,.T.);
#1909=ORIENTED_EDGE('',*,*,#3241,.F.);
#1910=ORIENTED_EDGE('',*,*,#3887,.F.);
#1911=ORIENTED_EDGE('',*,*,#3888,.T.);
#1912=ORIENTED_EDGE('',*,*,#3885,.T.);
#1913=ORIENTED_EDGE('',*,*,#3240,.F.);
#1914=ORIENTED_EDGE('',*,*,#3889,.F.);
#1915=ORIENTED_EDGE('',*,*,#3890,.T.);
#1916=ORIENTED_EDGE('',*,*,#3887,.T.);
#1917=ORIENTED_EDGE('',*,*,#3239,.F.);
#1918=ORIENTED_EDGE('',*,*,#3891,.F.);
#1919=ORIENTED_EDGE('',*,*,#3892,.T.);
#1920=ORIENTED_EDGE('',*,*,#3889,.T.);
#1921=ORIENTED_EDGE('',*,*,#3238,.F.);
#1922=ORIENTED_EDGE('',*,*,#3893,.F.);
#1923=ORIENTED_EDGE('',*,*,#3894,.T.);
#1924=ORIENTED_EDGE('',*,*,#3891,.T.);
#1925=ORIENTED_EDGE('',*,*,#3237,.F.);
#1926=ORIENTED_EDGE('',*,*,#3895,.F.);
#1927=ORIENTED_EDGE('',*,*,#3896,.T.);
#1928=ORIENTED_EDGE('',*,*,#3893,.T.);
#1929=ORIENTED_EDGE('',*,*,#3236,.F.);
#1930=ORIENTED_EDGE('',*,*,#3897,.F.);
#1931=ORIENTED_EDGE('',*,*,#3898,.T.);
#1932=ORIENTED_EDGE('',*,*,#3895,.T.);
#1933=ORIENTED_EDGE('',*,*,#3235,.F.);
#1934=ORIENTED_EDGE('',*,*,#3899,.F.);
#1935=ORIENTED_EDGE('',*,*,#3900,.T.);
#1936=ORIENTED_EDGE('',*,*,#3897,.T.);
#1937=ORIENTED_EDGE('',*,*,#3234,.F.);
#1938=ORIENTED_EDGE('',*,*,#3901,.F.);
#1939=ORIENTED_EDGE('',*,*,#3902,.T.);
#1940=ORIENTED_EDGE('',*,*,#3899,.T.);
#1941=ORIENTED_EDGE('',*,*,#3233,.F.);
#1942=ORIENTED_EDGE('',*,*,#3903,.F.);
#1943=ORIENTED_EDGE('',*,*,#3904,.T.);
#1944=ORIENTED_EDGE('',*,*,#3901,.T.);
#1945=ORIENTED_EDGE('',*,*,#3232,.F.);
#1946=ORIENTED_EDGE('',*,*,#3905,.F.);
#1947=ORIENTED_EDGE('',*,*,#3906,.T.);
#1948=ORIENTED_EDGE('',*,*,#3903,.T.);
#1949=ORIENTED_EDGE('',*,*,#3231,.F.);
#1950=ORIENTED_EDGE('',*,*,#3907,.F.);
#1951=ORIENTED_EDGE('',*,*,#3908,.T.);
#1952=ORIENTED_EDGE('',*,*,#3905,.T.);
#1953=ORIENTED_EDGE('',*,*,#3230,.F.);
#1954=ORIENTED_EDGE('',*,*,#3872,.F.);
#1955=ORIENTED_EDGE('',*,*,#3909,.T.);
#1956=ORIENTED_EDGE('',*,*,#3907,.T.);
#1957=ORIENTED_EDGE('',*,*,#3871,.F.);
#1958=ORIENTED_EDGE('',*,*,#3874,.F.);
#1959=ORIENTED_EDGE('',*,*,#3876,.F.);
#1960=ORIENTED_EDGE('',*,*,#3878,.F.);
#1961=ORIENTED_EDGE('',*,*,#3880,.F.);
#1962=ORIENTED_EDGE('',*,*,#3882,.F.);
#1963=ORIENTED_EDGE('',*,*,#3884,.F.);
#1964=ORIENTED_EDGE('',*,*,#3886,.F.);
#1965=ORIENTED_EDGE('',*,*,#3888,.F.);
#1966=ORIENTED_EDGE('',*,*,#3890,.F.);
#1967=ORIENTED_EDGE('',*,*,#3892,.F.);
#1968=ORIENTED_EDGE('',*,*,#3894,.F.);
#1969=ORIENTED_EDGE('',*,*,#3896,.F.);
#1970=ORIENTED_EDGE('',*,*,#3898,.F.);
#1971=ORIENTED_EDGE('',*,*,#3900,.F.);
#1972=ORIENTED_EDGE('',*,*,#3902,.F.);
#1973=ORIENTED_EDGE('',*,*,#3904,.F.);
#1974=ORIENTED_EDGE('',*,*,#3906,.F.);
#1975=ORIENTED_EDGE('',*,*,#3908,.F.);
#1976=ORIENTED_EDGE('',*,*,#3909,.F.);
#1977=ORIENTED_EDGE('',*,*,#3400,.F.);
#1978=ORIENTED_EDGE('',*,*,#3910,.F.);
#1979=ORIENTED_EDGE('',*,*,#3911,.T.);
#1980=ORIENTED_EDGE('',*,*,#3912,.T.);
#1981=ORIENTED_EDGE('',*,*,#3429,.F.);
#1982=ORIENTED_EDGE('',*,*,#3913,.F.);
#1983=ORIENTED_EDGE('',*,*,#3914,.T.);
#1984=ORIENTED_EDGE('',*,*,#3910,.T.);
#1985=ORIENTED_EDGE('',*,*,#3428,.F.);
#1986=ORIENTED_EDGE('',*,*,#3915,.F.);
#1987=ORIENTED_EDGE('',*,*,#3916,.T.);
#1988=ORIENTED_EDGE('',*,*,#3913,.T.);
#1989=ORIENTED_EDGE('',*,*,#3427,.F.);
#1990=ORIENTED_EDGE('',*,*,#3917,.F.);
#1991=ORIENTED_EDGE('',*,*,#3918,.T.);
#1992=ORIENTED_EDGE('',*,*,#3915,.T.);
#1993=ORIENTED_EDGE('',*,*,#3426,.F.);
#1994=ORIENTED_EDGE('',*,*,#3919,.F.);
#1995=ORIENTED_EDGE('',*,*,#3920,.T.);
#1996=ORIENTED_EDGE('',*,*,#3917,.T.);
#1997=ORIENTED_EDGE('',*,*,#3425,.F.);
#1998=ORIENTED_EDGE('',*,*,#3921,.F.);
#1999=ORIENTED_EDGE('',*,*,#3922,.T.);
#2000=ORIENTED_EDGE('',*,*,#3919,.T.);
#2001=ORIENTED_EDGE('',*,*,#3424,.F.);
#2002=ORIENTED_EDGE('',*,*,#3923,.F.);
#2003=ORIENTED_EDGE('',*,*,#3924,.T.);
#2004=ORIENTED_EDGE('',*,*,#3921,.T.);
#2005=ORIENTED_EDGE('',*,*,#3423,.F.);
#2006=ORIENTED_EDGE('',*,*,#3925,.F.);
#2007=ORIENTED_EDGE('',*,*,#3926,.T.);
#2008=ORIENTED_EDGE('',*,*,#3923,.T.);
#2009=ORIENTED_EDGE('',*,*,#3422,.F.);
#2010=ORIENTED_EDGE('',*,*,#3927,.F.);
#2011=ORIENTED_EDGE('',*,*,#3928,.T.);
#2012=ORIENTED_EDGE('',*,*,#3925,.T.);
#2013=ORIENTED_EDGE('',*,*,#3421,.F.);
#2014=ORIENTED_EDGE('',*,*,#3929,.F.);
#2015=ORIENTED_EDGE('',*,*,#3930,.T.);
#2016=ORIENTED_EDGE('',*,*,#3927,.T.);
#2017=ORIENTED_EDGE('',*,*,#3420,.F.);
#2018=ORIENTED_EDGE('',*,*,#3931,.F.);
#2019=ORIENTED_EDGE('',*,*,#3932,.T.);
#2020=ORIENTED_EDGE('',*,*,#3929,.T.);
#2021=ORIENTED_EDGE('',*,*,#3419,.F.);
#2022=ORIENTED_EDGE('',*,*,#3933,.F.);
#2023=ORIENTED_EDGE('',*,*,#3934,.T.);
#2024=ORIENTED_EDGE('',*,*,#3931,.T.);
#2025=ORIENTED_EDGE('',*,*,#3418,.F.);
#2026=ORIENTED_EDGE('',*,*,#3935,.F.);
#2027=ORIENTED_EDGE('',*,*,#3936,.T.);
#2028=ORIENTED_EDGE('',*,*,#3933,.T.);
#2029=ORIENTED_EDGE('',*,*,#3417,.F.);
#2030=ORIENTED_EDGE('',*,*,#3937,.F.);
#2031=ORIENTED_EDGE('',*,*,#3938,.T.);
#2032=ORIENTED_EDGE('',*,*,#3935,.T.);
#2033=ORIENTED_EDGE('',*,*,#3416,.F.);
#2034=ORIENTED_EDGE('',*,*,#3939,.F.);
#2035=ORIENTED_EDGE('',*,*,#3940,.T.);
#2036=ORIENTED_EDGE('',*,*,#3937,.T.);
#2037=ORIENTED_EDGE('',*,*,#3415,.F.);
#2038=ORIENTED_EDGE('',*,*,#3941,.F.);
#2039=ORIENTED_EDGE('',*,*,#3942,.T.);
#2040=ORIENTED_EDGE('',*,*,#3939,.T.);
#2041=ORIENTED_EDGE('',*,*,#3414,.F.);
#2042=ORIENTED_EDGE('',*,*,#3943,.F.);
#2043=ORIENTED_EDGE('',*,*,#3944,.T.);
#2044=ORIENTED_EDGE('',*,*,#3941,.T.);
#2045=ORIENTED_EDGE('',*,*,#3413,.F.);
#2046=ORIENTED_EDGE('',*,*,#3945,.F.);
#2047=ORIENTED_EDGE('',*,*,#3946,.T.);
#2048=ORIENTED_EDGE('',*,*,#3943,.T.);
#2049=ORIENTED_EDGE('',*,*,#3412,.F.);
#2050=ORIENTED_EDGE('',*,*,#3947,.F.);
#2051=ORIENTED_EDGE('',*,*,#3948,.T.);
#2052=ORIENTED_EDGE('',*,*,#3945,.T.);
#2053=ORIENTED_EDGE('',*,*,#3411,.F.);
#2054=ORIENTED_EDGE('',*,*,#3949,.F.);
#2055=ORIENTED_EDGE('',*,*,#3950,.T.);
#2056=ORIENTED_EDGE('',*,*,#3947,.T.);
#2057=ORIENTED_EDGE('',*,*,#3410,.F.);
#2058=ORIENTED_EDGE('',*,*,#3951,.F.);
#2059=ORIENTED_EDGE('',*,*,#3952,.T.);
#2060=ORIENTED_EDGE('',*,*,#3949,.T.);
#2061=ORIENTED_EDGE('',*,*,#3409,.F.);
#2062=ORIENTED_EDGE('',*,*,#3953,.F.);
#2063=ORIENTED_EDGE('',*,*,#3954,.T.);
#2064=ORIENTED_EDGE('',*,*,#3951,.T.);
#2065=ORIENTED_EDGE('',*,*,#3408,.F.);
#2066=ORIENTED_EDGE('',*,*,#3955,.F.);
#2067=ORIENTED_EDGE('',*,*,#3956,.T.);
#2068=ORIENTED_EDGE('',*,*,#3953,.T.);
#2069=ORIENTED_EDGE('',*,*,#3407,.F.);
#2070=ORIENTED_EDGE('',*,*,#3957,.F.);
#2071=ORIENTED_EDGE('',*,*,#3958,.T.);
#2072=ORIENTED_EDGE('',*,*,#3955,.T.);
#2073=ORIENTED_EDGE('',*,*,#3406,.F.);
#2074=ORIENTED_EDGE('',*,*,#3959,.F.);
#2075=ORIENTED_EDGE('',*,*,#3960,.T.);
#2076=ORIENTED_EDGE('',*,*,#3957,.T.);
#2077=ORIENTED_EDGE('',*,*,#3405,.F.);
#2078=ORIENTED_EDGE('',*,*,#3961,.F.);
#2079=ORIENTED_EDGE('',*,*,#3962,.T.);
#2080=ORIENTED_EDGE('',*,*,#3959,.T.);
#2081=ORIENTED_EDGE('',*,*,#3404,.F.);
#2082=ORIENTED_EDGE('',*,*,#3963,.F.);
#2083=ORIENTED_EDGE('',*,*,#3964,.T.);
#2084=ORIENTED_EDGE('',*,*,#3961,.T.);
#2085=ORIENTED_EDGE('',*,*,#3403,.F.);
#2086=ORIENTED_EDGE('',*,*,#3965,.F.);
#2087=ORIENTED_EDGE('',*,*,#3966,.T.);
#2088=ORIENTED_EDGE('',*,*,#3963,.T.);
#2089=ORIENTED_EDGE('',*,*,#3402,.F.);
#2090=ORIENTED_EDGE('',*,*,#3967,.F.);
#2091=ORIENTED_EDGE('',*,*,#3968,.T.);
#2092=ORIENTED_EDGE('',*,*,#3965,.T.);
#2093=ORIENTED_EDGE('',*,*,#3401,.F.);
#2094=ORIENTED_EDGE('',*,*,#3912,.F.);
#2095=ORIENTED_EDGE('',*,*,#3969,.T.);
#2096=ORIENTED_EDGE('',*,*,#3967,.T.);
#2097=ORIENTED_EDGE('',*,*,#3911,.F.);
#2098=ORIENTED_EDGE('',*,*,#3914,.F.);
#2099=ORIENTED_EDGE('',*,*,#3916,.F.);
#2100=ORIENTED_EDGE('',*,*,#3918,.F.);
#2101=ORIENTED_EDGE('',*,*,#3920,.F.);
#2102=ORIENTED_EDGE('',*,*,#3922,.F.);
#2103=ORIENTED_EDGE('',*,*,#3924,.F.);
#2104=ORIENTED_EDGE('',*,*,#3926,.F.);
#2105=ORIENTED_EDGE('',*,*,#3928,.F.);
#2106=ORIENTED_EDGE('',*,*,#3930,.F.);
#2107=ORIENTED_EDGE('',*,*,#3932,.F.);
#2108=ORIENTED_EDGE('',*,*,#3934,.F.);
#2109=ORIENTED_EDGE('',*,*,#3936,.F.);
#2110=ORIENTED_EDGE('',*,*,#3938,.F.);
#2111=ORIENTED_EDGE('',*,*,#3940,.F.);
#2112=ORIENTED_EDGE('',*,*,#3942,.F.);
#2113=ORIENTED_EDGE('',*,*,#3944,.F.);
#2114=ORIENTED_EDGE('',*,*,#3946,.F.);
#2115=ORIENTED_EDGE('',*,*,#3948,.F.);
#2116=ORIENTED_EDGE('',*,*,#3950,.F.);
#2117=ORIENTED_EDGE('',*,*,#3952,.F.);
#2118=ORIENTED_EDGE('',*,*,#3954,.F.);
#2119=ORIENTED_EDGE('',*,*,#3956,.F.);
#2120=ORIENTED_EDGE('',*,*,#3958,.F.);
#2121=ORIENTED_EDGE('',*,*,#3960,.F.);
#2122=ORIENTED_EDGE('',*,*,#3962,.F.);
#2123=ORIENTED_EDGE('',*,*,#3964,.F.);
#2124=ORIENTED_EDGE('',*,*,#3966,.F.);
#2125=ORIENTED_EDGE('',*,*,#3968,.F.);
#2126=ORIENTED_EDGE('',*,*,#3969,.F.);
#2127=ORIENTED_EDGE('',*,*,#3209,.F.);
#2128=ORIENTED_EDGE('',*,*,#3970,.F.);
#2129=ORIENTED_EDGE('',*,*,#3971,.T.);
#2130=ORIENTED_EDGE('',*,*,#3972,.T.);
#2131=ORIENTED_EDGE('',*,*,#3228,.F.);
#2132=ORIENTED_EDGE('',*,*,#3973,.F.);
#2133=ORIENTED_EDGE('',*,*,#3974,.T.);
#2134=ORIENTED_EDGE('',*,*,#3970,.T.);
#2135=ORIENTED_EDGE('',*,*,#3227,.F.);
#2136=ORIENTED_EDGE('',*,*,#3975,.F.);
#2137=ORIENTED_EDGE('',*,*,#3976,.T.);
#2138=ORIENTED_EDGE('',*,*,#3973,.T.);
#2139=ORIENTED_EDGE('',*,*,#3226,.F.);
#2140=ORIENTED_EDGE('',*,*,#3977,.F.);
#2141=ORIENTED_EDGE('',*,*,#3978,.T.);
#2142=ORIENTED_EDGE('',*,*,#3975,.T.);
#2143=ORIENTED_EDGE('',*,*,#3225,.F.);
#2144=ORIENTED_EDGE('',*,*,#3979,.F.);
#2145=ORIENTED_EDGE('',*,*,#3980,.T.);
#2146=ORIENTED_EDGE('',*,*,#3977,.T.);
#2147=ORIENTED_EDGE('',*,*,#3224,.F.);
#2148=ORIENTED_EDGE('',*,*,#3981,.F.);
#2149=ORIENTED_EDGE('',*,*,#3982,.T.);
#2150=ORIENTED_EDGE('',*,*,#3979,.T.);
#2151=ORIENTED_EDGE('',*,*,#3223,.F.);
#2152=ORIENTED_EDGE('',*,*,#3983,.F.);
#2153=ORIENTED_EDGE('',*,*,#3984,.T.);
#2154=ORIENTED_EDGE('',*,*,#3981,.T.);
#2155=ORIENTED_EDGE('',*,*,#3222,.F.);
#2156=ORIENTED_EDGE('',*,*,#3985,.F.);
#2157=ORIENTED_EDGE('',*,*,#3986,.T.);
#2158=ORIENTED_EDGE('',*,*,#3983,.T.);
#2159=ORIENTED_EDGE('',*,*,#3221,.F.);
#2160=ORIENTED_EDGE('',*,*,#3987,.F.);
#2161=ORIENTED_EDGE('',*,*,#3988,.T.);
#2162=ORIENTED_EDGE('',*,*,#3985,.T.);
#2163=ORIENTED_EDGE('',*,*,#3220,.F.);
#2164=ORIENTED_EDGE('',*,*,#3989,.F.);
#2165=ORIENTED_EDGE('',*,*,#3990,.T.);
#2166=ORIENTED_EDGE('',*,*,#3987,.T.);
#2167=ORIENTED_EDGE('',*,*,#3219,.F.);
#2168=ORIENTED_EDGE('',*,*,#3991,.F.);
#2169=ORIENTED_EDGE('',*,*,#3992,.T.);
#2170=ORIENTED_EDGE('',*,*,#3989,.T.);
#2171=ORIENTED_EDGE('',*,*,#3218,.F.);
#2172=ORIENTED_EDGE('',*,*,#3993,.F.);
#2173=ORIENTED_EDGE('',*,*,#3994,.T.);
#2174=ORIENTED_EDGE('',*,*,#3991,.T.);
#2175=ORIENTED_EDGE('',*,*,#3217,.F.);
#2176=ORIENTED_EDGE('',*,*,#3995,.F.);
#2177=ORIENTED_EDGE('',*,*,#3996,.T.);
#2178=ORIENTED_EDGE('',*,*,#3993,.T.);
#2179=ORIENTED_EDGE('',*,*,#3216,.F.);
#2180=ORIENTED_EDGE('',*,*,#3997,.F.);
#2181=ORIENTED_EDGE('',*,*,#3998,.T.);
#2182=ORIENTED_EDGE('',*,*,#3995,.T.);
#2183=ORIENTED_EDGE('',*,*,#3215,.F.);
#2184=ORIENTED_EDGE('',*,*,#3999,.F.);
#2185=ORIENTED_EDGE('',*,*,#4000,.T.);
#2186=ORIENTED_EDGE('',*,*,#3997,.T.);
#2187=ORIENTED_EDGE('',*,*,#3214,.F.);
#2188=ORIENTED_EDGE('',*,*,#4001,.F.);
#2189=ORIENTED_EDGE('',*,*,#4002,.T.);
#2190=ORIENTED_EDGE('',*,*,#3999,.T.);
#2191=ORIENTED_EDGE('',*,*,#3213,.F.);
#2192=ORIENTED_EDGE('',*,*,#4003,.F.);
#2193=ORIENTED_EDGE('',*,*,#4004,.T.);
#2194=ORIENTED_EDGE('',*,*,#4001,.T.);
#2195=ORIENTED_EDGE('',*,*,#3212,.F.);
#2196=ORIENTED_EDGE('',*,*,#4005,.F.);
#2197=ORIENTED_EDGE('',*,*,#4006,.T.);
#2198=ORIENTED_EDGE('',*,*,#4003,.T.);
#2199=ORIENTED_EDGE('',*,*,#3211,.F.);
#2200=ORIENTED_EDGE('',*,*,#4007,.F.);
#2201=ORIENTED_EDGE('',*,*,#4008,.T.);
#2202=ORIENTED_EDGE('',*,*,#4005,.T.);
#2203=ORIENTED_EDGE('',*,*,#3210,.F.);
#2204=ORIENTED_EDGE('',*,*,#3972,.F.);
#2205=ORIENTED_EDGE('',*,*,#4009,.T.);
#2206=ORIENTED_EDGE('',*,*,#4007,.T.);
#2207=ORIENTED_EDGE('',*,*,#3971,.F.);
#2208=ORIENTED_EDGE('',*,*,#3974,.F.);
#2209=ORIENTED_EDGE('',*,*,#3976,.F.);
#2210=ORIENTED_EDGE('',*,*,#3978,.F.);
#2211=ORIENTED_EDGE('',*,*,#3980,.F.);
#2212=ORIENTED_EDGE('',*,*,#3982,.F.);
#2213=ORIENTED_EDGE('',*,*,#3984,.F.);
#2214=ORIENTED_EDGE('',*,*,#3986,.F.);
#2215=ORIENTED_EDGE('',*,*,#3988,.F.);
#2216=ORIENTED_EDGE('',*,*,#3990,.F.);
#2217=ORIENTED_EDGE('',*,*,#3992,.F.);
#2218=ORIENTED_EDGE('',*,*,#3994,.F.);
#2219=ORIENTED_EDGE('',*,*,#3996,.F.);
#2220=ORIENTED_EDGE('',*,*,#3998,.F.);
#2221=ORIENTED_EDGE('',*,*,#4000,.F.);
#2222=ORIENTED_EDGE('',*,*,#4002,.F.);
#2223=ORIENTED_EDGE('',*,*,#4004,.F.);
#2224=ORIENTED_EDGE('',*,*,#4006,.F.);
#2225=ORIENTED_EDGE('',*,*,#4008,.F.);
#2226=ORIENTED_EDGE('',*,*,#4009,.F.);
#2227=ORIENTED_EDGE('',*,*,#3430,.F.);
#2228=ORIENTED_EDGE('',*,*,#4010,.F.);
#2229=ORIENTED_EDGE('',*,*,#4011,.T.);
#2230=ORIENTED_EDGE('',*,*,#4012,.T.);
#2231=ORIENTED_EDGE('',*,*,#3457,.F.);
#2232=ORIENTED_EDGE('',*,*,#4013,.F.);
#2233=ORIENTED_EDGE('',*,*,#4014,.T.);
#2234=ORIENTED_EDGE('',*,*,#4010,.T.);
#2235=ORIENTED_EDGE('',*,*,#3456,.F.);
#2236=ORIENTED_EDGE('',*,*,#4015,.F.);
#2237=ORIENTED_EDGE('',*,*,#4016,.T.);
#2238=ORIENTED_EDGE('',*,*,#4013,.T.);
#2239=ORIENTED_EDGE('',*,*,#3455,.F.);
#2240=ORIENTED_EDGE('',*,*,#4017,.F.);
#2241=ORIENTED_EDGE('',*,*,#4018,.T.);
#2242=ORIENTED_EDGE('',*,*,#4015,.T.);
#2243=ORIENTED_EDGE('',*,*,#3454,.F.);
#2244=ORIENTED_EDGE('',*,*,#4019,.F.);
#2245=ORIENTED_EDGE('',*,*,#4020,.T.);
#2246=ORIENTED_EDGE('',*,*,#4017,.T.);
#2247=ORIENTED_EDGE('',*,*,#3453,.F.);
#2248=ORIENTED_EDGE('',*,*,#4021,.F.);
#2249=ORIENTED_EDGE('',*,*,#4022,.T.);
#2250=ORIENTED_EDGE('',*,*,#4019,.T.);
#2251=ORIENTED_EDGE('',*,*,#3452,.F.);
#2252=ORIENTED_EDGE('',*,*,#4023,.F.);
#2253=ORIENTED_EDGE('',*,*,#4024,.T.);
#2254=ORIENTED_EDGE('',*,*,#4021,.T.);
#2255=ORIENTED_EDGE('',*,*,#3451,.F.);
#2256=ORIENTED_EDGE('',*,*,#4025,.F.);
#2257=ORIENTED_EDGE('',*,*,#4026,.T.);
#2258=ORIENTED_EDGE('',*,*,#4023,.T.);
#2259=ORIENTED_EDGE('',*,*,#3450,.F.);
#2260=ORIENTED_EDGE('',*,*,#4027,.F.);
#2261=ORIENTED_EDGE('',*,*,#4028,.T.);
#2262=ORIENTED_EDGE('',*,*,#4025,.T.);
#2263=ORIENTED_EDGE('',*,*,#3449,.F.);
#2264=ORIENTED_EDGE('',*,*,#4029,.F.);
#2265=ORIENTED_EDGE('',*,*,#4030,.T.);
#2266=ORIENTED_EDGE('',*,*,#4027,.T.);
#2267=ORIENTED_EDGE('',*,*,#3448,.F.);
#2268=ORIENTED_EDGE('',*,*,#4031,.F.);
#2269=ORIENTED_EDGE('',*,*,#4032,.T.);
#2270=ORIENTED_EDGE('',*,*,#4029,.T.);
#2271=ORIENTED_EDGE('',*,*,#3447,.F.);
#2272=ORIENTED_EDGE('',*,*,#4033,.F.);
#2273=ORIENTED_EDGE('',*,*,#4034,.T.);
#2274=ORIENTED_EDGE('',*,*,#4031,.T.);
#2275=ORIENTED_EDGE('',*,*,#3446,.F.);
#2276=ORIENTED_EDGE('',*,*,#4035,.F.);
#2277=ORIENTED_EDGE('',*,*,#4036,.T.);
#2278=ORIENTED_EDGE('',*,*,#4033,.T.);
#2279=ORIENTED_EDGE('',*,*,#3445,.F.);
#2280=ORIENTED_EDGE('',*,*,#4037,.F.);
#2281=ORIENTED_EDGE('',*,*,#4038,.T.);
#2282=ORIENTED_EDGE('',*,*,#4035,.T.);
#2283=ORIENTED_EDGE('',*,*,#3444,.F.);
#2284=ORIENTED_EDGE('',*,*,#4039,.F.);
#2285=ORIENTED_EDGE('',*,*,#4040,.T.);
#2286=ORIENTED_EDGE('',*,*,#4037,.T.);
#2287=ORIENTED_EDGE('',*,*,#3443,.F.);
#2288=ORIENTED_EDGE('',*,*,#4041,.F.);
#2289=ORIENTED_EDGE('',*,*,#4042,.T.);
#2290=ORIENTED_EDGE('',*,*,#4039,.T.);
#2291=ORIENTED_EDGE('',*,*,#3442,.F.);
#2292=ORIENTED_EDGE('',*,*,#4043,.F.);
#2293=ORIENTED_EDGE('',*,*,#4044,.T.);
#2294=ORIENTED_EDGE('',*,*,#4041,.T.);
#2295=ORIENTED_EDGE('',*,*,#3441,.F.);
#2296=ORIENTED_EDGE('',*,*,#4045,.F.);
#2297=ORIENTED_EDGE('',*,*,#4046,.T.);
#2298=ORIENTED_EDGE('',*,*,#4043,.T.);
#2299=ORIENTED_EDGE('',*,*,#3440,.F.);
#2300=ORIENTED_EDGE('',*,*,#4047,.F.);
#2301=ORIENTED_EDGE('',*,*,#4048,.T.);
#2302=ORIENTED_EDGE('',*,*,#4045,.T.);
#2303=ORIENTED_EDGE('',*,*,#3439,.F.);
#2304=ORIENTED_EDGE('',*,*,#4049,.F.);
#2305=ORIENTED_EDGE('',*,*,#4050,.T.);
#2306=ORIENTED_EDGE('',*,*,#4047,.T.);
#2307=ORIENTED_EDGE('',*,*,#3438,.F.);
#2308=ORIENTED_EDGE('',*,*,#4051,.F.);
#2309=ORIENTED_EDGE('',*,*,#4052,.T.);
#2310=ORIENTED_EDGE('',*,*,#4049,.T.);
#2311=ORIENTED_EDGE('',*,*,#3437,.F.);
#2312=ORIENTED_EDGE('',*,*,#4053,.F.);
#2313=ORIENTED_EDGE('',*,*,#4054,.T.);
#2314=ORIENTED_EDGE('',*,*,#4051,.T.);
#2315=ORIENTED_EDGE('',*,*,#3436,.F.);
#2316=ORIENTED_EDGE('',*,*,#4055,.F.);
#2317=ORIENTED_EDGE('',*,*,#4056,.T.);
#2318=ORIENTED_EDGE('',*,*,#4053,.T.);
#2319=ORIENTED_EDGE('',*,*,#3435,.F.);
#2320=ORIENTED_EDGE('',*,*,#4057,.F.);
#2321=ORIENTED_EDGE('',*,*,#4058,.T.);
#2322=ORIENTED_EDGE('',*,*,#4055,.T.);
#2323=ORIENTED_EDGE('',*,*,#3434,.F.);
#2324=ORIENTED_EDGE('',*,*,#4059,.F.);
#2325=ORIENTED_EDGE('',*,*,#4060,.T.);
#2326=ORIENTED_EDGE('',*,*,#4057,.T.);
#2327=ORIENTED_EDGE('',*,*,#3433,.F.);
#2328=ORIENTED_EDGE('',*,*,#4061,.F.);
#2329=ORIENTED_EDGE('',*,*,#4062,.T.);
#2330=ORIENTED_EDGE('',*,*,#4059,.T.);
#2331=ORIENTED_EDGE('',*,*,#3432,.F.);
#2332=ORIENTED_EDGE('',*,*,#4063,.F.);
#2333=ORIENTED_EDGE('',*,*,#4064,.T.);
#2334=ORIENTED_EDGE('',*,*,#4061,.T.);
#2335=ORIENTED_EDGE('',*,*,#3431,.F.);
#2336=ORIENTED_EDGE('',*,*,#4012,.F.);
#2337=ORIENTED_EDGE('',*,*,#4065,.T.);
#2338=ORIENTED_EDGE('',*,*,#4063,.T.);
#2339=ORIENTED_EDGE('',*,*,#4011,.F.);
#2340=ORIENTED_EDGE('',*,*,#4014,.F.);
#2341=ORIENTED_EDGE('',*,*,#4016,.F.);
#2342=ORIENTED_EDGE('',*,*,#4018,.F.);
#2343=ORIENTED_EDGE('',*,*,#4020,.F.);
#2344=ORIENTED_EDGE('',*,*,#4022,.F.);
#2345=ORIENTED_EDGE('',*,*,#4024,.F.);
#2346=ORIENTED_EDGE('',*,*,#4026,.F.);
#2347=ORIENTED_EDGE('',*,*,#4028,.F.);
#2348=ORIENTED_EDGE('',*,*,#4030,.F.);
#2349=ORIENTED_EDGE('',*,*,#4032,.F.);
#2350=ORIENTED_EDGE('',*,*,#4034,.F.);
#2351=ORIENTED_EDGE('',*,*,#4036,.F.);
#2352=ORIENTED_EDGE('',*,*,#4038,.F.);
#2353=ORIENTED_EDGE('',*,*,#4040,.F.);
#2354=ORIENTED_EDGE('',*,*,#4042,.F.);
#2355=ORIENTED_EDGE('',*,*,#4044,.F.);
#2356=ORIENTED_EDGE('',*,*,#4046,.F.);
#2357=ORIENTED_EDGE('',*,*,#4048,.F.);
#2358=ORIENTED_EDGE('',*,*,#4050,.F.);
#2359=ORIENTED_EDGE('',*,*,#4052,.F.);
#2360=ORIENTED_EDGE('',*,*,#4054,.F.);
#2361=ORIENTED_EDGE('',*,*,#4056,.F.);
#2362=ORIENTED_EDGE('',*,*,#4058,.F.);
#2363=ORIENTED_EDGE('',*,*,#4060,.F.);
#2364=ORIENTED_EDGE('',*,*,#4062,.F.);
#2365=ORIENTED_EDGE('',*,*,#4064,.F.);
#2366=ORIENTED_EDGE('',*,*,#4065,.F.);
#2367=ORIENTED_EDGE('',*,*,#4066,.F.);
#2368=ORIENTED_EDGE('',*,*,#4067,.F.);
#2369=ORIENTED_EDGE('',*,*,#4068,.T.);
#2370=ORIENTED_EDGE('',*,*,#4069,.T.);
#2371=ORIENTED_EDGE('',*,*,#4070,.F.);
#2372=ORIENTED_EDGE('',*,*,#4071,.F.);
#2373=ORIENTED_EDGE('',*,*,#4072,.T.);
#2374=ORIENTED_EDGE('',*,*,#4067,.T.);
#2375=ORIENTED_EDGE('',*,*,#4073,.F.);
#2376=ORIENTED_EDGE('',*,*,#4074,.F.);
#2377=ORIENTED_EDGE('',*,*,#4075,.T.);
#2378=ORIENTED_EDGE('',*,*,#4071,.T.);
#2379=ORIENTED_EDGE('',*,*,#4076,.F.);
#2380=ORIENTED_EDGE('',*,*,#4077,.F.);
#2381=ORIENTED_EDGE('',*,*,#4078,.T.);
#2382=ORIENTED_EDGE('',*,*,#4074,.T.);
#2383=ORIENTED_EDGE('',*,*,#4079,.F.);
#2384=ORIENTED_EDGE('',*,*,#4080,.F.);
#2385=ORIENTED_EDGE('',*,*,#4081,.T.);
#2386=ORIENTED_EDGE('',*,*,#4077,.T.);
#2387=ORIENTED_EDGE('',*,*,#4082,.F.);
#2388=ORIENTED_EDGE('',*,*,#4083,.F.);
#2389=ORIENTED_EDGE('',*,*,#4084,.T.);
#2390=ORIENTED_EDGE('',*,*,#4080,.T.);
#2391=ORIENTED_EDGE('',*,*,#4085,.F.);
#2392=ORIENTED_EDGE('',*,*,#4086,.F.);
#2393=ORIENTED_EDGE('',*,*,#4087,.T.);
#2394=ORIENTED_EDGE('',*,*,#4083,.T.);
#2395=ORIENTED_EDGE('',*,*,#4088,.F.);
#2396=ORIENTED_EDGE('',*,*,#4089,.F.);
#2397=ORIENTED_EDGE('',*,*,#4090,.T.);
#2398=ORIENTED_EDGE('',*,*,#4086,.T.);
#2399=ORIENTED_EDGE('',*,*,#4091,.F.);
#2400=ORIENTED_EDGE('',*,*,#4092,.F.);
#2401=ORIENTED_EDGE('',*,*,#4093,.T.);
#2402=ORIENTED_EDGE('',*,*,#4089,.T.);
#2403=ORIENTED_EDGE('',*,*,#3199,.F.);
#2404=ORIENTED_EDGE('',*,*,#4094,.F.);
#2405=ORIENTED_EDGE('',*,*,#4095,.T.);
#2406=ORIENTED_EDGE('',*,*,#4096,.T.);
#2407=ORIENTED_EDGE('',*,*,#3208,.F.);
#2408=ORIENTED_EDGE('',*,*,#4097,.F.);
#2409=ORIENTED_EDGE('',*,*,#4098,.T.);
#2410=ORIENTED_EDGE('',*,*,#4094,.T.);
#2411=ORIENTED_EDGE('',*,*,#3207,.F.);
#2412=ORIENTED_EDGE('',*,*,#4099,.F.);
#2413=ORIENTED_EDGE('',*,*,#4100,.T.);
#2414=ORIENTED_EDGE('',*,*,#4097,.T.);
#2415=ORIENTED_EDGE('',*,*,#3206,.F.);
#2416=ORIENTED_EDGE('',*,*,#4101,.F.);
#2417=ORIENTED_EDGE('',*,*,#4102,.T.);
#2418=ORIENTED_EDGE('',*,*,#4099,.T.);
#2419=ORIENTED_EDGE('',*,*,#3205,.F.);
#2420=ORIENTED_EDGE('',*,*,#4103,.F.);
#2421=ORIENTED_EDGE('',*,*,#4104,.T.);
#2422=ORIENTED_EDGE('',*,*,#4101,.T.);
#2423=ORIENTED_EDGE('',*,*,#3204,.F.);
#2424=ORIENTED_EDGE('',*,*,#4105,.F.);
#2425=ORIENTED_EDGE('',*,*,#4106,.T.);
#2426=ORIENTED_EDGE('',*,*,#4103,.T.);
#2427=ORIENTED_EDGE('',*,*,#3203,.F.);
#2428=ORIENTED_EDGE('',*,*,#4107,.F.);
#2429=ORIENTED_EDGE('',*,*,#4108,.T.);
#2430=ORIENTED_EDGE('',*,*,#4105,.T.);
#2431=ORIENTED_EDGE('',*,*,#3202,.F.);
#2432=ORIENTED_EDGE('',*,*,#4109,.F.);
#2433=ORIENTED_EDGE('',*,*,#4110,.T.);
#2434=ORIENTED_EDGE('',*,*,#4107,.T.);
#2435=ORIENTED_EDGE('',*,*,#3201,.F.);
#2436=ORIENTED_EDGE('',*,*,#4111,.F.);
#2437=ORIENTED_EDGE('',*,*,#4112,.T.);
#2438=ORIENTED_EDGE('',*,*,#4109,.T.);
#2439=ORIENTED_EDGE('',*,*,#3200,.F.);
#2440=ORIENTED_EDGE('',*,*,#4096,.F.);
#2441=ORIENTED_EDGE('',*,*,#4113,.T.);
#2442=ORIENTED_EDGE('',*,*,#4111,.T.);
#2443=ORIENTED_EDGE('',*,*,#4114,.F.);
#2444=ORIENTED_EDGE('',*,*,#4069,.F.);
#2445=ORIENTED_EDGE('',*,*,#4115,.T.);
#2446=ORIENTED_EDGE('',*,*,#4092,.T.);
#2447=ORIENTED_EDGE('',*,*,#4095,.F.);
#2448=ORIENTED_EDGE('',*,*,#4098,.F.);
#2449=ORIENTED_EDGE('',*,*,#4100,.F.);
#2450=ORIENTED_EDGE('',*,*,#4102,.F.);
#2451=ORIENTED_EDGE('',*,*,#4104,.F.);
#2452=ORIENTED_EDGE('',*,*,#4106,.F.);
#2453=ORIENTED_EDGE('',*,*,#4108,.F.);
#2454=ORIENTED_EDGE('',*,*,#4110,.F.);
#2455=ORIENTED_EDGE('',*,*,#4112,.F.);
#2456=ORIENTED_EDGE('',*,*,#4113,.F.);
#2457=ORIENTED_EDGE('',*,*,#4068,.F.);
#2458=ORIENTED_EDGE('',*,*,#4072,.F.);
#2459=ORIENTED_EDGE('',*,*,#4075,.F.);
#2460=ORIENTED_EDGE('',*,*,#4078,.F.);
#2461=ORIENTED_EDGE('',*,*,#4081,.F.);
#2462=ORIENTED_EDGE('',*,*,#4084,.F.);
#2463=ORIENTED_EDGE('',*,*,#4087,.F.);
#2464=ORIENTED_EDGE('',*,*,#4090,.F.);
#2465=ORIENTED_EDGE('',*,*,#4093,.F.);
#2466=ORIENTED_EDGE('',*,*,#4115,.F.);
#2467=ORIENTED_EDGE('',*,*,#4116,.F.);
#2468=ORIENTED_EDGE('',*,*,#4117,.F.);
#2469=ORIENTED_EDGE('',*,*,#4118,.T.);
#2470=ORIENTED_EDGE('',*,*,#4119,.T.);
#2471=ORIENTED_EDGE('',*,*,#4120,.F.);
#2472=ORIENTED_EDGE('',*,*,#4121,.F.);
#2473=ORIENTED_EDGE('',*,*,#4122,.T.);
#2474=ORIENTED_EDGE('',*,*,#4117,.T.);
#2475=ORIENTED_EDGE('',*,*,#4123,.F.);
#2476=ORIENTED_EDGE('',*,*,#4124,.F.);
#2477=ORIENTED_EDGE('',*,*,#4125,.T.);
#2478=ORIENTED_EDGE('',*,*,#4121,.T.);
#2479=ORIENTED_EDGE('',*,*,#4126,.F.);
#2480=ORIENTED_EDGE('',*,*,#4127,.F.);
#2481=ORIENTED_EDGE('',*,*,#4128,.T.);
#2482=ORIENTED_EDGE('',*,*,#4124,.T.);
#2483=ORIENTED_EDGE('',*,*,#4129,.F.);
#2484=ORIENTED_EDGE('',*,*,#4130,.F.);
#2485=ORIENTED_EDGE('',*,*,#4131,.T.);
#2486=ORIENTED_EDGE('',*,*,#4127,.T.);
#2487=ORIENTED_EDGE('',*,*,#4132,.F.);
#2488=ORIENTED_EDGE('',*,*,#4133,.F.);
#2489=ORIENTED_EDGE('',*,*,#4134,.T.);
#2490=ORIENTED_EDGE('',*,*,#4130,.T.);
#2491=ORIENTED_EDGE('',*,*,#3458,.F.);
#2492=ORIENTED_EDGE('',*,*,#4135,.F.);
#2493=ORIENTED_EDGE('',*,*,#4136,.T.);
#2494=ORIENTED_EDGE('',*,*,#4137,.T.);
#2495=ORIENTED_EDGE('',*,*,#3474,.F.);
#2496=ORIENTED_EDGE('',*,*,#4138,.F.);
#2497=ORIENTED_EDGE('',*,*,#4139,.T.);
#2498=ORIENTED_EDGE('',*,*,#4135,.T.);
#2499=ORIENTED_EDGE('',*,*,#3473,.F.);
#2500=ORIENTED_EDGE('',*,*,#4140,.F.);
#2501=ORIENTED_EDGE('',*,*,#4141,.T.);
#2502=ORIENTED_EDGE('',*,*,#4138,.T.);
#2503=ORIENTED_EDGE('',*,*,#3472,.F.);
#2504=ORIENTED_EDGE('',*,*,#4142,.F.);
#2505=ORIENTED_EDGE('',*,*,#4143,.T.);
#2506=ORIENTED_EDGE('',*,*,#4140,.T.);
#2507=ORIENTED_EDGE('',*,*,#3471,.F.);
#2508=ORIENTED_EDGE('',*,*,#4144,.F.);
#2509=ORIENTED_EDGE('',*,*,#4145,.T.);
#2510=ORIENTED_EDGE('',*,*,#4142,.T.);
#2511=ORIENTED_EDGE('',*,*,#3470,.F.);
#2512=ORIENTED_EDGE('',*,*,#4146,.F.);
#2513=ORIENTED_EDGE('',*,*,#4147,.T.);
#2514=ORIENTED_EDGE('',*,*,#4144,.T.);
#2515=ORIENTED_EDGE('',*,*,#3469,.F.);
#2516=ORIENTED_EDGE('',*,*,#4148,.F.);
#2517=ORIENTED_EDGE('',*,*,#4149,.T.);
#2518=ORIENTED_EDGE('',*,*,#4146,.T.);
#2519=ORIENTED_EDGE('',*,*,#3468,.F.);
#2520=ORIENTED_EDGE('',*,*,#4150,.F.);
#2521=ORIENTED_EDGE('',*,*,#4151,.T.);
#2522=ORIENTED_EDGE('',*,*,#4148,.T.);
#2523=ORIENTED_EDGE('',*,*,#3467,.F.);
#2524=ORIENTED_EDGE('',*,*,#4152,.F.);
#2525=ORIENTED_EDGE('',*,*,#4153,.T.);
#2526=ORIENTED_EDGE('',*,*,#4150,.T.);
#2527=ORIENTED_EDGE('',*,*,#3466,.F.);
#2528=ORIENTED_EDGE('',*,*,#4154,.F.);
#2529=ORIENTED_EDGE('',*,*,#4155,.T.);
#2530=ORIENTED_EDGE('',*,*,#4152,.T.);
#2531=ORIENTED_EDGE('',*,*,#3465,.F.);
#2532=ORIENTED_EDGE('',*,*,#4156,.F.);
#2533=ORIENTED_EDGE('',*,*,#4157,.T.);
#2534=ORIENTED_EDGE('',*,*,#4154,.T.);
#2535=ORIENTED_EDGE('',*,*,#3464,.F.);
#2536=ORIENTED_EDGE('',*,*,#4158,.F.);
#2537=ORIENTED_EDGE('',*,*,#4159,.T.);
#2538=ORIENTED_EDGE('',*,*,#4156,.T.);
#2539=ORIENTED_EDGE('',*,*,#3463,.F.);
#2540=ORIENTED_EDGE('',*,*,#4160,.F.);
#2541=ORIENTED_EDGE('',*,*,#4161,.T.);
#2542=ORIENTED_EDGE('',*,*,#4158,.T.);
#2543=ORIENTED_EDGE('',*,*,#3462,.F.);
#2544=ORIENTED_EDGE('',*,*,#4162,.F.);
#2545=ORIENTED_EDGE('',*,*,#4163,.T.);
#2546=ORIENTED_EDGE('',*,*,#4160,.T.);
#2547=ORIENTED_EDGE('',*,*,#3461,.F.);
#2548=ORIENTED_EDGE('',*,*,#4164,.F.);
#2549=ORIENTED_EDGE('',*,*,#4165,.T.);
#2550=ORIENTED_EDGE('',*,*,#4162,.T.);
#2551=ORIENTED_EDGE('',*,*,#3460,.F.);
#2552=ORIENTED_EDGE('',*,*,#4166,.F.);
#2553=ORIENTED_EDGE('',*,*,#4167,.T.);
#2554=ORIENTED_EDGE('',*,*,#4164,.T.);
#2555=ORIENTED_EDGE('',*,*,#3459,.F.);
#2556=ORIENTED_EDGE('',*,*,#4137,.F.);
#2557=ORIENTED_EDGE('',*,*,#4168,.T.);
#2558=ORIENTED_EDGE('',*,*,#4166,.T.);
#2559=ORIENTED_EDGE('',*,*,#4169,.F.);
#2560=ORIENTED_EDGE('',*,*,#4119,.F.);
#2561=ORIENTED_EDGE('',*,*,#4170,.T.);
#2562=ORIENTED_EDGE('',*,*,#4133,.T.);
#2563=ORIENTED_EDGE('',*,*,#4136,.F.);
#2564=ORIENTED_EDGE('',*,*,#4139,.F.);
#2565=ORIENTED_EDGE('',*,*,#4141,.F.);
#2566=ORIENTED_EDGE('',*,*,#4143,.F.);
#2567=ORIENTED_EDGE('',*,*,#4145,.F.);
#2568=ORIENTED_EDGE('',*,*,#4147,.F.);
#2569=ORIENTED_EDGE('',*,*,#4149,.F.);
#2570=ORIENTED_EDGE('',*,*,#4151,.F.);
#2571=ORIENTED_EDGE('',*,*,#4153,.F.);
#2572=ORIENTED_EDGE('',*,*,#4155,.F.);
#2573=ORIENTED_EDGE('',*,*,#4157,.F.);
#2574=ORIENTED_EDGE('',*,*,#4159,.F.);
#2575=ORIENTED_EDGE('',*,*,#4161,.F.);
#2576=ORIENTED_EDGE('',*,*,#4163,.F.);
#2577=ORIENTED_EDGE('',*,*,#4165,.F.);
#2578=ORIENTED_EDGE('',*,*,#4167,.F.);
#2579=ORIENTED_EDGE('',*,*,#4168,.F.);
#2580=ORIENTED_EDGE('',*,*,#4118,.F.);
#2581=ORIENTED_EDGE('',*,*,#4122,.F.);
#2582=ORIENTED_EDGE('',*,*,#4125,.F.);
#2583=ORIENTED_EDGE('',*,*,#4128,.F.);
#2584=ORIENTED_EDGE('',*,*,#4131,.F.);
#2585=ORIENTED_EDGE('',*,*,#4134,.F.);
#2586=ORIENTED_EDGE('',*,*,#4170,.F.);
#2587=ORIENTED_EDGE('',*,*,#4171,.F.);
#2588=ORIENTED_EDGE('',*,*,#4172,.F.);
#2589=ORIENTED_EDGE('',*,*,#4173,.T.);
#2590=ORIENTED_EDGE('',*,*,#4174,.T.);
#2591=ORIENTED_EDGE('',*,*,#4175,.F.);
#2592=ORIENTED_EDGE('',*,*,#4176,.F.);
#2593=ORIENTED_EDGE('',*,*,#4177,.T.);
#2594=ORIENTED_EDGE('',*,*,#4172,.T.);
#2595=ORIENTED_EDGE('',*,*,#4178,.F.);
#2596=ORIENTED_EDGE('',*,*,#4179,.F.);
#2597=ORIENTED_EDGE('',*,*,#4180,.T.);
#2598=ORIENTED_EDGE('',*,*,#4176,.T.);
#2599=ORIENTED_EDGE('',*,*,#4181,.F.);
#2600=ORIENTED_EDGE('',*,*,#4182,.F.);
#2601=ORIENTED_EDGE('',*,*,#4183,.T.);
#2602=ORIENTED_EDGE('',*,*,#4179,.T.);
#2603=ORIENTED_EDGE('',*,*,#4184,.F.);
#2604=ORIENTED_EDGE('',*,*,#4185,.F.);
#2605=ORIENTED_EDGE('',*,*,#4186,.T.);
#2606=ORIENTED_EDGE('',*,*,#4182,.T.);
#2607=ORIENTED_EDGE('',*,*,#4187,.F.);
#2608=ORIENTED_EDGE('',*,*,#4188,.F.);
#2609=ORIENTED_EDGE('',*,*,#4189,.T.);
#2610=ORIENTED_EDGE('',*,*,#4185,.T.);
#2611=ORIENTED_EDGE('',*,*,#3182,.F.);
#2612=ORIENTED_EDGE('',*,*,#4190,.F.);
#2613=ORIENTED_EDGE('',*,*,#4191,.T.);
#2614=ORIENTED_EDGE('',*,*,#4192,.T.);
#2615=ORIENTED_EDGE('',*,*,#3198,.F.);
#2616=ORIENTED_EDGE('',*,*,#4193,.F.);
#2617=ORIENTED_EDGE('',*,*,#4194,.T.);
#2618=ORIENTED_EDGE('',*,*,#4190,.T.);
#2619=ORIENTED_EDGE('',*,*,#3197,.F.);
#2620=ORIENTED_EDGE('',*,*,#4195,.F.);
#2621=ORIENTED_EDGE('',*,*,#4196,.T.);
#2622=ORIENTED_EDGE('',*,*,#4193,.T.);
#2623=ORIENTED_EDGE('',*,*,#3196,.F.);
#2624=ORIENTED_EDGE('',*,*,#4197,.F.);
#2625=ORIENTED_EDGE('',*,*,#4198,.T.);
#2626=ORIENTED_EDGE('',*,*,#4195,.T.);
#2627=ORIENTED_EDGE('',*,*,#3195,.F.);
#2628=ORIENTED_EDGE('',*,*,#4199,.F.);
#2629=ORIENTED_EDGE('',*,*,#4200,.T.);
#2630=ORIENTED_EDGE('',*,*,#4197,.T.);
#2631=ORIENTED_EDGE('',*,*,#3194,.F.);
#2632=ORIENTED_EDGE('',*,*,#4201,.F.);
#2633=ORIENTED_EDGE('',*,*,#4202,.T.);
#2634=ORIENTED_EDGE('',*,*,#4199,.T.);
#2635=ORIENTED_EDGE('',*,*,#3193,.F.);
#2636=ORIENTED_EDGE('',*,*,#4203,.F.);
#2637=ORIENTED_EDGE('',*,*,#4204,.T.);
#2638=ORIENTED_EDGE('',*,*,#4201,.T.);
#2639=ORIENTED_EDGE('',*,*,#3192,.F.);
#2640=ORIENTED_EDGE('',*,*,#4205,.F.);
#2641=ORIENTED_EDGE('',*,*,#4206,.T.);
#2642=ORIENTED_EDGE('',*,*,#4203,.T.);
#2643=ORIENTED_EDGE('',*,*,#3191,.F.);
#2644=ORIENTED_EDGE('',*,*,#4207,.F.);
#2645=ORIENTED_EDGE('',*,*,#4208,.T.);
#2646=ORIENTED_EDGE('',*,*,#4205,.T.);
#2647=ORIENTED_EDGE('',*,*,#3190,.F.);
#2648=ORIENTED_EDGE('',*,*,#4209,.F.);
#2649=ORIENTED_EDGE('',*,*,#4210,.T.);
#2650=ORIENTED_EDGE('',*,*,#4207,.T.);
#2651=ORIENTED_EDGE('',*,*,#3189,.F.);
#2652=ORIENTED_EDGE('',*,*,#4211,.F.);
#2653=ORIENTED_EDGE('',*,*,#4212,.T.);
#2654=ORIENTED_EDGE('',*,*,#4209,.T.);
#2655=ORIENTED_EDGE('',*,*,#3188,.F.);
#2656=ORIENTED_EDGE('',*,*,#4213,.F.);
#2657=ORIENTED_EDGE('',*,*,#4214,.T.);
#2658=ORIENTED_EDGE('',*,*,#4211,.T.);
#2659=ORIENTED_EDGE('',*,*,#3187,.F.);
#2660=ORIENTED_EDGE('',*,*,#4215,.F.);
#2661=ORIENTED_EDGE('',*,*,#4216,.T.);
#2662=ORIENTED_EDGE('',*,*,#4213,.T.);
#2663=ORIENTED_EDGE('',*,*,#3186,.F.);
#2664=ORIENTED_EDGE('',*,*,#4217,.F.);
#2665=ORIENTED_EDGE('',*,*,#4218,.T.);
#2666=ORIENTED_EDGE('',*,*,#4215,.T.);
#2667=ORIENTED_EDGE('',*,*,#3185,.F.);
#2668=ORIENTED_EDGE('',*,*,#4219,.F.);
#2669=ORIENTED_EDGE('',*,*,#4220,.T.);
#2670=ORIENTED_EDGE('',*,*,#4217,.T.);
#2671=ORIENTED_EDGE('',*,*,#3184,.F.);
#2672=ORIENTED_EDGE('',*,*,#4221,.F.);
#2673=ORIENTED_EDGE('',*,*,#4222,.T.);
#2674=ORIENTED_EDGE('',*,*,#4219,.T.);
#2675=ORIENTED_EDGE('',*,*,#3183,.F.);
#2676=ORIENTED_EDGE('',*,*,#4192,.F.);
#2677=ORIENTED_EDGE('',*,*,#4223,.T.);
#2678=ORIENTED_EDGE('',*,*,#4221,.T.);
#2679=ORIENTED_EDGE('',*,*,#4224,.F.);
#2680=ORIENTED_EDGE('',*,*,#4174,.F.);
#2681=ORIENTED_EDGE('',*,*,#4225,.T.);
#2682=ORIENTED_EDGE('',*,*,#4188,.T.);
#2683=ORIENTED_EDGE('',*,*,#4191,.F.);
#2684=ORIENTED_EDGE('',*,*,#4194,.F.);
#2685=ORIENTED_EDGE('',*,*,#4196,.F.);
#2686=ORIENTED_EDGE('',*,*,#4198,.F.);
#2687=ORIENTED_EDGE('',*,*,#4200,.F.);
#2688=ORIENTED_EDGE('',*,*,#4202,.F.);
#2689=ORIENTED_EDGE('',*,*,#4204,.F.);
#2690=ORIENTED_EDGE('',*,*,#4206,.F.);
#2691=ORIENTED_EDGE('',*,*,#4208,.F.);
#2692=ORIENTED_EDGE('',*,*,#4210,.F.);
#2693=ORIENTED_EDGE('',*,*,#4212,.F.);
#2694=ORIENTED_EDGE('',*,*,#4214,.F.);
#2695=ORIENTED_EDGE('',*,*,#4216,.F.);
#2696=ORIENTED_EDGE('',*,*,#4218,.F.);
#2697=ORIENTED_EDGE('',*,*,#4220,.F.);
#2698=ORIENTED_EDGE('',*,*,#4222,.F.);
#2699=ORIENTED_EDGE('',*,*,#4223,.F.);
#2700=ORIENTED_EDGE('',*,*,#4173,.F.);
#2701=ORIENTED_EDGE('',*,*,#4177,.F.);
#2702=ORIENTED_EDGE('',*,*,#4180,.F.);
#2703=ORIENTED_EDGE('',*,*,#4183,.F.);
#2704=ORIENTED_EDGE('',*,*,#4186,.F.);
#2705=ORIENTED_EDGE('',*,*,#4189,.F.);
#2706=ORIENTED_EDGE('',*,*,#4225,.F.);
#2707=ORIENTED_EDGE('',*,*,#4226,.F.);
#2708=ORIENTED_EDGE('',*,*,#4227,.F.);
#2709=ORIENTED_EDGE('',*,*,#4228,.T.);
#2710=ORIENTED_EDGE('',*,*,#4229,.T.);
#2711=ORIENTED_EDGE('',*,*,#4230,.F.);
#2712=ORIENTED_EDGE('',*,*,#4231,.F.);
#2713=ORIENTED_EDGE('',*,*,#4232,.T.);
#2714=ORIENTED_EDGE('',*,*,#4227,.T.);
#2715=ORIENTED_EDGE('',*,*,#4233,.F.);
#2716=ORIENTED_EDGE('',*,*,#4234,.F.);
#2717=ORIENTED_EDGE('',*,*,#4235,.T.);
#2718=ORIENTED_EDGE('',*,*,#4231,.T.);
#2719=ORIENTED_EDGE('',*,*,#4236,.F.);
#2720=ORIENTED_EDGE('',*,*,#4237,.F.);
#2721=ORIENTED_EDGE('',*,*,#4238,.T.);
#2722=ORIENTED_EDGE('',*,*,#4234,.T.);
#2723=ORIENTED_EDGE('',*,*,#4239,.F.);
#2724=ORIENTED_EDGE('',*,*,#4240,.F.);
#2725=ORIENTED_EDGE('',*,*,#4241,.T.);
#2726=ORIENTED_EDGE('',*,*,#4237,.T.);
#2727=ORIENTED_EDGE('',*,*,#4242,.F.);
#2728=ORIENTED_EDGE('',*,*,#4243,.F.);
#2729=ORIENTED_EDGE('',*,*,#4244,.T.);
#2730=ORIENTED_EDGE('',*,*,#4240,.T.);
#2731=ORIENTED_EDGE('',*,*,#4245,.F.);
#2732=ORIENTED_EDGE('',*,*,#4246,.F.);
#2733=ORIENTED_EDGE('',*,*,#4247,.T.);
#2734=ORIENTED_EDGE('',*,*,#4243,.T.);
#2735=ORIENTED_EDGE('',*,*,#4248,.F.);
#2736=ORIENTED_EDGE('',*,*,#4249,.F.);
#2737=ORIENTED_EDGE('',*,*,#4250,.T.);
#2738=ORIENTED_EDGE('',*,*,#4246,.T.);
#2739=ORIENTED_EDGE('',*,*,#4251,.F.);
#2740=ORIENTED_EDGE('',*,*,#4252,.F.);
#2741=ORIENTED_EDGE('',*,*,#4253,.T.);
#2742=ORIENTED_EDGE('',*,*,#4249,.T.);
#2743=ORIENTED_EDGE('',*,*,#3475,.F.);
#2744=ORIENTED_EDGE('',*,*,#4254,.F.);
#2745=ORIENTED_EDGE('',*,*,#4255,.T.);
#2746=ORIENTED_EDGE('',*,*,#4256,.T.);
#2747=ORIENTED_EDGE('',*,*,#3484,.F.);
#2748=ORIENTED_EDGE('',*,*,#4257,.F.);
#2749=ORIENTED_EDGE('',*,*,#4258,.T.);
#2750=ORIENTED_EDGE('',*,*,#4254,.T.);
#2751=ORIENTED_EDGE('',*,*,#3483,.F.);
#2752=ORIENTED_EDGE('',*,*,#4259,.F.);
#2753=ORIENTED_EDGE('',*,*,#4260,.T.);
#2754=ORIENTED_EDGE('',*,*,#4257,.T.);
#2755=ORIENTED_EDGE('',*,*,#3482,.F.);
#2756=ORIENTED_EDGE('',*,*,#4261,.F.);
#2757=ORIENTED_EDGE('',*,*,#4262,.T.);
#2758=ORIENTED_EDGE('',*,*,#4259,.T.);
#2759=ORIENTED_EDGE('',*,*,#3481,.F.);
#2760=ORIENTED_EDGE('',*,*,#4263,.F.);
#2761=ORIENTED_EDGE('',*,*,#4264,.T.);
#2762=ORIENTED_EDGE('',*,*,#4261,.T.);
#2763=ORIENTED_EDGE('',*,*,#3480,.F.);
#2764=ORIENTED_EDGE('',*,*,#4265,.F.);
#2765=ORIENTED_EDGE('',*,*,#4266,.T.);
#2766=ORIENTED_EDGE('',*,*,#4263,.T.);
#2767=ORIENTED_EDGE('',*,*,#3479,.F.);
#2768=ORIENTED_EDGE('',*,*,#4267,.F.);
#2769=ORIENTED_EDGE('',*,*,#4268,.T.);
#2770=ORIENTED_EDGE('',*,*,#4265,.T.);
#2771=ORIENTED_EDGE('',*,*,#3478,.F.);
#2772=ORIENTED_EDGE('',*,*,#4269,.F.);
#2773=ORIENTED_EDGE('',*,*,#4270,.T.);
#2774=ORIENTED_EDGE('',*,*,#4267,.T.);
#2775=ORIENTED_EDGE('',*,*,#3477,.F.);
#2776=ORIENTED_EDGE('',*,*,#4271,.F.);
#2777=ORIENTED_EDGE('',*,*,#4272,.T.);
#2778=ORIENTED_EDGE('',*,*,#4269,.T.);
#2779=ORIENTED_EDGE('',*,*,#3476,.F.);
#2780=ORIENTED_EDGE('',*,*,#4256,.F.);
#2781=ORIENTED_EDGE('',*,*,#4273,.T.);
#2782=ORIENTED_EDGE('',*,*,#4271,.T.);
#2783=ORIENTED_EDGE('',*,*,#4274,.F.);
#2784=ORIENTED_EDGE('',*,*,#4229,.F.);
#2785=ORIENTED_EDGE('',*,*,#4275,.T.);
#2786=ORIENTED_EDGE('',*,*,#4252,.T.);
#2787=ORIENTED_EDGE('',*,*,#4255,.F.);
#2788=ORIENTED_EDGE('',*,*,#4258,.F.);
#2789=ORIENTED_EDGE('',*,*,#4260,.F.);
#2790=ORIENTED_EDGE('',*,*,#4262,.F.);
#2791=ORIENTED_EDGE('',*,*,#4264,.F.);
#2792=ORIENTED_EDGE('',*,*,#4266,.F.);
#2793=ORIENTED_EDGE('',*,*,#4268,.F.);
#2794=ORIENTED_EDGE('',*,*,#4270,.F.);
#2795=ORIENTED_EDGE('',*,*,#4272,.F.);
#2796=ORIENTED_EDGE('',*,*,#4273,.F.);
#2797=ORIENTED_EDGE('',*,*,#4228,.F.);
#2798=ORIENTED_EDGE('',*,*,#4232,.F.);
#2799=ORIENTED_EDGE('',*,*,#4235,.F.);
#2800=ORIENTED_EDGE('',*,*,#4238,.F.);
#2801=ORIENTED_EDGE('',*,*,#4241,.F.);
#2802=ORIENTED_EDGE('',*,*,#4244,.F.);
#2803=ORIENTED_EDGE('',*,*,#4247,.F.);
#2804=ORIENTED_EDGE('',*,*,#4250,.F.);
#2805=ORIENTED_EDGE('',*,*,#4253,.F.);
#2806=ORIENTED_EDGE('',*,*,#4275,.F.);
#2807=ORIENTED_EDGE('',*,*,#4276,.F.);
#2808=ORIENTED_EDGE('',*,*,#4277,.F.);
#2809=ORIENTED_EDGE('',*,*,#4278,.T.);
#2810=ORIENTED_EDGE('',*,*,#4279,.T.);
#2811=ORIENTED_EDGE('',*,*,#4280,.F.);
#2812=ORIENTED_EDGE('',*,*,#4281,.F.);
#2813=ORIENTED_EDGE('',*,*,#4282,.T.);
#2814=ORIENTED_EDGE('',*,*,#4277,.T.);
#2815=ORIENTED_EDGE('',*,*,#4283,.F.);
#2816=ORIENTED_EDGE('',*,*,#4284,.F.);
#2817=ORIENTED_EDGE('',*,*,#4285,.T.);
#2818=ORIENTED_EDGE('',*,*,#4281,.T.);
#2819=ORIENTED_EDGE('',*,*,#4286,.F.);
#2820=ORIENTED_EDGE('',*,*,#4287,.F.);
#2821=ORIENTED_EDGE('',*,*,#4288,.T.);
#2822=ORIENTED_EDGE('',*,*,#4284,.T.);
#2823=ORIENTED_EDGE('',*,*,#4289,.F.);
#2824=ORIENTED_EDGE('',*,*,#4290,.F.);
#2825=ORIENTED_EDGE('',*,*,#4291,.T.);
#2826=ORIENTED_EDGE('',*,*,#4287,.T.);
#2827=ORIENTED_EDGE('',*,*,#4292,.F.);
#2828=ORIENTED_EDGE('',*,*,#4293,.F.);
#2829=ORIENTED_EDGE('',*,*,#4294,.T.);
#2830=ORIENTED_EDGE('',*,*,#4290,.T.);
#2831=ORIENTED_EDGE('',*,*,#4295,.F.);
#2832=ORIENTED_EDGE('',*,*,#4296,.F.);
#2833=ORIENTED_EDGE('',*,*,#4297,.T.);
#2834=ORIENTED_EDGE('',*,*,#4293,.T.);
#2835=ORIENTED_EDGE('',*,*,#4298,.F.);
#2836=ORIENTED_EDGE('',*,*,#4299,.F.);
#2837=ORIENTED_EDGE('',*,*,#4300,.T.);
#2838=ORIENTED_EDGE('',*,*,#4296,.T.);
#2839=ORIENTED_EDGE('',*,*,#4301,.F.);
#2840=ORIENTED_EDGE('',*,*,#4302,.F.);
#2841=ORIENTED_EDGE('',*,*,#4303,.T.);
#2842=ORIENTED_EDGE('',*,*,#4299,.T.);
#2843=ORIENTED_EDGE('',*,*,#3162,.F.);
#2844=ORIENTED_EDGE('',*,*,#4304,.F.);
#2845=ORIENTED_EDGE('',*,*,#4305,.T.);
#2846=ORIENTED_EDGE('',*,*,#4306,.T.);
#2847=ORIENTED_EDGE('',*,*,#3181,.F.);
#2848=ORIENTED_EDGE('',*,*,#4307,.F.);
#2849=ORIENTED_EDGE('',*,*,#4308,.T.);
#2850=ORIENTED_EDGE('',*,*,#4304,.T.);
#2851=ORIENTED_EDGE('',*,*,#3180,.F.);
#2852=ORIENTED_EDGE('',*,*,#4309,.F.);
#2853=ORIENTED_EDGE('',*,*,#4310,.T.);
#2854=ORIENTED_EDGE('',*,*,#4307,.T.);
#2855=ORIENTED_EDGE('',*,*,#3179,.F.);
#2856=ORIENTED_EDGE('',*,*,#4311,.F.);
#2857=ORIENTED_EDGE('',*,*,#4312,.T.);
#2858=ORIENTED_EDGE('',*,*,#4309,.T.);
#2859=ORIENTED_EDGE('',*,*,#3178,.F.);
#2860=ORIENTED_EDGE('',*,*,#4313,.F.);
#2861=ORIENTED_EDGE('',*,*,#4314,.T.);
#2862=ORIENTED_EDGE('',*,*,#4311,.T.);
#2863=ORIENTED_EDGE('',*,*,#3177,.F.);
#2864=ORIENTED_EDGE('',*,*,#4315,.F.);
#2865=ORIENTED_EDGE('',*,*,#4316,.T.);
#2866=ORIENTED_EDGE('',*,*,#4313,.T.);
#2867=ORIENTED_EDGE('',*,*,#3176,.F.);
#2868=ORIENTED_EDGE('',*,*,#4317,.F.);
#2869=ORIENTED_EDGE('',*,*,#4318,.T.);
#2870=ORIENTED_EDGE('',*,*,#4315,.T.);
#2871=ORIENTED_EDGE('',*,*,#3175,.F.);
#2872=ORIENTED_EDGE('',*,*,#4319,.F.);
#2873=ORIENTED_EDGE('',*,*,#4320,.T.);
#2874=ORIENTED_EDGE('',*,*,#4317,.T.);
#2875=ORIENTED_EDGE('',*,*,#3174,.F.);
#2876=ORIENTED_EDGE('',*,*,#4321,.F.);
#2877=ORIENTED_EDGE('',*,*,#4322,.T.);
#2878=ORIENTED_EDGE('',*,*,#4319,.T.);
#2879=ORIENTED_EDGE('',*,*,#3173,.F.);
#2880=ORIENTED_EDGE('',*,*,#4323,.F.);
#2881=ORIENTED_EDGE('',*,*,#4324,.T.);
#2882=ORIENTED_EDGE('',*,*,#4321,.T.);
#2883=ORIENTED_EDGE('',*,*,#3172,.F.);
#2884=ORIENTED_EDGE('',*,*,#4325,.F.);
#2885=ORIENTED_EDGE('',*,*,#4326,.T.);
#2886=ORIENTED_EDGE('',*,*,#4323,.T.);
#2887=ORIENTED_EDGE('',*,*,#3171,.F.);
#2888=ORIENTED_EDGE('',*,*,#4327,.F.);
#2889=ORIENTED_EDGE('',*,*,#4328,.T.);
#2890=ORIENTED_EDGE('',*,*,#4325,.T.);
#2891=ORIENTED_EDGE('',*,*,#3170,.F.);
#2892=ORIENTED_EDGE('',*,*,#4329,.F.);
#2893=ORIENTED_EDGE('',*,*,#4330,.T.);
#2894=ORIENTED_EDGE('',*,*,#4327,.T.);
#2895=ORIENTED_EDGE('',*,*,#3169,.F.);
#2896=ORIENTED_EDGE('',*,*,#4331,.F.);
#2897=ORIENTED_EDGE('',*,*,#4332,.T.);
#2898=ORIENTED_EDGE('',*,*,#4329,.T.);
#2899=ORIENTED_EDGE('',*,*,#3168,.F.);
#2900=ORIENTED_EDGE('',*,*,#4333,.F.);
#2901=ORIENTED_EDGE('',*,*,#4334,.T.);
#2902=ORIENTED_EDGE('',*,*,#4331,.T.);
#2903=ORIENTED_EDGE('',*,*,#3167,.F.);
#2904=ORIENTED_EDGE('',*,*,#4335,.F.);
#2905=ORIENTED_EDGE('',*,*,#4336,.T.);
#2906=ORIENTED_EDGE('',*,*,#4333,.T.);
#2907=ORIENTED_EDGE('',*,*,#3166,.F.);
#2908=ORIENTED_EDGE('',*,*,#4337,.F.);
#2909=ORIENTED_EDGE('',*,*,#4338,.T.);
#2910=ORIENTED_EDGE('',*,*,#4335,.T.);
#2911=ORIENTED_EDGE('',*,*,#3165,.F.);
#2912=ORIENTED_EDGE('',*,*,#4339,.F.);
#2913=ORIENTED_EDGE('',*,*,#4340,.T.);
#2914=ORIENTED_EDGE('',*,*,#4337,.T.);
#2915=ORIENTED_EDGE('',*,*,#3164,.F.);
#2916=ORIENTED_EDGE('',*,*,#4341,.F.);
#2917=ORIENTED_EDGE('',*,*,#4342,.T.);
#2918=ORIENTED_EDGE('',*,*,#4339,.T.);
#2919=ORIENTED_EDGE('',*,*,#3163,.F.);
#2920=ORIENTED_EDGE('',*,*,#4306,.F.);
#2921=ORIENTED_EDGE('',*,*,#4343,.T.);
#2922=ORIENTED_EDGE('',*,*,#4341,.T.);
#2923=ORIENTED_EDGE('',*,*,#4344,.F.);
#2924=ORIENTED_EDGE('',*,*,#4279,.F.);
#2925=ORIENTED_EDGE('',*,*,#4345,.T.);
#2926=ORIENTED_EDGE('',*,*,#4302,.T.);
#2927=ORIENTED_EDGE('',*,*,#4305,.F.);
#2928=ORIENTED_EDGE('',*,*,#4308,.F.);
#2929=ORIENTED_EDGE('',*,*,#4310,.F.);
#2930=ORIENTED_EDGE('',*,*,#4312,.F.);
#2931=ORIENTED_EDGE('',*,*,#4314,.F.);
#2932=ORIENTED_EDGE('',*,*,#4316,.F.);
#2933=ORIENTED_EDGE('',*,*,#4318,.F.);
#2934=ORIENTED_EDGE('',*,*,#4320,.F.);
#2935=ORIENTED_EDGE('',*,*,#4322,.F.);
#2936=ORIENTED_EDGE('',*,*,#4324,.F.);
#2937=ORIENTED_EDGE('',*,*,#4326,.F.);
#2938=ORIENTED_EDGE('',*,*,#4328,.F.);
#2939=ORIENTED_EDGE('',*,*,#4330,.F.);
#2940=ORIENTED_EDGE('',*,*,#4332,.F.);
#2941=ORIENTED_EDGE('',*,*,#4334,.F.);
#2942=ORIENTED_EDGE('',*,*,#4336,.F.);
#2943=ORIENTED_EDGE('',*,*,#4338,.F.);
#2944=ORIENTED_EDGE('',*,*,#4340,.F.);
#2945=ORIENTED_EDGE('',*,*,#4342,.F.);
#2946=ORIENTED_EDGE('',*,*,#4343,.F.);
#2947=ORIENTED_EDGE('',*,*,#4278,.F.);
#2948=ORIENTED_EDGE('',*,*,#4282,.F.);
#2949=ORIENTED_EDGE('',*,*,#4285,.F.);
#2950=ORIENTED_EDGE('',*,*,#4288,.F.);
#2951=ORIENTED_EDGE('',*,*,#4291,.F.);
#2952=ORIENTED_EDGE('',*,*,#4294,.F.);
#2953=ORIENTED_EDGE('',*,*,#4297,.F.);
#2954=ORIENTED_EDGE('',*,*,#4300,.F.);
#2955=ORIENTED_EDGE('',*,*,#4303,.F.);
#2956=ORIENTED_EDGE('',*,*,#4345,.F.);
#2957=ORIENTED_EDGE('',*,*,#4346,.F.);
#2958=ORIENTED_EDGE('',*,*,#4347,.F.);
#2959=ORIENTED_EDGE('',*,*,#4348,.T.);
#2960=ORIENTED_EDGE('',*,*,#4349,.T.);
#2961=ORIENTED_EDGE('',*,*,#4350,.F.);
#2962=ORIENTED_EDGE('',*,*,#4351,.F.);
#2963=ORIENTED_EDGE('',*,*,#4352,.T.);
#2964=ORIENTED_EDGE('',*,*,#4347,.T.);
#2965=ORIENTED_EDGE('',*,*,#4353,.F.);
#2966=ORIENTED_EDGE('',*,*,#4354,.F.);
#2967=ORIENTED_EDGE('',*,*,#4355,.T.);
#2968=ORIENTED_EDGE('',*,*,#4351,.T.);
#2969=ORIENTED_EDGE('',*,*,#4356,.F.);
#2970=ORIENTED_EDGE('',*,*,#4357,.F.);
#2971=ORIENTED_EDGE('',*,*,#4358,.T.);
#2972=ORIENTED_EDGE('',*,*,#4354,.T.);
#2973=ORIENTED_EDGE('',*,*,#4359,.F.);
#2974=ORIENTED_EDGE('',*,*,#4360,.F.);
#2975=ORIENTED_EDGE('',*,*,#4361,.T.);
#2976=ORIENTED_EDGE('',*,*,#4357,.T.);
#2977=ORIENTED_EDGE('',*,*,#4362,.F.);
#2978=ORIENTED_EDGE('',*,*,#4363,.F.);
#2979=ORIENTED_EDGE('',*,*,#4364,.T.);
#2980=ORIENTED_EDGE('',*,*,#4360,.T.);
#2981=ORIENTED_EDGE('',*,*,#4365,.F.);
#2982=ORIENTED_EDGE('',*,*,#4366,.F.);
#2983=ORIENTED_EDGE('',*,*,#4367,.T.);
#2984=ORIENTED_EDGE('',*,*,#4363,.T.);
#2985=ORIENTED_EDGE('',*,*,#4368,.F.);
#2986=ORIENTED_EDGE('',*,*,#4369,.F.);
#2987=ORIENTED_EDGE('',*,*,#4370,.T.);
#2988=ORIENTED_EDGE('',*,*,#4366,.T.);
#2989=ORIENTED_EDGE('',*,*,#4371,.F.);
#2990=ORIENTED_EDGE('',*,*,#4372,.F.);
#2991=ORIENTED_EDGE('',*,*,#4373,.T.);
#2992=ORIENTED_EDGE('',*,*,#4369,.T.);
#2993=ORIENTED_EDGE('',*,*,#3485,.F.);
#2994=ORIENTED_EDGE('',*,*,#4374,.F.);
#2995=ORIENTED_EDGE('',*,*,#4375,.T.);
#2996=ORIENTED_EDGE('',*,*,#4376,.T.);
#2997=ORIENTED_EDGE('',*,*,#3494,.F.);
#2998=ORIENTED_EDGE('',*,*,#4377,.F.);
#2999=ORIENTED_EDGE('',*,*,#4378,.T.);
#3000=ORIENTED_EDGE('',*,*,#4374,.T.);
#3001=ORIENTED_EDGE('',*,*,#3493,.F.);
#3002=ORIENTED_EDGE('',*,*,#4379,.F.);
#3003=ORIENTED_EDGE('',*,*,#4380,.T.);
#3004=ORIENTED_EDGE('',*,*,#4377,.T.);
#3005=ORIENTED_EDGE('',*,*,#3492,.F.);
#3006=ORIENTED_EDGE('',*,*,#4381,.F.);
#3007=ORIENTED_EDGE('',*,*,#4382,.T.);
#3008=ORIENTED_EDGE('',*,*,#4379,.T.);
#3009=ORIENTED_EDGE('',*,*,#3491,.F.);
#3010=ORIENTED_EDGE('',*,*,#4383,.F.);
#3011=ORIENTED_EDGE('',*,*,#4384,.T.);
#3012=ORIENTED_EDGE('',*,*,#4381,.T.);
#3013=ORIENTED_EDGE('',*,*,#3490,.F.);
#3014=ORIENTED_EDGE('',*,*,#4385,.F.);
#3015=ORIENTED_EDGE('',*,*,#4386,.T.);
#3016=ORIENTED_EDGE('',*,*,#4383,.T.);
#3017=ORIENTED_EDGE('',*,*,#3489,.F.);
#3018=ORIENTED_EDGE('',*,*,#4387,.F.);
#3019=ORIENTED_EDGE('',*,*,#4388,.T.);
#3020=ORIENTED_EDGE('',*,*,#4385,.T.);
#3021=ORIENTED_EDGE('',*,*,#3488,.F.);
#3022=ORIENTED_EDGE('',*,*,#4389,.F.);
#3023=ORIENTED_EDGE('',*,*,#4390,.T.);
#3024=ORIENTED_EDGE('',*,*,#4387,.T.);
#3025=ORIENTED_EDGE('',*,*,#3487,.F.);
#3026=ORIENTED_EDGE('',*,*,#4391,.F.);
#3027=ORIENTED_EDGE('',*,*,#4392,.T.);
#3028=ORIENTED_EDGE('',*,*,#4389,.T.);
#3029=ORIENTED_EDGE('',*,*,#3486,.F.);
#3030=ORIENTED_EDGE('',*,*,#4376,.F.);
#3031=ORIENTED_EDGE('',*,*,#4393,.T.);
#3032=ORIENTED_EDGE('',*,*,#4391,.T.);
#3033=ORIENTED_EDGE('',*,*,#4394,.F.);
#3034=ORIENTED_EDGE('',*,*,#4349,.F.);
#3035=ORIENTED_EDGE('',*,*,#4395,.T.);
#3036=ORIENTED_EDGE('',*,*,#4372,.T.);
#3037=ORIENTED_EDGE('',*,*,#4375,.F.);
#3038=ORIENTED_EDGE('',*,*,#4378,.F.);
#3039=ORIENTED_EDGE('',*,*,#4380,.F.);
#3040=ORIENTED_EDGE('',*,*,#4382,.F.);
#3041=ORIENTED_EDGE('',*,*,#4384,.F.);
#3042=ORIENTED_EDGE('',*,*,#4386,.F.);
#3043=ORIENTED_EDGE('',*,*,#4388,.F.);
#3044=ORIENTED_EDGE('',*,*,#4390,.F.);
#3045=ORIENTED_EDGE('',*,*,#4392,.F.);
#3046=ORIENTED_EDGE('',*,*,#4393,.F.);
#3047=ORIENTED_EDGE('',*,*,#4348,.F.);
#3048=ORIENTED_EDGE('',*,*,#4352,.F.);
#3049=ORIENTED_EDGE('',*,*,#4355,.F.);
#3050=ORIENTED_EDGE('',*,*,#4358,.F.);
#3051=ORIENTED_EDGE('',*,*,#4361,.F.);
#3052=ORIENTED_EDGE('',*,*,#4364,.F.);
#3053=ORIENTED_EDGE('',*,*,#4367,.F.);
#3054=ORIENTED_EDGE('',*,*,#4370,.F.);
#3055=ORIENTED_EDGE('',*,*,#4373,.F.);
#3056=ORIENTED_EDGE('',*,*,#4395,.F.);
#3057=ORIENTED_EDGE('',*,*,#3158,.F.);
#3058=ORIENTED_EDGE('',*,*,#4396,.F.);
#3059=ORIENTED_EDGE('',*,*,#4397,.T.);
#3060=ORIENTED_EDGE('',*,*,#4398,.T.);
#3061=ORIENTED_EDGE('',*,*,#3161,.F.);
#3062=ORIENTED_EDGE('',*,*,#4399,.F.);
#3063=ORIENTED_EDGE('',*,*,#4400,.T.);
#3064=ORIENTED_EDGE('',*,*,#4396,.T.);
#3065=ORIENTED_EDGE('',*,*,#3160,.F.);
#3066=ORIENTED_EDGE('',*,*,#4401,.F.);
#3067=ORIENTED_EDGE('',*,*,#4402,.T.);
#3068=ORIENTED_EDGE('',*,*,#4399,.T.);
#3069=ORIENTED_EDGE('',*,*,#3159,.F.);
#3070=ORIENTED_EDGE('',*,*,#4398,.F.);
#3071=ORIENTED_EDGE('',*,*,#4403,.T.);
#3072=ORIENTED_EDGE('',*,*,#4401,.T.);
#3073=ORIENTED_EDGE('',*,*,#4397,.F.);
#3074=ORIENTED_EDGE('',*,*,#4400,.F.);
#3075=ORIENTED_EDGE('',*,*,#4402,.F.);
#3076=ORIENTED_EDGE('',*,*,#4403,.F.);
#3077=ORIENTED_EDGE('',*,*,#3495,.F.);
#3078=ORIENTED_EDGE('',*,*,#4404,.F.);
#3079=ORIENTED_EDGE('',*,*,#4405,.T.);
#3080=ORIENTED_EDGE('',*,*,#4406,.T.);
#3081=ORIENTED_EDGE('',*,*,#3498,.F.);
#3082=ORIENTED_EDGE('',*,*,#4407,.F.);
#3083=ORIENTED_EDGE('',*,*,#4408,.T.);
#3084=ORIENTED_EDGE('',*,*,#4404,.T.);
#3085=ORIENTED_EDGE('',*,*,#3497,.F.);
#3086=ORIENTED_EDGE('',*,*,#4409,.F.);
#3087=ORIENTED_EDGE('',*,*,#4410,.T.);
#3088=ORIENTED_EDGE('',*,*,#4407,.T.);
#3089=ORIENTED_EDGE('',*,*,#3496,.F.);
#3090=ORIENTED_EDGE('',*,*,#4406,.F.);
#3091=ORIENTED_EDGE('',*,*,#4411,.T.);
#3092=ORIENTED_EDGE('',*,*,#4409,.T.);
#3093=ORIENTED_EDGE('',*,*,#4405,.F.);
#3094=ORIENTED_EDGE('',*,*,#4408,.F.);
#3095=ORIENTED_EDGE('',*,*,#4410,.F.);
#3096=ORIENTED_EDGE('',*,*,#4411,.F.);
#3097=ORIENTED_EDGE('',*,*,#3623,.T.);
#3098=ORIENTED_EDGE('',*,*,#3676,.T.);
#3099=ORIENTED_EDGE('',*,*,#3639,.T.);
#3100=ORIENTED_EDGE('',*,*,#3636,.T.);
#3101=ORIENTED_EDGE('',*,*,#3633,.T.);
#3102=ORIENTED_EDGE('',*,*,#3630,.T.);
#3103=ORIENTED_EDGE('',*,*,#3627,.T.);
#3104=ORIENTED_EDGE('',*,*,#4066,.T.);
#3105=ORIENTED_EDGE('',*,*,#4114,.T.);
#3106=ORIENTED_EDGE('',*,*,#4091,.T.);
#3107=ORIENTED_EDGE('',*,*,#4088,.T.);
#3108=ORIENTED_EDGE('',*,*,#4085,.T.);
#3109=ORIENTED_EDGE('',*,*,#4082,.T.);
#3110=ORIENTED_EDGE('',*,*,#4079,.T.);
#3111=ORIENTED_EDGE('',*,*,#4076,.T.);
#3112=ORIENTED_EDGE('',*,*,#4073,.T.);
#3113=ORIENTED_EDGE('',*,*,#4070,.T.);
#3114=ORIENTED_EDGE('',*,*,#4116,.T.);
#3115=ORIENTED_EDGE('',*,*,#4169,.T.);
#3116=ORIENTED_EDGE('',*,*,#4132,.T.);
#3117=ORIENTED_EDGE('',*,*,#4129,.T.);
#3118=ORIENTED_EDGE('',*,*,#4126,.T.);
#3119=ORIENTED_EDGE('',*,*,#4123,.T.);
#3120=ORIENTED_EDGE('',*,*,#4120,.T.);
#3121=ORIENTED_EDGE('',*,*,#4171,.T.);
#3122=ORIENTED_EDGE('',*,*,#4224,.T.);
#3123=ORIENTED_EDGE('',*,*,#4187,.T.);
#3124=ORIENTED_EDGE('',*,*,#4184,.T.);
#3125=ORIENTED_EDGE('',*,*,#4181,.T.);
#3126=ORIENTED_EDGE('',*,*,#4178,.T.);
#3127=ORIENTED_EDGE('',*,*,#4175,.T.);
#3128=ORIENTED_EDGE('',*,*,#4226,.T.);
#3129=ORIENTED_EDGE('',*,*,#4274,.T.);
#3130=ORIENTED_EDGE('',*,*,#4251,.T.);
#3131=ORIENTED_EDGE('',*,*,#4248,.T.);
#3132=ORIENTED_EDGE('',*,*,#4245,.T.);
#3133=ORIENTED_EDGE('',*,*,#4242,.T.);
#3134=ORIENTED_EDGE('',*,*,#4239,.T.);
#3135=ORIENTED_EDGE('',*,*,#4236,.T.);
#3136=ORIENTED_EDGE('',*,*,#4233,.T.);
#3137=ORIENTED_EDGE('',*,*,#4230,.T.);
#3138=ORIENTED_EDGE('',*,*,#4276,.T.);
#3139=ORIENTED_EDGE('',*,*,#4344,.T.);
#3140=ORIENTED_EDGE('',*,*,#4301,.T.);
#3141=ORIENTED_EDGE('',*,*,#4298,.T.);
#3142=ORIENTED_EDGE('',*,*,#4295,.T.);
#3143=ORIENTED_EDGE('',*,*,#4292,.T.);
#3144=ORIENTED_EDGE('',*,*,#4289,.T.);
#3145=ORIENTED_EDGE('',*,*,#4286,.T.);
#3146=ORIENTED_EDGE('',*,*,#4283,.T.);
#3147=ORIENTED_EDGE('',*,*,#4280,.T.);
#3148=ORIENTED_EDGE('',*,*,#4346,.T.);
#3149=ORIENTED_EDGE('',*,*,#4394,.T.);
#3150=ORIENTED_EDGE('',*,*,#4371,.T.);
#3151=ORIENTED_EDGE('',*,*,#4368,.T.);
#3152=ORIENTED_EDGE('',*,*,#4365,.T.);
#3153=ORIENTED_EDGE('',*,*,#4362,.T.);
#3154=ORIENTED_EDGE('',*,*,#4359,.T.);
#3155=ORIENTED_EDGE('',*,*,#4356,.T.);
#3156=ORIENTED_EDGE('',*,*,#4353,.T.);
#3157=ORIENTED_EDGE('',*,*,#4350,.T.);
#3158=EDGE_CURVE('',#4412,#4413,#5250,.T.);
#3159=EDGE_CURVE('',#4413,#4414,#5251,.T.);
#3160=EDGE_CURVE('',#4414,#4415,#5252,.T.);
#3161=EDGE_CURVE('',#4415,#4412,#5253,.T.);
#3162=EDGE_CURVE('',#4416,#4417,#5254,.T.);
#3163=EDGE_CURVE('',#4417,#4418,#5255,.T.);
#3164=EDGE_CURVE('',#4418,#4419,#5256,.T.);
#3165=EDGE_CURVE('',#4419,#4420,#5257,.T.);
#3166=EDGE_CURVE('',#4420,#4421,#5258,.T.);
#3167=EDGE_CURVE('',#4421,#4422,#5259,.T.);
#3168=EDGE_CURVE('',#4422,#4423,#582,.F.);
#3169=EDGE_CURVE('',#4423,#4424,#226,.T.);
#3170=EDGE_CURVE('',#4424,#4425,#227,.T.);
#3171=EDGE_CURVE('',#4425,#4426,#228,.T.);
#3172=EDGE_CURVE('',#4426,#4427,#5260,.T.);
#3173=EDGE_CURVE('',#4427,#4428,#229,.T.);
#3174=EDGE_CURVE('',#4428,#4429,#230,.T.);
#3175=EDGE_CURVE('',#4429,#4430,#231,.T.);
#3176=EDGE_CURVE('',#4430,#4431,#583,.F.);
#3177=EDGE_CURVE('',#4431,#4432,#5261,.T.);
#3178=EDGE_CURVE('',#4432,#4433,#5262,.T.);
#3179=EDGE_CURVE('',#4433,#4434,#5263,.T.);
#3180=EDGE_CURVE('',#4434,#4435,#5264,.T.);
#3181=EDGE_CURVE('',#4435,#4416,#5265,.T.);
#3182=EDGE_CURVE('',#4436,#4437,#232,.T.);
#3183=EDGE_CURVE('',#4437,#4438,#233,.T.);
#3184=EDGE_CURVE('',#4438,#4439,#5266,.T.);
#3185=EDGE_CURVE('',#4439,#4440,#234,.T.);
#3186=EDGE_CURVE('',#4440,#4441,#235,.T.);
#3187=EDGE_CURVE('',#4441,#4442,#236,.T.);
#3188=EDGE_CURVE('',#4442,#4443,#237,.T.);
#3189=EDGE_CURVE('',#4443,#4444,#5267,.T.);
#3190=EDGE_CURVE('',#4444,#4445,#5268,.T.);
#3191=EDGE_CURVE('',#4445,#4446,#5269,.T.);
#3192=EDGE_CURVE('',#4446,#4447,#238,.T.);
#3193=EDGE_CURVE('',#4447,#4448,#239,.T.);
#3194=EDGE_CURVE('',#4448,#4449,#240,.T.);
#3195=EDGE_CURVE('',#4449,#4450,#584,.T.);
#3196=EDGE_CURVE('',#4450,#4451,#5270,.T.);
#3197=EDGE_CURVE('',#4451,#4452,#241,.T.);
#3198=EDGE_CURVE('',#4452,#4436,#242,.T.);
#3199=EDGE_CURVE('',#4453,#4454,#243,.T.);
#3200=EDGE_CURVE('',#4454,#4455,#244,.T.);
#3201=EDGE_CURVE('',#4455,#4456,#245,.T.);
#3202=EDGE_CURVE('',#4456,#4457,#246,.T.);
#3203=EDGE_CURVE('',#4457,#4458,#5271,.T.);
#3204=EDGE_CURVE('',#4458,#4459,#247,.T.);
#3205=EDGE_CURVE('',#4459,#4460,#248,.T.);
#3206=EDGE_CURVE('',#4460,#4461,#249,.T.);
#3207=EDGE_CURVE('',#4461,#4462,#250,.T.);
#3208=EDGE_CURVE('',#4462,#4453,#5272,.T.);
#3209=EDGE_CURVE('',#4463,#4464,#5273,.T.);
#3210=EDGE_CURVE('',#4464,#4465,#5274,.T.);
#3211=EDGE_CURVE('',#4465,#4466,#5275,.T.);
#3212=EDGE_CURVE('',#4466,#4467,#5276,.T.);
#3213=EDGE_CURVE('',#4467,#4468,#5277,.T.);
#3214=EDGE_CURVE('',#4468,#4469,#251,.T.);
#3215=EDGE_CURVE('',#4469,#4470,#252,.T.);
#3216=EDGE_CURVE('',#4470,#4471,#585,.T.);
#3217=EDGE_CURVE('',#4471,#4472,#586,.T.);
#3218=EDGE_CURVE('',#4472,#4473,#5278,.T.);
#3219=EDGE_CURVE('',#4473,#4474,#253,.T.);
#3220=EDGE_CURVE('',#4474,#4475,#587,.F.);
#3221=EDGE_CURVE('',#4475,#4476,#254,.T.);
#3222=EDGE_CURVE('',#4476,#4477,#255,.T.);
#3223=EDGE_CURVE('',#4477,#4478,#5279,.T.);
#3224=EDGE_CURVE('',#4478,#4479,#5280,.T.);
#3225=EDGE_CURVE('',#4479,#4480,#5281,.T.);
#3226=EDGE_CURVE('',#4480,#4481,#5282,.T.);
#3227=EDGE_CURVE('',#4481,#4482,#5283,.T.);
#3228=EDGE_CURVE('',#4482,#4463,#5284,.T.);
#3229=EDGE_CURVE('',#4483,#4484,#5285,.T.);
#3230=EDGE_CURVE('',#4484,#4485,#5286,.T.);
#3231=EDGE_CURVE('',#4485,#4486,#5287,.T.);
#3232=EDGE_CURVE('',#4486,#4487,#5288,.T.);
#3233=EDGE_CURVE('',#4487,#4488,#5289,.T.);
#3234=EDGE_CURVE('',#4488,#4489,#256,.T.);
#3235=EDGE_CURVE('',#4489,#4490,#257,.T.);
#3236=EDGE_CURVE('',#4490,#4491,#588,.T.);
#3237=EDGE_CURVE('',#4491,#4492,#589,.T.);
#3238=EDGE_CURVE('',#4492,#4493,#5290,.T.);
#3239=EDGE_CURVE('',#4493,#4494,#258,.T.);
#3240=EDGE_CURVE('',#4494,#4495,#590,.F.);
#3241=EDGE_CURVE('',#4495,#4496,#259,.T.);
#3242=EDGE_CURVE('',#4496,#4497,#260,.T.);
#3243=EDGE_CURVE('',#4497,#4498,#5291,.T.);
#3244=EDGE_CURVE('',#4498,#4499,#5292,.T.);
#3245=EDGE_CURVE('',#4499,#4500,#5293,.T.);
#3246=EDGE_CURVE('',#4500,#4501,#5294,.T.);
#3247=EDGE_CURVE('',#4501,#4502,#5295,.T.);
#3248=EDGE_CURVE('',#4502,#4483,#5296,.T.);
#3249=EDGE_CURVE('',#4503,#4504,#5297,.T.);
#3250=EDGE_CURVE('',#4504,#4505,#5298,.T.);
#3251=EDGE_CURVE('',#4505,#4506,#5299,.T.);
#3252=EDGE_CURVE('',#4506,#4507,#5300,.T.);
#3253=EDGE_CURVE('',#4507,#4508,#5301,.T.);
#3254=EDGE_CURVE('',#4508,#4509,#5302,.T.);
#3255=EDGE_CURVE('',#4509,#4510,#5303,.T.);
#3256=EDGE_CURVE('',#4510,#4511,#5304,.T.);
#3257=EDGE_CURVE('',#4511,#4512,#5305,.T.);
#3258=EDGE_CURVE('',#4512,#4513,#5306,.T.);
#3259=EDGE_CURVE('',#4513,#4514,#5307,.T.);
#3260=EDGE_CURVE('',#4514,#4503,#5308,.T.);
#3261=EDGE_CURVE('',#4515,#4516,#5309,.T.);
#3262=EDGE_CURVE('',#4516,#4517,#5310,.T.);
#3263=EDGE_CURVE('',#4517,#4518,#5311,.T.);
#3264=EDGE_CURVE('',#4518,#4519,#5312,.T.);
#3265=EDGE_CURVE('',#4519,#4520,#5313,.T.);
#3266=EDGE_CURVE('',#4520,#4521,#5314,.T.);
#3267=EDGE_CURVE('',#4521,#4522,#591,.F.);
#3268=EDGE_CURVE('',#4522,#4523,#261,.T.);
#3269=EDGE_CURVE('',#4523,#4524,#262,.T.);
#3270=EDGE_CURVE('',#4524,#4525,#263,.T.);
#3271=EDGE_CURVE('',#4525,#4526,#592,.F.);
#3272=EDGE_CURVE('',#4526,#4527,#264,.T.);
#3273=EDGE_CURVE('',#4527,#4528,#265,.T.);
#3274=EDGE_CURVE('',#4528,#4529,#266,.T.);
#3275=EDGE_CURVE('',#4529,#4530,#5315,.T.);
#3276=EDGE_CURVE('',#4530,#4531,#5316,.T.);
#3277=EDGE_CURVE('',#4531,#4532,#5317,.T.);
#3278=EDGE_CURVE('',#4532,#4533,#5318,.T.);
#3279=EDGE_CURVE('',#4533,#4534,#5319,.T.);
#3280=EDGE_CURVE('',#4534,#4535,#5320,.T.);
#3281=EDGE_CURVE('',#4535,#4536,#5321,.T.);
#3282=EDGE_CURVE('',#4536,#4537,#267,.T.);
#3283=EDGE_CURVE('',#4537,#4538,#268,.T.);
#3284=EDGE_CURVE('',#4538,#4539,#269,.T.);
#3285=EDGE_CURVE('',#4539,#4540,#270,.T.);
#3286=EDGE_CURVE('',#4540,#4541,#5322,.T.);
#3287=EDGE_CURVE('',#4541,#4542,#5323,.T.);
#3288=EDGE_CURVE('',#4542,#4543,#5324,.T.);
#3289=EDGE_CURVE('',#4543,#4544,#5325,.T.);
#3290=EDGE_CURVE('',#4544,#4545,#5326,.T.);
#3291=EDGE_CURVE('',#4545,#4546,#5327,.T.);
#3292=EDGE_CURVE('',#4546,#4547,#5328,.T.);
#3293=EDGE_CURVE('',#4547,#4548,#271,.T.);
#3294=EDGE_CURVE('',#4548,#4549,#272,.T.);
#3295=EDGE_CURVE('',#4549,#4550,#273,.T.);
#3296=EDGE_CURVE('',#4550,#4551,#274,.T.);
#3297=EDGE_CURVE('',#4551,#4552,#5329,.T.);
#3298=EDGE_CURVE('',#4552,#4553,#5330,.T.);
#3299=EDGE_CURVE('',#4553,#4554,#5331,.T.);
#3300=EDGE_CURVE('',#4554,#4555,#5332,.T.);
#3301=EDGE_CURVE('',#4555,#4515,#5333,.T.);
#3302=EDGE_CURVE('',#4556,#4557,#275,.T.);
#3303=EDGE_CURVE('',#4557,#4558,#276,.T.);
#3304=EDGE_CURVE('',#4558,#4559,#277,.T.);
#3305=EDGE_CURVE('',#4559,#4560,#278,.T.);
#3306=EDGE_CURVE('',#4560,#4561,#5334,.T.);
#3307=EDGE_CURVE('',#4561,#4562,#5335,.T.);
#3308=EDGE_CURVE('',#4562,#4563,#5336,.T.);
#3309=EDGE_CURVE('',#4563,#4564,#5337,.T.);
#3310=EDGE_CURVE('',#4564,#4565,#5338,.T.);
#3311=EDGE_CURVE('',#4565,#4566,#279,.T.);
#3312=EDGE_CURVE('',#4566,#4567,#280,.T.);
#3313=EDGE_CURVE('',#4567,#4568,#281,.T.);
#3314=EDGE_CURVE('',#4568,#4569,#282,.T.);
#3315=EDGE_CURVE('',#4569,#4570,#5339,.T.);
#3316=EDGE_CURVE('',#4570,#4571,#5340,.T.);
#3317=EDGE_CURVE('',#4571,#4572,#5341,.T.);
#3318=EDGE_CURVE('',#4572,#4573,#5342,.T.);
#3319=EDGE_CURVE('',#4573,#4574,#5343,.T.);
#3320=EDGE_CURVE('',#4574,#4575,#5344,.T.);
#3321=EDGE_CURVE('',#4575,#4576,#5345,.T.);
#3322=EDGE_CURVE('',#4576,#4577,#5346,.T.);
#3323=EDGE_CURVE('',#4577,#4556,#5347,.T.);
#3324=EDGE_CURVE('',#4578,#4579,#5348,.T.);
#3325=EDGE_CURVE('',#4579,#4580,#593,.F.);
#3326=EDGE_CURVE('',#4580,#4581,#5349,.T.);
#3327=EDGE_CURVE('',#4581,#4582,#594,.F.);
#3328=EDGE_CURVE('',#4582,#4583,#5350,.T.);
#3329=EDGE_CURVE('',#4583,#4584,#595,.F.);
#3330=EDGE_CURVE('',#4584,#4585,#5351,.T.);
#3331=EDGE_CURVE('',#4585,#4586,#596,.F.);
#3332=EDGE_CURVE('',#4586,#4587,#5352,.T.);
#3333=EDGE_CURVE('',#4587,#4588,#597,.F.);
#3334=EDGE_CURVE('',#4588,#4589,#5353,.T.);
#3335=EDGE_CURVE('',#4589,#4590,#598,.T.);
#3336=EDGE_CURVE('',#4590,#4591,#5354,.T.);
#3337=EDGE_CURVE('',#4591,#4592,#599,.T.);
#3338=EDGE_CURVE('',#4592,#4593,#5355,.T.);
#3339=EDGE_CURVE('',#4593,#4578,#600,.F.);
#3340=EDGE_CURVE('',#4594,#4595,#283,.T.);
#3341=EDGE_CURVE('',#4595,#4596,#284,.T.);
#3342=EDGE_CURVE('',#4596,#4597,#5356,.T.);
#3343=EDGE_CURVE('',#4597,#4598,#285,.T.);
#3344=EDGE_CURVE('',#4598,#4599,#286,.T.);
#3345=EDGE_CURVE('',#4599,#4600,#287,.T.);
#3346=EDGE_CURVE('',#4600,#4601,#288,.T.);
#3347=EDGE_CURVE('',#4601,#4602,#5357,.T.);
#3348=EDGE_CURVE('',#4602,#4603,#5358,.T.);
#3349=EDGE_CURVE('',#4603,#4604,#5359,.T.);
#3350=EDGE_CURVE('',#4604,#4605,#289,.T.);
#3351=EDGE_CURVE('',#4605,#4606,#290,.T.);
#3352=EDGE_CURVE('',#4606,#4607,#291,.T.);
#3353=EDGE_CURVE('',#4607,#4608,#601,.T.);
#3354=EDGE_CURVE('',#4608,#4609,#5360,.T.);
#3355=EDGE_CURVE('',#4609,#4610,#292,.T.);
#3356=EDGE_CURVE('',#4610,#4594,#293,.T.);
#3357=EDGE_CURVE('',#4611,#4612,#5361,.T.);
#3358=EDGE_CURVE('',#4612,#4613,#5362,.T.);
#3359=EDGE_CURVE('',#4613,#4614,#602,.T.);
#3360=EDGE_CURVE('',#4614,#4615,#294,.T.);
#3361=EDGE_CURVE('',#4615,#4616,#295,.T.);
#3362=EDGE_CURVE('',#4616,#4617,#296,.T.);
#3363=EDGE_CURVE('',#4617,#4618,#5363,.T.);
#3364=EDGE_CURVE('',#4618,#4619,#297,.T.);
#3365=EDGE_CURVE('',#4619,#4620,#298,.T.);
#3366=EDGE_CURVE('',#4620,#4621,#299,.T.);
#3367=EDGE_CURVE('',#4621,#4622,#300,.T.);
#3368=EDGE_CURVE('',#4622,#4623,#5364,.T.);
#3369=EDGE_CURVE('',#4623,#4624,#5365,.T.);
#3370=EDGE_CURVE('',#4624,#4625,#5366,.T.);
#3371=EDGE_CURVE('',#4625,#4626,#301,.T.);
#3372=EDGE_CURVE('',#4626,#4627,#302,.T.);
#3373=EDGE_CURVE('',#4627,#4628,#303,.T.);
#3374=EDGE_CURVE('',#4628,#4629,#304,.T.);
#3375=EDGE_CURVE('',#4629,#4630,#5367,.T.);
#3376=EDGE_CURVE('',#4630,#4631,#305,.T.);
#3377=EDGE_CURVE('',#4631,#4632,#306,.T.);
#3378=EDGE_CURVE('',#4632,#4633,#307,.T.);
#3379=EDGE_CURVE('',#4633,#4634,#308,.T.);
#3380=EDGE_CURVE('',#4634,#4611,#5368,.T.);
#3381=EDGE_CURVE('',#4635,#4636,#5369,.T.);
#3382=EDGE_CURVE('',#4636,#4637,#5370,.T.);
#3383=EDGE_CURVE('',#4637,#4638,#5371,.T.);
#3384=EDGE_CURVE('',#4638,#4639,#309,.T.);
#3385=EDGE_CURVE('',#4639,#4640,#310,.T.);
#3386=EDGE_CURVE('',#4640,#4641,#603,.F.);
#3387=EDGE_CURVE('',#4641,#4642,#604,.F.);
#3388=EDGE_CURVE('',#4642,#4643,#5372,.T.);
#3389=EDGE_CURVE('',#4643,#4644,#5373,.T.);
#3390=EDGE_CURVE('',#4644,#4645,#311,.T.);
#3391=EDGE_CURVE('',#4645,#4646,#312,.T.);
#3392=EDGE_CURVE('',#4646,#4647,#5374,.T.);
#3393=EDGE_CURVE('',#4647,#4648,#5375,.T.);
#3394=EDGE_CURVE('',#4648,#4649,#5376,.T.);
#3395=EDGE_CURVE('',#4649,#4650,#5377,.T.);
#3396=EDGE_CURVE('',#4650,#4651,#5378,.T.);
#3397=EDGE_CURVE('',#4651,#4652,#5379,.T.);
#3398=EDGE_CURVE('',#4652,#4653,#5380,.T.);
#3399=EDGE_CURVE('',#4653,#4635,#5381,.T.);
#3400=EDGE_CURVE('',#4654,#4655,#5382,.T.);
#3401=EDGE_CURVE('',#4655,#4656,#5383,.T.);
#3402=EDGE_CURVE('',#4656,#4657,#313,.T.);
#3403=EDGE_CURVE('',#4657,#4658,#314,.T.);
#3404=EDGE_CURVE('',#4658,#4659,#315,.T.);
#3405=EDGE_CURVE('',#4659,#4660,#316,.T.);
#3406=EDGE_CURVE('',#4660,#4661,#317,.T.);
#3407=EDGE_CURVE('',#4661,#4662,#318,.T.);
#3408=EDGE_CURVE('',#4662,#4663,#319,.T.);
#3409=EDGE_CURVE('',#4663,#4664,#320,.T.);
#3410=EDGE_CURVE('',#4664,#4665,#321,.T.);
#3411=EDGE_CURVE('',#4665,#4666,#322,.T.);
#3412=EDGE_CURVE('',#4666,#4667,#323,.T.);
#3413=EDGE_CURVE('',#4667,#4668,#605,.F.);
#3414=EDGE_CURVE('',#4668,#4669,#5384,.T.);
#3415=EDGE_CURVE('',#4669,#4670,#5385,.T.);
#3416=EDGE_CURVE('',#4670,#4671,#5386,.T.);
#3417=EDGE_CURVE('',#4671,#4672,#324,.T.);
#3418=EDGE_CURVE('',#4672,#4673,#606,.T.);
#3419=EDGE_CURVE('',#4673,#4674,#325,.T.);
#3420=EDGE_CURVE('',#4674,#4675,#326,.T.);
#3421=EDGE_CURVE('',#4675,#4676,#607,.T.);
#3422=EDGE_CURVE('',#4676,#4677,#327,.T.);
#3423=EDGE_CURVE('',#4677,#4678,#328,.T.);
#3424=EDGE_CURVE('',#4678,#4679,#329,.T.);
#3425=EDGE_CURVE('',#4679,#4680,#330,.T.);
#3426=EDGE_CURVE('',#4680,#4681,#331,.T.);
#3427=EDGE_CURVE('',#4681,#4682,#332,.T.);
#3428=EDGE_CURVE('',#4682,#4683,#333,.T.);
#3429=EDGE_CURVE('',#4683,#4654,#5387,.T.);
#3430=EDGE_CURVE('',#4684,#4685,#5388,.T.);
#3431=EDGE_CURVE('',#4685,#4686,#5389,.T.);
#3432=EDGE_CURVE('',#4686,#4687,#5390,.T.);
#3433=EDGE_CURVE('',#4687,#4688,#5391,.T.);
#3434=EDGE_CURVE('',#4688,#4689,#5392,.T.);
#3435=EDGE_CURVE('',#4689,#4690,#5393,.T.);
#3436=EDGE_CURVE('',#4690,#4691,#5394,.T.);
#3437=EDGE_CURVE('',#4691,#4692,#5395,.T.);
#3438=EDGE_CURVE('',#4692,#4693,#5396,.T.);
#3439=EDGE_CURVE('',#4693,#4694,#5397,.T.);
#3440=EDGE_CURVE('',#4694,#4695,#5398,.T.);
#3441=EDGE_CURVE('',#4695,#4696,#5399,.T.);
#3442=EDGE_CURVE('',#4696,#4697,#5400,.T.);
#3443=EDGE_CURVE('',#4697,#4698,#5401,.T.);
#3444=EDGE_CURVE('',#4698,#4699,#5402,.T.);
#3445=EDGE_CURVE('',#4699,#4700,#5403,.T.);
#3446=EDGE_CURVE('',#4700,#4701,#5404,.T.);
#3447=EDGE_CURVE('',#4701,#4702,#5405,.T.);
#3448=EDGE_CURVE('',#4702,#4703,#5406,.T.);
#3449=EDGE_CURVE('',#4703,#4704,#5407,.T.);
#3450=EDGE_CURVE('',#4704,#4705,#5408,.T.);
#3451=EDGE_CURVE('',#4705,#4706,#5409,.T.);
#3452=EDGE_CURVE('',#4706,#4707,#5410,.T.);
#3453=EDGE_CURVE('',#4707,#4708,#5411,.T.);
#3454=EDGE_CURVE('',#4708,#4709,#5412,.T.);
#3455=EDGE_CURVE('',#4709,#4710,#5413,.T.);
#3456=EDGE_CURVE('',#4710,#4711,#5414,.T.);
#3457=EDGE_CURVE('',#4711,#4684,#5415,.T.);
#3458=EDGE_CURVE('',#4712,#4713,#334,.T.);
#3459=EDGE_CURVE('',#4713,#4714,#335,.T.);
#3460=EDGE_CURVE('',#4714,#4715,#5416,.T.);
#3461=EDGE_CURVE('',#4715,#4716,#336,.T.);
#3462=EDGE_CURVE('',#4716,#4717,#337,.T.);
#3463=EDGE_CURVE('',#4717,#4718,#338,.T.);
#3464=EDGE_CURVE('',#4718,#4719,#339,.T.);
#3465=EDGE_CURVE('',#4719,#4720,#5417,.T.);
#3466=EDGE_CURVE('',#4720,#4721,#5418,.T.);
#3467=EDGE_CURVE('',#4721,#4722,#5419,.T.);
#3468=EDGE_CURVE('',#4722,#4723,#340,.T.);
#3469=EDGE_CURVE('',#4723,#4724,#341,.T.);
#3470=EDGE_CURVE('',#4724,#4725,#342,.T.);
#3471=EDGE_CURVE('',#4725,#4726,#608,.T.);
#3472=EDGE_CURVE('',#4726,#4727,#5420,.T.);
#3473=EDGE_CURVE('',#4727,#4728,#343,.T.);
#3474=EDGE_CURVE('',#4728,#4712,#344,.T.);
#3475=EDGE_CURVE('',#4729,#4730,#345,.T.);
#3476=EDGE_CURVE('',#4730,#4731,#346,.T.);
#3477=EDGE_CURVE('',#4731,#4732,#347,.T.);
#3478=EDGE_CURVE('',#4732,#4733,#348,.T.);
#3479=EDGE_CURVE('',#4733,#4734,#5421,.T.);
#3480=EDGE_CURVE('',#4734,#4735,#349,.T.);
#3481=EDGE_CURVE('',#4735,#4736,#350,.T.);
#3482=EDGE_CURVE('',#4736,#4737,#351,.T.);
#3483=EDGE_CURVE('',#4737,#4738,#352,.T.);
#3484=EDGE_CURVE('',#4738,#4729,#5422,.T.);
#3485=EDGE_CURVE('',#4739,#4740,#353,.T.);
#3486=EDGE_CURVE('',#4740,#4741,#354,.T.);
#3487=EDGE_CURVE('',#4741,#4742,#355,.T.);
#3488=EDGE_CURVE('',#4742,#4743,#356,.T.);
#3489=EDGE_CURVE('',#4743,#4744,#5423,.T.);
#3490=EDGE_CURVE('',#4744,#4745,#357,.T.);
#3491=EDGE_CURVE('',#4745,#4746,#358,.T.);
#3492=EDGE_CURVE('',#4746,#4747,#359,.T.);
#3493=EDGE_CURVE('',#4747,#4748,#360,.T.);
#3494=EDGE_CURVE('',#4748,#4739,#5424,.T.);
#3495=EDGE_CURVE('',#4749,#4750,#5425,.T.);
#3496=EDGE_CURVE('',#4750,#4751,#5426,.T.);
#3497=EDGE_CURVE('',#4751,#4752,#5427,.T.);
#3498=EDGE_CURVE('',#4752,#4749,#5428,.T.);
#3499=EDGE_CURVE('',#4580,#4753,#5429,.T.);
#3500=EDGE_CURVE('',#4754,#4753,#5430,.T.);
#3501=EDGE_CURVE('',#4754,#4755,#5431,.F.);
#3502=EDGE_CURVE('',#4756,#4755,#5432,.T.);
#3503=EDGE_CURVE('',#4756,#4581,#5433,.F.);
#3504=EDGE_CURVE('',#4757,#4758,#5434,.T.);
#3505=EDGE_CURVE('',#4757,#4759,#5435,.T.);
#3506=EDGE_CURVE('',#4759,#4760,#5436,.T.);
#3507=EDGE_CURVE('',#4760,#4758,#5437,.T.);
#3508=EDGE_CURVE('',#4761,#4762,#5438,.T.);
#3509=EDGE_CURVE('',#4762,#4763,#5439,.T.);
#3510=EDGE_CURVE('',#4764,#4763,#5440,.T.);
#3511=EDGE_CURVE('',#4761,#4764,#5441,.T.);
#3512=EDGE_CURVE('',#4759,#4765,#609,.T.);
#3513=EDGE_CURVE('',#4765,#4754,#610,.T.);
#3514=EDGE_CURVE('',#4753,#4766,#611,.T.);
#3515=EDGE_CURVE('',#4766,#4767,#5442,.T.);
#3516=EDGE_CURVE('',#4767,#4768,#612,.T.);
#3517=EDGE_CURVE('',#4768,#4769,#5443,.T.);
#3518=EDGE_CURVE('',#4769,#4770,#613,.F.);
#3519=EDGE_CURVE('',#4770,#4771,#5444,.T.);
#3520=EDGE_CURVE('',#4771,#4772,#614,.F.);
#3521=EDGE_CURVE('',#4772,#4773,#5445,.T.);
#3522=EDGE_CURVE('',#4773,#4774,#615,.T.);
#3523=EDGE_CURVE('',#4774,#4775,#5446,.T.);
#3524=EDGE_CURVE('',#4775,#4776,#616,.T.);
#3525=EDGE_CURVE('',#4776,#4777,#5447,.T.);
#3526=EDGE_CURVE('',#4777,#4778,#617,.T.);
#3527=EDGE_CURVE('',#4778,#4779,#5448,.T.);
#3528=EDGE_CURVE('',#4779,#4780,#618,.T.);
#3529=EDGE_CURVE('',#4762,#4780,#5449,.T.);
#3530=EDGE_CURVE('',#4781,#4761,#5450,.T.);
#3531=EDGE_CURVE('',#4782,#4781,#5451,.T.);
#3532=EDGE_CURVE('',#4783,#4782,#5452,.T.);
#3533=EDGE_CURVE('',#4784,#4783,#5453,.T.);
#3534=EDGE_CURVE('',#4785,#4784,#5454,.T.);
#3535=EDGE_CURVE('',#4760,#4785,#5455,.T.);
#3536=EDGE_CURVE('',#4776,#4585,#5456,.F.);
#3537=EDGE_CURVE('',#4584,#4777,#5457,.T.);
#3538=EDGE_CURVE('',#4778,#4583,#5458,.F.);
#3539=EDGE_CURVE('',#4582,#4786,#5459,.T.);
#3540=EDGE_CURVE('',#4786,#4787,#5460,.T.);
#3541=EDGE_CURVE('',#4787,#4779,#5461,.T.);
#3542=EDGE_CURVE('',#4766,#4579,#5462,.F.);
#3543=EDGE_CURVE('',#4578,#4767,#5463,.T.);
#3544=EDGE_CURVE('',#4768,#4593,#5464,.F.);
#3545=EDGE_CURVE('',#4592,#4769,#5465,.T.);
#3546=EDGE_CURVE('',#4770,#4591,#5466,.F.);
#3547=EDGE_CURVE('',#4590,#4771,#5467,.T.);
#3548=EDGE_CURVE('',#4772,#4589,#5468,.F.);
#3549=EDGE_CURVE('',#4588,#4773,#5469,.T.);
#3550=EDGE_CURVE('',#4774,#4587,#5470,.F.);
#3551=EDGE_CURVE('',#4586,#4775,#5471,.T.);
#3552=EDGE_CURVE('',#4788,#4764,#5472,.T.);
#3553=EDGE_CURVE('',#4781,#4788,#5473,.T.);
#3554=EDGE_CURVE('',#4789,#4788,#5474,.T.);
#3555=EDGE_CURVE('',#4782,#4789,#5475,.T.);
#3556=EDGE_CURVE('',#4790,#4789,#5476,.T.);
#3557=EDGE_CURVE('',#4783,#4790,#5477,.T.);
#3558=EDGE_CURVE('',#4791,#4790,#5478,.T.);
#3559=EDGE_CURVE('',#4784,#4791,#5479,.T.);
#3560=EDGE_CURVE('',#4792,#4791,#5480,.T.);
#3561=EDGE_CURVE('',#4785,#4792,#5481,.T.);
#3562=EDGE_CURVE('',#4758,#4792,#5482,.T.);
#3563=EDGE_CURVE('',#4786,#4793,#619,.T.);
#3564=EDGE_CURVE('',#4794,#4793,#5483,.T.);
#3565=EDGE_CURVE('',#4794,#4795,#620,.F.);
#3566=EDGE_CURVE('',#4795,#4757,#621,.F.);
#3567=EDGE_CURVE('',#4763,#4796,#5484,.T.);
#3568=EDGE_CURVE('',#4796,#4787,#622,.F.);
#3569=EDGE_CURVE('',#4797,#4797,#623,.F.);
#3570=EDGE_CURVE('',#4798,#4798,#624,.F.);
#3571=EDGE_CURVE('',#4799,#4799,#625,.F.);
#3572=EDGE_CURVE('',#4800,#4800,#626,.T.);
#3573=EDGE_CURVE('',#4801,#4801,#627,.T.);
#3574=EDGE_CURVE('',#4802,#4802,#628,.T.);
#3575=EDGE_CURVE('',#4793,#4756,#190,.T.);
#3576=EDGE_CURVE('',#4755,#4794,#191,.F.);
#3577=EDGE_CURVE('',#4780,#4796,#5485,.F.);
#3578=EDGE_CURVE('',#4765,#4795,#5486,.F.);
#3579=EDGE_CURVE('',#4803,#4556,#5487,.T.);
#3580=EDGE_CURVE('',#4803,#4804,#361,.T.);
#3581=EDGE_CURVE('',#4804,#4557,#5488,.T.);
#3582=EDGE_CURVE('',#4805,#4577,#5489,.T.);
#3583=EDGE_CURVE('',#4805,#4803,#5490,.T.);
#3584=EDGE_CURVE('',#4806,#4576,#5491,.T.);
#3585=EDGE_CURVE('',#4806,#4805,#5492,.T.);
#3586=EDGE_CURVE('',#4807,#4575,#5493,.T.);
#3587=EDGE_CURVE('',#4807,#4806,#5494,.T.);
#3588=EDGE_CURVE('',#4808,#4574,#5495,.T.);
#3589=EDGE_CURVE('',#4808,#4807,#5496,.T.);
#3590=EDGE_CURVE('',#4809,#4573,#5497,.T.);
#3591=EDGE_CURVE('',#4809,#4808,#5498,.T.);
#3592=EDGE_CURVE('',#4810,#4572,#5499,.T.);
#3593=EDGE_CURVE('',#4810,#4809,#5500,.T.);
#3594=EDGE_CURVE('',#4811,#4571,#5501,.T.);
#3595=EDGE_CURVE('',#4811,#4810,#5502,.T.);
#3596=EDGE_CURVE('',#4812,#4570,#5503,.T.);
#3597=EDGE_CURVE('',#4812,#4811,#5504,.T.);
#3598=EDGE_CURVE('',#4813,#4569,#5505,.T.);
#3599=EDGE_CURVE('',#4813,#4812,#5506,.T.);
#3600=EDGE_CURVE('',#4814,#4568,#5507,.T.);
#3601=EDGE_CURVE('',#4814,#4813,#362,.T.);
#3602=EDGE_CURVE('',#4815,#4567,#5508,.T.);
#3603=EDGE_CURVE('',#4815,#4814,#363,.T.);
#3604=EDGE_CURVE('',#4816,#4566,#5509,.T.);
#3605=EDGE_CURVE('',#4816,#4815,#364,.T.);
#3606=EDGE_CURVE('',#4817,#4565,#5510,.T.);
#3607=EDGE_CURVE('',#4817,#4816,#365,.T.);
#3608=EDGE_CURVE('',#4818,#4564,#5511,.T.);
#3609=EDGE_CURVE('',#4818,#4817,#5512,.T.);
#3610=EDGE_CURVE('',#4819,#4563,#5513,.T.);
#3611=EDGE_CURVE('',#4819,#4818,#5514,.T.);
#3612=EDGE_CURVE('',#4820,#4562,#5515,.T.);
#3613=EDGE_CURVE('',#4820,#4819,#5516,.T.);
#3614=EDGE_CURVE('',#4821,#4561,#5517,.T.);
#3615=EDGE_CURVE('',#4821,#4820,#5518,.T.);
#3616=EDGE_CURVE('',#4822,#4560,#5519,.T.);
#3617=EDGE_CURVE('',#4822,#4821,#5520,.T.);
#3618=EDGE_CURVE('',#4823,#4559,#5521,.T.);
#3619=EDGE_CURVE('',#4823,#4822,#366,.T.);
#3620=EDGE_CURVE('',#4824,#4558,#5522,.T.);
#3621=EDGE_CURVE('',#4824,#4823,#367,.T.);
#3622=EDGE_CURVE('',#4804,#4824,#368,.T.);
#3623=EDGE_CURVE('',#4825,#4826,#369,.T.);
#3624=EDGE_CURVE('',#4827,#4825,#5523,.T.);
#3625=EDGE_CURVE('',#4827,#4828,#370,.T.);
#3626=EDGE_CURVE('',#4828,#4826,#5524,.T.);
#3627=EDGE_CURVE('',#4829,#4825,#371,.T.);
#3628=EDGE_CURVE('',#4830,#4829,#5525,.T.);
#3629=EDGE_CURVE('',#4830,#4827,#372,.T.);
#3630=EDGE_CURVE('',#4831,#4829,#373,.T.);
#3631=EDGE_CURVE('',#4832,#4831,#5526,.T.);
#3632=EDGE_CURVE('',#4832,#4830,#374,.T.);
#3633=EDGE_CURVE('',#4833,#4831,#5527,.T.);
#3634=EDGE_CURVE('',#4834,#4833,#5528,.T.);
#3635=EDGE_CURVE('',#4834,#4832,#5529,.T.);
#3636=EDGE_CURVE('',#4835,#4833,#5530,.T.);
#3637=EDGE_CURVE('',#4836,#4835,#5531,.T.);
#3638=EDGE_CURVE('',#4836,#4834,#5532,.T.);
#3639=EDGE_CURVE('',#4837,#4835,#5533,.T.);
#3640=EDGE_CURVE('',#4838,#4837,#5534,.T.);
#3641=EDGE_CURVE('',#4838,#4836,#5535,.T.);
#3642=EDGE_CURVE('',#4839,#4594,#5536,.T.);
#3643=EDGE_CURVE('',#4839,#4840,#375,.T.);
#3644=EDGE_CURVE('',#4840,#4595,#5537,.T.);
#3645=EDGE_CURVE('',#4841,#4610,#5538,.T.);
#3646=EDGE_CURVE('',#4841,#4839,#376,.T.);
#3647=EDGE_CURVE('',#4842,#4609,#5539,.T.);
#3648=EDGE_CURVE('',#4842,#4841,#377,.T.);
#3649=EDGE_CURVE('',#4843,#4608,#5540,.T.);
#3650=EDGE_CURVE('',#4843,#4842,#5541,.T.);
#3651=EDGE_CURVE('',#4844,#4607,#5542,.T.);
#3652=EDGE_CURVE('',#4844,#4843,#629,.T.);
#3653=EDGE_CURVE('',#4845,#4606,#5543,.T.);
#3654=EDGE_CURVE('',#4845,#4844,#378,.T.);
#3655=EDGE_CURVE('',#4846,#4605,#5544,.T.);
#3656=EDGE_CURVE('',#4846,#4845,#379,.T.);
#3657=EDGE_CURVE('',#4847,#4604,#5545,.T.);
#3658=EDGE_CURVE('',#4847,#4846,#380,.T.);
#3659=EDGE_CURVE('',#4848,#4603,#5546,.T.);
#3660=EDGE_CURVE('',#4848,#4847,#5547,.T.);
#3661=EDGE_CURVE('',#4849,#4602,#5548,.T.);
#3662=EDGE_CURVE('',#4849,#4848,#5549,.T.);
#3663=EDGE_CURVE('',#4850,#4601,#5550,.T.);
#3664=EDGE_CURVE('',#4850,#4849,#5551,.T.);
#3665=EDGE_CURVE('',#4851,#4600,#5552,.T.);
#3666=EDGE_CURVE('',#4851,#4850,#381,.T.);
#3667=EDGE_CURVE('',#4852,#4599,#5553,.T.);
#3668=EDGE_CURVE('',#4852,#4851,#382,.T.);
#3669=EDGE_CURVE('',#4853,#4598,#5554,.T.);
#3670=EDGE_CURVE('',#4853,#4852,#383,.T.);
#3671=EDGE_CURVE('',#4854,#4597,#5555,.T.);
#3672=EDGE_CURVE('',#4854,#4853,#384,.T.);
#3673=EDGE_CURVE('',#4855,#4596,#5556,.T.);
#3674=EDGE_CURVE('',#4855,#4854,#5557,.T.);
#3675=EDGE_CURVE('',#4840,#4855,#385,.T.);
#3676=EDGE_CURVE('',#4826,#4837,#386,.T.);
#3677=EDGE_CURVE('',#4828,#4838,#387,.T.);
#3678=EDGE_CURVE('',#4856,#4515,#5558,.T.);
#3679=EDGE_CURVE('',#4856,#4857,#5559,.T.);
#3680=EDGE_CURVE('',#4857,#4516,#5560,.T.);
#3681=EDGE_CURVE('',#4858,#4555,#5561,.T.);
#3682=EDGE_CURVE('',#4858,#4856,#5562,.T.);
#3683=EDGE_CURVE('',#4859,#4554,#5563,.T.);
#3684=EDGE_CURVE('',#4859,#4858,#5564,.T.);
#3685=EDGE_CURVE('',#4860,#4553,#5565,.T.);
#3686=EDGE_CURVE('',#4860,#4859,#5566,.T.);
#3687=EDGE_CURVE('',#4861,#4552,#5567,.T.);
#3688=EDGE_CURVE('',#4861,#4860,#5568,.T.);
#3689=EDGE_CURVE('',#4862,#4551,#5569,.T.);
#3690=EDGE_CURVE('',#4862,#4861,#5570,.T.);
#3691=EDGE_CURVE('',#4863,#4550,#5571,.T.);
#3692=EDGE_CURVE('',#4863,#4862,#388,.T.);
#3693=EDGE_CURVE('',#4864,#4549,#5572,.T.);
#3694=EDGE_CURVE('',#4864,#4863,#389,.T.);
#3695=EDGE_CURVE('',#4865,#4548,#5573,.T.);
#3696=EDGE_CURVE('',#4865,#4864,#390,.T.);
#3697=EDGE_CURVE('',#4866,#4547,#5574,.T.);
#3698=EDGE_CURVE('',#4866,#4865,#391,.T.);
#3699=EDGE_CURVE('',#4867,#4546,#5575,.T.);
#3700=EDGE_CURVE('',#4867,#4866,#5576,.T.);
#3701=EDGE_CURVE('',#4868,#4545,#5577,.T.);
#3702=EDGE_CURVE('',#4868,#4867,#5578,.T.);
#3703=EDGE_CURVE('',#4869,#4544,#5579,.T.);
#3704=EDGE_CURVE('',#4869,#4868,#5580,.T.);
#3705=EDGE_CURVE('',#4870,#4543,#5581,.T.);
#3706=EDGE_CURVE('',#4870,#4869,#5582,.T.);
#3707=EDGE_CURVE('',#4871,#4542,#5583,.T.);
#3708=EDGE_CURVE('',#4871,#4870,#5584,.T.);
#3709=EDGE_CURVE('',#4872,#4541,#5585,.T.);
#3710=EDGE_CURVE('',#4872,#4871,#5586,.T.);
#3711=EDGE_CURVE('',#4873,#4540,#5587,.T.);
#3712=EDGE_CURVE('',#4873,#4872,#5588,.T.);
#3713=EDGE_CURVE('',#4874,#4539,#5589,.T.);
#3714=EDGE_CURVE('',#4874,#4873,#392,.T.);
#3715=EDGE_CURVE('',#4875,#4538,#5590,.T.);
#3716=EDGE_CURVE('',#4875,#4874,#393,.T.);
#3717=EDGE_CURVE('',#4876,#4537,#5591,.T.);
#3718=EDGE_CURVE('',#4876,#4875,#394,.T.);
#3719=EDGE_CURVE('',#4877,#4536,#5592,.T.);
#3720=EDGE_CURVE('',#4877,#4876,#395,.T.);
#3721=EDGE_CURVE('',#4878,#4535,#5593,.T.);
#3722=EDGE_CURVE('',#4878,#4877,#5594,.T.);
#3723=EDGE_CURVE('',#4879,#4534,#5595,.T.);
#3724=EDGE_CURVE('',#4879,#4878,#5596,.T.);
#3725=EDGE_CURVE('',#4880,#4533,#5597,.T.);
#3726=EDGE_CURVE('',#4880,#4879,#5598,.T.);
#3727=EDGE_CURVE('',#4881,#4532,#5599,.T.);
#3728=EDGE_CURVE('',#4881,#4880,#5600,.T.);
#3729=EDGE_CURVE('',#4882,#4531,#5601,.T.);
#3730=EDGE_CURVE('',#4882,#4881,#5602,.T.);
#3731=EDGE_CURVE('',#4883,#4530,#5603,.T.);
#3732=EDGE_CURVE('',#4883,#4882,#5604,.T.);
#3733=EDGE_CURVE('',#4884,#4529,#5605,.T.);
#3734=EDGE_CURVE('',#4884,#4883,#5606,.T.);
#3735=EDGE_CURVE('',#4885,#4528,#5607,.T.);
#3736=EDGE_CURVE('',#4885,#4884,#396,.T.);
#3737=EDGE_CURVE('',#4886,#4527,#5608,.T.);
#3738=EDGE_CURVE('',#4886,#4885,#397,.T.);
#3739=EDGE_CURVE('',#4887,#4526,#5609,.T.);
#3740=EDGE_CURVE('',#4887,#4886,#398,.T.);
#3741=EDGE_CURVE('',#4888,#4525,#5610,.T.);
#3742=EDGE_CURVE('',#4888,#4887,#630,.F.);
#3743=EDGE_CURVE('',#4889,#4524,#5611,.T.);
#3744=EDGE_CURVE('',#4889,#4888,#399,.T.);
#3745=EDGE_CURVE('',#4890,#4523,#5612,.T.);
#3746=EDGE_CURVE('',#4890,#4889,#400,.T.);
#3747=EDGE_CURVE('',#4891,#4522,#5613,.T.);
#3748=EDGE_CURVE('',#4891,#4890,#401,.T.);
#3749=EDGE_CURVE('',#4892,#4521,#5614,.T.);
#3750=EDGE_CURVE('',#4892,#4891,#631,.F.);
#3751=EDGE_CURVE('',#4893,#4520,#5615,.T.);
#3752=EDGE_CURVE('',#4893,#4892,#5616,.T.);
#3753=EDGE_CURVE('',#4894,#4519,#5617,.T.);
#3754=EDGE_CURVE('',#4894,#4893,#5618,.T.);
#3755=EDGE_CURVE('',#4895,#4518,#5619,.T.);
#3756=EDGE_CURVE('',#4895,#4894,#5620,.T.);
#3757=EDGE_CURVE('',#4896,#4517,#5621,.T.);
#3758=EDGE_CURVE('',#4896,#4895,#5622,.T.);
#3759=EDGE_CURVE('',#4857,#4896,#5623,.T.);
#3760=EDGE_CURVE('',#4897,#4611,#5624,.T.);
#3761=EDGE_CURVE('',#4897,#4898,#5625,.T.);
#3762=EDGE_CURVE('',#4898,#4612,#5626,.T.);
#3763=EDGE_CURVE('',#4899,#4634,#5627,.T.);
#3764=EDGE_CURVE('',#4899,#4897,#5628,.T.);
#3765=EDGE_CURVE('',#4900,#4633,#5629,.T.);
#3766=EDGE_CURVE('',#4900,#4899,#402,.T.);
#3767=EDGE_CURVE('',#4901,#4632,#5630,.T.);
#3768=EDGE_CURVE('',#4901,#4900,#403,.T.);
#3769=EDGE_CURVE('',#4902,#4631,#5631,.T.);
#3770=EDGE_CURVE('',#4902,#4901,#404,.T.);
#3771=EDGE_CURVE('',#4903,#4630,#5632,.T.);
#3772=EDGE_CURVE('',#4903,#4902,#405,.T.);
#3773=EDGE_CURVE('',#4904,#4629,#5633,.T.);
#3774=EDGE_CURVE('',#4904,#4903,#5634,.T.);
#3775=EDGE_CURVE('',#4905,#4628,#5635,.T.);
#3776=EDGE_CURVE('',#4905,#4904,#406,.T.);
#3777=EDGE_CURVE('',#4906,#4627,#5636,.T.);
#3778=EDGE_CURVE('',#4906,#4905,#407,.T.);
#3779=EDGE_CURVE('',#4907,#4626,#5637,.T.);
#3780=EDGE_CURVE('',#4907,#4906,#408,.T.);
#3781=EDGE_CURVE('',#4908,#4625,#5638,.T.);
#3782=EDGE_CURVE('',#4908,#4907,#409,.T.);
#3783=EDGE_CURVE('',#4909,#4624,#5639,.T.);
#3784=EDGE_CURVE('',#4909,#4908,#5640,.T.);
#3785=EDGE_CURVE('',#4910,#4623,#5641,.T.);
#3786=EDGE_CURVE('',#4910,#4909,#5642,.T.);
#3787=EDGE_CURVE('',#4911,#4622,#5643,.T.);
#3788=EDGE_CURVE('',#4911,#4910,#5644,.T.);
#3789=EDGE_CURVE('',#4912,#4621,#5645,.T.);
#3790=EDGE_CURVE('',#4912,#4911,#410,.T.);
#3791=EDGE_CURVE('',#4913,#4620,#5646,.T.);
#3792=EDGE_CURVE('',#4913,#4912,#411,.T.);
#3793=EDGE_CURVE('',#4914,#4619,#5647,.T.);
#3794=EDGE_CURVE('',#4914,#4913,#412,.T.);
#3795=EDGE_CURVE('',#4915,#4618,#5648,.T.);
#3796=EDGE_CURVE('',#4915,#4914,#413,.T.);
#3797=EDGE_CURVE('',#4916,#4617,#5649,.T.);
#3798=EDGE_CURVE('',#4916,#4915,#5650,.T.);
#3799=EDGE_CURVE('',#4917,#4616,#5651,.T.);
#3800=EDGE_CURVE('',#4917,#4916,#414,.T.);
#3801=EDGE_CURVE('',#4918,#4615,#5652,.T.);
#3802=EDGE_CURVE('',#4918,#4917,#415,.T.);
#3803=EDGE_CURVE('',#4919,#4614,#5653,.T.);
#3804=EDGE_CURVE('',#4919,#4918,#416,.T.);
#3805=EDGE_CURVE('',#4920,#4613,#5654,.T.);
#3806=EDGE_CURVE('',#4920,#4919,#632,.T.);
#3807=EDGE_CURVE('',#4898,#4920,#5655,.T.);
#3808=EDGE_CURVE('',#4921,#4503,#5656,.T.);
#3809=EDGE_CURVE('',#4921,#4922,#5657,.T.);
#3810=EDGE_CURVE('',#4922,#4504,#5658,.T.);
#3811=EDGE_CURVE('',#4923,#4514,#5659,.T.);
#3812=EDGE_CURVE('',#4923,#4921,#5660,.T.);
#3813=EDGE_CURVE('',#4924,#4513,#5661,.T.);
#3814=EDGE_CURVE('',#4924,#4923,#5662,.T.);
#3815=EDGE_CURVE('',#4925,#4512,#5663,.T.);
#3816=EDGE_CURVE('',#4925,#4924,#5664,.T.);
#3817=EDGE_CURVE('',#4926,#4511,#5665,.T.);
#3818=EDGE_CURVE('',#4926,#4925,#5666,.T.);
#3819=EDGE_CURVE('',#4927,#4510,#5667,.T.);
#3820=EDGE_CURVE('',#4927,#4926,#5668,.T.);
#3821=EDGE_CURVE('',#4928,#4509,#5669,.T.);
#3822=EDGE_CURVE('',#4928,#4927,#5670,.T.);
#3823=EDGE_CURVE('',#4929,#4508,#5671,.T.);
#3824=EDGE_CURVE('',#4929,#4928,#5672,.T.);
#3825=EDGE_CURVE('',#4930,#4507,#5673,.T.);
#3826=EDGE_CURVE('',#4930,#4929,#5674,.T.);
#3827=EDGE_CURVE('',#4931,#4506,#5675,.T.);
#3828=EDGE_CURVE('',#4931,#4930,#5676,.T.);
#3829=EDGE_CURVE('',#4932,#4505,#5677,.T.);
#3830=EDGE_CURVE('',#4932,#4931,#5678,.T.);
#3831=EDGE_CURVE('',#4922,#4932,#5679,.T.);
#3832=EDGE_CURVE('',#4933,#4635,#5680,.T.);
#3833=EDGE_CURVE('',#4933,#4934,#5681,.T.);
#3834=EDGE_CURVE('',#4934,#4636,#5682,.T.);
#3835=EDGE_CURVE('',#4935,#4653,#5683,.T.);
#3836=EDGE_CURVE('',#4935,#4933,#5684,.T.);
#3837=EDGE_CURVE('',#4936,#4652,#5685,.T.);
#3838=EDGE_CURVE('',#4936,#4935,#5686,.T.);
#3839=EDGE_CURVE('',#4937,#4651,#5687,.T.);
#3840=EDGE_CURVE('',#4937,#4936,#5688,.T.);
#3841=EDGE_CURVE('',#4938,#4650,#5689,.T.);
#3842=EDGE_CURVE('',#4938,#4937,#5690,.T.);
#3843=EDGE_CURVE('',#4939,#4649,#5691,.T.);
#3844=EDGE_CURVE('',#4939,#4938,#5692,.T.);
#3845=EDGE_CURVE('',#4940,#4648,#5693,.T.);
#3846=EDGE_CURVE('',#4940,#4939,#5694,.T.);
#3847=EDGE_CURVE('',#4941,#4647,#5695,.T.);
#3848=EDGE_CURVE('',#4941,#4940,#5696,.T.);
#3849=EDGE_CURVE('',#4942,#4646,#5697,.T.);
#3850=EDGE_CURVE('',#4942,#4941,#5698,.T.);
#3851=EDGE_CURVE('',#4943,#4645,#5699,.T.);
#3852=EDGE_CURVE('',#4943,#4942,#417,.T.);
#3853=EDGE_CURVE('',#4944,#4644,#5700,.T.);
#3854=EDGE_CURVE('',#4944,#4943,#418,.T.);
#3855=EDGE_CURVE('',#4945,#4643,#5701,.T.);
#3856=EDGE_CURVE('',#4945,#4944,#5702,.T.);
#3857=EDGE_CURVE('',#4946,#4642,#5703,.T.);
#3858=EDGE_CURVE('',#4946,#4945,#5704,.T.);
#3859=EDGE_CURVE('',#4947,#4641,#5705,.T.);
#3860=EDGE_CURVE('',#4947,#4946,#633,.F.);
#3861=EDGE_CURVE('',#4948,#4640,#5706,.T.);
#3862=EDGE_CURVE('',#4948,#4947,#634,.F.);
#3863=EDGE_CURVE('',#4949,#4639,#5707,.T.);
#3864=EDGE_CURVE('',#4949,#4948,#419,.T.);
#3865=EDGE_CURVE('',#4950,#4638,#5708,.T.);
#3866=EDGE_CURVE('',#4950,#4949,#420,.T.);
#3867=EDGE_CURVE('',#4951,#4637,#5709,.T.);
#3868=EDGE_CURVE('',#4951,#4950,#5710,.T.);
#3869=EDGE_CURVE('',#4934,#4951,#5711,.T.);
#3870=EDGE_CURVE('',#4952,#4483,#5712,.T.);
#3871=EDGE_CURVE('',#4952,#4953,#5713,.T.);
#3872=EDGE_CURVE('',#4953,#4484,#5714,.T.);
#3873=EDGE_CURVE('',#4954,#4502,#5715,.T.);
#3874=EDGE_CURVE('',#4954,#4952,#5716,.T.);
#3875=EDGE_CURVE('',#4955,#4501,#5717,.T.);
#3876=EDGE_CURVE('',#4955,#4954,#5718,.T.);
#3877=EDGE_CURVE('',#4956,#4500,#5719,.T.);
#3878=EDGE_CURVE('',#4956,#4955,#5720,.T.);
#3879=EDGE_CURVE('',#4957,#4499,#5721,.T.);
#3880=EDGE_CURVE('',#4957,#4956,#5722,.T.);
#3881=EDGE_CURVE('',#4958,#4498,#5723,.T.);
#3882=EDGE_CURVE('',#4958,#4957,#5724,.T.);
#3883=EDGE_CURVE('',#4959,#4497,#5725,.T.);
#3884=EDGE_CURVE('',#4959,#4958,#5726,.T.);
#3885=EDGE_CURVE('',#4960,#4496,#5727,.T.);
#3886=EDGE_CURVE('',#4960,#4959,#421,.T.);
#3887=EDGE_CURVE('',#4961,#4495,#5728,.T.);
#3888=EDGE_CURVE('',#4961,#4960,#422,.T.);
#3889=EDGE_CURVE('',#4962,#4494,#5729,.T.);
#3890=EDGE_CURVE('',#4962,#4961,#635,.F.);
#3891=EDGE_CURVE('',#4963,#4493,#5730,.T.);
#3892=EDGE_CURVE('',#4963,#4962,#423,.T.);
#3893=EDGE_CURVE('',#4964,#4492,#5731,.T.);
#3894=EDGE_CURVE('',#4964,#4963,#5732,.T.);
#3895=EDGE_CURVE('',#4965,#4491,#5733,.T.);
#3896=EDGE_CURVE('',#4965,#4964,#636,.T.);
#3897=EDGE_CURVE('',#4966,#4490,#5734,.T.);
#3898=EDGE_CURVE('',#4966,#4965,#637,.T.);
#3899=EDGE_CURVE('',#4967,#4489,#5735,.T.);
#3900=EDGE_CURVE('',#4967,#4966,#424,.T.);
#3901=EDGE_CURVE('',#4968,#4488,#5736,.T.);
#3902=EDGE_CURVE('',#4968,#4967,#425,.T.);
#3903=EDGE_CURVE('',#4969,#4487,#5737,.T.);
#3904=EDGE_CURVE('',#4969,#4968,#5738,.T.);
#3905=EDGE_CURVE('',#4970,#4486,#5739,.T.);
#3906=EDGE_CURVE('',#4970,#4969,#5740,.T.);
#3907=EDGE_CURVE('',#4971,#4485,#5741,.T.);
#3908=EDGE_CURVE('',#4971,#4970,#5742,.T.);
#3909=EDGE_CURVE('',#4953,#4971,#5743,.T.);
#3910=EDGE_CURVE('',#4972,#4654,#5744,.T.);
#3911=EDGE_CURVE('',#4972,#4973,#5745,.T.);
#3912=EDGE_CURVE('',#4973,#4655,#5746,.T.);
#3913=EDGE_CURVE('',#4974,#4683,#5747,.T.);
#3914=EDGE_CURVE('',#4974,#4972,#5748,.T.);
#3915=EDGE_CURVE('',#4975,#4682,#5749,.T.);
#3916=EDGE_CURVE('',#4975,#4974,#426,.T.);
#3917=EDGE_CURVE('',#4976,#4681,#5750,.T.);
#3918=EDGE_CURVE('',#4976,#4975,#427,.T.);
#3919=EDGE_CURVE('',#4977,#4680,#5751,.T.);
#3920=EDGE_CURVE('',#4977,#4976,#428,.T.);
#3921=EDGE_CURVE('',#4978,#4679,#5752,.T.);
#3922=EDGE_CURVE('',#4978,#4977,#429,.T.);
#3923=EDGE_CURVE('',#4979,#4678,#5753,.T.);
#3924=EDGE_CURVE('',#4979,#4978,#430,.T.);
#3925=EDGE_CURVE('',#4980,#4677,#5754,.T.);
#3926=EDGE_CURVE('',#4980,#4979,#431,.T.);
#3927=EDGE_CURVE('',#4981,#4676,#5755,.T.);
#3928=EDGE_CURVE('',#4981,#4980,#432,.T.);
#3929=EDGE_CURVE('',#4982,#4675,#5756,.T.);
#3930=EDGE_CURVE('',#4982,#4981,#638,.T.);
#3931=EDGE_CURVE('',#4983,#4674,#5757,.T.);
#3932=EDGE_CURVE('',#4983,#4982,#433,.T.);
#3933=EDGE_CURVE('',#4984,#4673,#5758,.T.);
#3934=EDGE_CURVE('',#4984,#4983,#434,.T.);
#3935=EDGE_CURVE('',#4985,#4672,#5759,.T.);
#3936=EDGE_CURVE('',#4985,#4984,#639,.T.);
#3937=EDGE_CURVE('',#4986,#4671,#5760,.T.);
#3938=EDGE_CURVE('',#4986,#4985,#435,.T.);
#3939=EDGE_CURVE('',#4987,#4670,#5761,.T.);
#3940=EDGE_CURVE('',#4987,#4986,#5762,.T.);
#3941=EDGE_CURVE('',#4988,#4669,#5763,.T.);
#3942=EDGE_CURVE('',#4988,#4987,#5764,.T.);
#3943=EDGE_CURVE('',#4989,#4668,#5765,.T.);
#3944=EDGE_CURVE('',#4989,#4988,#5766,.T.);
#3945=EDGE_CURVE('',#4990,#4667,#5767,.T.);
#3946=EDGE_CURVE('',#4990,#4989,#640,.F.);
#3947=EDGE_CURVE('',#4991,#4666,#5768,.T.);
#3948=EDGE_CURVE('',#4991,#4990,#436,.T.);
#3949=EDGE_CURVE('',#4992,#4665,#5769,.T.);
#3950=EDGE_CURVE('',#4992,#4991,#437,.T.);
#3951=EDGE_CURVE('',#4993,#4664,#5770,.T.);
#3952=EDGE_CURVE('',#4993,#4992,#438,.T.);
#3953=EDGE_CURVE('',#4994,#4663,#5771,.T.);
#3954=EDGE_CURVE('',#4994,#4993,#439,.T.);
#3955=EDGE_CURVE('',#4995,#4662,#5772,.T.);
#3956=EDGE_CURVE('',#4995,#4994,#440,.T.);
#3957=EDGE_CURVE('',#4996,#4661,#5773,.T.);
#3958=EDGE_CURVE('',#4996,#4995,#441,.T.);
#3959=EDGE_CURVE('',#4997,#4660,#5774,.T.);
#3960=EDGE_CURVE('',#4997,#4996,#442,.T.);
#3961=EDGE_CURVE('',#4998,#4659,#5775,.T.);
#3962=EDGE_CURVE('',#4998,#4997,#443,.T.);
#3963=EDGE_CURVE('',#4999,#4658,#5776,.T.);
#3964=EDGE_CURVE('',#4999,#4998,#444,.T.);
#3965=EDGE_CURVE('',#5000,#4657,#5777,.T.);
#3966=EDGE_CURVE('',#5000,#4999,#445,.T.);
#3967=EDGE_CURVE('',#5001,#4656,#5778,.T.);
#3968=EDGE_CURVE('',#5001,#5000,#446,.T.);
#3969=EDGE_CURVE('',#4973,#5001,#5779,.T.);
#3970=EDGE_CURVE('',#5002,#4463,#5780,.T.);
#3971=EDGE_CURVE('',#5002,#5003,#5781,.T.);
#3972=EDGE_CURVE('',#5003,#4464,#5782,.T.);
#3973=EDGE_CURVE('',#5004,#4482,#5783,.T.);
#3974=EDGE_CURVE('',#5004,#5002,#5784,.T.);
#3975=EDGE_CURVE('',#5005,#4481,#5785,.T.);
#3976=EDGE_CURVE('',#5005,#5004,#5786,.T.);
#3977=EDGE_CURVE('',#5006,#4480,#5787,.T.);
#3978=EDGE_CURVE('',#5006,#5005,#5788,.T.);
#3979=EDGE_CURVE('',#5007,#4479,#5789,.T.);
#3980=EDGE_CURVE('',#5007,#5006,#5790,.T.);
#3981=EDGE_CURVE('',#5008,#4478,#5791,.T.);
#3982=EDGE_CURVE('',#5008,#5007,#5792,.T.);
#3983=EDGE_CURVE('',#5009,#4477,#5793,.T.);
#3984=EDGE_CURVE('',#5009,#5008,#5794,.T.);
#3985=EDGE_CURVE('',#5010,#4476,#5795,.T.);
#3986=EDGE_CURVE('',#5010,#5009,#447,.T.);
#3987=EDGE_CURVE('',#5011,#4475,#5796,.T.);
#3988=EDGE_CURVE('',#5011,#5010,#448,.T.);
#3989=EDGE_CURVE('',#5012,#4474,#5797,.T.);
#3990=EDGE_CURVE('',#5012,#5011,#641,.F.);
#3991=EDGE_CURVE('',#5013,#4473,#5798,.T.);
#3992=EDGE_CURVE('',#5013,#5012,#449,.T.);
#3993=EDGE_CURVE('',#5014,#4472,#5799,.T.);
#3994=EDGE_CURVE('',#5014,#5013,#5800,.T.);
#3995=EDGE_CURVE('',#5015,#4471,#5801,.T.);
#3996=EDGE_CURVE('',#5015,#5014,#642,.T.);
#3997=EDGE_CURVE('',#5016,#4470,#5802,.T.);
#3998=EDGE_CURVE('',#5016,#5015,#643,.T.);
#3999=EDGE_CURVE('',#5017,#4469,#5803,.T.);
#4000=EDGE_CURVE('',#5017,#5016,#450,.T.);
#4001=EDGE_CURVE('',#5018,#4468,#5804,.T.);
#4002=EDGE_CURVE('',#5018,#5017,#451,.T.);
#4003=EDGE_CURVE('',#5019,#4467,#5805,.T.);
#4004=EDGE_CURVE('',#5019,#5018,#5806,.T.);
#4005=EDGE_CURVE('',#5020,#4466,#5807,.T.);
#4006=EDGE_CURVE('',#5020,#5019,#5808,.T.);
#4007=EDGE_CURVE('',#5021,#4465,#5809,.T.);
#4008=EDGE_CURVE('',#5021,#5020,#5810,.T.);
#4009=EDGE_CURVE('',#5003,#5021,#5811,.T.);
#4010=EDGE_CURVE('',#5022,#4684,#5812,.T.);
#4011=EDGE_CURVE('',#5022,#5023,#5813,.T.);
#4012=EDGE_CURVE('',#5023,#4685,#5814,.T.);
#4013=EDGE_CURVE('',#5024,#4711,#5815,.T.);
#4014=EDGE_CURVE('',#5024,#5022,#5816,.T.);
#4015=EDGE_CURVE('',#5025,#4710,#5817,.T.);
#4016=EDGE_CURVE('',#5025,#5024,#5818,.T.);
#4017=EDGE_CURVE('',#5026,#4709,#5819,.T.);
#4018=EDGE_CURVE('',#5026,#5025,#5820,.T.);
#4019=EDGE_CURVE('',#5027,#4708,#5821,.T.);
#4020=EDGE_CURVE('',#5027,#5026,#5822,.T.);
#4021=EDGE_CURVE('',#5028,#4707,#5823,.T.);
#4022=EDGE_CURVE('',#5028,#5027,#5824,.T.);
#4023=EDGE_CURVE('',#5029,#4706,#5825,.T.);
#4024=EDGE_CURVE('',#5029,#5028,#5826,.T.);
#4025=EDGE_CURVE('',#5030,#4705,#5827,.T.);
#4026=EDGE_CURVE('',#5030,#5029,#5828,.T.);
#4027=EDGE_CURVE('',#5031,#4704,#5829,.T.);
#4028=EDGE_CURVE('',#5031,#5030,#5830,.T.);
#4029=EDGE_CURVE('',#5032,#4703,#5831,.T.);
#4030=EDGE_CURVE('',#5032,#5031,#5832,.T.);
#4031=EDGE_CURVE('',#5033,#4702,#5833,.T.);
#4032=EDGE_CURVE('',#5033,#5032,#5834,.T.);
#4033=EDGE_CURVE('',#5034,#4701,#5835,.T.);
#4034=EDGE_CURVE('',#5034,#5033,#5836,.T.);
#4035=EDGE_CURVE('',#5035,#4700,#5837,.T.);
#4036=EDGE_CURVE('',#5035,#5034,#5838,.T.);
#4037=EDGE_CURVE('',#5036,#4699,#5839,.T.);
#4038=EDGE_CURVE('',#5036,#5035,#5840,.T.);
#4039=EDGE_CURVE('',#5037,#4698,#5841,.T.);
#4040=EDGE_CURVE('',#5037,#5036,#5842,.T.);
#4041=EDGE_CURVE('',#5038,#4697,#5843,.T.);
#4042=EDGE_CURVE('',#5038,#5037,#5844,.T.);
#4043=EDGE_CURVE('',#5039,#4696,#5845,.T.);
#4044=EDGE_CURVE('',#5039,#5038,#5846,.T.);
#4045=EDGE_CURVE('',#5040,#4695,#5847,.T.);
#4046=EDGE_CURVE('',#5040,#5039,#5848,.T.);
#4047=EDGE_CURVE('',#5041,#4694,#5849,.T.);
#4048=EDGE_CURVE('',#5041,#5040,#5850,.T.);
#4049=EDGE_CURVE('',#5042,#4693,#5851,.T.);
#4050=EDGE_CURVE('',#5042,#5041,#5852,.T.);
#4051=EDGE_CURVE('',#5043,#4692,#5853,.T.);
#4052=EDGE_CURVE('',#5043,#5042,#5854,.T.);
#4053=EDGE_CURVE('',#5044,#4691,#5855,.T.);
#4054=EDGE_CURVE('',#5044,#5043,#5856,.T.);
#4055=EDGE_CURVE('',#5045,#4690,#5857,.T.);
#4056=EDGE_CURVE('',#5045,#5044,#5858,.T.);
#4057=EDGE_CURVE('',#5046,#4689,#5859,.T.);
#4058=EDGE_CURVE('',#5046,#5045,#5860,.T.);
#4059=EDGE_CURVE('',#5047,#4688,#5861,.T.);
#4060=EDGE_CURVE('',#5047,#5046,#5862,.T.);
#4061=EDGE_CURVE('',#5048,#4687,#5863,.T.);
#4062=EDGE_CURVE('',#5048,#5047,#5864,.T.);
#4063=EDGE_CURVE('',#5049,#4686,#5865,.T.);
#4064=EDGE_CURVE('',#5049,#5048,#5866,.T.);
#4065=EDGE_CURVE('',#5023,#5049,#5867,.T.);
#4066=EDGE_CURVE('',#5050,#5051,#452,.T.);
#4067=EDGE_CURVE('',#5052,#5050,#5868,.T.);
#4068=EDGE_CURVE('',#5052,#5053,#453,.T.);
#4069=EDGE_CURVE('',#5053,#5051,#5869,.T.);
#4070=EDGE_CURVE('',#5054,#5050,#5870,.T.);
#4071=EDGE_CURVE('',#5055,#5054,#5871,.T.);
#4072=EDGE_CURVE('',#5055,#5052,#5872,.T.);
#4073=EDGE_CURVE('',#5056,#5054,#454,.T.);
#4074=EDGE_CURVE('',#5057,#5056,#5873,.T.);
#4075=EDGE_CURVE('',#5057,#5055,#455,.T.);
#4076=EDGE_CURVE('',#5058,#5056,#456,.T.);
#4077=EDGE_CURVE('',#5059,#5058,#5874,.T.);
#4078=EDGE_CURVE('',#5059,#5057,#457,.T.);
#4079=EDGE_CURVE('',#5060,#5058,#458,.T.);
#4080=EDGE_CURVE('',#5061,#5060,#5875,.T.);
#4081=EDGE_CURVE('',#5061,#5059,#459,.T.);
#4082=EDGE_CURVE('',#5062,#5060,#460,.T.);
#4083=EDGE_CURVE('',#5063,#5062,#5876,.T.);
#4084=EDGE_CURVE('',#5063,#5061,#461,.T.);
#4085=EDGE_CURVE('',#5064,#5062,#5877,.T.);
#4086=EDGE_CURVE('',#5065,#5064,#5878,.T.);
#4087=EDGE_CURVE('',#5065,#5063,#5879,.T.);
#4088=EDGE_CURVE('',#5066,#5064,#462,.T.);
#4089=EDGE_CURVE('',#5067,#5066,#5880,.T.);
#4090=EDGE_CURVE('',#5067,#5065,#463,.T.);
#4091=EDGE_CURVE('',#5068,#5066,#464,.T.);
#4092=EDGE_CURVE('',#5069,#5068,#5881,.T.);
#4093=EDGE_CURVE('',#5069,#5067,#465,.T.);
#4094=EDGE_CURVE('',#5070,#4453,#5882,.T.);
#4095=EDGE_CURVE('',#5070,#5071,#466,.T.);
#4096=EDGE_CURVE('',#5071,#4454,#5883,.T.);
#4097=EDGE_CURVE('',#5072,#4462,#5884,.T.);
#4098=EDGE_CURVE('',#5072,#5070,#5885,.T.);
#4099=EDGE_CURVE('',#5073,#4461,#5886,.T.);
#4100=EDGE_CURVE('',#5073,#5072,#467,.T.);
#4101=EDGE_CURVE('',#5074,#4460,#5887,.T.);
#4102=EDGE_CURVE('',#5074,#5073,#468,.T.);
#4103=EDGE_CURVE('',#5075,#4459,#5888,.T.);
#4104=EDGE_CURVE('',#5075,#5074,#469,.T.);
#4105=EDGE_CURVE('',#5076,#4458,#5889,.T.);
#4106=EDGE_CURVE('',#5076,#5075,#470,.T.);
#4107=EDGE_CURVE('',#5077,#4457,#5890,.T.);
#4108=EDGE_CURVE('',#5077,#5076,#5891,.T.);
#4109=EDGE_CURVE('',#5078,#4456,#5892,.T.);
#4110=EDGE_CURVE('',#5078,#5077,#471,.T.);
#4111=EDGE_CURVE('',#5079,#4455,#5893,.T.);
#4112=EDGE_CURVE('',#5079,#5078,#472,.T.);
#4113=EDGE_CURVE('',#5071,#5079,#473,.T.);
#4114=EDGE_CURVE('',#5051,#5068,#474,.T.);
#4115=EDGE_CURVE('',#5053,#5069,#475,.T.);
#4116=EDGE_CURVE('',#5080,#5081,#476,.T.);
#4117=EDGE_CURVE('',#5082,#5080,#5894,.T.);
#4118=EDGE_CURVE('',#5082,#5083,#477,.T.);
#4119=EDGE_CURVE('',#5083,#5081,#5895,.T.);
#4120=EDGE_CURVE('',#5084,#5080,#478,.T.);
#4121=EDGE_CURVE('',#5085,#5084,#5896,.T.);
#4122=EDGE_CURVE('',#5085,#5082,#479,.T.);
#4123=EDGE_CURVE('',#5086,#5084,#480,.T.);
#4124=EDGE_CURVE('',#5087,#5086,#5897,.T.);
#4125=EDGE_CURVE('',#5087,#5085,#481,.T.);
#4126=EDGE_CURVE('',#5088,#5086,#5898,.T.);
#4127=EDGE_CURVE('',#5089,#5088,#5899,.T.);
#4128=EDGE_CURVE('',#5089,#5087,#5900,.T.);
#4129=EDGE_CURVE('',#5090,#5088,#5901,.T.);
#4130=EDGE_CURVE('',#5091,#5090,#5902,.T.);
#4131=EDGE_CURVE('',#5091,#5089,#5903,.T.);
#4132=EDGE_CURVE('',#5092,#5090,#5904,.T.);
#4133=EDGE_CURVE('',#5093,#5092,#5905,.T.);
#4134=EDGE_CURVE('',#5093,#5091,#5906,.T.);
#4135=EDGE_CURVE('',#5094,#4712,#5907,.T.);
#4136=EDGE_CURVE('',#5094,#5095,#482,.T.);
#4137=EDGE_CURVE('',#5095,#4713,#5908,.T.);
#4138=EDGE_CURVE('',#5096,#4728,#5909,.T.);
#4139=EDGE_CURVE('',#5096,#5094,#483,.T.);
#4140=EDGE_CURVE('',#5097,#4727,#5910,.T.);
#4141=EDGE_CURVE('',#5097,#5096,#484,.T.);
#4142=EDGE_CURVE('',#5098,#4726,#5911,.T.);
#4143=EDGE_CURVE('',#5098,#5097,#5912,.T.);
#4144=EDGE_CURVE('',#5099,#4725,#5913,.T.);
#4145=EDGE_CURVE('',#5099,#5098,#644,.T.);
#4146=EDGE_CURVE('',#5100,#4724,#5914,.T.);
#4147=EDGE_CURVE('',#5100,#5099,#485,.T.);
#4148=EDGE_CURVE('',#5101,#4723,#5915,.T.);
#4149=EDGE_CURVE('',#5101,#5100,#486,.T.);
#4150=EDGE_CURVE('',#5102,#4722,#5916,.T.);
#4151=EDGE_CURVE('',#5102,#5101,#487,.T.);
#4152=EDGE_CURVE('',#5103,#4721,#5917,.T.);
#4153=EDGE_CURVE('',#5103,#5102,#5918,.T.);
#4154=EDGE_CURVE('',#5104,#4720,#5919,.T.);
#4155=EDGE_CURVE('',#5104,#5103,#5920,.T.);
#4156=EDGE_CURVE('',#5105,#4719,#5921,.T.);
#4157=EDGE_CURVE('',#5105,#5104,#5922,.T.);
#4158=EDGE_CURVE('',#5106,#4718,#5923,.T.);
#4159=EDGE_CURVE('',#5106,#5105,#488,.T.);
#4160=EDGE_CURVE('',#5107,#4717,#5924,.T.);
#4161=EDGE_CURVE('',#5107,#5106,#489,.T.);
#4162=EDGE_CURVE('',#5108,#4716,#5925,.T.);
#4163=EDGE_CURVE('',#5108,#5107,#490,.T.);
#4164=EDGE_CURVE('',#5109,#4715,#5926,.T.);
#4165=EDGE_CURVE('',#5109,#5108,#491,.T.);
#4166=EDGE_CURVE('',#5110,#4714,#5927,.T.);
#4167=EDGE_CURVE('',#5110,#5109,#5928,.T.);
#4168=EDGE_CURVE('',#5095,#5110,#492,.T.);
#4169=EDGE_CURVE('',#5081,#5092,#493,.T.);
#4170=EDGE_CURVE('',#5083,#5093,#494,.T.);
#4171=EDGE_CURVE('',#5111,#5112,#495,.T.);
#4172=EDGE_CURVE('',#5113,#5111,#5929,.T.);
#4173=EDGE_CURVE('',#5113,#5114,#496,.T.);
#4174=EDGE_CURVE('',#5114,#5112,#5930,.T.);
#4175=EDGE_CURVE('',#5115,#5111,#497,.T.);
#4176=EDGE_CURVE('',#5116,#5115,#5931,.T.);
#4177=EDGE_CURVE('',#5116,#5113,#498,.T.);
#4178=EDGE_CURVE('',#5117,#5115,#499,.T.);
#4179=EDGE_CURVE('',#5118,#5117,#5932,.T.);
#4180=EDGE_CURVE('',#5118,#5116,#500,.T.);
#4181=EDGE_CURVE('',#5119,#5117,#5933,.T.);
#4182=EDGE_CURVE('',#5120,#5119,#5934,.T.);
#4183=EDGE_CURVE('',#5120,#5118,#5935,.T.);
#4184=EDGE_CURVE('',#5121,#5119,#5936,.T.);
#4185=EDGE_CURVE('',#5122,#5121,#5937,.T.);
#4186=EDGE_CURVE('',#5122,#5120,#5938,.T.);
#4187=EDGE_CURVE('',#5123,#5121,#5939,.T.);
#4188=EDGE_CURVE('',#5124,#5123,#5940,.T.);
#4189=EDGE_CURVE('',#5124,#5122,#5941,.T.);
#4190=EDGE_CURVE('',#5125,#4436,#5942,.T.);
#4191=EDGE_CURVE('',#5125,#5126,#501,.T.);
#4192=EDGE_CURVE('',#5126,#4437,#5943,.T.);
#4193=EDGE_CURVE('',#5127,#4452,#5944,.T.);
#4194=EDGE_CURVE('',#5127,#5125,#502,.T.);
#4195=EDGE_CURVE('',#5128,#4451,#5945,.T.);
#4196=EDGE_CURVE('',#5128,#5127,#503,.T.);
#4197=EDGE_CURVE('',#5129,#4450,#5946,.T.);
#4198=EDGE_CURVE('',#5129,#5128,#5947,.T.);
#4199=EDGE_CURVE('',#5130,#4449,#5948,.T.);
#4200=EDGE_CURVE('',#5130,#5129,#645,.T.);
#4201=EDGE_CURVE('',#5131,#4448,#5949,.T.);
#4202=EDGE_CURVE('',#5131,#5130,#504,.T.);
#4203=EDGE_CURVE('',#5132,#4447,#5950,.T.);
#4204=EDGE_CURVE('',#5132,#5131,#505,.T.);
#4205=EDGE_CURVE('',#5133,#4446,#5951,.T.);
#4206=EDGE_CURVE('',#5133,#5132,#506,.T.);
#4207=EDGE_CURVE('',#5134,#4445,#5952,.T.);
#4208=EDGE_CURVE('',#5134,#5133,#5953,.T.);
#4209=EDGE_CURVE('',#5135,#4444,#5954,.T.);
#4210=EDGE_CURVE('',#5135,#5134,#5955,.T.);
#4211=EDGE_CURVE('',#5136,#4443,#5956,.T.);
#4212=EDGE_CURVE('',#5136,#5135,#5957,.T.);
#4213=EDGE_CURVE('',#5137,#4442,#5958,.T.);
#4214=EDGE_CURVE('',#5137,#5136,#507,.T.);
#4215=EDGE_CURVE('',#5138,#4441,#5959,.T.);
#4216=EDGE_CURVE('',#5138,#5137,#508,.T.);
#4217=EDGE_CURVE('',#5139,#4440,#5960,.T.);
#4218=EDGE_CURVE('',#5139,#5138,#509,.T.);
#4219=EDGE_CURVE('',#5140,#4439,#5961,.T.);
#4220=EDGE_CURVE('',#5140,#5139,#510,.T.);
#4221=EDGE_CURVE('',#5141,#4438,#5962,.T.);
#4222=EDGE_CURVE('',#5141,#5140,#5963,.T.);
#4223=EDGE_CURVE('',#5126,#5141,#511,.T.);
#4224=EDGE_CURVE('',#5112,#5123,#512,.T.);
#4225=EDGE_CURVE('',#5114,#5124,#513,.T.);
#4226=EDGE_CURVE('',#5142,#5143,#514,.T.);
#4227=EDGE_CURVE('',#5144,#5142,#5964,.T.);
#4228=EDGE_CURVE('',#5144,#5145,#515,.T.);
#4229=EDGE_CURVE('',#5145,#5143,#5965,.T.);
#4230=EDGE_CURVE('',#5146,#5142,#5966,.T.);
#4231=EDGE_CURVE('',#5147,#5146,#5967,.T.);
#4232=EDGE_CURVE('',#5147,#5144,#5968,.T.);
#4233=EDGE_CURVE('',#5148,#5146,#516,.T.);
#4234=EDGE_CURVE('',#5149,#5148,#5969,.T.);
#4235=EDGE_CURVE('',#5149,#5147,#517,.T.);
#4236=EDGE_CURVE('',#5150,#5148,#518,.T.);
#4237=EDGE_CURVE('',#5151,#5150,#5970,.T.);
#4238=EDGE_CURVE('',#5151,#5149,#519,.T.);
#4239=EDGE_CURVE('',#5152,#5150,#520,.T.);
#4240=EDGE_CURVE('',#5153,#5152,#5971,.T.);
#4241=EDGE_CURVE('',#5153,#5151,#521,.T.);
#4242=EDGE_CURVE('',#5154,#5152,#522,.T.);
#4243=EDGE_CURVE('',#5155,#5154,#5972,.T.);
#4244=EDGE_CURVE('',#5155,#5153,#523,.T.);
#4245=EDGE_CURVE('',#5156,#5154,#5973,.T.);
#4246=EDGE_CURVE('',#5157,#5156,#5974,.T.);
#4247=EDGE_CURVE('',#5157,#5155,#5975,.T.);
#4248=EDGE_CURVE('',#5158,#5156,#524,.T.);
#4249=EDGE_CURVE('',#5159,#5158,#5976,.T.);
#4250=EDGE_CURVE('',#5159,#5157,#525,.T.);
#4251=EDGE_CURVE('',#5160,#5158,#526,.T.);
#4252=EDGE_CURVE('',#5161,#5160,#5977,.T.);
#4253=EDGE_CURVE('',#5161,#5159,#527,.T.);
#4254=EDGE_CURVE('',#5162,#4729,#5978,.T.);
#4255=EDGE_CURVE('',#5162,#5163,#528,.T.);
#4256=EDGE_CURVE('',#5163,#4730,#5979,.T.);
#4257=EDGE_CURVE('',#5164,#4738,#5980,.T.);
#4258=EDGE_CURVE('',#5164,#5162,#5981,.T.);
#4259=EDGE_CURVE('',#5165,#4737,#5982,.T.);
#4260=EDGE_CURVE('',#5165,#5164,#529,.T.);
#4261=EDGE_CURVE('',#5166,#4736,#5983,.T.);
#4262=EDGE_CURVE('',#5166,#5165,#530,.T.);
#4263=EDGE_CURVE('',#5167,#4735,#5984,.T.);
#4264=EDGE_CURVE('',#5167,#5166,#531,.T.);
#4265=EDGE_CURVE('',#5168,#4734,#5985,.T.);
#4266=EDGE_CURVE('',#5168,#5167,#532,.T.);
#4267=EDGE_CURVE('',#5169,#4733,#5986,.T.);
#4268=EDGE_CURVE('',#5169,#5168,#5987,.T.);
#4269=EDGE_CURVE('',#5170,#4732,#5988,.T.);
#4270=EDGE_CURVE('',#5170,#5169,#533,.T.);
#4271=EDGE_CURVE('',#5171,#4731,#5989,.T.);
#4272=EDGE_CURVE('',#5171,#5170,#534,.T.);
#4273=EDGE_CURVE('',#5163,#5171,#535,.T.);
#4274=EDGE_CURVE('',#5143,#5160,#536,.T.);
#4275=EDGE_CURVE('',#5145,#5161,#537,.T.);
#4276=EDGE_CURVE('',#5172,#5173,#538,.T.);
#4277=EDGE_CURVE('',#5174,#5172,#5990,.T.);
#4278=EDGE_CURVE('',#5174,#5175,#539,.T.);
#4279=EDGE_CURVE('',#5175,#5173,#5991,.T.);
#4280=EDGE_CURVE('',#5176,#5172,#5992,.T.);
#4281=EDGE_CURVE('',#5177,#5176,#5993,.T.);
#4282=EDGE_CURVE('',#5177,#5174,#5994,.T.);
#4283=EDGE_CURVE('',#5178,#5176,#540,.T.);
#4284=EDGE_CURVE('',#5179,#5178,#5995,.T.);
#4285=EDGE_CURVE('',#5179,#5177,#541,.T.);
#4286=EDGE_CURVE('',#5180,#5178,#542,.T.);
#4287=EDGE_CURVE('',#5181,#5180,#5996,.T.);
#4288=EDGE_CURVE('',#5181,#5179,#543,.T.);
#4289=EDGE_CURVE('',#5182,#5180,#544,.T.);
#4290=EDGE_CURVE('',#5183,#5182,#5997,.T.);
#4291=EDGE_CURVE('',#5183,#5181,#545,.T.);
#4292=EDGE_CURVE('',#5184,#5182,#546,.T.);
#4293=EDGE_CURVE('',#5185,#5184,#5998,.T.);
#4294=EDGE_CURVE('',#5185,#5183,#547,.T.);
#4295=EDGE_CURVE('',#5186,#5184,#5999,.T.);
#4296=EDGE_CURVE('',#5187,#5186,#6000,.T.);
#4297=EDGE_CURVE('',#5187,#5185,#6001,.T.);
#4298=EDGE_CURVE('',#5188,#5186,#646,.T.);
#4299=EDGE_CURVE('',#5189,#5188,#6002,.T.);
#4300=EDGE_CURVE('',#5189,#5187,#647,.T.);
#4301=EDGE_CURVE('',#5190,#5188,#548,.T.);
#4302=EDGE_CURVE('',#5191,#5190,#6003,.T.);
#4303=EDGE_CURVE('',#5191,#5189,#549,.T.);
#4304=EDGE_CURVE('',#5192,#4416,#6004,.T.);
#4305=EDGE_CURVE('',#5192,#5193,#6005,.T.);
#4306=EDGE_CURVE('',#5193,#4417,#6006,.T.);
#4307=EDGE_CURVE('',#5194,#4435,#6007,.T.);
#4308=EDGE_CURVE('',#5194,#5192,#6008,.T.);
#4309=EDGE_CURVE('',#5195,#4434,#6009,.T.);
#4310=EDGE_CURVE('',#5195,#5194,#6010,.T.);
#4311=EDGE_CURVE('',#5196,#4433,#6011,.T.);
#4312=EDGE_CURVE('',#5196,#5195,#6012,.T.);
#4313=EDGE_CURVE('',#5197,#4432,#6013,.T.);
#4314=EDGE_CURVE('',#5197,#5196,#6014,.T.);
#4315=EDGE_CURVE('',#5198,#4431,#6015,.T.);
#4316=EDGE_CURVE('',#5198,#5197,#6016,.T.);
#4317=EDGE_CURVE('',#5199,#4430,#6017,.T.);
#4318=EDGE_CURVE('',#5199,#5198,#648,.F.);
#4319=EDGE_CURVE('',#5200,#4429,#6018,.T.);
#4320=EDGE_CURVE('',#5200,#5199,#550,.T.);
#4321=EDGE_CURVE('',#5201,#4428,#6019,.T.);
#4322=EDGE_CURVE('',#5201,#5200,#551,.T.);
#4323=EDGE_CURVE('',#5202,#4427,#6020,.T.);
#4324=EDGE_CURVE('',#5202,#5201,#552,.T.);
#4325=EDGE_CURVE('',#5203,#4426,#6021,.T.);
#4326=EDGE_CURVE('',#5203,#5202,#6022,.T.);
#4327=EDGE_CURVE('',#5204,#4425,#6023,.T.);
#4328=EDGE_CURVE('',#5204,#5203,#553,.T.);
#4329=EDGE_CURVE('',#5205,#4424,#6024,.T.);
#4330=EDGE_CURVE('',#5205,#5204,#554,.T.);
#4331=EDGE_CURVE('',#5206,#4423,#6025,.T.);
#4332=EDGE_CURVE('',#5206,#5205,#555,.T.);
#4333=EDGE_CURVE('',#5207,#4422,#6026,.T.);
#4334=EDGE_CURVE('',#5207,#5206,#649,.F.);
#4335=EDGE_CURVE('',#5208,#4421,#6027,.T.);
#4336=EDGE_CURVE('',#5208,#5207,#6028,.T.);
#4337=EDGE_CURVE('',#5209,#4420,#6029,.T.);
#4338=EDGE_CURVE('',#5209,#5208,#6030,.T.);
#4339=EDGE_CURVE('',#5210,#4419,#6031,.T.);
#4340=EDGE_CURVE('',#5210,#5209,#6032,.T.);
#4341=EDGE_CURVE('',#5211,#4418,#6033,.T.);
#4342=EDGE_CURVE('',#5211,#5210,#6034,.T.);
#4343=EDGE_CURVE('',#5193,#5211,#6035,.T.);
#4344=EDGE_CURVE('',#5173,#5190,#556,.T.);
#4345=EDGE_CURVE('',#5175,#5191,#557,.T.);
#4346=EDGE_CURVE('',#5212,#5213,#558,.T.);
#4347=EDGE_CURVE('',#5214,#5212,#6036,.T.);
#4348=EDGE_CURVE('',#5214,#5215,#559,.T.);
#4349=EDGE_CURVE('',#5215,#5213,#6037,.T.);
#4350=EDGE_CURVE('',#5216,#5212,#6038,.T.);
#4351=EDGE_CURVE('',#5217,#5216,#6039,.T.);
#4352=EDGE_CURVE('',#5217,#5214,#6040,.T.);
#4353=EDGE_CURVE('',#5218,#5216,#560,.T.);
#4354=EDGE_CURVE('',#5219,#5218,#6041,.T.);
#4355=EDGE_CURVE('',#5219,#5217,#561,.T.);
#4356=EDGE_CURVE('',#5220,#5218,#562,.T.);
#4357=EDGE_CURVE('',#5221,#5220,#6042,.T.);
#4358=EDGE_CURVE('',#5221,#5219,#563,.T.);
#4359=EDGE_CURVE('',#5222,#5220,#564,.T.);
#4360=EDGE_CURVE('',#5223,#5222,#6043,.T.);
#4361=EDGE_CURVE('',#5223,#5221,#565,.T.);
#4362=EDGE_CURVE('',#5224,#5222,#566,.T.);
#4363=EDGE_CURVE('',#5225,#5224,#6044,.T.);
#4364=EDGE_CURVE('',#5225,#5223,#567,.T.);
#4365=EDGE_CURVE('',#5226,#5224,#6045,.T.);
#4366=EDGE_CURVE('',#5227,#5226,#6046,.T.);
#4367=EDGE_CURVE('',#5227,#5225,#6047,.T.);
#4368=EDGE_CURVE('',#5228,#5226,#568,.T.);
#4369=EDGE_CURVE('',#5229,#5228,#6048,.T.);
#4370=EDGE_CURVE('',#5229,#5227,#569,.T.);
#4371=EDGE_CURVE('',#5230,#5228,#570,.T.);
#4372=EDGE_CURVE('',#5231,#5230,#6049,.T.);
#4373=EDGE_CURVE('',#5231,#5229,#571,.T.);
#4374=EDGE_CURVE('',#5232,#4739,#6050,.T.);
#4375=EDGE_CURVE('',#5232,#5233,#572,.T.);
#4376=EDGE_CURVE('',#5233,#4740,#6051,.T.);
#4377=EDGE_CURVE('',#5234,#4748,#6052,.T.);
#4378=EDGE_CURVE('',#5234,#5232,#6053,.T.);
#4379=EDGE_CURVE('',#5235,#4747,#6054,.T.);
#4380=EDGE_CURVE('',#5235,#5234,#573,.T.);
#4381=EDGE_CURVE('',#5236,#4746,#6055,.T.);
#4382=EDGE_CURVE('',#5236,#5235,#574,.T.);
#4383=EDGE_CURVE('',#5237,#4745,#6056,.T.);
#4384=EDGE_CURVE('',#5237,#5236,#575,.T.);
#4385=EDGE_CURVE('',#5238,#4744,#6057,.T.);
#4386=EDGE_CURVE('',#5238,#5237,#576,.T.);
#4387=EDGE_CURVE('',#5239,#4743,#6058,.T.);
#4388=EDGE_CURVE('',#5239,#5238,#6059,.T.);
#4389=EDGE_CURVE('',#5240,#4742,#6060,.T.);
#4390=EDGE_CURVE('',#5240,#5239,#577,.T.);
#4391=EDGE_CURVE('',#5241,#4741,#6061,.T.);
#4392=EDGE_CURVE('',#5241,#5240,#578,.T.);
#4393=EDGE_CURVE('',#5233,#5241,#579,.T.);
#4394=EDGE_CURVE('',#5213,#5230,#580,.T.);
#4395=EDGE_CURVE('',#5215,#5231,#581,.T.);
#4396=EDGE_CURVE('',#5242,#4412,#6062,.T.);
#4397=EDGE_CURVE('',#5242,#5243,#6063,.T.);
#4398=EDGE_CURVE('',#5243,#4413,#6064,.T.);
#4399=EDGE_CURVE('',#5244,#4415,#6065,.T.);
#4400=EDGE_CURVE('',#5244,#5242,#6066,.T.);
#4401=EDGE_CURVE('',#5245,#4414,#6067,.T.);
#4402=EDGE_CURVE('',#5245,#5244,#6068,.T.);
#4403=EDGE_CURVE('',#5243,#5245,#6069,.T.);
#4404=EDGE_CURVE('',#5246,#4749,#6070,.T.);
#4405=EDGE_CURVE('',#5246,#5247,#6071,.T.);
#4406=EDGE_CURVE('',#5247,#4750,#6072,.T.);
#4407=EDGE_CURVE('',#5248,#4752,#6073,.T.);
#4408=EDGE_CURVE('',#5248,#5246,#6074,.T.);
#4409=EDGE_CURVE('',#5249,#4751,#6075,.T.);
#4410=EDGE_CURVE('',#5249,#5248,#6076,.T.);
#4411=EDGE_CURVE('',#5247,#5249,#6077,.T.);
#4412=VERTEX_POINT('',#10421);
#4413=VERTEX_POINT('',#10422);
#4414=VERTEX_POINT('',#10424);
#4415=VERTEX_POINT('',#10426);
#4416=VERTEX_POINT('',#10429);
#4417=VERTEX_POINT('',#10430);
#4418=VERTEX_POINT('',#10432);
#4419=VERTEX_POINT('',#10434);
#4420=VERTEX_POINT('',#10436);
#4421=VERTEX_POINT('',#10438);
#4422=VERTEX_POINT('',#10440);
#4423=VERTEX_POINT('',#10442);
#4424=VERTEX_POINT('',#10446);
#4425=VERTEX_POINT('',#10450);
#4426=VERTEX_POINT('',#10454);
#4427=VERTEX_POINT('',#10456);
#4428=VERTEX_POINT('',#10460);
#4429=VERTEX_POINT('',#10464);
#4430=VERTEX_POINT('',#10468);
#4431=VERTEX_POINT('',#10470);
#4432=VERTEX_POINT('',#10472);
#4433=VERTEX_POINT('',#10474);
#4434=VERTEX_POINT('',#10476);
#4435=VERTEX_POINT('',#10478);
#4436=VERTEX_POINT('',#10483);
#4437=VERTEX_POINT('',#10484);
#4438=VERTEX_POINT('',#10488);
#4439=VERTEX_POINT('',#10490);
#4440=VERTEX_POINT('',#10494);
#4441=VERTEX_POINT('',#10498);
#4442=VERTEX_POINT('',#10502);
#4443=VERTEX_POINT('',#10506);
#4444=VERTEX_POINT('',#10508);
#4445=VERTEX_POINT('',#10510);
#4446=VERTEX_POINT('',#10512);
#4447=VERTEX_POINT('',#10516);
#4448=VERTEX_POINT('',#10520);
#4449=VERTEX_POINT('',#10524);
#4450=VERTEX_POINT('',#10526);
#4451=VERTEX_POINT('',#10528);
#4452=VERTEX_POINT('',#10532);
#4453=VERTEX_POINT('',#10539);
#4454=VERTEX_POINT('',#10540);
#4455=VERTEX_POINT('',#10544);
#4456=VERTEX_POINT('',#10548);
#4457=VERTEX_POINT('',#10552);
#4458=VERTEX_POINT('',#10554);
#4459=VERTEX_POINT('',#10558);
#4460=VERTEX_POINT('',#10562);
#4461=VERTEX_POINT('',#10566);
#4462=VERTEX_POINT('',#10570);
#4463=VERTEX_POINT('',#10573);
#4464=VERTEX_POINT('',#10574);
#4465=VERTEX_POINT('',#10576);
#4466=VERTEX_POINT('',#10578);
#4467=VERTEX_POINT('',#10580);
#4468=VERTEX_POINT('',#10582);
#4469=VERTEX_POINT('',#10586);
#4470=VERTEX_POINT('',#10590);
#4471=VERTEX_POINT('',#10592);
#4472=VERTEX_POINT('',#10594);
#4473=VERTEX_POINT('',#10596);
#4474=VERTEX_POINT('',#10600);
#4475=VERTEX_POINT('',#10602);
#4476=VERTEX_POINT('',#10606);
#4477=VERTEX_POINT('',#10610);
#4478=VERTEX_POINT('',#10612);
#4479=VERTEX_POINT('',#10614);
#4480=VERTEX_POINT('',#10616);
#4481=VERTEX_POINT('',#10618);
#4482=VERTEX_POINT('',#10620);
#4483=VERTEX_POINT('',#10623);
#4484=VERTEX_POINT('',#10624);
#4485=VERTEX_POINT('',#10626);
#4486=VERTEX_POINT('',#10628);
#4487=VERTEX_POINT('',#10630);
#4488=VERTEX_POINT('',#10632);
#4489=VERTEX_POINT('',#10636);
#4490=VERTEX_POINT('',#10640);
#4491=VERTEX_POINT('',#10642);
#4492=VERTEX_POINT('',#10644);
#4493=VERTEX_POINT('',#10646);
#4494=VERTEX_POINT('',#10650);
#4495=VERTEX_POINT('',#10652);
#4496=VERTEX_POINT('',#10656);
#4497=VERTEX_POINT('',#10660);
#4498=VERTEX_POINT('',#10662);
#4499=VERTEX_POINT('',#10664);
#4500=VERTEX_POINT('',#10666);
#4501=VERTEX_POINT('',#10668);
#4502=VERTEX_POINT('',#10670);
#4503=VERTEX_POINT('',#10673);
#4504=VERTEX_POINT('',#10674);
#4505=VERTEX_POINT('',#10676);
#4506=VERTEX_POINT('',#10678);
#4507=VERTEX_POINT('',#10680);
#4508=VERTEX_POINT('',#10682);
#4509=VERTEX_POINT('',#10684);
#4510=VERTEX_POINT('',#10686);
#4511=VERTEX_POINT('',#10688);
#4512=VERTEX_POINT('',#10690);
#4513=VERTEX_POINT('',#10692);
#4514=VERTEX_POINT('',#10694);
#4515=VERTEX_POINT('',#10697);
#4516=VERTEX_POINT('',#10698);
#4517=VERTEX_POINT('',#10700);
#4518=VERTEX_POINT('',#10702);
#4519=VERTEX_POINT('',#10704);
#4520=VERTEX_POINT('',#10706);
#4521=VERTEX_POINT('',#10708);
#4522=VERTEX_POINT('',#10710);
#4523=VERTEX_POINT('',#10714);
#4524=VERTEX_POINT('',#10718);
#4525=VERTEX_POINT('',#10722);
#4526=VERTEX_POINT('',#10724);
#4527=VERTEX_POINT('',#10728);
#4528=VERTEX_POINT('',#10732);
#4529=VERTEX_POINT('',#10736);
#4530=VERTEX_POINT('',#10738);
#4531=VERTEX_POINT('',#10740);
#4532=VERTEX_POINT('',#10742);
#4533=VERTEX_POINT('',#10744);
#4534=VERTEX_POINT('',#10746);
#4535=VERTEX_POINT('',#10748);
#4536=VERTEX_POINT('',#10750);
#4537=VERTEX_POINT('',#10754);
#4538=VERTEX_POINT('',#10758);
#4539=VERTEX_POINT('',#10762);
#4540=VERTEX_POINT('',#10766);
#4541=VERTEX_POINT('',#10768);
#4542=VERTEX_POINT('',#10770);
#4543=VERTEX_POINT('',#10772);
#4544=VERTEX_POINT('',#10774);
#4545=VERTEX_POINT('',#10776);
#4546=VERTEX_POINT('',#10778);
#4547=VERTEX_POINT('',#10780);
#4548=VERTEX_POINT('',#10784);
#4549=VERTEX_POINT('',#10788);
#4550=VERTEX_POINT('',#10792);
#4551=VERTEX_POINT('',#10796);
#4552=VERTEX_POINT('',#10798);
#4553=VERTEX_POINT('',#10800);
#4554=VERTEX_POINT('',#10802);
#4555=VERTEX_POINT('',#10804);
#4556=VERTEX_POINT('',#10809);
#4557=VERTEX_POINT('',#10810);
#4558=VERTEX_POINT('',#10814);
#4559=VERTEX_POINT('',#10818);
#4560=VERTEX_POINT('',#10822);
#4561=VERTEX_POINT('',#10824);
#4562=VERTEX_POINT('',#10826);
#4563=VERTEX_POINT('',#10828);
#4564=VERTEX_POINT('',#10830);
#4565=VERTEX_POINT('',#10832);
#4566=VERTEX_POINT('',#10836);
#4567=VERTEX_POINT('',#10840);
#4568=VERTEX_POINT('',#10844);
#4569=VERTEX_POINT('',#10848);
#4570=VERTEX_POINT('',#10850);
#4571=VERTEX_POINT('',#10852);
#4572=VERTEX_POINT('',#10854);
#4573=VERTEX_POINT('',#10856);
#4574=VERTEX_POINT('',#10858);
#4575=VERTEX_POINT('',#10860);
#4576=VERTEX_POINT('',#10862);
#4577=VERTEX_POINT('',#10864);
#4578=VERTEX_POINT('',#10867);
#4579=VERTEX_POINT('',#10868);
#4580=VERTEX_POINT('',#10870);
#4581=VERTEX_POINT('',#10872);
#4582=VERTEX_POINT('',#10874);
#4583=VERTEX_POINT('',#10876);
#4584=VERTEX_POINT('',#10878);
#4585=VERTEX_POINT('',#10880);
#4586=VERTEX_POINT('',#10882);
#4587=VERTEX_POINT('',#10884);
#4588=VERTEX_POINT('',#10886);
#4589=VERTEX_POINT('',#10888);
#4590=VERTEX_POINT('',#10890);
#4591=VERTEX_POINT('',#10892);
#4592=VERTEX_POINT('',#10894);
#4593=VERTEX_POINT('',#10896);
#4594=VERTEX_POINT('',#10901);
#4595=VERTEX_POINT('',#10902);
#4596=VERTEX_POINT('',#10906);
#4597=VERTEX_POINT('',#10908);
#4598=VERTEX_POINT('',#10912);
#4599=VERTEX_POINT('',#10916);
#4600=VERTEX_POINT('',#10920);
#4601=VERTEX_POINT('',#10924);
#4602=VERTEX_POINT('',#10926);
#4603=VERTEX_POINT('',#10928);
#4604=VERTEX_POINT('',#10930);
#4605=VERTEX_POINT('',#10934);
#4606=VERTEX_POINT('',#10938);
#4607=VERTEX_POINT('',#10942);
#4608=VERTEX_POINT('',#10944);
#4609=VERTEX_POINT('',#10946);
#4610=VERTEX_POINT('',#10950);
#4611=VERTEX_POINT('',#10955);
#4612=VERTEX_POINT('',#10956);
#4613=VERTEX_POINT('',#10958);
#4614=VERTEX_POINT('',#10960);
#4615=VERTEX_POINT('',#10964);
#4616=VERTEX_POINT('',#10968);
#4617=VERTEX_POINT('',#10972);
#4618=VERTEX_POINT('',#10974);
#4619=VERTEX_POINT('',#10978);
#4620=VERTEX_POINT('',#10982);
#4621=VERTEX_POINT('',#10986);
#4622=VERTEX_POINT('',#10990);
#4623=VERTEX_POINT('',#10992);
#4624=VERTEX_POINT('',#10994);
#4625=VERTEX_POINT('',#10996);
#4626=VERTEX_POINT('',#11000);
#4627=VERTEX_POINT('',#11004);
#4628=VERTEX_POINT('',#11008);
#4629=VERTEX_POINT('',#11012);
#4630=VERTEX_POINT('',#11014);
#4631=VERTEX_POINT('',#11018);
#4632=VERTEX_POINT('',#11022);
#4633=VERTEX_POINT('',#11026);
#4634=VERTEX_POINT('',#11030);
#4635=VERTEX_POINT('',#11033);
#4636=VERTEX_POINT('',#11034);
#4637=VERTEX_POINT('',#11036);
#4638=VERTEX_POINT('',#11038);
#4639=VERTEX_POINT('',#11042);
#4640=VERTEX_POINT('',#11046);
#4641=VERTEX_POINT('',#11048);
#4642=VERTEX_POINT('',#11050);
#4643=VERTEX_POINT('',#11052);
#4644=VERTEX_POINT('',#11054);
#4645=VERTEX_POINT('',#11058);
#4646=VERTEX_POINT('',#11062);
#4647=VERTEX_POINT('',#11064);
#4648=VERTEX_POINT('',#11066);
#4649=VERTEX_POINT('',#11068);
#4650=VERTEX_POINT('',#11070);
#4651=VERTEX_POINT('',#11072);
#4652=VERTEX_POINT('',#11074);
#4653=VERTEX_POINT('',#11076);
#4654=VERTEX_POINT('',#11079);
#4655=VERTEX_POINT('',#11080);
#4656=VERTEX_POINT('',#11082);
#4657=VERTEX_POINT('',#11086);
#4658=VERTEX_POINT('',#11090);
#4659=VERTEX_POINT('',#11094);
#4660=VERTEX_POINT('',#11098);
#4661=VERTEX_POINT('',#11102);
#4662=VERTEX_POINT('',#11106);
#4663=VERTEX_POINT('',#11110);
#4664=VERTEX_POINT('',#11114);
#4665=VERTEX_POINT('',#11118);
#4666=VERTEX_POINT('',#11122);
#4667=VERTEX_POINT('',#11126);
#4668=VERTEX_POINT('',#11128);
#4669=VERTEX_POINT('',#11130);
#4670=VERTEX_POINT('',#11132);
#4671=VERTEX_POINT('',#11134);
#4672=VERTEX_POINT('',#11138);
#4673=VERTEX_POINT('',#11140);
#4674=VERTEX_POINT('',#11144);
#4675=VERTEX_POINT('',#11148);
#4676=VERTEX_POINT('',#11150);
#4677=VERTEX_POINT('',#11154);
#4678=VERTEX_POINT('',#11158);
#4679=VERTEX_POINT('',#11162);
#4680=VERTEX_POINT('',#11166);
#4681=VERTEX_POINT('',#11170);
#4682=VERTEX_POINT('',#11174);
#4683=VERTEX_POINT('',#11178);
#4684=VERTEX_POINT('',#11181);
#4685=VERTEX_POINT('',#11182);
#4686=VERTEX_POINT('',#11184);
#4687=VERTEX_POINT('',#11186);
#4688=VERTEX_POINT('',#11188);
#4689=VERTEX_POINT('',#11190);
#4690=VERTEX_POINT('',#11192);
#4691=VERTEX_POINT('',#11194);
#4692=VERTEX_POINT('',#11196);
#4693=VERTEX_POINT('',#11198);
#4694=VERTEX_POINT('',#11200);
#4695=VERTEX_POINT('',#11202);
#4696=VERTEX_POINT('',#11204);
#4697=VERTEX_POINT('',#11206);
#4698=VERTEX_POINT('',#11208);
#4699=VERTEX_POINT('',#11210);
#4700=VERTEX_POINT('',#11212);
#4701=VERTEX_POINT('',#11214);
#4702=VERTEX_POINT('',#11216);
#4703=VERTEX_POINT('',#11218);
#4704=VERTEX_POINT('',#11220);
#4705=VERTEX_POINT('',#11222);
#4706=VERTEX_POINT('',#11224);
#4707=VERTEX_POINT('',#11226);
#4708=VERTEX_POINT('',#11228);
#4709=VERTEX_POINT('',#11230);
#4710=VERTEX_POINT('',#11232);
#4711=VERTEX_POINT('',#11234);
#4712=VERTEX_POINT('',#11239);
#4713=VERTEX_POINT('',#11240);
#4714=VERTEX_POINT('',#11244);
#4715=VERTEX_POINT('',#11246);
#4716=VERTEX_POINT('',#11250);
#4717=VERTEX_POINT('',#11254);
#4718=VERTEX_POINT('',#11258);
#4719=VERTEX_POINT('',#11262);
#4720=VERTEX_POINT('',#11264);
#4721=VERTEX_POINT('',#11266);
#4722=VERTEX_POINT('',#11268);
#4723=VERTEX_POINT('',#11272);
#4724=VERTEX_POINT('',#11276);
#4725=VERTEX_POINT('',#11280);
#4726=VERTEX_POINT('',#11282);
#4727=VERTEX_POINT('',#11284);
#4728=VERTEX_POINT('',#11288);
#4729=VERTEX_POINT('',#11295);
#4730=VERTEX_POINT('',#11296);
#4731=VERTEX_POINT('',#11300);
#4732=VERTEX_POINT('',#11304);
#4733=VERTEX_POINT('',#11308);
#4734=VERTEX_POINT('',#11310);
#4735=VERTEX_POINT('',#11314);
#4736=VERTEX_POINT('',#11318);
#4737=VERTEX_POINT('',#11322);
#4738=VERTEX_POINT('',#11326);
#4739=VERTEX_POINT('',#11331);
#4740=VERTEX_POINT('',#11332);
#4741=VERTEX_POINT('',#11336);
#4742=VERTEX_POINT('',#11340);
#4743=VERTEX_POINT('',#11344);
#4744=VERTEX_POINT('',#11346);
#4745=VERTEX_POINT('',#11350);
#4746=VERTEX_POINT('',#11354);
#4747=VERTEX_POINT('',#11358);
#4748=VERTEX_POINT('',#11362);
#4749=VERTEX_POINT('',#11365);
#4750=VERTEX_POINT('',#11366);
#4751=VERTEX_POINT('',#11368);
#4752=VERTEX_POINT('',#11370);
#4753=VERTEX_POINT('',#11374);
#4754=VERTEX_POINT('',#11376);
#4755=VERTEX_POINT('',#11378);
#4756=VERTEX_POINT('',#11380);
#4757=VERTEX_POINT('',#11384);
#4758=VERTEX_POINT('',#11385);
#4759=VERTEX_POINT('',#11387);
#4760=VERTEX_POINT('',#11389);
#4761=VERTEX_POINT('',#11393);
#4762=VERTEX_POINT('',#11394);
#4763=VERTEX_POINT('',#11396);
#4764=VERTEX_POINT('',#11398);
#4765=VERTEX_POINT('',#11402);
#4766=VERTEX_POINT('',#11405);
#4767=VERTEX_POINT('',#11407);
#4768=VERTEX_POINT('',#11409);
#4769=VERTEX_POINT('',#11411);
#4770=VERTEX_POINT('',#11413);
#4771=VERTEX_POINT('',#11415);
#4772=VERTEX_POINT('',#11417);
#4773=VERTEX_POINT('',#11419);
#4774=VERTEX_POINT('',#11421);
#4775=VERTEX_POINT('',#11423);
#4776=VERTEX_POINT('',#11425);
#4777=VERTEX_POINT('',#11427);
#4778=VERTEX_POINT('',#11429);
#4779=VERTEX_POINT('',#11431);
#4780=VERTEX_POINT('',#11433);
#4781=VERTEX_POINT('',#11436);
#4782=VERTEX_POINT('',#11438);
#4783=VERTEX_POINT('',#11440);
#4784=VERTEX_POINT('',#11442);
#4785=VERTEX_POINT('',#11444);
#4786=VERTEX_POINT('',#11452);
#4787=VERTEX_POINT('',#11454);
#4788=VERTEX_POINT('',#11473);
#4789=VERTEX_POINT('',#11477);
#4790=VERTEX_POINT('',#11481);
#4791=VERTEX_POINT('',#11485);
#4792=VERTEX_POINT('',#11489);
#4793=VERTEX_POINT('',#11495);
#4794=VERTEX_POINT('',#11497);
#4795=VERTEX_POINT('',#11499);
#4796=VERTEX_POINT('',#11502);
#4797=VERTEX_POINT('',#11505);
#4798=VERTEX_POINT('',#11507);
#4799=VERTEX_POINT('',#11509);
#4800=VERTEX_POINT('',#11512);
#4801=VERTEX_POINT('',#11516);
#4802=VERTEX_POINT('',#11520);
#4803=VERTEX_POINT('',#11548);
#4804=VERTEX_POINT('',#11552);
#4805=VERTEX_POINT('',#11556);
#4806=VERTEX_POINT('',#11560);
#4807=VERTEX_POINT('',#11564);
#4808=VERTEX_POINT('',#11568);
#4809=VERTEX_POINT('',#11572);
#4810=VERTEX_POINT('',#11576);
#4811=VERTEX_POINT('',#11580);
#4812=VERTEX_POINT('',#11584);
#4813=VERTEX_POINT('',#11588);
#4814=VERTEX_POINT('',#11599);
#4815=VERTEX_POINT('',#11612);
#4816=VERTEX_POINT('',#11625);
#4817=VERTEX_POINT('',#11638);
#4818=VERTEX_POINT('',#11644);
#4819=VERTEX_POINT('',#11648);
#4820=VERTEX_POINT('',#11652);
#4821=VERTEX_POINT('',#11656);
#4822=VERTEX_POINT('',#11660);
#4823=VERTEX_POINT('',#11671);
#4824=VERTEX_POINT('',#11684);
#4825=VERTEX_POINT('',#11711);
#4826=VERTEX_POINT('',#11712);
#4827=VERTEX_POINT('',#11714);
#4828=VERTEX_POINT('',#11718);
#4829=VERTEX_POINT('',#11731);
#4830=VERTEX_POINT('',#11733);
#4831=VERTEX_POINT('',#11748);
#4832=VERTEX_POINT('',#11750);
#4833=VERTEX_POINT('',#11756);
#4834=VERTEX_POINT('',#11758);
#4835=VERTEX_POINT('',#11762);
#4836=VERTEX_POINT('',#11764);
#4837=VERTEX_POINT('',#11768);
#4838=VERTEX_POINT('',#11770);
#4839=VERTEX_POINT('',#11781);
#4840=VERTEX_POINT('',#11785);
#4841=VERTEX_POINT('',#11796);
#4842=VERTEX_POINT('',#11809);
#4843=VERTEX_POINT('',#11815);
#4844=VERTEX_POINT('',#11819);
#4845=VERTEX_POINT('',#11830);
#4846=VERTEX_POINT('',#11843);
#4847=VERTEX_POINT('',#11856);
#4848=VERTEX_POINT('',#11862);
#4849=VERTEX_POINT('',#11866);
#4850=VERTEX_POINT('',#11870);
#4851=VERTEX_POINT('',#11881);
#4852=VERTEX_POINT('',#11894);
#4853=VERTEX_POINT('',#11907);
#4854=VERTEX_POINT('',#11920);
#4855=VERTEX_POINT('',#11926);
#4856=VERTEX_POINT('',#11956);
#4857=VERTEX_POINT('',#11958);
#4858=VERTEX_POINT('',#11962);
#4859=VERTEX_POINT('',#11966);
#4860=VERTEX_POINT('',#11970);
#4861=VERTEX_POINT('',#11974);
#4862=VERTEX_POINT('',#11978);
#4863=VERTEX_POINT('',#11989);
#4864=VERTEX_POINT('',#12002);
#4865=VERTEX_POINT('',#12015);
#4866=VERTEX_POINT('',#12028);
#4867=VERTEX_POINT('',#12034);
#4868=VERTEX_POINT('',#12038);
#4869=VERTEX_POINT('',#12042);
#4870=VERTEX_POINT('',#12046);
#4871=VERTEX_POINT('',#12050);
#4872=VERTEX_POINT('',#12054);
#4873=VERTEX_POINT('',#12058);
#4874=VERTEX_POINT('',#12069);
#4875=VERTEX_POINT('',#12082);
#4876=VERTEX_POINT('',#12095);
#4877=VERTEX_POINT('',#12108);
#4878=VERTEX_POINT('',#12114);
#4879=VERTEX_POINT('',#12118);
#4880=VERTEX_POINT('',#12122);
#4881=VERTEX_POINT('',#12126);
#4882=VERTEX_POINT('',#12130);
#4883=VERTEX_POINT('',#12134);
#4884=VERTEX_POINT('',#12138);
#4885=VERTEX_POINT('',#12149);
#4886=VERTEX_POINT('',#12162);
#4887=VERTEX_POINT('',#12175);
#4888=VERTEX_POINT('',#12181);
#4889=VERTEX_POINT('',#12192);
#4890=VERTEX_POINT('',#12205);
#4891=VERTEX_POINT('',#12218);
#4892=VERTEX_POINT('',#12224);
#4893=VERTEX_POINT('',#12228);
#4894=VERTEX_POINT('',#12232);
#4895=VERTEX_POINT('',#12236);
#4896=VERTEX_POINT('',#12240);
#4897=VERTEX_POINT('',#12247);
#4898=VERTEX_POINT('',#12249);
#4899=VERTEX_POINT('',#12253);
#4900=VERTEX_POINT('',#12264);
#4901=VERTEX_POINT('',#12277);
#4902=VERTEX_POINT('',#12290);
#4903=VERTEX_POINT('',#12303);
#4904=VERTEX_POINT('',#12309);
#4905=VERTEX_POINT('',#12320);
#4906=VERTEX_POINT('',#12333);
#4907=VERTEX_POINT('',#12346);
#4908=VERTEX_POINT('',#12359);
#4909=VERTEX_POINT('',#12365);
#4910=VERTEX_POINT('',#12369);
#4911=VERTEX_POINT('',#12373);
#4912=VERTEX_POINT('',#12384);
#4913=VERTEX_POINT('',#12397);
#4914=VERTEX_POINT('',#12410);
#4915=VERTEX_POINT('',#12423);
#4916=VERTEX_POINT('',#12429);
#4917=VERTEX_POINT('',#12440);
#4918=VERTEX_POINT('',#12453);
#4919=VERTEX_POINT('',#12466);
#4920=VERTEX_POINT('',#12472);
#4921=VERTEX_POINT('',#12479);
#4922=VERTEX_POINT('',#12481);
#4923=VERTEX_POINT('',#12485);
#4924=VERTEX_POINT('',#12489);
#4925=VERTEX_POINT('',#12493);
#4926=VERTEX_POINT('',#12497);
#4927=VERTEX_POINT('',#12501);
#4928=VERTEX_POINT('',#12505);
#4929=VERTEX_POINT('',#12509);
#4930=VERTEX_POINT('',#12513);
#4931=VERTEX_POINT('',#12517);
#4932=VERTEX_POINT('',#12521);
#4933=VERTEX_POINT('',#12528);
#4934=VERTEX_POINT('',#12530);
#4935=VERTEX_POINT('',#12534);
#4936=VERTEX_POINT('',#12538);
#4937=VERTEX_POINT('',#12542);
#4938=VERTEX_POINT('',#12546);
#4939=VERTEX_POINT('',#12550);
#4940=VERTEX_POINT('',#12554);
#4941=VERTEX_POINT('',#12558);
#4942=VERTEX_POINT('',#12562);
#4943=VERTEX_POINT('',#12573);
#4944=VERTEX_POINT('',#12586);
#4945=VERTEX_POINT('',#12592);
#4946=VERTEX_POINT('',#12596);
#4947=VERTEX_POINT('',#12600);
#4948=VERTEX_POINT('',#12604);
#4949=VERTEX_POINT('',#12615);
#4950=VERTEX_POINT('',#12628);
#4951=VERTEX_POINT('',#12634);
#4952=VERTEX_POINT('',#12641);
#4953=VERTEX_POINT('',#12643);
#4954=VERTEX_POINT('',#12647);
#4955=VERTEX_POINT('',#12651);
#4956=VERTEX_POINT('',#12655);
#4957=VERTEX_POINT('',#12659);
#4958=VERTEX_POINT('',#12663);
#4959=VERTEX_POINT('',#12667);
#4960=VERTEX_POINT('',#12678);
#4961=VERTEX_POINT('',#12691);
#4962=VERTEX_POINT('',#12697);
#4963=VERTEX_POINT('',#12708);
#4964=VERTEX_POINT('',#12714);
#4965=VERTEX_POINT('',#12718);
#4966=VERTEX_POINT('',#12722);
#4967=VERTEX_POINT('',#12733);
#4968=VERTEX_POINT('',#12746);
#4969=VERTEX_POINT('',#12752);
#4970=VERTEX_POINT('',#12756);
#4971=VERTEX_POINT('',#12760);
#4972=VERTEX_POINT('',#12767);
#4973=VERTEX_POINT('',#12769);
#4974=VERTEX_POINT('',#12773);
#4975=VERTEX_POINT('',#12784);
#4976=VERTEX_POINT('',#12797);
#4977=VERTEX_POINT('',#12810);
#4978=VERTEX_POINT('',#12823);
#4979=VERTEX_POINT('',#12836);
#4980=VERTEX_POINT('',#12849);
#4981=VERTEX_POINT('',#12862);
#4982=VERTEX_POINT('',#12868);
#4983=VERTEX_POINT('',#12879);
#4984=VERTEX_POINT('',#12892);
#4985=VERTEX_POINT('',#12898);
#4986=VERTEX_POINT('',#12909);
#4987=VERTEX_POINT('',#12915);
#4988=VERTEX_POINT('',#12919);
#4989=VERTEX_POINT('',#12923);
#4990=VERTEX_POINT('',#12927);
#4991=VERTEX_POINT('',#12938);
#4992=VERTEX_POINT('',#12951);
#4993=VERTEX_POINT('',#12964);
#4994=VERTEX_POINT('',#12977);
#4995=VERTEX_POINT('',#12990);
#4996=VERTEX_POINT('',#13003);
#4997=VERTEX_POINT('',#13016);
#4998=VERTEX_POINT('',#13029);
#4999=VERTEX_POINT('',#13042);
#5000=VERTEX_POINT('',#13055);
#5001=VERTEX_POINT('',#13068);
#5002=VERTEX_POINT('',#13077);
#5003=VERTEX_POINT('',#13079);
#5004=VERTEX_POINT('',#13083);
#5005=VERTEX_POINT('',#13087);
#5006=VERTEX_POINT('',#13091);
#5007=VERTEX_POINT('',#13095);
#5008=VERTEX_POINT('',#13099);
#5009=VERTEX_POINT('',#13103);
#5010=VERTEX_POINT('',#13114);
#5011=VERTEX_POINT('',#13127);
#5012=VERTEX_POINT('',#13133);
#5013=VERTEX_POINT('',#13144);
#5014=VERTEX_POINT('',#13150);
#5015=VERTEX_POINT('',#13154);
#5016=VERTEX_POINT('',#13158);
#5017=VERTEX_POINT('',#13169);
#5018=VERTEX_POINT('',#13182);
#5019=VERTEX_POINT('',#13188);
#5020=VERTEX_POINT('',#13192);
#5021=VERTEX_POINT('',#13196);
#5022=VERTEX_POINT('',#13203);
#5023=VERTEX_POINT('',#13205);
#5024=VERTEX_POINT('',#13209);
#5025=VERTEX_POINT('',#13213);
#5026=VERTEX_POINT('',#13217);
#5027=VERTEX_POINT('',#13221);
#5028=VERTEX_POINT('',#13225);
#5029=VERTEX_POINT('',#13229);
#5030=VERTEX_POINT('',#13233);
#5031=VERTEX_POINT('',#13237);
#5032=VERTEX_POINT('',#13241);
#5033=VERTEX_POINT('',#13245);
#5034=VERTEX_POINT('',#13249);
#5035=VERTEX_POINT('',#13253);
#5036=VERTEX_POINT('',#13257);
#5037=VERTEX_POINT('',#13261);
#5038=VERTEX_POINT('',#13265);
#5039=VERTEX_POINT('',#13269);
#5040=VERTEX_POINT('',#13273);
#5041=VERTEX_POINT('',#13277);
#5042=VERTEX_POINT('',#13281);
#5043=VERTEX_POINT('',#13285);
#5044=VERTEX_POINT('',#13289);
#5045=VERTEX_POINT('',#13293);
#5046=VERTEX_POINT('',#13297);
#5047=VERTEX_POINT('',#13301);
#5048=VERTEX_POINT('',#13305);
#5049=VERTEX_POINT('',#13309);
#5050=VERTEX_POINT('',#13325);
#5051=VERTEX_POINT('',#13326);
#5052=VERTEX_POINT('',#13328);
#5053=VERTEX_POINT('',#13332);
#5054=VERTEX_POINT('',#13336);
#5055=VERTEX_POINT('',#13338);
#5056=VERTEX_POINT('',#13351);
#5057=VERTEX_POINT('',#13353);
#5058=VERTEX_POINT('',#13368);
#5059=VERTEX_POINT('',#13370);
#5060=VERTEX_POINT('',#13385);
#5061=VERTEX_POINT('',#13387);
#5062=VERTEX_POINT('',#13402);
#5063=VERTEX_POINT('',#13404);
#5064=VERTEX_POINT('',#13410);
#5065=VERTEX_POINT('',#13412);
#5066=VERTEX_POINT('',#13425);
#5067=VERTEX_POINT('',#13427);
#5068=VERTEX_POINT('',#13442);
#5069=VERTEX_POINT('',#13444);
#5070=VERTEX_POINT('',#13457);
#5071=VERTEX_POINT('',#13461);
#5072=VERTEX_POINT('',#13465);
#5073=VERTEX_POINT('',#13476);
#5074=VERTEX_POINT('',#13489);
#5075=VERTEX_POINT('',#13502);
#5076=VERTEX_POINT('',#13515);
#5077=VERTEX_POINT('',#13521);
#5078=VERTEX_POINT('',#13532);
#5079=VERTEX_POINT('',#13545);
#5080=VERTEX_POINT('',#13586);
#5081=VERTEX_POINT('',#13587);
#5082=VERTEX_POINT('',#13589);
#5083=VERTEX_POINT('',#13593);
#5084=VERTEX_POINT('',#13606);
#5085=VERTEX_POINT('',#13608);
#5086=VERTEX_POINT('',#13623);
#5087=VERTEX_POINT('',#13625);
#5088=VERTEX_POINT('',#13631);
#5089=VERTEX_POINT('',#13633);
#5090=VERTEX_POINT('',#13637);
#5091=VERTEX_POINT('',#13639);
#5092=VERTEX_POINT('',#13643);
#5093=VERTEX_POINT('',#13645);
#5094=VERTEX_POINT('',#13656);
#5095=VERTEX_POINT('',#13660);
#5096=VERTEX_POINT('',#13671);
#5097=VERTEX_POINT('',#13684);
#5098=VERTEX_POINT('',#13690);
#5099=VERTEX_POINT('',#13694);
#5100=VERTEX_POINT('',#13705);
#5101=VERTEX_POINT('',#13718);
#5102=VERTEX_POINT('',#13731);
#5103=VERTEX_POINT('',#13737);
#5104=VERTEX_POINT('',#13741);
#5105=VERTEX_POINT('',#13745);
#5106=VERTEX_POINT('',#13756);
#5107=VERTEX_POINT('',#13769);
#5108=VERTEX_POINT('',#13782);
#5109=VERTEX_POINT('',#13795);
#5110=VERTEX_POINT('',#13801);
#5111=VERTEX_POINT('',#13840);
#5112=VERTEX_POINT('',#13841);
#5113=VERTEX_POINT('',#13843);
#5114=VERTEX_POINT('',#13847);
#5115=VERTEX_POINT('',#13860);
#5116=VERTEX_POINT('',#13862);
#5117=VERTEX_POINT('',#13877);
#5118=VERTEX_POINT('',#13879);
#5119=VERTEX_POINT('',#13885);
#5120=VERTEX_POINT('',#13887);
#5121=VERTEX_POINT('',#13891);
#5122=VERTEX_POINT('',#13893);
#5123=VERTEX_POINT('',#13897);
#5124=VERTEX_POINT('',#13899);
#5125=VERTEX_POINT('',#13910);
#5126=VERTEX_POINT('',#13914);
#5127=VERTEX_POINT('',#13925);
#5128=VERTEX_POINT('',#13938);
#5129=VERTEX_POINT('',#13944);
#5130=VERTEX_POINT('',#13948);
#5131=VERTEX_POINT('',#13959);
#5132=VERTEX_POINT('',#13972);
#5133=VERTEX_POINT('',#13985);
#5134=VERTEX_POINT('',#13991);
#5135=VERTEX_POINT('',#13995);
#5136=VERTEX_POINT('',#13999);
#5137=VERTEX_POINT('',#14010);
#5138=VERTEX_POINT('',#14023);
#5139=VERTEX_POINT('',#14036);
#5140=VERTEX_POINT('',#14049);
#5141=VERTEX_POINT('',#14055);
#5142=VERTEX_POINT('',#14094);
#5143=VERTEX_POINT('',#14095);
#5144=VERTEX_POINT('',#14097);
#5145=VERTEX_POINT('',#14101);
#5146=VERTEX_POINT('',#14105);
#5147=VERTEX_POINT('',#14107);
#5148=VERTEX_POINT('',#14120);
#5149=VERTEX_POINT('',#14122);
#5150=VERTEX_POINT('',#14137);
#5151=VERTEX_POINT('',#14139);
#5152=VERTEX_POINT('',#14154);
#5153=VERTEX_POINT('',#14156);
#5154=VERTEX_POINT('',#14171);
#5155=VERTEX_POINT('',#14173);
#5156=VERTEX_POINT('',#14179);
#5157=VERTEX_POINT('',#14181);
#5158=VERTEX_POINT('',#14194);
#5159=VERTEX_POINT('',#14196);
#5160=VERTEX_POINT('',#14211);
#5161=VERTEX_POINT('',#14213);
#5162=VERTEX_POINT('',#14226);
#5163=VERTEX_POINT('',#14230);
#5164=VERTEX_POINT('',#14234);
#5165=VERTEX_POINT('',#14245);
#5166=VERTEX_POINT('',#14258);
#5167=VERTEX_POINT('',#14271);
#5168=VERTEX_POINT('',#14284);
#5169=VERTEX_POINT('',#14290);
#5170=VERTEX_POINT('',#14301);
#5171=VERTEX_POINT('',#14314);
#5172=VERTEX_POINT('',#14355);
#5173=VERTEX_POINT('',#14356);
#5174=VERTEX_POINT('',#14358);
#5175=VERTEX_POINT('',#14362);
#5176=VERTEX_POINT('',#14366);
#5177=VERTEX_POINT('',#14368);
#5178=VERTEX_POINT('',#14381);
#5179=VERTEX_POINT('',#14383);
#5180=VERTEX_POINT('',#14398);
#5181=VERTEX_POINT('',#14400);
#5182=VERTEX_POINT('',#14415);
#5183=VERTEX_POINT('',#14417);
#5184=VERTEX_POINT('',#14432);
#5185=VERTEX_POINT('',#14434);
#5186=VERTEX_POINT('',#14440);
#5187=VERTEX_POINT('',#14442);
#5188=VERTEX_POINT('',#14446);
#5189=VERTEX_POINT('',#14448);
#5190=VERTEX_POINT('',#14461);
#5191=VERTEX_POINT('',#14463);
#5192=VERTEX_POINT('',#14469);
#5193=VERTEX_POINT('',#14471);
#5194=VERTEX_POINT('',#14475);
#5195=VERTEX_POINT('',#14479);
#5196=VERTEX_POINT('',#14483);
#5197=VERTEX_POINT('',#14487);
#5198=VERTEX_POINT('',#14491);
#5199=VERTEX_POINT('',#14495);
#5200=VERTEX_POINT('',#14506);
#5201=VERTEX_POINT('',#14519);
#5202=VERTEX_POINT('',#14532);
#5203=VERTEX_POINT('',#14538);
#5204=VERTEX_POINT('',#14549);
#5205=VERTEX_POINT('',#14562);
#5206=VERTEX_POINT('',#14575);
#5207=VERTEX_POINT('',#14581);
#5208=VERTEX_POINT('',#14585);
#5209=VERTEX_POINT('',#14589);
#5210=VERTEX_POINT('',#14593);
#5211=VERTEX_POINT('',#14597);
#5212=VERTEX_POINT('',#14627);
#5213=VERTEX_POINT('',#14628);
#5214=VERTEX_POINT('',#14630);
#5215=VERTEX_POINT('',#14634);
#5216=VERTEX_POINT('',#14638);
#5217=VERTEX_POINT('',#14640);
#5218=VERTEX_POINT('',#14653);
#5219=VERTEX_POINT('',#14655);
#5220=VERTEX_POINT('',#14670);
#5221=VERTEX_POINT('',#14672);
#5222=VERTEX_POINT('',#14687);
#5223=VERTEX_POINT('',#14689);
#5224=VERTEX_POINT('',#14704);
#5225=VERTEX_POINT('',#14706);
#5226=VERTEX_POINT('',#14712);
#5227=VERTEX_POINT('',#14714);
#5228=VERTEX_POINT('',#14727);
#5229=VERTEX_POINT('',#14729);
#5230=VERTEX_POINT('',#14744);
#5231=VERTEX_POINT('',#14746);
#5232=VERTEX_POINT('',#14759);
#5233=VERTEX_POINT('',#14763);
#5234=VERTEX_POINT('',#14767);
#5235=VERTEX_POINT('',#14778);
#5236=VERTEX_POINT('',#14791);
#5237=VERTEX_POINT('',#14804);
#5238=VERTEX_POINT('',#14817);
#5239=VERTEX_POINT('',#14823);
#5240=VERTEX_POINT('',#14834);
#5241=VERTEX_POINT('',#14847);
#5242=VERTEX_POINT('',#14879);
#5243=VERTEX_POINT('',#14881);
#5244=VERTEX_POINT('',#14885);
#5245=VERTEX_POINT('',#14889);
#5246=VERTEX_POINT('',#14896);
#5247=VERTEX_POINT('',#14898);
#5248=VERTEX_POINT('',#14902);
#5249=VERTEX_POINT('',#14906);
#5250=LINE('',#10420,#6078);
#5251=LINE('',#10423,#6079);
#5252=LINE('',#10425,#6080);
#5253=LINE('',#10427,#6081);
#5254=LINE('',#10428,#6082);
#5255=LINE('',#10431,#6083);
#5256=LINE('',#10433,#6084);
#5257=LINE('',#10435,#6085);
#5258=LINE('',#10437,#6086);
#5259=LINE('',#10439,#6087);
#5260=LINE('',#10455,#6088);
#5261=LINE('',#10471,#6089);
#5262=LINE('',#10473,#6090);
#5263=LINE('',#10475,#6091);
#5264=LINE('',#10477,#6092);
#5265=LINE('',#10479,#6093);
#5266=LINE('',#10489,#6094);
#5267=LINE('',#10507,#6095);
#5268=LINE('',#10509,#6096);
#5269=LINE('',#10511,#6097);
#5270=LINE('',#10527,#6098);
#5271=LINE('',#10553,#6099);
#5272=LINE('',#10571,#6100);
#5273=LINE('',#10572,#6101);
#5274=LINE('',#10575,#6102);
#5275=LINE('',#10577,#6103);
#5276=LINE('',#10579,#6104);
#5277=LINE('',#10581,#6105);
#5278=LINE('',#10595,#6106);
#5279=LINE('',#10611,#6107);
#5280=LINE('',#10613,#6108);
#5281=LINE('',#10615,#6109);
#5282=LINE('',#10617,#6110);
#5283=LINE('',#10619,#6111);
#5284=LINE('',#10621,#6112);
#5285=LINE('',#10622,#6113);
#5286=LINE('',#10625,#6114);
#5287=LINE('',#10627,#6115);
#5288=LINE('',#10629,#6116);
#5289=LINE('',#10631,#6117);
#5290=LINE('',#10645,#6118);
#5291=LINE('',#10661,#6119);
#5292=LINE('',#10663,#6120);
#5293=LINE('',#10665,#6121);
#5294=LINE('',#10667,#6122);
#5295=LINE('',#10669,#6123);
#5296=LINE('',#10671,#6124);
#5297=LINE('',#10672,#6125);
#5298=LINE('',#10675,#6126);
#5299=LINE('',#10677,#6127);
#5300=LINE('',#10679,#6128);
#5301=LINE('',#10681,#6129);
#5302=LINE('',#10683,#6130);
#5303=LINE('',#10685,#6131);
#5304=LINE('',#10687,#6132);
#5305=LINE('',#10689,#6133);
#5306=LINE('',#10691,#6134);
#5307=LINE('',#10693,#6135);
#5308=LINE('',#10695,#6136);
#5309=LINE('',#10696,#6137);
#5310=LINE('',#10699,#6138);
#5311=LINE('',#10701,#6139);
#5312=LINE('',#10703,#6140);
#5313=LINE('',#10705,#6141);
#5314=LINE('',#10707,#6142);
#5315=LINE('',#10737,#6143);
#5316=LINE('',#10739,#6144);
#5317=LINE('',#10741,#6145);
#5318=LINE('',#10743,#6146);
#5319=LINE('',#10745,#6147);
#5320=LINE('',#10747,#6148);
#5321=LINE('',#10749,#6149);
#5322=LINE('',#10767,#6150);
#5323=LINE('',#10769,#6151);
#5324=LINE('',#10771,#6152);
#5325=LINE('',#10773,#6153);
#5326=LINE('',#10775,#6154);
#5327=LINE('',#10777,#6155);
#5328=LINE('',#10779,#6156);
#5329=LINE('',#10797,#6157);
#5330=LINE('',#10799,#6158);
#5331=LINE('',#10801,#6159);
#5332=LINE('',#10803,#6160);
#5333=LINE('',#10805,#6161);
#5334=LINE('',#10823,#6162);
#5335=LINE('',#10825,#6163);
#5336=LINE('',#10827,#6164);
#5337=LINE('',#10829,#6165);
#5338=LINE('',#10831,#6166);
#5339=LINE('',#10849,#6167);
#5340=LINE('',#10851,#6168);
#5341=LINE('',#10853,#6169);
#5342=LINE('',#10855,#6170);
#5343=LINE('',#10857,#6171);
#5344=LINE('',#10859,#6172);
#5345=LINE('',#10861,#6173);
#5346=LINE('',#10863,#6174);
#5347=LINE('',#10865,#6175);
#5348=LINE('',#10866,#6176);
#5349=LINE('',#10871,#6177);
#5350=LINE('',#10875,#6178);
#5351=LINE('',#10879,#6179);
#5352=LINE('',#10883,#6180);
#5353=LINE('',#10887,#6181);
#5354=LINE('',#10891,#6182);
#5355=LINE('',#10895,#6183);
#5356=LINE('',#10907,#6184);
#5357=LINE('',#10925,#6185);
#5358=LINE('',#10927,#6186);
#5359=LINE('',#10929,#6187);
#5360=LINE('',#10945,#6188);
#5361=LINE('',#10954,#6189);
#5362=LINE('',#10957,#6190);
#5363=LINE('',#10973,#6191);
#5364=LINE('',#10991,#6192);
#5365=LINE('',#10993,#6193);
#5366=LINE('',#10995,#6194);
#5367=LINE('',#11013,#6195);
#5368=LINE('',#11031,#6196);
#5369=LINE('',#11032,#6197);
#5370=LINE('',#11035,#6198);
#5371=LINE('',#11037,#6199);
#5372=LINE('',#11051,#6200);
#5373=LINE('',#11053,#6201);
#5374=LINE('',#11063,#6202);
#5375=LINE('',#11065,#6203);
#5376=LINE('',#11067,#6204);
#5377=LINE('',#11069,#6205);
#5378=LINE('',#11071,#6206);
#5379=LINE('',#11073,#6207);
#5380=LINE('',#11075,#6208);
#5381=LINE('',#11077,#6209);
#5382=LINE('',#11078,#6210);
#5383=LINE('',#11081,#6211);
#5384=LINE('',#11129,#6212);
#5385=LINE('',#11131,#6213);
#5386=LINE('',#11133,#6214);
#5387=LINE('',#11179,#6215);
#5388=LINE('',#11180,#6216);
#5389=LINE('',#11183,#6217);
#5390=LINE('',#11185,#6218);
#5391=LINE('',#11187,#6219);
#5392=LINE('',#11189,#6220);
#5393=LINE('',#11191,#6221);
#5394=LINE('',#11193,#6222);
#5395=LINE('',#11195,#6223);
#5396=LINE('',#11197,#6224);
#5397=LINE('',#11199,#6225);
#5398=LINE('',#11201,#6226);
#5399=LINE('',#11203,#6227);
#5400=LINE('',#11205,#6228);
#5401=LINE('',#11207,#6229);
#5402=LINE('',#11209,#6230);
#5403=LINE('',#11211,#6231);
#5404=LINE('',#11213,#6232);
#5405=LINE('',#11215,#6233);
#5406=LINE('',#11217,#6234);
#5407=LINE('',#11219,#6235);
#5408=LINE('',#11221,#6236);
#5409=LINE('',#11223,#6237);
#5410=LINE('',#11225,#6238);
#5411=LINE('',#11227,#6239);
#5412=LINE('',#11229,#6240);
#5413=LINE('',#11231,#6241);
#5414=LINE('',#11233,#6242);
#5415=LINE('',#11235,#6243);
#5416=LINE('',#11245,#6244);
#5417=LINE('',#11263,#6245);
#5418=LINE('',#11265,#6246);
#5419=LINE('',#11267,#6247);
#5420=LINE('',#11283,#6248);
#5421=LINE('',#11309,#6249);
#5422=LINE('',#11327,#6250);
#5423=LINE('',#11345,#6251);
#5424=LINE('',#11363,#6252);
#5425=LINE('',#11364,#6253);
#5426=LINE('',#11367,#6254);
#5427=LINE('',#11369,#6255);
#5428=LINE('',#11371,#6256);
#5429=LINE('',#11373,#6257);
#5430=LINE('',#11375,#6258);
#5431=LINE('',#11377,#6259);
#5432=LINE('',#11379,#6260);
#5433=LINE('',#11381,#6261);
#5434=LINE('',#11383,#6262);
#5435=LINE('',#11386,#6263);
#5436=LINE('',#11388,#6264);
#5437=LINE('',#11390,#6265);
#5438=LINE('',#11392,#6266);
#5439=LINE('',#11395,#6267);
#5440=LINE('',#11397,#6268);
#5441=LINE('',#11399,#6269);
#5442=LINE('',#11406,#6270);
#5443=LINE('',#11410,#6271);
#5444=LINE('',#11414,#6272);
#5445=LINE('',#11418,#6273);
#5446=LINE('',#11422,#6274);
#5447=LINE('',#11426,#6275);
#5448=LINE('',#11430,#6276);
#5449=LINE('',#11434,#6277);
#5450=LINE('',#11435,#6278);
#5451=LINE('',#11437,#6279);
#5452=LINE('',#11439,#6280);
#5453=LINE('',#11441,#6281);
#5454=LINE('',#11443,#6282);
#5455=LINE('',#11445,#6283);
#5456=LINE('',#11447,#6284);
#5457=LINE('',#11448,#6285);
#5458=LINE('',#11450,#6286);
#5459=LINE('',#11451,#6287);
#5460=LINE('',#11453,#6288);
#5461=LINE('',#11455,#6289);
#5462=LINE('',#11457,#6290);
#5463=LINE('',#11458,#6291);
#5464=LINE('',#11460,#6292);
#5465=LINE('',#11461,#6293);
#5466=LINE('',#11463,#6294);
#5467=LINE('',#11464,#6295);
#5468=LINE('',#11466,#6296);
#5469=LINE('',#11467,#6297);
#5470=LINE('',#11469,#6298);
#5471=LINE('',#11470,#6299);
#5472=LINE('',#11472,#6300);
#5473=LINE('',#11474,#6301);
#5474=LINE('',#11476,#6302);
#5475=LINE('',#11478,#6303);
#5476=LINE('',#11480,#6304);
#5477=LINE('',#11482,#6305);
#5478=LINE('',#11484,#6306);
#5479=LINE('',#11486,#6307);
#5480=LINE('',#11488,#6308);
#5481=LINE('',#11490,#6309);
#5482=LINE('',#11492,#6310);
#5483=LINE('',#11496,#6311);
#5484=LINE('',#11501,#6312);
#5485=LINE('',#11526,#6313);
#5486=LINE('',#11536,#6314);
#5487=LINE('',#11547,#6315);
#5488=LINE('',#11553,#6316);
#5489=LINE('',#11555,#6317);
#5490=LINE('',#11557,#6318);
#5491=LINE('',#11559,#6319);
#5492=LINE('',#11561,#6320);
#5493=LINE('',#11563,#6321);
#5494=LINE('',#11565,#6322);
#5495=LINE('',#11567,#6323);
#5496=LINE('',#11569,#6324);
#5497=LINE('',#11571,#6325);
#5498=LINE('',#11573,#6326);
#5499=LINE('',#11575,#6327);
#5500=LINE('',#11577,#6328);
#5501=LINE('',#11579,#6329);
#5502=LINE('',#11581,#6330);
#5503=LINE('',#11583,#6331);
#5504=LINE('',#11585,#6332);
#5505=LINE('',#11587,#6333);
#5506=LINE('',#11589,#6334);
#5507=LINE('',#11598,#6335);
#5508=LINE('',#11611,#6336);
#5509=LINE('',#11624,#6337);
#5510=LINE('',#11637,#6338);
#5511=LINE('',#11643,#6339);
#5512=LINE('',#11645,#6340);
#5513=LINE('',#11647,#6341);
#5514=LINE('',#11649,#6342);
#5515=LINE('',#11651,#6343);
#5516=LINE('',#11653,#6344);
#5517=LINE('',#11655,#6345);
#5518=LINE('',#11657,#6346);
#5519=LINE('',#11659,#6347);
#5520=LINE('',#11661,#6348);
#5521=LINE('',#11670,#6349);
#5522=LINE('',#11683,#6350);
#5523=LINE('',#11713,#6351);
#5524=LINE('',#11719,#6352);
#5525=LINE('',#11732,#6353);
#5526=LINE('',#11749,#6354);
#5527=LINE('',#11755,#6355);
#5528=LINE('',#11757,#6356);
#5529=LINE('',#11759,#6357);
#5530=LINE('',#11761,#6358);
#5531=LINE('',#11763,#6359);
#5532=LINE('',#11765,#6360);
#5533=LINE('',#11767,#6361);
#5534=LINE('',#11769,#6362);
#5535=LINE('',#11771,#6363);
#5536=LINE('',#11780,#6364);
#5537=LINE('',#11786,#6365);
#5538=LINE('',#11795,#6366);
#5539=LINE('',#11808,#6367);
#5540=LINE('',#11814,#6368);
#5541=LINE('',#11816,#6369);
#5542=LINE('',#11818,#6370);
#5543=LINE('',#11829,#6371);
#5544=LINE('',#11842,#6372);
#5545=LINE('',#11855,#6373);
#5546=LINE('',#11861,#6374);
#5547=LINE('',#11863,#6375);
#5548=LINE('',#11865,#6376);
#5549=LINE('',#11867,#6377);
#5550=LINE('',#11869,#6378);
#5551=LINE('',#11871,#6379);
#5552=LINE('',#11880,#6380);
#5553=LINE('',#11893,#6381);
#5554=LINE('',#11906,#6382);
#5555=LINE('',#11919,#6383);
#5556=LINE('',#11925,#6384);
#5557=LINE('',#11927,#6385);
#5558=LINE('',#11955,#6386);
#5559=LINE('',#11957,#6387);
#5560=LINE('',#11959,#6388);
#5561=LINE('',#11961,#6389);
#5562=LINE('',#11963,#6390);
#5563=LINE('',#11965,#6391);
#5564=LINE('',#11967,#6392);
#5565=LINE('',#11969,#6393);
#5566=LINE('',#11971,#6394);
#5567=LINE('',#11973,#6395);
#5568=LINE('',#11975,#6396);
#5569=LINE('',#11977,#6397);
#5570=LINE('',#11979,#6398);
#5571=LINE('',#11988,#6399);
#5572=LINE('',#12001,#6400);
#5573=LINE('',#12014,#6401);
#5574=LINE('',#12027,#6402);
#5575=LINE('',#12033,#6403);
#5576=LINE('',#12035,#6404);
#5577=LINE('',#12037,#6405);
#5578=LINE('',#12039,#6406);
#5579=LINE('',#12041,#6407);
#5580=LINE('',#12043,#6408);
#5581=LINE('',#12045,#6409);
#5582=LINE('',#12047,#6410);
#5583=LINE('',#12049,#6411);
#5584=LINE('',#12051,#6412);
#5585=LINE('',#12053,#6413);
#5586=LINE('',#12055,#6414);
#5587=LINE('',#12057,#6415);
#5588=LINE('',#12059,#6416);
#5589=LINE('',#12068,#6417);
#5590=LINE('',#12081,#6418);
#5591=LINE('',#12094,#6419);
#5592=LINE('',#12107,#6420);
#5593=LINE('',#12113,#6421);
#5594=LINE('',#12115,#6422);
#5595=LINE('',#12117,#6423);
#5596=LINE('',#12119,#6424);
#5597=LINE('',#12121,#6425);
#5598=LINE('',#12123,#6426);
#5599=LINE('',#12125,#6427);
#5600=LINE('',#12127,#6428);
#5601=LINE('',#12129,#6429);
#5602=LINE('',#12131,#6430);
#5603=LINE('',#12133,#6431);
#5604=LINE('',#12135,#6432);
#5605=LINE('',#12137,#6433);
#5606=LINE('',#12139,#6434);
#5607=LINE('',#12148,#6435);
#5608=LINE('',#12161,#6436);
#5609=LINE('',#12174,#6437);
#5610=LINE('',#12180,#6438);
#5611=LINE('',#12191,#6439);
#5612=LINE('',#12204,#6440);
#5613=LINE('',#12217,#6441);
#5614=LINE('',#12223,#6442);
#5615=LINE('',#12227,#6443);
#5616=LINE('',#12229,#6444);
#5617=LINE('',#12231,#6445);
#5618=LINE('',#12233,#6446);
#5619=LINE('',#12235,#6447);
#5620=LINE('',#12237,#6448);
#5621=LINE('',#12239,#6449);
#5622=LINE('',#12241,#6450);
#5623=LINE('',#12243,#6451);
#5624=LINE('',#12246,#6452);
#5625=LINE('',#12248,#6453);
#5626=LINE('',#12250,#6454);
#5627=LINE('',#12252,#6455);
#5628=LINE('',#12254,#6456);
#5629=LINE('',#12263,#6457);
#5630=LINE('',#12276,#6458);
#5631=LINE('',#12289,#6459);
#5632=LINE('',#12302,#6460);
#5633=LINE('',#12308,#6461);
#5634=LINE('',#12310,#6462);
#5635=LINE('',#12319,#6463);
#5636=LINE('',#12332,#6464);
#5637=LINE('',#12345,#6465);
#5638=LINE('',#12358,#6466);
#5639=LINE('',#12364,#6467);
#5640=LINE('',#12366,#6468);
#5641=LINE('',#12368,#6469);
#5642=LINE('',#12370,#6470);
#5643=LINE('',#12372,#6471);
#5644=LINE('',#12374,#6472);
#5645=LINE('',#12383,#6473);
#5646=LINE('',#12396,#6474);
#5647=LINE('',#12409,#6475);
#5648=LINE('',#12422,#6476);
#5649=LINE('',#12428,#6477);
#5650=LINE('',#12430,#6478);
#5651=LINE('',#12439,#6479);
#5652=LINE('',#12452,#6480);
#5653=LINE('',#12465,#6481);
#5654=LINE('',#12471,#6482);
#5655=LINE('',#12475,#6483);
#5656=LINE('',#12478,#6484);
#5657=LINE('',#12480,#6485);
#5658=LINE('',#12482,#6486);
#5659=LINE('',#12484,#6487);
#5660=LINE('',#12486,#6488);
#5661=LINE('',#12488,#6489);
#5662=LINE('',#12490,#6490);
#5663=LINE('',#12492,#6491);
#5664=LINE('',#12494,#6492);
#5665=LINE('',#12496,#6493);
#5666=LINE('',#12498,#6494);
#5667=LINE('',#12500,#6495);
#5668=LINE('',#12502,#6496);
#5669=LINE('',#12504,#6497);
#5670=LINE('',#12506,#6498);
#5671=LINE('',#12508,#6499);
#5672=LINE('',#12510,#6500);
#5673=LINE('',#12512,#6501);
#5674=LINE('',#12514,#6502);
#5675=LINE('',#12516,#6503);
#5676=LINE('',#12518,#6504);
#5677=LINE('',#12520,#6505);
#5678=LINE('',#12522,#6506);
#5679=LINE('',#12524,#6507);
#5680=LINE('',#12527,#6508);
#5681=LINE('',#12529,#6509);
#5682=LINE('',#12531,#6510);
#5683=LINE('',#12533,#6511);
#5684=LINE('',#12535,#6512);
#5685=LINE('',#12537,#6513);
#5686=LINE('',#12539,#6514);
#5687=LINE('',#12541,#6515);
#5688=LINE('',#12543,#6516);
#5689=LINE('',#12545,#6517);
#5690=LINE('',#12547,#6518);
#5691=LINE('',#12549,#6519);
#5692=LINE('',#12551,#6520);
#5693=LINE('',#12553,#6521);
#5694=LINE('',#12555,#6522);
#5695=LINE('',#12557,#6523);
#5696=LINE('',#12559,#6524);
#5697=LINE('',#12561,#6525);
#5698=LINE('',#12563,#6526);
#5699=LINE('',#12572,#6527);
#5700=LINE('',#12585,#6528);
#5701=LINE('',#12591,#6529);
#5702=LINE('',#12593,#6530);
#5703=LINE('',#12595,#6531);
#5704=LINE('',#12597,#6532);
#5705=LINE('',#12599,#6533);
#5706=LINE('',#12603,#6534);
#5707=LINE('',#12614,#6535);
#5708=LINE('',#12627,#6536);
#5709=LINE('',#12633,#6537);
#5710=LINE('',#12635,#6538);
#5711=LINE('',#12637,#6539);
#5712=LINE('',#12640,#6540);
#5713=LINE('',#12642,#6541);
#5714=LINE('',#12644,#6542);
#5715=LINE('',#12646,#6543);
#5716=LINE('',#12648,#6544);
#5717=LINE('',#12650,#6545);
#5718=LINE('',#12652,#6546);
#5719=LINE('',#12654,#6547);
#5720=LINE('',#12656,#6548);
#5721=LINE('',#12658,#6549);
#5722=LINE('',#12660,#6550);
#5723=LINE('',#12662,#6551);
#5724=LINE('',#12664,#6552);
#5725=LINE('',#12666,#6553);
#5726=LINE('',#12668,#6554);
#5727=LINE('',#12677,#6555);
#5728=LINE('',#12690,#6556);
#5729=LINE('',#12696,#6557);
#5730=LINE('',#12707,#6558);
#5731=LINE('',#12713,#6559);
#5732=LINE('',#12715,#6560);
#5733=LINE('',#12717,#6561);
#5734=LINE('',#12721,#6562);
#5735=LINE('',#12732,#6563);
#5736=LINE('',#12745,#6564);
#5737=LINE('',#12751,#6565);
#5738=LINE('',#12753,#6566);
#5739=LINE('',#12755,#6567);
#5740=LINE('',#12757,#6568);
#5741=LINE('',#12759,#6569);
#5742=LINE('',#12761,#6570);
#5743=LINE('',#12763,#6571);
#5744=LINE('',#12766,#6572);
#5745=LINE('',#12768,#6573);
#5746=LINE('',#12770,#6574);
#5747=LINE('',#12772,#6575);
#5748=LINE('',#12774,#6576);
#5749=LINE('',#12783,#6577);
#5750=LINE('',#12796,#6578);
#5751=LINE('',#12809,#6579);
#5752=LINE('',#12822,#6580);
#5753=LINE('',#12835,#6581);
#5754=LINE('',#12848,#6582);
#5755=LINE('',#12861,#6583);
#5756=LINE('',#12867,#6584);
#5757=LINE('',#12878,#6585);
#5758=LINE('',#12891,#6586);
#5759=LINE('',#12897,#6587);
#5760=LINE('',#12908,#6588);
#5761=LINE('',#12914,#6589);
#5762=LINE('',#12916,#6590);
#5763=LINE('',#12918,#6591);
#5764=LINE('',#12920,#6592);
#5765=LINE('',#12922,#6593);
#5766=LINE('',#12924,#6594);
#5767=LINE('',#12926,#6595);
#5768=LINE('',#12937,#6596);
#5769=LINE('',#12950,#6597);
#5770=LINE('',#12963,#6598);
#5771=LINE('',#12976,#6599);
#5772=LINE('',#12989,#6600);
#5773=LINE('',#13002,#6601);
#5774=LINE('',#13015,#6602);
#5775=LINE('',#13028,#6603);
#5776=LINE('',#13041,#6604);
#5777=LINE('',#13054,#6605);
#5778=LINE('',#13067,#6606);
#5779=LINE('',#13073,#6607);
#5780=LINE('',#13076,#6608);
#5781=LINE('',#13078,#6609);
#5782=LINE('',#13080,#6610);
#5783=LINE('',#13082,#6611);
#5784=LINE('',#13084,#6612);
#5785=LINE('',#13086,#6613);
#5786=LINE('',#13088,#6614);
#5787=LINE('',#13090,#6615);
#5788=LINE('',#13092,#6616);
#5789=LINE('',#13094,#6617);
#5790=LINE('',#13096,#6618);
#5791=LINE('',#13098,#6619);
#5792=LINE('',#13100,#6620);
#5793=LINE('',#13102,#6621);
#5794=LINE('',#13104,#6622);
#5795=LINE('',#13113,#6623);
#5796=LINE('',#13126,#6624);
#5797=LINE('',#13132,#6625);
#5798=LINE('',#13143,#6626);
#5799=LINE('',#13149,#6627);
#5800=LINE('',#13151,#6628);
#5801=LINE('',#13153,#6629);
#5802=LINE('',#13157,#6630);
#5803=LINE('',#13168,#6631);
#5804=LINE('',#13181,#6632);
#5805=LINE('',#13187,#6633);
#5806=LINE('',#13189,#6634);
#5807=LINE('',#13191,#6635);
#5808=LINE('',#13193,#6636);
#5809=LINE('',#13195,#6637);
#5810=LINE('',#13197,#6638);
#5811=LINE('',#13199,#6639);
#5812=LINE('',#13202,#6640);
#5813=LINE('',#13204,#6641);
#5814=LINE('',#13206,#6642);
#5815=LINE('',#13208,#6643);
#5816=LINE('',#13210,#6644);
#5817=LINE('',#13212,#6645);
#5818=LINE('',#13214,#6646);
#5819=LINE('',#13216,#6647);
#5820=LINE('',#13218,#6648);
#5821=LINE('',#13220,#6649);
#5822=LINE('',#13222,#6650);
#5823=LINE('',#13224,#6651);
#5824=LINE('',#13226,#6652);
#5825=LINE('',#13228,#6653);
#5826=LINE('',#13230,#6654);
#5827=LINE('',#13232,#6655);
#5828=LINE('',#13234,#6656);
#5829=LINE('',#13236,#6657);
#5830=LINE('',#13238,#6658);
#5831=LINE('',#13240,#6659);
#5832=LINE('',#13242,#6660);
#5833=LINE('',#13244,#6661);
#5834=LINE('',#13246,#6662);
#5835=LINE('',#13248,#6663);
#5836=LINE('',#13250,#6664);
#5837=LINE('',#13252,#6665);
#5838=LINE('',#13254,#6666);
#5839=LINE('',#13256,#6667);
#5840=LINE('',#13258,#6668);
#5841=LINE('',#13260,#6669);
#5842=LINE('',#13262,#6670);
#5843=LINE('',#13264,#6671);
#5844=LINE('',#13266,#6672);
#5845=LINE('',#13268,#6673);
#5846=LINE('',#13270,#6674);
#5847=LINE('',#13272,#6675);
#5848=LINE('',#13274,#6676);
#5849=LINE('',#13276,#6677);
#5850=LINE('',#13278,#6678);
#5851=LINE('',#13280,#6679);
#5852=LINE('',#13282,#6680);
#5853=LINE('',#13284,#6681);
#5854=LINE('',#13286,#6682);
#5855=LINE('',#13288,#6683);
#5856=LINE('',#13290,#6684);
#5857=LINE('',#13292,#6685);
#5858=LINE('',#13294,#6686);
#5859=LINE('',#13296,#6687);
#5860=LINE('',#13298,#6688);
#5861=LINE('',#13300,#6689);
#5862=LINE('',#13302,#6690);
#5863=LINE('',#13304,#6691);
#5864=LINE('',#13306,#6692);
#5865=LINE('',#13308,#6693);
#5866=LINE('',#13310,#6694);
#5867=LINE('',#13312,#6695);
#5868=LINE('',#13327,#6696);
#5869=LINE('',#13333,#6697);
#5870=LINE('',#13335,#6698);
#5871=LINE('',#13337,#6699);
#5872=LINE('',#13339,#6700);
#5873=LINE('',#13352,#6701);
#5874=LINE('',#13369,#6702);
#5875=LINE('',#13386,#6703);
#5876=LINE('',#13403,#6704);
#5877=LINE('',#13409,#6705);
#5878=LINE('',#13411,#6706);
#5879=LINE('',#13413,#6707);
#5880=LINE('',#13426,#6708);
#5881=LINE('',#13443,#6709);
#5882=LINE('',#13456,#6710);
#5883=LINE('',#13462,#6711);
#5884=LINE('',#13464,#6712);
#5885=LINE('',#13466,#6713);
#5886=LINE('',#13475,#6714);
#5887=LINE('',#13488,#6715);
#5888=LINE('',#13501,#6716);
#5889=LINE('',#13514,#6717);
#5890=LINE('',#13520,#6718);
#5891=LINE('',#13522,#6719);
#5892=LINE('',#13531,#6720);
#5893=LINE('',#13544,#6721);
#5894=LINE('',#13588,#6722);
#5895=LINE('',#13594,#6723);
#5896=LINE('',#13607,#6724);
#5897=LINE('',#13624,#6725);
#5898=LINE('',#13630,#6726);
#5899=LINE('',#13632,#6727);
#5900=LINE('',#13634,#6728);
#5901=LINE('',#13636,#6729);
#5902=LINE('',#13638,#6730);
#5903=LINE('',#13640,#6731);
#5904=LINE('',#13642,#6732);
#5905=LINE('',#13644,#6733);
#5906=LINE('',#13646,#6734);
#5907=LINE('',#13655,#6735);
#5908=LINE('',#13661,#6736);
#5909=LINE('',#13670,#6737);
#5910=LINE('',#13683,#6738);
#5911=LINE('',#13689,#6739);
#5912=LINE('',#13691,#6740);
#5913=LINE('',#13693,#6741);
#5914=LINE('',#13704,#6742);
#5915=LINE('',#13717,#6743);
#5916=LINE('',#13730,#6744);
#5917=LINE('',#13736,#6745);
#5918=LINE('',#13738,#6746);
#5919=LINE('',#13740,#6747);
#5920=LINE('',#13742,#6748);
#5921=LINE('',#13744,#6749);
#5922=LINE('',#13746,#6750);
#5923=LINE('',#13755,#6751);
#5924=LINE('',#13768,#6752);
#5925=LINE('',#13781,#6753);
#5926=LINE('',#13794,#6754);
#5927=LINE('',#13800,#6755);
#5928=LINE('',#13802,#6756);
#5929=LINE('',#13842,#6757);
#5930=LINE('',#13848,#6758);
#5931=LINE('',#13861,#6759);
#5932=LINE('',#13878,#6760);
#5933=LINE('',#13884,#6761);
#5934=LINE('',#13886,#6762);
#5935=LINE('',#13888,#6763);
#5936=LINE('',#13890,#6764);
#5937=LINE('',#13892,#6765);
#5938=LINE('',#13894,#6766);
#5939=LINE('',#13896,#6767);
#5940=LINE('',#13898,#6768);
#5941=LINE('',#13900,#6769);
#5942=LINE('',#13909,#6770);
#5943=LINE('',#13915,#6771);
#5944=LINE('',#13924,#6772);
#5945=LINE('',#13937,#6773);
#5946=LINE('',#13943,#6774);
#5947=LINE('',#13945,#6775);
#5948=LINE('',#13947,#6776);
#5949=LINE('',#13958,#6777);
#5950=LINE('',#13971,#6778);
#5951=LINE('',#13984,#6779);
#5952=LINE('',#13990,#6780);
#5953=LINE('',#13992,#6781);
#5954=LINE('',#13994,#6782);
#5955=LINE('',#13996,#6783);
#5956=LINE('',#13998,#6784);
#5957=LINE('',#14000,#6785);
#5958=LINE('',#14009,#6786);
#5959=LINE('',#14022,#6787);
#5960=LINE('',#14035,#6788);
#5961=LINE('',#14048,#6789);
#5962=LINE('',#14054,#6790);
#5963=LINE('',#14056,#6791);
#5964=LINE('',#14096,#6792);
#5965=LINE('',#14102,#6793);
#5966=LINE('',#14104,#6794);
#5967=LINE('',#14106,#6795);
#5968=LINE('',#14108,#6796);
#5969=LINE('',#14121,#6797);
#5970=LINE('',#14138,#6798);
#5971=LINE('',#14155,#6799);
#5972=LINE('',#14172,#6800);
#5973=LINE('',#14178,#6801);
#5974=LINE('',#14180,#6802);
#5975=LINE('',#14182,#6803);
#5976=LINE('',#14195,#6804);
#5977=LINE('',#14212,#6805);
#5978=LINE('',#14225,#6806);
#5979=LINE('',#14231,#6807);
#5980=LINE('',#14233,#6808);
#5981=LINE('',#14235,#6809);
#5982=LINE('',#14244,#6810);
#5983=LINE('',#14257,#6811);
#5984=LINE('',#14270,#6812);
#5985=LINE('',#14283,#6813);
#5986=LINE('',#14289,#6814);
#5987=LINE('',#14291,#6815);
#5988=LINE('',#14300,#6816);
#5989=LINE('',#14313,#6817);
#5990=LINE('',#14357,#6818);
#5991=LINE('',#14363,#6819);
#5992=LINE('',#14365,#6820);
#5993=LINE('',#14367,#6821);
#5994=LINE('',#14369,#6822);
#5995=LINE('',#14382,#6823);
#5996=LINE('',#14399,#6824);
#5997=LINE('',#14416,#6825);
#5998=LINE('',#14433,#6826);
#5999=LINE('',#14439,#6827);
#6000=LINE('',#14441,#6828);
#6001=LINE('',#14443,#6829);
#6002=LINE('',#14447,#6830);
#6003=LINE('',#14462,#6831);
#6004=LINE('',#14468,#6832);
#6005=LINE('',#14470,#6833);
#6006=LINE('',#14472,#6834);
#6007=LINE('',#14474,#6835);
#6008=LINE('',#14476,#6836);
#6009=LINE('',#14478,#6837);
#6010=LINE('',#14480,#6838);
#6011=LINE('',#14482,#6839);
#6012=LINE('',#14484,#6840);
#6013=LINE('',#14486,#6841);
#6014=LINE('',#14488,#6842);
#6015=LINE('',#14490,#6843);
#6016=LINE('',#14492,#6844);
#6017=LINE('',#14494,#6845);
#6018=LINE('',#14505,#6846);
#6019=LINE('',#14518,#6847);
#6020=LINE('',#14531,#6848);
#6021=LINE('',#14537,#6849);
#6022=LINE('',#14539,#6850);
#6023=LINE('',#14548,#6851);
#6024=LINE('',#14561,#6852);
#6025=LINE('',#14574,#6853);
#6026=LINE('',#14580,#6854);
#6027=LINE('',#14584,#6855);
#6028=LINE('',#14586,#6856);
#6029=LINE('',#14588,#6857);
#6030=LINE('',#14590,#6858);
#6031=LINE('',#14592,#6859);
#6032=LINE('',#14594,#6860);
#6033=LINE('',#14596,#6861);
#6034=LINE('',#14598,#6862);
#6035=LINE('',#14600,#6863);
#6036=LINE('',#14629,#6864);
#6037=LINE('',#14635,#6865);
#6038=LINE('',#14637,#6866);
#6039=LINE('',#14639,#6867);
#6040=LINE('',#14641,#6868);
#6041=LINE('',#14654,#6869);
#6042=LINE('',#14671,#6870);
#6043=LINE('',#14688,#6871);
#6044=LINE('',#14705,#6872);
#6045=LINE('',#14711,#6873);
#6046=LINE('',#14713,#6874);
#6047=LINE('',#14715,#6875);
#6048=LINE('',#14728,#6876);
#6049=LINE('',#14745,#6877);
#6050=LINE('',#14758,#6878);
#6051=LINE('',#14764,#6879);
#6052=LINE('',#14766,#6880);
#6053=LINE('',#14768,#6881);
#6054=LINE('',#14777,#6882);
#6055=LINE('',#14790,#6883);
#6056=LINE('',#14803,#6884);
#6057=LINE('',#14816,#6885);
#6058=LINE('',#14822,#6886);
#6059=LINE('',#14824,#6887);
#6060=LINE('',#14833,#6888);
#6061=LINE('',#14846,#6889);
#6062=LINE('',#14878,#6890);
#6063=LINE('',#14880,#6891);
#6064=LINE('',#14882,#6892);
#6065=LINE('',#14884,#6893);
#6066=LINE('',#14886,#6894);
#6067=LINE('',#14888,#6895);
#6068=LINE('',#14890,#6896);
#6069=LINE('',#14892,#6897);
#6070=LINE('',#14895,#6898);
#6071=LINE('',#14897,#6899);
#6072=LINE('',#14899,#6900);
#6073=LINE('',#14901,#6901);
#6074=LINE('',#14903,#6902);
#6075=LINE('',#14905,#6903);
#6076=LINE('',#14907,#6904);
#6077=LINE('',#14909,#6905);
#6078=VECTOR('',#8910,1.);
#6079=VECTOR('',#8911,1.);
#6080=VECTOR('',#8912,1.);
#6081=VECTOR('',#8913,1.);
#6082=VECTOR('',#8914,1.);
#6083=VECTOR('',#8915,1.);
#6084=VECTOR('',#8916,1.);
#6085=VECTOR('',#8917,1.);
#6086=VECTOR('',#8918,1.);
#6087=VECTOR('',#8919,1.);
#6088=VECTOR('',#8922,1.);
#6089=VECTOR('',#8925,1.);
#6090=VECTOR('',#8926,1.);
#6091=VECTOR('',#8927,1.);
#6092=VECTOR('',#8928,1.);
#6093=VECTOR('',#8929,1.);
#6094=VECTOR('',#8930,1.);
#6095=VECTOR('',#8931,1.);
#6096=VECTOR('',#8932,1.);
#6097=VECTOR('',#8933,1.);
#6098=VECTOR('',#8936,1.);
#6099=VECTOR('',#8937,1.);
#6100=VECTOR('',#8938,1.);
#6101=VECTOR('',#8939,1.);
#6102=VECTOR('',#8940,1.);
#6103=VECTOR('',#8941,1.);
#6104=VECTOR('',#8942,1.);
#6105=VECTOR('',#8943,1.);
#6106=VECTOR('',#8948,1.);
#6107=VECTOR('',#8951,1.);
#6108=VECTOR('',#8952,1.);
#6109=VECTOR('',#8953,1.);
#6110=VECTOR('',#8954,1.);
#6111=VECTOR('',#8955,1.);
#6112=VECTOR('',#8956,1.);
#6113=VECTOR('',#8957,1.);
#6114=VECTOR('',#8958,1.);
#6115=VECTOR('',#8959,1.);
#6116=VECTOR('',#8960,1.);
#6117=VECTOR('',#8961,1.);
#6118=VECTOR('',#8966,1.);
#6119=VECTOR('',#8969,1.);
#6120=VECTOR('',#8970,1.);
#6121=VECTOR('',#8971,1.);
#6122=VECTOR('',#8972,1.);
#6123=VECTOR('',#8973,1.);
#6124=VECTOR('',#8974,1.);
#6125=VECTOR('',#8975,1.);
#6126=VECTOR('',#8976,1.);
#6127=VECTOR('',#8977,1.);
#6128=VECTOR('',#8978,1.);
#6129=VECTOR('',#8979,1.);
#6130=VECTOR('',#8980,1.);
#6131=VECTOR('',#8981,1.);
#6132=VECTOR('',#8982,1.);
#6133=VECTOR('',#8983,1.);
#6134=VECTOR('',#8984,1.);
#6135=VECTOR('',#8985,1.);
#6136=VECTOR('',#8986,1.);
#6137=VECTOR('',#8987,1.);
#6138=VECTOR('',#8988,1.);
#6139=VECTOR('',#8989,1.);
#6140=VECTOR('',#8990,1.);
#6141=VECTOR('',#8991,1.);
#6142=VECTOR('',#8992,1.);
#6143=VECTOR('',#8997,1.);
#6144=VECTOR('',#8998,1.);
#6145=VECTOR('',#8999,1.);
#6146=VECTOR('',#9000,1.);
#6147=VECTOR('',#9001,1.);
#6148=VECTOR('',#9002,1.);
#6149=VECTOR('',#9003,1.);
#6150=VECTOR('',#9004,1.);
#6151=VECTOR('',#9005,1.);
#6152=VECTOR('',#9006,1.);
#6153=VECTOR('',#9007,1.);
#6154=VECTOR('',#9008,1.);
#6155=VECTOR('',#9009,1.);
#6156=VECTOR('',#9010,1.);
#6157=VECTOR('',#9011,1.);
#6158=VECTOR('',#9012,1.);
#6159=VECTOR('',#9013,1.);
#6160=VECTOR('',#9014,1.);
#6161=VECTOR('',#9015,1.);
#6162=VECTOR('',#9016,1.);
#6163=VECTOR('',#9017,1.);
#6164=VECTOR('',#9018,1.);
#6165=VECTOR('',#9019,1.);
#6166=VECTOR('',#9020,1.);
#6167=VECTOR('',#9021,1.);
#6168=VECTOR('',#9022,1.);
#6169=VECTOR('',#9023,1.);
#6170=VECTOR('',#9024,1.);
#6171=VECTOR('',#9025,1.);
#6172=VECTOR('',#9026,1.);
#6173=VECTOR('',#9027,1.);
#6174=VECTOR('',#9028,1.);
#6175=VECTOR('',#9029,1.);
#6176=VECTOR('',#9030,1.);
#6177=VECTOR('',#9033,1.);
#6178=VECTOR('',#9036,1.);
#6179=VECTOR('',#9039,1.);
#6180=VECTOR('',#9042,1.);
#6181=VECTOR('',#9045,1.);
#6182=VECTOR('',#9048,1.);
#6183=VECTOR('',#9051,1.);
#6184=VECTOR('',#9054,1.);
#6185=VECTOR('',#9055,1.);
#6186=VECTOR('',#9056,1.);
#6187=VECTOR('',#9057,1.);
#6188=VECTOR('',#9060,1.);
#6189=VECTOR('',#9061,1.);
#6190=VECTOR('',#9062,1.);
#6191=VECTOR('',#9065,1.);
#6192=VECTOR('',#9066,1.);
#6193=VECTOR('',#9067,1.);
#6194=VECTOR('',#9068,1.);
#6195=VECTOR('',#9069,1.);
#6196=VECTOR('',#9070,1.);
#6197=VECTOR('',#9071,1.);
#6198=VECTOR('',#9072,1.);
#6199=VECTOR('',#9073,1.);
#6200=VECTOR('',#9078,1.);
#6201=VECTOR('',#9079,1.);
#6202=VECTOR('',#9080,1.);
#6203=VECTOR('',#9081,1.);
#6204=VECTOR('',#9082,1.);
#6205=VECTOR('',#9083,1.);
#6206=VECTOR('',#9084,1.);
#6207=VECTOR('',#9085,1.);
#6208=VECTOR('',#9086,1.);
#6209=VECTOR('',#9087,1.);
#6210=VECTOR('',#9088,1.);
#6211=VECTOR('',#9089,1.);
#6212=VECTOR('',#9092,1.);
#6213=VECTOR('',#9093,1.);
#6214=VECTOR('',#9094,1.);
#6215=VECTOR('',#9099,1.);
#6216=VECTOR('',#9100,1.);
#6217=VECTOR('',#9101,1.);
#6218=VECTOR('',#9102,1.);
#6219=VECTOR('',#9103,1.);
#6220=VECTOR('',#9104,1.);
#6221=VECTOR('',#9105,1.);
#6222=VECTOR('',#9106,1.);
#6223=VECTOR('',#9107,1.);
#6224=VECTOR('',#9108,1.);
#6225=VECTOR('',#9109,1.);
#6226=VECTOR('',#9110,1.);
#6227=VECTOR('',#9111,1.);
#6228=VECTOR('',#9112,1.);
#6229=VECTOR('',#9113,1.);
#6230=VECTOR('',#9114,1.);
#6231=VECTOR('',#9115,1.);
#6232=VECTOR('',#9116,1.);
#6233=VECTOR('',#9117,1.);
#6234=VECTOR('',#9118,1.);
#6235=VECTOR('',#9119,1.);
#6236=VECTOR('',#9120,1.);
#6237=VECTOR('',#9121,1.);
#6238=VECTOR('',#9122,1.);
#6239=VECTOR('',#9123,1.);
#6240=VECTOR('',#9124,1.);
#6241=VECTOR('',#9125,1.);
#6242=VECTOR('',#9126,1.);
#6243=VECTOR('',#9127,1.);
#6244=VECTOR('',#9128,1.);
#6245=VECTOR('',#9129,1.);
#6246=VECTOR('',#9130,1.);
#6247=VECTOR('',#9131,1.);
#6248=VECTOR('',#9134,1.);
#6249=VECTOR('',#9135,1.);
#6250=VECTOR('',#9136,1.);
#6251=VECTOR('',#9137,1.);
#6252=VECTOR('',#9138,1.);
#6253=VECTOR('',#9139,1.);
#6254=VECTOR('',#9140,1.);
#6255=VECTOR('',#9141,1.);
#6256=VECTOR('',#9142,1.);
#6257=VECTOR('',#9145,1.);
#6258=VECTOR('',#9146,1.);
#6259=VECTOR('',#9147,1.);
#6260=VECTOR('',#9148,1.);
#6261=VECTOR('',#9149,1.);
#6262=VECTOR('',#9152,1.);
#6263=VECTOR('',#9153,1.);
#6264=VECTOR('',#9154,1.);
#6265=VECTOR('',#9155,1.);
#6266=VECTOR('',#9158,1.);
#6267=VECTOR('',#9159,1.);
#6268=VECTOR('',#9160,1.);
#6269=VECTOR('',#9161,1.);
#6270=VECTOR('',#9170,1.);
#6271=VECTOR('',#9173,1.);
#6272=VECTOR('',#9176,1.);
#6273=VECTOR('',#9179,1.);
#6274=VECTOR('',#9182,1.);
#6275=VECTOR('',#9185,1.);
#6276=VECTOR('',#9188,1.);
#6277=VECTOR('',#9191,1.);
#6278=VECTOR('',#9192,1.);
#6279=VECTOR('',#9193,1.);
#6280=VECTOR('',#9194,1.);
#6281=VECTOR('',#9195,1.);
#6282=VECTOR('',#9196,1.);
#6283=VECTOR('',#9197,1.);
#6284=VECTOR('',#9200,1.);
#6285=VECTOR('',#9201,1.);
#6286=VECTOR('',#9204,1.);
#6287=VECTOR('',#9205,1.);
#6288=VECTOR('',#9206,1.);
#6289=VECTOR('',#9207,1.);
#6290=VECTOR('',#9210,1.);
#6291=VECTOR('',#9211,1.);
#6292=VECTOR('',#9214,1.);
#6293=VECTOR('',#9215,1.);
#6294=VECTOR('',#9218,1.);
#6295=VECTOR('',#9219,1.);
#6296=VECTOR('',#9222,1.);
#6297=VECTOR('',#9223,1.);
#6298=VECTOR('',#9226,1.);
#6299=VECTOR('',#9227,1.);
#6300=VECTOR('',#9230,1.);
#6301=VECTOR('',#9231,1.);
#6302=VECTOR('',#9234,1.);
#6303=VECTOR('',#9235,1.);
#6304=VECTOR('',#9238,1.);
#6305=VECTOR('',#9239,1.);
#6306=VECTOR('',#9242,1.);
#6307=VECTOR('',#9243,1.);
#6308=VECTOR('',#9246,1.);
#6309=VECTOR('',#9247,1.);
#6310=VECTOR('',#9250,1.);
#6311=VECTOR('',#9255,1.);
#6312=VECTOR('',#9260,1.);
#6313=VECTOR('',#9295,1.);
#6314=VECTOR('',#9314,1.);
#6315=VECTOR('',#9319,1.);
#6316=VECTOR('',#9320,1.);
#6317=VECTOR('',#9323,1.);
#6318=VECTOR('',#9324,1.);
#6319=VECTOR('',#9327,1.);
#6320=VECTOR('',#9328,1.);
#6321=VECTOR('',#9331,1.);
#6322=VECTOR('',#9332,1.);
#6323=VECTOR('',#9335,1.);
#6324=VECTOR('',#9336,1.);
#6325=VECTOR('',#9339,1.);
#6326=VECTOR('',#9340,1.);
#6327=VECTOR('',#9343,1.);
#6328=VECTOR('',#9344,1.);
#6329=VECTOR('',#9347,1.);
#6330=VECTOR('',#9348,1.);
#6331=VECTOR('',#9351,1.);
#6332=VECTOR('',#9352,1.);
#6333=VECTOR('',#9355,1.);
#6334=VECTOR('',#9356,1.);
#6335=VECTOR('',#9357,1.);
#6336=VECTOR('',#9358,1.);
#6337=VECTOR('',#9359,1.);
#6338=VECTOR('',#9360,1.);
#6339=VECTOR('',#9363,1.);
#6340=VECTOR('',#9364,1.);
#6341=VECTOR('',#9367,1.);
#6342=VECTOR('',#9368,1.);
#6343=VECTOR('',#9371,1.);
#6344=VECTOR('',#9372,1.);
#6345=VECTOR('',#9375,1.);
#6346=VECTOR('',#9376,1.);
#6347=VECTOR('',#9379,1.);
#6348=VECTOR('',#9380,1.);
#6349=VECTOR('',#9381,1.);
#6350=VECTOR('',#9382,1.);
#6351=VECTOR('',#9385,1.);
#6352=VECTOR('',#9386,1.);
#6353=VECTOR('',#9387,1.);
#6354=VECTOR('',#9388,1.);
#6355=VECTOR('',#9391,1.);
#6356=VECTOR('',#9392,1.);
#6357=VECTOR('',#9393,1.);
#6358=VECTOR('',#9396,1.);
#6359=VECTOR('',#9397,1.);
#6360=VECTOR('',#9398,1.);
#6361=VECTOR('',#9401,1.);
#6362=VECTOR('',#9402,1.);
#6363=VECTOR('',#9403,1.);
#6364=VECTOR('',#9404,1.);
#6365=VECTOR('',#9405,1.);
#6366=VECTOR('',#9406,1.);
#6367=VECTOR('',#9407,1.);
#6368=VECTOR('',#9410,1.);
#6369=VECTOR('',#9411,1.);
#6370=VECTOR('',#9414,1.);
#6371=VECTOR('',#9417,1.);
#6372=VECTOR('',#9418,1.);
#6373=VECTOR('',#9419,1.);
#6374=VECTOR('',#9422,1.);
#6375=VECTOR('',#9423,1.);
#6376=VECTOR('',#9426,1.);
#6377=VECTOR('',#9427,1.);
#6378=VECTOR('',#9430,1.);
#6379=VECTOR('',#9431,1.);
#6380=VECTOR('',#9432,1.);
#6381=VECTOR('',#9433,1.);
#6382=VECTOR('',#9434,1.);
#6383=VECTOR('',#9435,1.);
#6384=VECTOR('',#9438,1.);
#6385=VECTOR('',#9439,1.);
#6386=VECTOR('',#9444,1.);
#6387=VECTOR('',#9445,1.);
#6388=VECTOR('',#9446,1.);
#6389=VECTOR('',#9449,1.);
#6390=VECTOR('',#9450,1.);
#6391=VECTOR('',#9453,1.);
#6392=VECTOR('',#9454,1.);
#6393=VECTOR('',#9457,1.);
#6394=VECTOR('',#9458,1.);
#6395=VECTOR('',#9461,1.);
#6396=VECTOR('',#9462,1.);
#6397=VECTOR('',#9465,1.);
#6398=VECTOR('',#9466,1.);
#6399=VECTOR('',#9467,1.);
#6400=VECTOR('',#9468,1.);
#6401=VECTOR('',#9469,1.);
#6402=VECTOR('',#9470,1.);
#6403=VECTOR('',#9473,1.);
#6404=VECTOR('',#9474,1.);
#6405=VECTOR('',#9477,1.);
#6406=VECTOR('',#9478,1.);
#6407=VECTOR('',#9481,1.);
#6408=VECTOR('',#9482,1.);
#6409=VECTOR('',#9485,1.);
#6410=VECTOR('',#9486,1.);
#6411=VECTOR('',#9489,1.);
#6412=VECTOR('',#9490,1.);
#6413=VECTOR('',#9493,1.);
#6414=VECTOR('',#9494,1.);
#6415=VECTOR('',#9497,1.);
#6416=VECTOR('',#9498,1.);
#6417=VECTOR('',#9499,1.);
#6418=VECTOR('',#9500,1.);
#6419=VECTOR('',#9501,1.);
#6420=VECTOR('',#9502,1.);
#6421=VECTOR('',#9505,1.);
#6422=VECTOR('',#9506,1.);
#6423=VECTOR('',#9509,1.);
#6424=VECTOR('',#9510,1.);
#6425=VECTOR('',#9513,1.);
#6426=VECTOR('',#9514,1.);
#6427=VECTOR('',#9517,1.);
#6428=VECTOR('',#9518,1.);
#6429=VECTOR('',#9521,1.);
#6430=VECTOR('',#9522,1.);
#6431=VECTOR('',#9525,1.);
#6432=VECTOR('',#9526,1.);
#6433=VECTOR('',#9529,1.);
#6434=VECTOR('',#9530,1.);
#6435=VECTOR('',#9531,1.);
#6436=VECTOR('',#9532,1.);
#6437=VECTOR('',#9533,1.);
#6438=VECTOR('',#9536,1.);
#6439=VECTOR('',#9539,1.);
#6440=VECTOR('',#9540,1.);
#6441=VECTOR('',#9541,1.);
#6442=VECTOR('',#9544,1.);
#6443=VECTOR('',#9549,1.);
#6444=VECTOR('',#9550,1.);
#6445=VECTOR('',#9553,1.);
#6446=VECTOR('',#9554,1.);
#6447=VECTOR('',#9557,1.);
#6448=VECTOR('',#9558,1.);
#6449=VECTOR('',#9561,1.);
#6450=VECTOR('',#9562,1.);
#6451=VECTOR('',#9565,1.);
#6452=VECTOR('',#9570,1.);
#6453=VECTOR('',#9571,1.);
#6454=VECTOR('',#9572,1.);
#6455=VECTOR('',#9575,1.);
#6456=VECTOR('',#9576,1.);
#6457=VECTOR('',#9577,1.);
#6458=VECTOR('',#9578,1.);
#6459=VECTOR('',#9579,1.);
#6460=VECTOR('',#9580,1.);
#6461=VECTOR('',#9583,1.);
#6462=VECTOR('',#9584,1.);
#6463=VECTOR('',#9585,1.);
#6464=VECTOR('',#9586,1.);
#6465=VECTOR('',#9587,1.);
#6466=VECTOR('',#9588,1.);
#6467=VECTOR('',#9591,1.);
#6468=VECTOR('',#9592,1.);
#6469=VECTOR('',#9595,1.);
#6470=VECTOR('',#9596,1.);
#6471=VECTOR('',#9599,1.);
#6472=VECTOR('',#9600,1.);
#6473=VECTOR('',#9601,1.);
#6474=VECTOR('',#9602,1.);
#6475=VECTOR('',#9603,1.);
#6476=VECTOR('',#9604,1.);
#6477=VECTOR('',#9607,1.);
#6478=VECTOR('',#9608,1.);
#6479=VECTOR('',#9609,1.);
#6480=VECTOR('',#9610,1.);
#6481=VECTOR('',#9611,1.);
#6482=VECTOR('',#9614,1.);
#6483=VECTOR('',#9619,1.);
#6484=VECTOR('',#9624,1.);
#6485=VECTOR('',#9625,1.);
#6486=VECTOR('',#9626,1.);
#6487=VECTOR('',#9629,1.);
#6488=VECTOR('',#9630,1.);
#6489=VECTOR('',#9633,1.);
#6490=VECTOR('',#9634,1.);
#6491=VECTOR('',#9637,1.);
#6492=VECTOR('',#9638,1.);
#6493=VECTOR('',#9641,1.);
#6494=VECTOR('',#9642,1.);
#6495=VECTOR('',#9645,1.);
#6496=VECTOR('',#9646,1.);
#6497=VECTOR('',#9649,1.);
#6498=VECTOR('',#9650,1.);
#6499=VECTOR('',#9653,1.);
#6500=VECTOR('',#9654,1.);
#6501=VECTOR('',#9657,1.);
#6502=VECTOR('',#9658,1.);
#6503=VECTOR('',#9661,1.);
#6504=VECTOR('',#9662,1.);
#6505=VECTOR('',#9665,1.);
#6506=VECTOR('',#9666,1.);
#6507=VECTOR('',#9669,1.);
#6508=VECTOR('',#9674,1.);
#6509=VECTOR('',#9675,1.);
#6510=VECTOR('',#9676,1.);
#6511=VECTOR('',#9679,1.);
#6512=VECTOR('',#9680,1.);
#6513=VECTOR('',#9683,1.);
#6514=VECTOR('',#9684,1.);
#6515=VECTOR('',#9687,1.);
#6516=VECTOR('',#9688,1.);
#6517=VECTOR('',#9691,1.);
#6518=VECTOR('',#9692,1.);
#6519=VECTOR('',#9695,1.);
#6520=VECTOR('',#9696,1.);
#6521=VECTOR('',#9699,1.);
#6522=VECTOR('',#9700,1.);
#6523=VECTOR('',#9703,1.);
#6524=VECTOR('',#9704,1.);
#6525=VECTOR('',#9707,1.);
#6526=VECTOR('',#9708,1.);
#6527=VECTOR('',#9709,1.);
#6528=VECTOR('',#9710,1.);
#6529=VECTOR('',#9713,1.);
#6530=VECTOR('',#9714,1.);
#6531=VECTOR('',#9717,1.);
#6532=VECTOR('',#9718,1.);
#6533=VECTOR('',#9721,1.);
#6534=VECTOR('',#9726,1.);
#6535=VECTOR('',#9729,1.);
#6536=VECTOR('',#9730,1.);
#6537=VECTOR('',#9733,1.);
#6538=VECTOR('',#9734,1.);
#6539=VECTOR('',#9737,1.);
#6540=VECTOR('',#9742,1.);
#6541=VECTOR('',#9743,1.);
#6542=VECTOR('',#9744,1.);
#6543=VECTOR('',#9747,1.);
#6544=VECTOR('',#9748,1.);
#6545=VECTOR('',#9751,1.);
#6546=VECTOR('',#9752,1.);
#6547=VECTOR('',#9755,1.);
#6548=VECTOR('',#9756,1.);
#6549=VECTOR('',#9759,1.);
#6550=VECTOR('',#9760,1.);
#6551=VECTOR('',#9763,1.);
#6552=VECTOR('',#9764,1.);
#6553=VECTOR('',#9767,1.);
#6554=VECTOR('',#9768,1.);
#6555=VECTOR('',#9769,1.);
#6556=VECTOR('',#9770,1.);
#6557=VECTOR('',#9773,1.);
#6558=VECTOR('',#9776,1.);
#6559=VECTOR('',#9779,1.);
#6560=VECTOR('',#9780,1.);
#6561=VECTOR('',#9783,1.);
#6562=VECTOR('',#9788,1.);
#6563=VECTOR('',#9791,1.);
#6564=VECTOR('',#9792,1.);
#6565=VECTOR('',#9795,1.);
#6566=VECTOR('',#9796,1.);
#6567=VECTOR('',#9799,1.);
#6568=VECTOR('',#9800,1.);
#6569=VECTOR('',#9803,1.);
#6570=VECTOR('',#9804,1.);
#6571=VECTOR('',#9807,1.);
#6572=VECTOR('',#9812,1.);
#6573=VECTOR('',#9813,1.);
#6574=VECTOR('',#9814,1.);
#6575=VECTOR('',#9817,1.);
#6576=VECTOR('',#9818,1.);
#6577=VECTOR('',#9819,1.);
#6578=VECTOR('',#9820,1.);
#6579=VECTOR('',#9821,1.);
#6580=VECTOR('',#9822,1.);
#6581=VECTOR('',#9823,1.);
#6582=VECTOR('',#9824,1.);
#6583=VECTOR('',#9825,1.);
#6584=VECTOR('',#9828,1.);
#6585=VECTOR('',#9831,1.);
#6586=VECTOR('',#9832,1.);
#6587=VECTOR('',#9835,1.);
#6588=VECTOR('',#9838,1.);
#6589=VECTOR('',#9841,1.);
#6590=VECTOR('',#9842,1.);
#6591=VECTOR('',#9845,1.);
#6592=VECTOR('',#9846,1.);
#6593=VECTOR('',#9849,1.);
#6594=VECTOR('',#9850,1.);
#6595=VECTOR('',#9853,1.);
#6596=VECTOR('',#9856,1.);
#6597=VECTOR('',#9857,1.);
#6598=VECTOR('',#9858,1.);
#6599=VECTOR('',#9859,1.);
#6600=VECTOR('',#9860,1.);
#6601=VECTOR('',#9861,1.);
#6602=VECTOR('',#9862,1.);
#6603=VECTOR('',#9863,1.);
#6604=VECTOR('',#9864,1.);
#6605=VECTOR('',#9865,1.);
#6606=VECTOR('',#9866,1.);
#6607=VECTOR('',#9869,1.);
#6608=VECTOR('',#9874,1.);
#6609=VECTOR('',#9875,1.);
#6610=VECTOR('',#9876,1.);
#6611=VECTOR('',#9879,1.);
#6612=VECTOR('',#9880,1.);
#6613=VECTOR('',#9883,1.);
#6614=VECTOR('',#9884,1.);
#6615=VECTOR('',#9887,1.);
#6616=VECTOR('',#9888,1.);
#6617=VECTOR('',#9891,1.);
#6618=VECTOR('',#9892,1.);
#6619=VECTOR('',#9895,1.);
#6620=VECTOR('',#9896,1.);
#6621=VECTOR('',#9899,1.);
#6622=VECTOR('',#9900,1.);
#6623=VECTOR('',#9901,1.);
#6624=VECTOR('',#9902,1.);
#6625=VECTOR('',#9905,1.);
#6626=VECTOR('',#9908,1.);
#6627=VECTOR('',#9911,1.);
#6628=VECTOR('',#9912,1.);
#6629=VECTOR('',#9915,1.);
#6630=VECTOR('',#9920,1.);
#6631=VECTOR('',#9923,1.);
#6632=VECTOR('',#9924,1.);
#6633=VECTOR('',#9927,1.);
#6634=VECTOR('',#9928,1.);
#6635=VECTOR('',#9931,1.);
#6636=VECTOR('',#9932,1.);
#6637=VECTOR('',#9935,1.);
#6638=VECTOR('',#9936,1.);
#6639=VECTOR('',#9939,1.);
#6640=VECTOR('',#9944,1.);
#6641=VECTOR('',#9945,1.);
#6642=VECTOR('',#9946,1.);
#6643=VECTOR('',#9949,1.);
#6644=VECTOR('',#9950,1.);
#6645=VECTOR('',#9953,1.);
#6646=VECTOR('',#9954,1.);
#6647=VECTOR('',#9957,1.);
#6648=VECTOR('',#9958,1.);
#6649=VECTOR('',#9961,1.);
#6650=VECTOR('',#9962,1.);
#6651=VECTOR('',#9965,1.);
#6652=VECTOR('',#9966,1.);
#6653=VECTOR('',#9969,1.);
#6654=VECTOR('',#9970,1.);
#6655=VECTOR('',#9973,1.);
#6656=VECTOR('',#9974,1.);
#6657=VECTOR('',#9977,1.);
#6658=VECTOR('',#9978,1.);
#6659=VECTOR('',#9981,1.);
#6660=VECTOR('',#9982,1.);
#6661=VECTOR('',#9985,1.);
#6662=VECTOR('',#9986,1.);
#6663=VECTOR('',#9989,1.);
#6664=VECTOR('',#9990,1.);
#6665=VECTOR('',#9993,1.);
#6666=VECTOR('',#9994,1.);
#6667=VECTOR('',#9997,1.);
#6668=VECTOR('',#9998,1.);
#6669=VECTOR('',#10001,1.);
#6670=VECTOR('',#10002,1.);
#6671=VECTOR('',#10005,1.);
#6672=VECTOR('',#10006,1.);
#6673=VECTOR('',#10009,1.);
#6674=VECTOR('',#10010,1.);
#6675=VECTOR('',#10013,1.);
#6676=VECTOR('',#10014,1.);
#6677=VECTOR('',#10017,1.);
#6678=VECTOR('',#10018,1.);
#6679=VECTOR('',#10021,1.);
#6680=VECTOR('',#10022,1.);
#6681=VECTOR('',#10025,1.);
#6682=VECTOR('',#10026,1.);
#6683=VECTOR('',#10029,1.);
#6684=VECTOR('',#10030,1.);
#6685=VECTOR('',#10033,1.);
#6686=VECTOR('',#10034,1.);
#6687=VECTOR('',#10037,1.);
#6688=VECTOR('',#10038,1.);
#6689=VECTOR('',#10041,1.);
#6690=VECTOR('',#10042,1.);
#6691=VECTOR('',#10045,1.);
#6692=VECTOR('',#10046,1.);
#6693=VECTOR('',#10049,1.);
#6694=VECTOR('',#10050,1.);
#6695=VECTOR('',#10053,1.);
#6696=VECTOR('',#10056,1.);
#6697=VECTOR('',#10057,1.);
#6698=VECTOR('',#10060,1.);
#6699=VECTOR('',#10061,1.);
#6700=VECTOR('',#10062,1.);
#6701=VECTOR('',#10063,1.);
#6702=VECTOR('',#10064,1.);
#6703=VECTOR('',#10065,1.);
#6704=VECTOR('',#10066,1.);
#6705=VECTOR('',#10069,1.);
#6706=VECTOR('',#10070,1.);
#6707=VECTOR('',#10071,1.);
#6708=VECTOR('',#10072,1.);
#6709=VECTOR('',#10073,1.);
#6710=VECTOR('',#10074,1.);
#6711=VECTOR('',#10075,1.);
#6712=VECTOR('',#10078,1.);
#6713=VECTOR('',#10079,1.);
#6714=VECTOR('',#10080,1.);
#6715=VECTOR('',#10081,1.);
#6716=VECTOR('',#10082,1.);
#6717=VECTOR('',#10083,1.);
#6718=VECTOR('',#10086,1.);
#6719=VECTOR('',#10087,1.);
#6720=VECTOR('',#10088,1.);
#6721=VECTOR('',#10089,1.);
#6722=VECTOR('',#10092,1.);
#6723=VECTOR('',#10093,1.);
#6724=VECTOR('',#10094,1.);
#6725=VECTOR('',#10095,1.);
#6726=VECTOR('',#10098,1.);
#6727=VECTOR('',#10099,1.);
#6728=VECTOR('',#10100,1.);
#6729=VECTOR('',#10103,1.);
#6730=VECTOR('',#10104,1.);
#6731=VECTOR('',#10105,1.);
#6732=VECTOR('',#10108,1.);
#6733=VECTOR('',#10109,1.);
#6734=VECTOR('',#10110,1.);
#6735=VECTOR('',#10111,1.);
#6736=VECTOR('',#10112,1.);
#6737=VECTOR('',#10113,1.);
#6738=VECTOR('',#10114,1.);
#6739=VECTOR('',#10117,1.);
#6740=VECTOR('',#10118,1.);
#6741=VECTOR('',#10121,1.);
#6742=VECTOR('',#10124,1.);
#6743=VECTOR('',#10125,1.);
#6744=VECTOR('',#10126,1.);
#6745=VECTOR('',#10129,1.);
#6746=VECTOR('',#10130,1.);
#6747=VECTOR('',#10133,1.);
#6748=VECTOR('',#10134,1.);
#6749=VECTOR('',#10137,1.);
#6750=VECTOR('',#10138,1.);
#6751=VECTOR('',#10139,1.);
#6752=VECTOR('',#10140,1.);
#6753=VECTOR('',#10141,1.);
#6754=VECTOR('',#10142,1.);
#6755=VECTOR('',#10145,1.);
#6756=VECTOR('',#10146,1.);
#6757=VECTOR('',#10149,1.);
#6758=VECTOR('',#10150,1.);
#6759=VECTOR('',#10151,1.);
#6760=VECTOR('',#10152,1.);
#6761=VECTOR('',#10155,1.);
#6762=VECTOR('',#10156,1.);
#6763=VECTOR('',#10157,1.);
#6764=VECTOR('',#10160,1.);
#6765=VECTOR('',#10161,1.);
#6766=VECTOR('',#10162,1.);
#6767=VECTOR('',#10165,1.);
#6768=VECTOR('',#10166,1.);
#6769=VECTOR('',#10167,1.);
#6770=VECTOR('',#10168,1.);
#6771=VECTOR('',#10169,1.);
#6772=VECTOR('',#10170,1.);
#6773=VECTOR('',#10171,1.);
#6774=VECTOR('',#10174,1.);
#6775=VECTOR('',#10175,1.);
#6776=VECTOR('',#10178,1.);
#6777=VECTOR('',#10181,1.);
#6778=VECTOR('',#10182,1.);
#6779=VECTOR('',#10183,1.);
#6780=VECTOR('',#10186,1.);
#6781=VECTOR('',#10187,1.);
#6782=VECTOR('',#10190,1.);
#6783=VECTOR('',#10191,1.);
#6784=VECTOR('',#10194,1.);
#6785=VECTOR('',#10195,1.);
#6786=VECTOR('',#10196,1.);
#6787=VECTOR('',#10197,1.);
#6788=VECTOR('',#10198,1.);
#6789=VECTOR('',#10199,1.);
#6790=VECTOR('',#10202,1.);
#6791=VECTOR('',#10203,1.);
#6792=VECTOR('',#10206,1.);
#6793=VECTOR('',#10207,1.);
#6794=VECTOR('',#10210,1.);
#6795=VECTOR('',#10211,1.);
#6796=VECTOR('',#10212,1.);
#6797=VECTOR('',#10213,1.);
#6798=VECTOR('',#10214,1.);
#6799=VECTOR('',#10215,1.);
#6800=VECTOR('',#10216,1.);
#6801=VECTOR('',#10219,1.);
#6802=VECTOR('',#10220,1.);
#6803=VECTOR('',#10221,1.);
#6804=VECTOR('',#10222,1.);
#6805=VECTOR('',#10223,1.);
#6806=VECTOR('',#10224,1.);
#6807=VECTOR('',#10225,1.);
#6808=VECTOR('',#10228,1.);
#6809=VECTOR('',#10229,1.);
#6810=VECTOR('',#10230,1.);
#6811=VECTOR('',#10231,1.);
#6812=VECTOR('',#10232,1.);
#6813=VECTOR('',#10233,1.);
#6814=VECTOR('',#10236,1.);
#6815=VECTOR('',#10237,1.);
#6816=VECTOR('',#10238,1.);
#6817=VECTOR('',#10239,1.);
#6818=VECTOR('',#10242,1.);
#6819=VECTOR('',#10243,1.);
#6820=VECTOR('',#10246,1.);
#6821=VECTOR('',#10247,1.);
#6822=VECTOR('',#10248,1.);
#6823=VECTOR('',#10249,1.);
#6824=VECTOR('',#10250,1.);
#6825=VECTOR('',#10251,1.);
#6826=VECTOR('',#10252,1.);
#6827=VECTOR('',#10255,1.);
#6828=VECTOR('',#10256,1.);
#6829=VECTOR('',#10257,1.);
#6830=VECTOR('',#10262,1.);
#6831=VECTOR('',#10265,1.);
#6832=VECTOR('',#10268,1.);
#6833=VECTOR('',#10269,1.);
#6834=VECTOR('',#10270,1.);
#6835=VECTOR('',#10273,1.);
#6836=VECTOR('',#10274,1.);
#6837=VECTOR('',#10277,1.);
#6838=VECTOR('',#10278,1.);
#6839=VECTOR('',#10281,1.);
#6840=VECTOR('',#10282,1.);
#6841=VECTOR('',#10285,1.);
#6842=VECTOR('',#10286,1.);
#6843=VECTOR('',#10289,1.);
#6844=VECTOR('',#10290,1.);
#6845=VECTOR('',#10293,1.);
#6846=VECTOR('',#10296,1.);
#6847=VECTOR('',#10297,1.);
#6848=VECTOR('',#10298,1.);
#6849=VECTOR('',#10301,1.);
#6850=VECTOR('',#10302,1.);
#6851=VECTOR('',#10303,1.);
#6852=VECTOR('',#10304,1.);
#6853=VECTOR('',#10305,1.);
#6854=VECTOR('',#10308,1.);
#6855=VECTOR('',#10313,1.);
#6856=VECTOR('',#10314,1.);
#6857=VECTOR('',#10317,1.);
#6858=VECTOR('',#10318,1.);
#6859=VECTOR('',#10321,1.);
#6860=VECTOR('',#10322,1.);
#6861=VECTOR('',#10325,1.);
#6862=VECTOR('',#10326,1.);
#6863=VECTOR('',#10329,1.);
#6864=VECTOR('',#10332,1.);
#6865=VECTOR('',#10333,1.);
#6866=VECTOR('',#10336,1.);
#6867=VECTOR('',#10337,1.);
#6868=VECTOR('',#10338,1.);
#6869=VECTOR('',#10339,1.);
#6870=VECTOR('',#10340,1.);
#6871=VECTOR('',#10341,1.);
#6872=VECTOR('',#10342,1.);
#6873=VECTOR('',#10345,1.);
#6874=VECTOR('',#10346,1.);
#6875=VECTOR('',#10347,1.);
#6876=VECTOR('',#10348,1.);
#6877=VECTOR('',#10349,1.);
#6878=VECTOR('',#10350,1.);
#6879=VECTOR('',#10351,1.);
#6880=VECTOR('',#10354,1.);
#6881=VECTOR('',#10355,1.);
#6882=VECTOR('',#10356,1.);
#6883=VECTOR('',#10357,1.);
#6884=VECTOR('',#10358,1.);
#6885=VECTOR('',#10359,1.);
#6886=VECTOR('',#10362,1.);
#6887=VECTOR('',#10363,1.);
#6888=VECTOR('',#10364,1.);
#6889=VECTOR('',#10365,1.);
#6890=VECTOR('',#10370,1.);
#6891=VECTOR('',#10371,1.);
#6892=VECTOR('',#10372,1.);
#6893=VECTOR('',#10375,1.);
#6894=VECTOR('',#10376,1.);
#6895=VECTOR('',#10379,1.);
#6896=VECTOR('',#10380,1.);
#6897=VECTOR('',#10383,1.);
#6898=VECTOR('',#10388,1.);
#6899=VECTOR('',#10389,1.);
#6900=VECTOR('',#10390,1.);
#6901=VECTOR('',#10393,1.);
#6902=VECTOR('',#10394,1.);
#6903=VECTOR('',#10397,1.);
#6904=VECTOR('',#10398,1.);
#6905=VECTOR('',#10401,1.);
#6906=EDGE_LOOP('',(#650,#651,#652,#653));
#6907=EDGE_LOOP('',(#654,#655,#656,#657,#658,#659,#660,#661,#662,#663,#664,
#665,#666,#667,#668,#669,#670,#671,#672,#673));
#6908=EDGE_LOOP('',(#674,#675,#676,#677,#678,#679,#680,#681,#682,#683,#684,
#685,#686,#687,#688,#689,#690));
#6909=EDGE_LOOP('',(#691,#692,#693,#694,#695,#696,#697,#698,#699,#700));
#6910=EDGE_LOOP('',(#701,#702,#703,#704,#705,#706,#707,#708,#709,#710,#711,
#712,#713,#714,#715,#716,#717,#718,#719,#720));
#6911=EDGE_LOOP('',(#721,#722,#723,#724,#725,#726,#727,#728,#729,#730,#731,
#732,#733,#734,#735,#736,#737,#738,#739,#740));
#6912=EDGE_LOOP('',(#741,#742,#743,#744,#745,#746,#747,#748,#749,#750,#751,
#752));
#6913=EDGE_LOOP('',(#753,#754,#755,#756,#757,#758,#759,#760,#761,#762,#763,
#764,#765,#766,#767,#768,#769,#770,#771,#772,#773,#774,#775,#776,#777,#778,
#779,#780,#781,#782,#783,#784,#785,#786,#787,#788,#789,#790,#791,#792,#793));
#6914=EDGE_LOOP('',(#794,#795,#796,#797,#798,#799,#800,#801,#802,#803,#804,
#805,#806,#807,#808,#809,#810,#811,#812,#813,#814,#815));
#6915=EDGE_LOOP('',(#816,#817,#818,#819,#820,#821,#822,#823,#824,#825,#826,
#827,#828,#829,#830,#831));
#6916=EDGE_LOOP('',(#832,#833,#834,#835,#836,#837,#838,#839,#840,#841,#842,
#843,#844,#845,#846,#847,#848));
#6917=EDGE_LOOP('',(#849,#850,#851,#852,#853,#854,#855,#856,#857,#858,#859,
#860,#861,#862,#863,#864,#865,#866,#867,#868,#869,#870,#871,#872));
#6918=EDGE_LOOP('',(#873,#874,#875,#876,#877,#878,#879,#880,#881,#882,#883,
#884,#885,#886,#887,#888,#889,#890,#891));
#6919=EDGE_LOOP('',(#892,#893,#894,#895,#896,#897,#898,#899,#900,#901,#902,
#903,#904,#905,#906,#907,#908,#909,#910,#911,#912,#913,#914,#915,#916,#917,
#918,#919,#920,#921));
#6920=EDGE_LOOP('',(#922,#923,#924,#925,#926,#927,#928,#929,#930,#931,#932,
#933,#934,#935,#936,#937,#938,#939,#940,#941,#942,#943,#944,#945,#946,#947,
#948,#949));
#6921=EDGE_LOOP('',(#950,#951,#952,#953,#954,#955,#956,#957,#958,#959,#960,
#961,#962,#963,#964,#965,#966));
#6922=EDGE_LOOP('',(#967,#968,#969,#970,#971,#972,#973,#974,#975,#976));
#6923=EDGE_LOOP('',(#977,#978,#979,#980,#981,#982,#983,#984,#985,#986));
#6924=EDGE_LOOP('',(#987,#988,#989,#990));
#6925=EDGE_LOOP('',(#991,#992,#993,#994,#995,#996));
#6926=EDGE_LOOP('',(#997,#998,#999,#1000));
#6927=EDGE_LOOP('',(#1001,#1002,#1003,#1004));
#6928=EDGE_LOOP('',(#1005,#1006,#1007,#1008,#1009,#1010,#1011,#1012,#1013,
#1014,#1015,#1016,#1017,#1018,#1019,#1020,#1021,#1022,#1023,#1024,#1025,
#1026,#1027,#1028,#1029,#1030,#1031));
#6929=EDGE_LOOP('',(#1032,#1033,#1034,#1035));
#6930=EDGE_LOOP('',(#1036,#1037,#1038,#1039,#1040,#1041));
#6931=EDGE_LOOP('',(#1042,#1043,#1044,#1045));
#6932=EDGE_LOOP('',(#1046,#1047,#1048,#1049));
#6933=EDGE_LOOP('',(#1050,#1051,#1052,#1053));
#6934=EDGE_LOOP('',(#1054,#1055,#1056,#1057));
#6935=EDGE_LOOP('',(#1058,#1059,#1060,#1061));
#6936=EDGE_LOOP('',(#1062,#1063,#1064,#1065));
#6937=EDGE_LOOP('',(#1066,#1067,#1068,#1069));
#6938=EDGE_LOOP('',(#1070,#1071,#1072,#1073));
#6939=EDGE_LOOP('',(#1074,#1075,#1076,#1077));
#6940=EDGE_LOOP('',(#1078,#1079,#1080,#1081));
#6941=EDGE_LOOP('',(#1082,#1083,#1084,#1085));
#6942=EDGE_LOOP('',(#1086,#1087,#1088,#1089,#1090,#1091,#1092,#1093,#1094,
#1095,#1096,#1097,#1098,#1099,#1100));
#6943=EDGE_LOOP('',(#1101));
#6944=EDGE_LOOP('',(#1102));
#6945=EDGE_LOOP('',(#1103));
#6946=EDGE_LOOP('',(#1104));
#6947=EDGE_LOOP('',(#1105));
#6948=EDGE_LOOP('',(#1106));
#6949=EDGE_LOOP('',(#1107));
#6950=EDGE_LOOP('',(#1108));
#6951=EDGE_LOOP('',(#1109));
#6952=EDGE_LOOP('',(#1110));
#6953=EDGE_LOOP('',(#1111));
#6954=EDGE_LOOP('',(#1112));
#6955=EDGE_LOOP('',(#1113,#1114,#1115,#1116));
#6956=EDGE_LOOP('',(#1117,#1118,#1119,#1120));
#6957=EDGE_LOOP('',(#1121,#1122,#1123,#1124));
#6958=EDGE_LOOP('',(#1125,#1126,#1127,#1128));
#6959=EDGE_LOOP('',(#1129,#1130,#1131,#1132));
#6960=EDGE_LOOP('',(#1133,#1134,#1135,#1136));
#6961=EDGE_LOOP('',(#1137,#1138,#1139,#1140));
#6962=EDGE_LOOP('',(#1141,#1142,#1143,#1144));
#6963=EDGE_LOOP('',(#1145,#1146,#1147,#1148));
#6964=EDGE_LOOP('',(#1149,#1150,#1151,#1152));
#6965=EDGE_LOOP('',(#1153,#1154,#1155,#1156,#1157));
#6966=EDGE_LOOP('',(#1158,#1159,#1160,#1161,#1162));
#6967=EDGE_LOOP('',(#1163,#1164,#1165,#1166));
#6968=EDGE_LOOP('',(#1167,#1168,#1169,#1170));
#6969=EDGE_LOOP('',(#1171,#1172,#1173,#1174));
#6970=EDGE_LOOP('',(#1175,#1176,#1177,#1178));
#6971=EDGE_LOOP('',(#1179,#1180,#1181,#1182));
#6972=EDGE_LOOP('',(#1183,#1184,#1185,#1186));
#6973=EDGE_LOOP('',(#1187,#1188,#1189,#1190));
#6974=EDGE_LOOP('',(#1191,#1192,#1193,#1194));
#6975=EDGE_LOOP('',(#1195,#1196,#1197,#1198));
#6976=EDGE_LOOP('',(#1199,#1200,#1201,#1202));
#6977=EDGE_LOOP('',(#1203,#1204,#1205,#1206));
#6978=EDGE_LOOP('',(#1207,#1208,#1209,#1210));
#6979=EDGE_LOOP('',(#1211,#1212,#1213,#1214));
#6980=EDGE_LOOP('',(#1215,#1216,#1217,#1218));
#6981=EDGE_LOOP('',(#1219,#1220,#1221,#1222));
#6982=EDGE_LOOP('',(#1223,#1224,#1225,#1226));
#6983=EDGE_LOOP('',(#1227,#1228,#1229,#1230));
#6984=EDGE_LOOP('',(#1231,#1232,#1233,#1234));
#6985=EDGE_LOOP('',(#1235,#1236,#1237,#1238));
#6986=EDGE_LOOP('',(#1239,#1240,#1241,#1242));
#6987=EDGE_LOOP('',(#1243,#1244,#1245,#1246));
#6988=EDGE_LOOP('',(#1247,#1248,#1249,#1250));
#6989=EDGE_LOOP('',(#1251,#1252,#1253,#1254));
#6990=EDGE_LOOP('',(#1255,#1256,#1257,#1258,#1259,#1260,#1261,#1262,#1263,
#1264,#1265,#1266,#1267,#1268,#1269,#1270,#1271,#1272,#1273,#1274,#1275,
#1276));
#6991=EDGE_LOOP('',(#1277,#1278,#1279,#1280));
#6992=EDGE_LOOP('',(#1281,#1282,#1283,#1284));
#6993=EDGE_LOOP('',(#1285,#1286,#1287,#1288));
#6994=EDGE_LOOP('',(#1289,#1290,#1291,#1292));
#6995=EDGE_LOOP('',(#1293,#1294,#1295,#1296));
#6996=EDGE_LOOP('',(#1297,#1298,#1299,#1300));
#6997=EDGE_LOOP('',(#1301,#1302,#1303,#1304));
#6998=EDGE_LOOP('',(#1305,#1306,#1307,#1308));
#6999=EDGE_LOOP('',(#1309,#1310,#1311,#1312));
#7000=EDGE_LOOP('',(#1313,#1314,#1315,#1316));
#7001=EDGE_LOOP('',(#1317,#1318,#1319,#1320));
#7002=EDGE_LOOP('',(#1321,#1322,#1323,#1324));
#7003=EDGE_LOOP('',(#1325,#1326,#1327,#1328));
#7004=EDGE_LOOP('',(#1329,#1330,#1331,#1332));
#7005=EDGE_LOOP('',(#1333,#1334,#1335,#1336));
#7006=EDGE_LOOP('',(#1337,#1338,#1339,#1340));
#7007=EDGE_LOOP('',(#1341,#1342,#1343,#1344));
#7008=EDGE_LOOP('',(#1345,#1346,#1347,#1348));
#7009=EDGE_LOOP('',(#1349,#1350,#1351,#1352));
#7010=EDGE_LOOP('',(#1353,#1354,#1355,#1356));
#7011=EDGE_LOOP('',(#1357,#1358,#1359,#1360));
#7012=EDGE_LOOP('',(#1361,#1362,#1363,#1364));
#7013=EDGE_LOOP('',(#1365,#1366,#1367,#1368));
#7014=EDGE_LOOP('',(#1369,#1370,#1371,#1372));
#7015=EDGE_LOOP('',(#1373,#1374,#1375,#1376,#1377,#1378,#1379,#1380,#1381,
#1382,#1383,#1384,#1385,#1386,#1387,#1388,#1389));
#7016=EDGE_LOOP('',(#1390,#1391,#1392,#1393,#1394,#1395,#1396));
#7017=EDGE_LOOP('',(#1397,#1398,#1399,#1400));
#7018=EDGE_LOOP('',(#1401,#1402,#1403,#1404));
#7019=EDGE_LOOP('',(#1405,#1406,#1407,#1408));
#7020=EDGE_LOOP('',(#1409,#1410,#1411,#1412));
#7021=EDGE_LOOP('',(#1413,#1414,#1415,#1416));
#7022=EDGE_LOOP('',(#1417,#1418,#1419,#1420));
#7023=EDGE_LOOP('',(#1421,#1422,#1423,#1424));
#7024=EDGE_LOOP('',(#1425,#1426,#1427,#1428));
#7025=EDGE_LOOP('',(#1429,#1430,#1431,#1432));
#7026=EDGE_LOOP('',(#1433,#1434,#1435,#1436));
#7027=EDGE_LOOP('',(#1437,#1438,#1439,#1440));
#7028=EDGE_LOOP('',(#1441,#1442,#1443,#1444));
#7029=EDGE_LOOP('',(#1445,#1446,#1447,#1448));
#7030=EDGE_LOOP('',(#1449,#1450,#1451,#1452));
#7031=EDGE_LOOP('',(#1453,#1454,#1455,#1456));
#7032=EDGE_LOOP('',(#1457,#1458,#1459,#1460));
#7033=EDGE_LOOP('',(#1461,#1462,#1463,#1464));
#7034=EDGE_LOOP('',(#1465,#1466,#1467,#1468));
#7035=EDGE_LOOP('',(#1469,#1470,#1471,#1472));
#7036=EDGE_LOOP('',(#1473,#1474,#1475,#1476));
#7037=EDGE_LOOP('',(#1477,#1478,#1479,#1480));
#7038=EDGE_LOOP('',(#1481,#1482,#1483,#1484));
#7039=EDGE_LOOP('',(#1485,#1486,#1487,#1488));
#7040=EDGE_LOOP('',(#1489,#1490,#1491,#1492));
#7041=EDGE_LOOP('',(#1493,#1494,#1495,#1496));
#7042=EDGE_LOOP('',(#1497,#1498,#1499,#1500));
#7043=EDGE_LOOP('',(#1501,#1502,#1503,#1504));
#7044=EDGE_LOOP('',(#1505,#1506,#1507,#1508));
#7045=EDGE_LOOP('',(#1509,#1510,#1511,#1512));
#7046=EDGE_LOOP('',(#1513,#1514,#1515,#1516));
#7047=EDGE_LOOP('',(#1517,#1518,#1519,#1520));
#7048=EDGE_LOOP('',(#1521,#1522,#1523,#1524));
#7049=EDGE_LOOP('',(#1525,#1526,#1527,#1528));
#7050=EDGE_LOOP('',(#1529,#1530,#1531,#1532));
#7051=EDGE_LOOP('',(#1533,#1534,#1535,#1536));
#7052=EDGE_LOOP('',(#1537,#1538,#1539,#1540));
#7053=EDGE_LOOP('',(#1541,#1542,#1543,#1544));
#7054=EDGE_LOOP('',(#1545,#1546,#1547,#1548));
#7055=EDGE_LOOP('',(#1549,#1550,#1551,#1552));
#7056=EDGE_LOOP('',(#1553,#1554,#1555,#1556));
#7057=EDGE_LOOP('',(#1557,#1558,#1559,#1560));
#7058=EDGE_LOOP('',(#1561,#1562,#1563,#1564,#1565,#1566,#1567,#1568,#1569,
#1570,#1571,#1572,#1573,#1574,#1575,#1576,#1577,#1578,#1579,#1580,#1581,
#1582,#1583,#1584,#1585,#1586,#1587,#1588,#1589,#1590,#1591,#1592,#1593,
#1594,#1595,#1596,#1597,#1598,#1599,#1600,#1601));
#7059=EDGE_LOOP('',(#1602,#1603,#1604,#1605));
#7060=EDGE_LOOP('',(#1606,#1607,#1608,#1609));
#7061=EDGE_LOOP('',(#1610,#1611,#1612,#1613));
#7062=EDGE_LOOP('',(#1614,#1615,#1616,#1617));
#7063=EDGE_LOOP('',(#1618,#1619,#1620,#1621));
#7064=EDGE_LOOP('',(#1622,#1623,#1624,#1625));
#7065=EDGE_LOOP('',(#1626,#1627,#1628,#1629));
#7066=EDGE_LOOP('',(#1630,#1631,#1632,#1633));
#7067=EDGE_LOOP('',(#1634,#1635,#1636,#1637));
#7068=EDGE_LOOP('',(#1638,#1639,#1640,#1641));
#7069=EDGE_LOOP('',(#1642,#1643,#1644,#1645));
#7070=EDGE_LOOP('',(#1646,#1647,#1648,#1649));
#7071=EDGE_LOOP('',(#1650,#1651,#1652,#1653));
#7072=EDGE_LOOP('',(#1654,#1655,#1656,#1657));
#7073=EDGE_LOOP('',(#1658,#1659,#1660,#1661));
#7074=EDGE_LOOP('',(#1662,#1663,#1664,#1665));
#7075=EDGE_LOOP('',(#1666,#1667,#1668,#1669));
#7076=EDGE_LOOP('',(#1670,#1671,#1672,#1673));
#7077=EDGE_LOOP('',(#1674,#1675,#1676,#1677));
#7078=EDGE_LOOP('',(#1678,#1679,#1680,#1681));
#7079=EDGE_LOOP('',(#1682,#1683,#1684,#1685));
#7080=EDGE_LOOP('',(#1686,#1687,#1688,#1689));
#7081=EDGE_LOOP('',(#1690,#1691,#1692,#1693));
#7082=EDGE_LOOP('',(#1694,#1695,#1696,#1697));
#7083=EDGE_LOOP('',(#1698,#1699,#1700,#1701,#1702,#1703,#1704,#1705,#1706,
#1707,#1708,#1709,#1710,#1711,#1712,#1713,#1714,#1715,#1716,#1717,#1718,
#1719,#1720,#1721));
#7084=EDGE_LOOP('',(#1722,#1723,#1724,#1725));
#7085=EDGE_LOOP('',(#1726,#1727,#1728,#1729));
#7086=EDGE_LOOP('',(#1730,#1731,#1732,#1733));
#7087=EDGE_LOOP('',(#1734,#1735,#1736,#1737));
#7088=EDGE_LOOP('',(#1738,#1739,#1740,#1741));
#7089=EDGE_LOOP('',(#1742,#1743,#1744,#1745));
#7090=EDGE_LOOP('',(#1746,#1747,#1748,#1749));
#7091=EDGE_LOOP('',(#1750,#1751,#1752,#1753));
#7092=EDGE_LOOP('',(#1754,#1755,#1756,#1757));
#7093=EDGE_LOOP('',(#1758,#1759,#1760,#1761));
#7094=EDGE_LOOP('',(#1762,#1763,#1764,#1765));
#7095=EDGE_LOOP('',(#1766,#1767,#1768,#1769));
#7096=EDGE_LOOP('',(#1770,#1771,#1772,#1773,#1774,#1775,#1776,#1777,#1778,
#1779,#1780,#1781));
#7097=EDGE_LOOP('',(#1782,#1783,#1784,#1785));
#7098=EDGE_LOOP('',(#1786,#1787,#1788,#1789));
#7099=EDGE_LOOP('',(#1790,#1791,#1792,#1793));
#7100=EDGE_LOOP('',(#1794,#1795,#1796,#1797));
#7101=EDGE_LOOP('',(#1798,#1799,#1800,#1801));
#7102=EDGE_LOOP('',(#1802,#1803,#1804,#1805));
#7103=EDGE_LOOP('',(#1806,#1807,#1808,#1809));
#7104=EDGE_LOOP('',(#1810,#1811,#1812,#1813));
#7105=EDGE_LOOP('',(#1814,#1815,#1816,#1817));
#7106=EDGE_LOOP('',(#1818,#1819,#1820,#1821));
#7107=EDGE_LOOP('',(#1822,#1823,#1824,#1825));
#7108=EDGE_LOOP('',(#1826,#1827,#1828,#1829));
#7109=EDGE_LOOP('',(#1830,#1831,#1832,#1833));
#7110=EDGE_LOOP('',(#1834,#1835,#1836,#1837));
#7111=EDGE_LOOP('',(#1838,#1839,#1840,#1841));
#7112=EDGE_LOOP('',(#1842,#1843,#1844,#1845));
#7113=EDGE_LOOP('',(#1846,#1847,#1848,#1849));
#7114=EDGE_LOOP('',(#1850,#1851,#1852,#1853));
#7115=EDGE_LOOP('',(#1854,#1855,#1856,#1857));
#7116=EDGE_LOOP('',(#1858,#1859,#1860,#1861,#1862,#1863,#1864,#1865,#1866,
#1867,#1868,#1869,#1870,#1871,#1872,#1873,#1874,#1875,#1876));
#7117=EDGE_LOOP('',(#1877,#1878,#1879,#1880));
#7118=EDGE_LOOP('',(#1881,#1882,#1883,#1884));
#7119=EDGE_LOOP('',(#1885,#1886,#1887,#1888));
#7120=EDGE_LOOP('',(#1889,#1890,#1891,#1892));
#7121=EDGE_LOOP('',(#1893,#1894,#1895,#1896));
#7122=EDGE_LOOP('',(#1897,#1898,#1899,#1900));
#7123=EDGE_LOOP('',(#1901,#1902,#1903,#1904));
#7124=EDGE_LOOP('',(#1905,#1906,#1907,#1908));
#7125=EDGE_LOOP('',(#1909,#1910,#1911,#1912));
#7126=EDGE_LOOP('',(#1913,#1914,#1915,#1916));
#7127=EDGE_LOOP('',(#1917,#1918,#1919,#1920));
#7128=EDGE_LOOP('',(#1921,#1922,#1923,#1924));
#7129=EDGE_LOOP('',(#1925,#1926,#1927,#1928));
#7130=EDGE_LOOP('',(#1929,#1930,#1931,#1932));
#7131=EDGE_LOOP('',(#1933,#1934,#1935,#1936));
#7132=EDGE_LOOP('',(#1937,#1938,#1939,#1940));
#7133=EDGE_LOOP('',(#1941,#1942,#1943,#1944));
#7134=EDGE_LOOP('',(#1945,#1946,#1947,#1948));
#7135=EDGE_LOOP('',(#1949,#1950,#1951,#1952));
#7136=EDGE_LOOP('',(#1953,#1954,#1955,#1956));
#7137=EDGE_LOOP('',(#1957,#1958,#1959,#1960,#1961,#1962,#1963,#1964,#1965,
#1966,#1967,#1968,#1969,#1970,#1971,#1972,#1973,#1974,#1975,#1976));
#7138=EDGE_LOOP('',(#1977,#1978,#1979,#1980));
#7139=EDGE_LOOP('',(#1981,#1982,#1983,#1984));
#7140=EDGE_LOOP('',(#1985,#1986,#1987,#1988));
#7141=EDGE_LOOP('',(#1989,#1990,#1991,#1992));
#7142=EDGE_LOOP('',(#1993,#1994,#1995,#1996));
#7143=EDGE_LOOP('',(#1997,#1998,#1999,#2000));
#7144=EDGE_LOOP('',(#2001,#2002,#2003,#2004));
#7145=EDGE_LOOP('',(#2005,#2006,#2007,#2008));
#7146=EDGE_LOOP('',(#2009,#2010,#2011,#2012));
#7147=EDGE_LOOP('',(#2013,#2014,#2015,#2016));
#7148=EDGE_LOOP('',(#2017,#2018,#2019,#2020));
#7149=EDGE_LOOP('',(#2021,#2022,#2023,#2024));
#7150=EDGE_LOOP('',(#2025,#2026,#2027,#2028));
#7151=EDGE_LOOP('',(#2029,#2030,#2031,#2032));
#7152=EDGE_LOOP('',(#2033,#2034,#2035,#2036));
#7153=EDGE_LOOP('',(#2037,#2038,#2039,#2040));
#7154=EDGE_LOOP('',(#2041,#2042,#2043,#2044));
#7155=EDGE_LOOP('',(#2045,#2046,#2047,#2048));
#7156=EDGE_LOOP('',(#2049,#2050,#2051,#2052));
#7157=EDGE_LOOP('',(#2053,#2054,#2055,#2056));
#7158=EDGE_LOOP('',(#2057,#2058,#2059,#2060));
#7159=EDGE_LOOP('',(#2061,#2062,#2063,#2064));
#7160=EDGE_LOOP('',(#2065,#2066,#2067,#2068));
#7161=EDGE_LOOP('',(#2069,#2070,#2071,#2072));
#7162=EDGE_LOOP('',(#2073,#2074,#2075,#2076));
#7163=EDGE_LOOP('',(#2077,#2078,#2079,#2080));
#7164=EDGE_LOOP('',(#2081,#2082,#2083,#2084));
#7165=EDGE_LOOP('',(#2085,#2086,#2087,#2088));
#7166=EDGE_LOOP('',(#2089,#2090,#2091,#2092));
#7167=EDGE_LOOP('',(#2093,#2094,#2095,#2096));
#7168=EDGE_LOOP('',(#2097,#2098,#2099,#2100,#2101,#2102,#2103,#2104,#2105,
#2106,#2107,#2108,#2109,#2110,#2111,#2112,#2113,#2114,#2115,#2116,#2117,
#2118,#2119,#2120,#2121,#2122,#2123,#2124,#2125,#2126));
#7169=EDGE_LOOP('',(#2127,#2128,#2129,#2130));
#7170=EDGE_LOOP('',(#2131,#2132,#2133,#2134));
#7171=EDGE_LOOP('',(#2135,#2136,#2137,#2138));
#7172=EDGE_LOOP('',(#2139,#2140,#2141,#2142));
#7173=EDGE_LOOP('',(#2143,#2144,#2145,#2146));
#7174=EDGE_LOOP('',(#2147,#2148,#2149,#2150));
#7175=EDGE_LOOP('',(#2151,#2152,#2153,#2154));
#7176=EDGE_LOOP('',(#2155,#2156,#2157,#2158));
#7177=EDGE_LOOP('',(#2159,#2160,#2161,#2162));
#7178=EDGE_LOOP('',(#2163,#2164,#2165,#2166));
#7179=EDGE_LOOP('',(#2167,#2168,#2169,#2170));
#7180=EDGE_LOOP('',(#2171,#2172,#2173,#2174));
#7181=EDGE_LOOP('',(#2175,#2176,#2177,#2178));
#7182=EDGE_LOOP('',(#2179,#2180,#2181,#2182));
#7183=EDGE_LOOP('',(#2183,#2184,#2185,#2186));
#7184=EDGE_LOOP('',(#2187,#2188,#2189,#2190));
#7185=EDGE_LOOP('',(#2191,#2192,#2193,#2194));
#7186=EDGE_LOOP('',(#2195,#2196,#2197,#2198));
#7187=EDGE_LOOP('',(#2199,#2200,#2201,#2202));
#7188=EDGE_LOOP('',(#2203,#2204,#2205,#2206));
#7189=EDGE_LOOP('',(#2207,#2208,#2209,#2210,#2211,#2212,#2213,#2214,#2215,
#2216,#2217,#2218,#2219,#2220,#2221,#2222,#2223,#2224,#2225,#2226));
#7190=EDGE_LOOP('',(#2227,#2228,#2229,#2230));
#7191=EDGE_LOOP('',(#2231,#2232,#2233,#2234));
#7192=EDGE_LOOP('',(#2235,#2236,#2237,#2238));
#7193=EDGE_LOOP('',(#2239,#2240,#2241,#2242));
#7194=EDGE_LOOP('',(#2243,#2244,#2245,#2246));
#7195=EDGE_LOOP('',(#2247,#2248,#2249,#2250));
#7196=EDGE_LOOP('',(#2251,#2252,#2253,#2254));
#7197=EDGE_LOOP('',(#2255,#2256,#2257,#2258));
#7198=EDGE_LOOP('',(#2259,#2260,#2261,#2262));
#7199=EDGE_LOOP('',(#2263,#2264,#2265,#2266));
#7200=EDGE_LOOP('',(#2267,#2268,#2269,#2270));
#7201=EDGE_LOOP('',(#2271,#2272,#2273,#2274));
#7202=EDGE_LOOP('',(#2275,#2276,#2277,#2278));
#7203=EDGE_LOOP('',(#2279,#2280,#2281,#2282));
#7204=EDGE_LOOP('',(#2283,#2284,#2285,#2286));
#7205=EDGE_LOOP('',(#2287,#2288,#2289,#2290));
#7206=EDGE_LOOP('',(#2291,#2292,#2293,#2294));
#7207=EDGE_LOOP('',(#2295,#2296,#2297,#2298));
#7208=EDGE_LOOP('',(#2299,#2300,#2301,#2302));
#7209=EDGE_LOOP('',(#2303,#2304,#2305,#2306));
#7210=EDGE_LOOP('',(#2307,#2308,#2309,#2310));
#7211=EDGE_LOOP('',(#2311,#2312,#2313,#2314));
#7212=EDGE_LOOP('',(#2315,#2316,#2317,#2318));
#7213=EDGE_LOOP('',(#2319,#2320,#2321,#2322));
#7214=EDGE_LOOP('',(#2323,#2324,#2325,#2326));
#7215=EDGE_LOOP('',(#2327,#2328,#2329,#2330));
#7216=EDGE_LOOP('',(#2331,#2332,#2333,#2334));
#7217=EDGE_LOOP('',(#2335,#2336,#2337,#2338));
#7218=EDGE_LOOP('',(#2339,#2340,#2341,#2342,#2343,#2344,#2345,#2346,#2347,
#2348,#2349,#2350,#2351,#2352,#2353,#2354,#2355,#2356,#2357,#2358,#2359,
#2360,#2361,#2362,#2363,#2364,#2365,#2366));
#7219=EDGE_LOOP('',(#2367,#2368,#2369,#2370));
#7220=EDGE_LOOP('',(#2371,#2372,#2373,#2374));
#7221=EDGE_LOOP('',(#2375,#2376,#2377,#2378));
#7222=EDGE_LOOP('',(#2379,#2380,#2381,#2382));
#7223=EDGE_LOOP('',(#2383,#2384,#2385,#2386));
#7224=EDGE_LOOP('',(#2387,#2388,#2389,#2390));
#7225=EDGE_LOOP('',(#2391,#2392,#2393,#2394));
#7226=EDGE_LOOP('',(#2395,#2396,#2397,#2398));
#7227=EDGE_LOOP('',(#2399,#2400,#2401,#2402));
#7228=EDGE_LOOP('',(#2403,#2404,#2405,#2406));
#7229=EDGE_LOOP('',(#2407,#2408,#2409,#2410));
#7230=EDGE_LOOP('',(#2411,#2412,#2413,#2414));
#7231=EDGE_LOOP('',(#2415,#2416,#2417,#2418));
#7232=EDGE_LOOP('',(#2419,#2420,#2421,#2422));
#7233=EDGE_LOOP('',(#2423,#2424,#2425,#2426));
#7234=EDGE_LOOP('',(#2427,#2428,#2429,#2430));
#7235=EDGE_LOOP('',(#2431,#2432,#2433,#2434));
#7236=EDGE_LOOP('',(#2435,#2436,#2437,#2438));
#7237=EDGE_LOOP('',(#2439,#2440,#2441,#2442));
#7238=EDGE_LOOP('',(#2443,#2444,#2445,#2446));
#7239=EDGE_LOOP('',(#2447,#2448,#2449,#2450,#2451,#2452,#2453,#2454,#2455,
#2456));
#7240=EDGE_LOOP('',(#2457,#2458,#2459,#2460,#2461,#2462,#2463,#2464,#2465,
#2466));
#7241=EDGE_LOOP('',(#2467,#2468,#2469,#2470));
#7242=EDGE_LOOP('',(#2471,#2472,#2473,#2474));
#7243=EDGE_LOOP('',(#2475,#2476,#2477,#2478));
#7244=EDGE_LOOP('',(#2479,#2480,#2481,#2482));
#7245=EDGE_LOOP('',(#2483,#2484,#2485,#2486));
#7246=EDGE_LOOP('',(#2487,#2488,#2489,#2490));
#7247=EDGE_LOOP('',(#2491,#2492,#2493,#2494));
#7248=EDGE_LOOP('',(#2495,#2496,#2497,#2498));
#7249=EDGE_LOOP('',(#2499,#2500,#2501,#2502));
#7250=EDGE_LOOP('',(#2503,#2504,#2505,#2506));
#7251=EDGE_LOOP('',(#2507,#2508,#2509,#2510));
#7252=EDGE_LOOP('',(#2511,#2512,#2513,#2514));
#7253=EDGE_LOOP('',(#2515,#2516,#2517,#2518));
#7254=EDGE_LOOP('',(#2519,#2520,#2521,#2522));
#7255=EDGE_LOOP('',(#2523,#2524,#2525,#2526));
#7256=EDGE_LOOP('',(#2527,#2528,#2529,#2530));
#7257=EDGE_LOOP('',(#2531,#2532,#2533,#2534));
#7258=EDGE_LOOP('',(#2535,#2536,#2537,#2538));
#7259=EDGE_LOOP('',(#2539,#2540,#2541,#2542));
#7260=EDGE_LOOP('',(#2543,#2544,#2545,#2546));
#7261=EDGE_LOOP('',(#2547,#2548,#2549,#2550));
#7262=EDGE_LOOP('',(#2551,#2552,#2553,#2554));
#7263=EDGE_LOOP('',(#2555,#2556,#2557,#2558));
#7264=EDGE_LOOP('',(#2559,#2560,#2561,#2562));
#7265=EDGE_LOOP('',(#2563,#2564,#2565,#2566,#2567,#2568,#2569,#2570,#2571,
#2572,#2573,#2574,#2575,#2576,#2577,#2578,#2579));
#7266=EDGE_LOOP('',(#2580,#2581,#2582,#2583,#2584,#2585,#2586));
#7267=EDGE_LOOP('',(#2587,#2588,#2589,#2590));
#7268=EDGE_LOOP('',(#2591,#2592,#2593,#2594));
#7269=EDGE_LOOP('',(#2595,#2596,#2597,#2598));
#7270=EDGE_LOOP('',(#2599,#2600,#2601,#2602));
#7271=EDGE_LOOP('',(#2603,#2604,#2605,#2606));
#7272=EDGE_LOOP('',(#2607,#2608,#2609,#2610));
#7273=EDGE_LOOP('',(#2611,#2612,#2613,#2614));
#7274=EDGE_LOOP('',(#2615,#2616,#2617,#2618));
#7275=EDGE_LOOP('',(#2619,#2620,#2621,#2622));
#7276=EDGE_LOOP('',(#2623,#2624,#2625,#2626));
#7277=EDGE_LOOP('',(#2627,#2628,#2629,#2630));
#7278=EDGE_LOOP('',(#2631,#2632,#2633,#2634));
#7279=EDGE_LOOP('',(#2635,#2636,#2637,#2638));
#7280=EDGE_LOOP('',(#2639,#2640,#2641,#2642));
#7281=EDGE_LOOP('',(#2643,#2644,#2645,#2646));
#7282=EDGE_LOOP('',(#2647,#2648,#2649,#2650));
#7283=EDGE_LOOP('',(#2651,#2652,#2653,#2654));
#7284=EDGE_LOOP('',(#2655,#2656,#2657,#2658));
#7285=EDGE_LOOP('',(#2659,#2660,#2661,#2662));
#7286=EDGE_LOOP('',(#2663,#2664,#2665,#2666));
#7287=EDGE_LOOP('',(#2667,#2668,#2669,#2670));
#7288=EDGE_LOOP('',(#2671,#2672,#2673,#2674));
#7289=EDGE_LOOP('',(#2675,#2676,#2677,#2678));
#7290=EDGE_LOOP('',(#2679,#2680,#2681,#2682));
#7291=EDGE_LOOP('',(#2683,#2684,#2685,#2686,#2687,#2688,#2689,#2690,#2691,
#2692,#2693,#2694,#2695,#2696,#2697,#2698,#2699));
#7292=EDGE_LOOP('',(#2700,#2701,#2702,#2703,#2704,#2705,#2706));
#7293=EDGE_LOOP('',(#2707,#2708,#2709,#2710));
#7294=EDGE_LOOP('',(#2711,#2712,#2713,#2714));
#7295=EDGE_LOOP('',(#2715,#2716,#2717,#2718));
#7296=EDGE_LOOP('',(#2719,#2720,#2721,#2722));
#7297=EDGE_LOOP('',(#2723,#2724,#2725,#2726));
#7298=EDGE_LOOP('',(#2727,#2728,#2729,#2730));
#7299=EDGE_LOOP('',(#2731,#2732,#2733,#2734));
#7300=EDGE_LOOP('',(#2735,#2736,#2737,#2738));
#7301=EDGE_LOOP('',(#2739,#2740,#2741,#2742));
#7302=EDGE_LOOP('',(#2743,#2744,#2745,#2746));
#7303=EDGE_LOOP('',(#2747,#2748,#2749,#2750));
#7304=EDGE_LOOP('',(#2751,#2752,#2753,#2754));
#7305=EDGE_LOOP('',(#2755,#2756,#2757,#2758));
#7306=EDGE_LOOP('',(#2759,#2760,#2761,#2762));
#7307=EDGE_LOOP('',(#2763,#2764,#2765,#2766));
#7308=EDGE_LOOP('',(#2767,#2768,#2769,#2770));
#7309=EDGE_LOOP('',(#2771,#2772,#2773,#2774));
#7310=EDGE_LOOP('',(#2775,#2776,#2777,#2778));
#7311=EDGE_LOOP('',(#2779,#2780,#2781,#2782));
#7312=EDGE_LOOP('',(#2783,#2784,#2785,#2786));
#7313=EDGE_LOOP('',(#2787,#2788,#2789,#2790,#2791,#2792,#2793,#2794,#2795,
#2796));
#7314=EDGE_LOOP('',(#2797,#2798,#2799,#2800,#2801,#2802,#2803,#2804,#2805,
#2806));
#7315=EDGE_LOOP('',(#2807,#2808,#2809,#2810));
#7316=EDGE_LOOP('',(#2811,#2812,#2813,#2814));
#7317=EDGE_LOOP('',(#2815,#2816,#2817,#2818));
#7318=EDGE_LOOP('',(#2819,#2820,#2821,#2822));
#7319=EDGE_LOOP('',(#2823,#2824,#2825,#2826));
#7320=EDGE_LOOP('',(#2827,#2828,#2829,#2830));
#7321=EDGE_LOOP('',(#2831,#2832,#2833,#2834));
#7322=EDGE_LOOP('',(#2835,#2836,#2837,#2838));
#7323=EDGE_LOOP('',(#2839,#2840,#2841,#2842));
#7324=EDGE_LOOP('',(#2843,#2844,#2845,#2846));
#7325=EDGE_LOOP('',(#2847,#2848,#2849,#2850));
#7326=EDGE_LOOP('',(#2851,#2852,#2853,#2854));
#7327=EDGE_LOOP('',(#2855,#2856,#2857,#2858));
#7328=EDGE_LOOP('',(#2859,#2860,#2861,#2862));
#7329=EDGE_LOOP('',(#2863,#2864,#2865,#2866));
#7330=EDGE_LOOP('',(#2867,#2868,#2869,#2870));
#7331=EDGE_LOOP('',(#2871,#2872,#2873,#2874));
#7332=EDGE_LOOP('',(#2875,#2876,#2877,#2878));
#7333=EDGE_LOOP('',(#2879,#2880,#2881,#2882));
#7334=EDGE_LOOP('',(#2883,#2884,#2885,#2886));
#7335=EDGE_LOOP('',(#2887,#2888,#2889,#2890));
#7336=EDGE_LOOP('',(#2891,#2892,#2893,#2894));
#7337=EDGE_LOOP('',(#2895,#2896,#2897,#2898));
#7338=EDGE_LOOP('',(#2899,#2900,#2901,#2902));
#7339=EDGE_LOOP('',(#2903,#2904,#2905,#2906));
#7340=EDGE_LOOP('',(#2907,#2908,#2909,#2910));
#7341=EDGE_LOOP('',(#2911,#2912,#2913,#2914));
#7342=EDGE_LOOP('',(#2915,#2916,#2917,#2918));
#7343=EDGE_LOOP('',(#2919,#2920,#2921,#2922));
#7344=EDGE_LOOP('',(#2923,#2924,#2925,#2926));
#7345=EDGE_LOOP('',(#2927,#2928,#2929,#2930,#2931,#2932,#2933,#2934,#2935,
#2936,#2937,#2938,#2939,#2940,#2941,#2942,#2943,#2944,#2945,#2946));
#7346=EDGE_LOOP('',(#2947,#2948,#2949,#2950,#2951,#2952,#2953,#2954,#2955,
#2956));
#7347=EDGE_LOOP('',(#2957,#2958,#2959,#2960));
#7348=EDGE_LOOP('',(#2961,#2962,#2963,#2964));
#7349=EDGE_LOOP('',(#2965,#2966,#2967,#2968));
#7350=EDGE_LOOP('',(#2969,#2970,#2971,#2972));
#7351=EDGE_LOOP('',(#2973,#2974,#2975,#2976));
#7352=EDGE_LOOP('',(#2977,#2978,#2979,#2980));
#7353=EDGE_LOOP('',(#2981,#2982,#2983,#2984));
#7354=EDGE_LOOP('',(#2985,#2986,#2987,#2988));
#7355=EDGE_LOOP('',(#2989,#2990,#2991,#2992));
#7356=EDGE_LOOP('',(#2993,#2994,#2995,#2996));
#7357=EDGE_LOOP('',(#2997,#2998,#2999,#3000));
#7358=EDGE_LOOP('',(#3001,#3002,#3003,#3004));
#7359=EDGE_LOOP('',(#3005,#3006,#3007,#3008));
#7360=EDGE_LOOP('',(#3009,#3010,#3011,#3012));
#7361=EDGE_LOOP('',(#3013,#3014,#3015,#3016));
#7362=EDGE_LOOP('',(#3017,#3018,#3019,#3020));
#7363=EDGE_LOOP('',(#3021,#3022,#3023,#3024));
#7364=EDGE_LOOP('',(#3025,#3026,#3027,#3028));
#7365=EDGE_LOOP('',(#3029,#3030,#3031,#3032));
#7366=EDGE_LOOP('',(#3033,#3034,#3035,#3036));
#7367=EDGE_LOOP('',(#3037,#3038,#3039,#3040,#3041,#3042,#3043,#3044,#3045,
#3046));
#7368=EDGE_LOOP('',(#3047,#3048,#3049,#3050,#3051,#3052,#3053,#3054,#3055,
#3056));
#7369=EDGE_LOOP('',(#3057,#3058,#3059,#3060));
#7370=EDGE_LOOP('',(#3061,#3062,#3063,#3064));
#7371=EDGE_LOOP('',(#3065,#3066,#3067,#3068));
#7372=EDGE_LOOP('',(#3069,#3070,#3071,#3072));
#7373=EDGE_LOOP('',(#3073,#3074,#3075,#3076));
#7374=EDGE_LOOP('',(#3077,#3078,#3079,#3080));
#7375=EDGE_LOOP('',(#3081,#3082,#3083,#3084));
#7376=EDGE_LOOP('',(#3085,#3086,#3087,#3088));
#7377=EDGE_LOOP('',(#3089,#3090,#3091,#3092));
#7378=EDGE_LOOP('',(#3093,#3094,#3095,#3096));
#7379=EDGE_LOOP('',(#3097,#3098,#3099,#3100,#3101,#3102,#3103));
#7380=EDGE_LOOP('',(#3104,#3105,#3106,#3107,#3108,#3109,#3110,#3111,#3112,
#3113));
#7381=EDGE_LOOP('',(#3114,#3115,#3116,#3117,#3118,#3119,#3120));
#7382=EDGE_LOOP('',(#3121,#3122,#3123,#3124,#3125,#3126,#3127));
#7383=EDGE_LOOP('',(#3128,#3129,#3130,#3131,#3132,#3133,#3134,#3135,#3136,
#3137));
#7384=EDGE_LOOP('',(#3138,#3139,#3140,#3141,#3142,#3143,#3144,#3145,#3146,
#3147));
#7385=EDGE_LOOP('',(#3148,#3149,#3150,#3151,#3152,#3153,#3154,#3155,#3156,
#3157));
#7386=FACE_BOUND('',#6906,.T.);
#7387=FACE_BOUND('',#6907,.T.);
#7388=FACE_BOUND('',#6908,.T.);
#7389=FACE_BOUND('',#6909,.T.);
#7390=FACE_BOUND('',#6910,.T.);
#7391=FACE_BOUND('',#6911,.T.);
#7392=FACE_BOUND('',#6912,.T.);
#7393=FACE_BOUND('',#6913,.T.);
#7394=FACE_BOUND('',#6914,.T.);
#7395=FACE_BOUND('',#6915,.T.);
#7396=FACE_BOUND('',#6916,.T.);
#7397=FACE_BOUND('',#6917,.T.);
#7398=FACE_BOUND('',#6918,.T.);
#7399=FACE_BOUND('',#6919,.T.);
#7400=FACE_BOUND('',#6920,.T.);
#7401=FACE_BOUND('',#6921,.T.);
#7402=FACE_BOUND('',#6922,.T.);
#7403=FACE_BOUND('',#6923,.T.);
#7404=FACE_BOUND('',#6924,.T.);
#7405=FACE_BOUND('',#6925,.T.);
#7406=FACE_BOUND('',#6926,.T.);
#7407=FACE_BOUND('',#6927,.T.);
#7408=FACE_BOUND('',#6928,.T.);
#7409=FACE_BOUND('',#6929,.T.);
#7410=FACE_BOUND('',#6930,.T.);
#7411=FACE_BOUND('',#6931,.T.);
#7412=FACE_BOUND('',#6932,.T.);
#7413=FACE_BOUND('',#6933,.T.);
#7414=FACE_BOUND('',#6934,.T.);
#7415=FACE_BOUND('',#6935,.T.);
#7416=FACE_BOUND('',#6936,.T.);
#7417=FACE_BOUND('',#6937,.T.);
#7418=FACE_BOUND('',#6938,.T.);
#7419=FACE_BOUND('',#6939,.T.);
#7420=FACE_BOUND('',#6940,.T.);
#7421=FACE_BOUND('',#6941,.T.);
#7422=FACE_BOUND('',#6942,.T.);
#7423=FACE_BOUND('',#6943,.T.);
#7424=FACE_BOUND('',#6944,.T.);
#7425=FACE_BOUND('',#6945,.T.);
#7426=FACE_BOUND('',#6946,.T.);
#7427=FACE_BOUND('',#6947,.T.);
#7428=FACE_BOUND('',#6948,.T.);
#7429=FACE_BOUND('',#6949,.T.);
#7430=FACE_BOUND('',#6950,.T.);
#7431=FACE_BOUND('',#6951,.T.);
#7432=FACE_BOUND('',#6952,.T.);
#7433=FACE_BOUND('',#6953,.T.);
#7434=FACE_BOUND('',#6954,.T.);
#7435=FACE_BOUND('',#6955,.T.);
#7436=FACE_BOUND('',#6956,.T.);
#7437=FACE_BOUND('',#6957,.T.);
#7438=FACE_BOUND('',#6958,.T.);
#7439=FACE_BOUND('',#6959,.T.);
#7440=FACE_BOUND('',#6960,.T.);
#7441=FACE_BOUND('',#6961,.T.);
#7442=FACE_BOUND('',#6962,.T.);
#7443=FACE_BOUND('',#6963,.T.);
#7444=FACE_BOUND('',#6964,.T.);
#7445=FACE_BOUND('',#6965,.T.);
#7446=FACE_BOUND('',#6966,.T.);
#7447=FACE_BOUND('',#6967,.T.);
#7448=FACE_BOUND('',#6968,.T.);
#7449=FACE_BOUND('',#6969,.T.);
#7450=FACE_BOUND('',#6970,.T.);
#7451=FACE_BOUND('',#6971,.T.);
#7452=FACE_BOUND('',#6972,.T.);
#7453=FACE_BOUND('',#6973,.T.);
#7454=FACE_BOUND('',#6974,.T.);
#7455=FACE_BOUND('',#6975,.T.);
#7456=FACE_BOUND('',#6976,.T.);
#7457=FACE_BOUND('',#6977,.T.);
#7458=FACE_BOUND('',#6978,.T.);
#7459=FACE_BOUND('',#6979,.T.);
#7460=FACE_BOUND('',#6980,.T.);
#7461=FACE_BOUND('',#6981,.T.);
#7462=FACE_BOUND('',#6982,.T.);
#7463=FACE_BOUND('',#6983,.T.);
#7464=FACE_BOUND('',#6984,.T.);
#7465=FACE_BOUND('',#6985,.T.);
#7466=FACE_BOUND('',#6986,.T.);
#7467=FACE_BOUND('',#6987,.T.);
#7468=FACE_BOUND('',#6988,.T.);
#7469=FACE_BOUND('',#6989,.T.);
#7470=FACE_BOUND('',#6990,.T.);
#7471=FACE_BOUND('',#6991,.T.);
#7472=FACE_BOUND('',#6992,.T.);
#7473=FACE_BOUND('',#6993,.T.);
#7474=FACE_BOUND('',#6994,.T.);
#7475=FACE_BOUND('',#6995,.T.);
#7476=FACE_BOUND('',#6996,.T.);
#7477=FACE_BOUND('',#6997,.T.);
#7478=FACE_BOUND('',#6998,.T.);
#7479=FACE_BOUND('',#6999,.T.);
#7480=FACE_BOUND('',#7000,.T.);
#7481=FACE_BOUND('',#7001,.T.);
#7482=FACE_BOUND('',#7002,.T.);
#7483=FACE_BOUND('',#7003,.T.);
#7484=FACE_BOUND('',#7004,.T.);
#7485=FACE_BOUND('',#7005,.T.);
#7486=FACE_BOUND('',#7006,.T.);
#7487=FACE_BOUND('',#7007,.T.);
#7488=FACE_BOUND('',#7008,.T.);
#7489=FACE_BOUND('',#7009,.T.);
#7490=FACE_BOUND('',#7010,.T.);
#7491=FACE_BOUND('',#7011,.T.);
#7492=FACE_BOUND('',#7012,.T.);
#7493=FACE_BOUND('',#7013,.T.);
#7494=FACE_BOUND('',#7014,.T.);
#7495=FACE_BOUND('',#7015,.T.);
#7496=FACE_BOUND('',#7016,.T.);
#7497=FACE_BOUND('',#7017,.T.);
#7498=FACE_BOUND('',#7018,.T.);
#7499=FACE_BOUND('',#7019,.T.);
#7500=FACE_BOUND('',#7020,.T.);
#7501=FACE_BOUND('',#7021,.T.);
#7502=FACE_BOUND('',#7022,.T.);
#7503=FACE_BOUND('',#7023,.T.);
#7504=FACE_BOUND('',#7024,.T.);
#7505=FACE_BOUND('',#7025,.T.);
#7506=FACE_BOUND('',#7026,.T.);
#7507=FACE_BOUND('',#7027,.T.);
#7508=FACE_BOUND('',#7028,.T.);
#7509=FACE_BOUND('',#7029,.T.);
#7510=FACE_BOUND('',#7030,.T.);
#7511=FACE_BOUND('',#7031,.T.);
#7512=FACE_BOUND('',#7032,.T.);
#7513=FACE_BOUND('',#7033,.T.);
#7514=FACE_BOUND('',#7034,.T.);
#7515=FACE_BOUND('',#7035,.T.);
#7516=FACE_BOUND('',#7036,.T.);
#7517=FACE_BOUND('',#7037,.T.);
#7518=FACE_BOUND('',#7038,.T.);
#7519=FACE_BOUND('',#7039,.T.);
#7520=FACE_BOUND('',#7040,.T.);
#7521=FACE_BOUND('',#7041,.T.);
#7522=FACE_BOUND('',#7042,.T.);
#7523=FACE_BOUND('',#7043,.T.);
#7524=FACE_BOUND('',#7044,.T.);
#7525=FACE_BOUND('',#7045,.T.);
#7526=FACE_BOUND('',#7046,.T.);
#7527=FACE_BOUND('',#7047,.T.);
#7528=FACE_BOUND('',#7048,.T.);
#7529=FACE_BOUND('',#7049,.T.);
#7530=FACE_BOUND('',#7050,.T.);
#7531=FACE_BOUND('',#7051,.T.);
#7532=FACE_BOUND('',#7052,.T.);
#7533=FACE_BOUND('',#7053,.T.);
#7534=FACE_BOUND('',#7054,.T.);
#7535=FACE_BOUND('',#7055,.T.);
#7536=FACE_BOUND('',#7056,.T.);
#7537=FACE_BOUND('',#7057,.T.);
#7538=FACE_BOUND('',#7058,.T.);
#7539=FACE_BOUND('',#7059,.T.);
#7540=FACE_BOUND('',#7060,.T.);
#7541=FACE_BOUND('',#7061,.T.);
#7542=FACE_BOUND('',#7062,.T.);
#7543=FACE_BOUND('',#7063,.T.);
#7544=FACE_BOUND('',#7064,.T.);
#7545=FACE_BOUND('',#7065,.T.);
#7546=FACE_BOUND('',#7066,.T.);
#7547=FACE_BOUND('',#7067,.T.);
#7548=FACE_BOUND('',#7068,.T.);
#7549=FACE_BOUND('',#7069,.T.);
#7550=FACE_BOUND('',#7070,.T.);
#7551=FACE_BOUND('',#7071,.T.);
#7552=FACE_BOUND('',#7072,.T.);
#7553=FACE_BOUND('',#7073,.T.);
#7554=FACE_BOUND('',#7074,.T.);
#7555=FACE_BOUND('',#7075,.T.);
#7556=FACE_BOUND('',#7076,.T.);
#7557=FACE_BOUND('',#7077,.T.);
#7558=FACE_BOUND('',#7078,.T.);
#7559=FACE_BOUND('',#7079,.T.);
#7560=FACE_BOUND('',#7080,.T.);
#7561=FACE_BOUND('',#7081,.T.);
#7562=FACE_BOUND('',#7082,.T.);
#7563=FACE_BOUND('',#7083,.T.);
#7564=FACE_BOUND('',#7084,.T.);
#7565=FACE_BOUND('',#7085,.T.);
#7566=FACE_BOUND('',#7086,.T.);
#7567=FACE_BOUND('',#7087,.T.);
#7568=FACE_BOUND('',#7088,.T.);
#7569=FACE_BOUND('',#7089,.T.);
#7570=FACE_BOUND('',#7090,.T.);
#7571=FACE_BOUND('',#7091,.T.);
#7572=FACE_BOUND('',#7092,.T.);
#7573=FACE_BOUND('',#7093,.T.);
#7574=FACE_BOUND('',#7094,.T.);
#7575=FACE_BOUND('',#7095,.T.);
#7576=FACE_BOUND('',#7096,.T.);
#7577=FACE_BOUND('',#7097,.T.);
#7578=FACE_BOUND('',#7098,.T.);
#7579=FACE_BOUND('',#7099,.T.);
#7580=FACE_BOUND('',#7100,.T.);
#7581=FACE_BOUND('',#7101,.T.);
#7582=FACE_BOUND('',#7102,.T.);
#7583=FACE_BOUND('',#7103,.T.);
#7584=FACE_BOUND('',#7104,.T.);
#7585=FACE_BOUND('',#7105,.T.);
#7586=FACE_BOUND('',#7106,.T.);
#7587=FACE_BOUND('',#7107,.T.);
#7588=FACE_BOUND('',#7108,.T.);
#7589=FACE_BOUND('',#7109,.T.);
#7590=FACE_BOUND('',#7110,.T.);
#7591=FACE_BOUND('',#7111,.T.);
#7592=FACE_BOUND('',#7112,.T.);
#7593=FACE_BOUND('',#7113,.T.);
#7594=FACE_BOUND('',#7114,.T.);
#7595=FACE_BOUND('',#7115,.T.);
#7596=FACE_BOUND('',#7116,.T.);
#7597=FACE_BOUND('',#7117,.T.);
#7598=FACE_BOUND('',#7118,.T.);
#7599=FACE_BOUND('',#7119,.T.);
#7600=FACE_BOUND('',#7120,.T.);
#7601=FACE_BOUND('',#7121,.T.);
#7602=FACE_BOUND('',#7122,.T.);
#7603=FACE_BOUND('',#7123,.T.);
#7604=FACE_BOUND('',#7124,.T.);
#7605=FACE_BOUND('',#7125,.T.);
#7606=FACE_BOUND('',#7126,.T.);
#7607=FACE_BOUND('',#7127,.T.);
#7608=FACE_BOUND('',#7128,.T.);
#7609=FACE_BOUND('',#7129,.T.);
#7610=FACE_BOUND('',#7130,.T.);
#7611=FACE_BOUND('',#7131,.T.);
#7612=FACE_BOUND('',#7132,.T.);
#7613=FACE_BOUND('',#7133,.T.);
#7614=FACE_BOUND('',#7134,.T.);
#7615=FACE_BOUND('',#7135,.T.);
#7616=FACE_BOUND('',#7136,.T.);
#7617=FACE_BOUND('',#7137,.T.);
#7618=FACE_BOUND('',#7138,.T.);
#7619=FACE_BOUND('',#7139,.T.);
#7620=FACE_BOUND('',#7140,.T.);
#7621=FACE_BOUND('',#7141,.T.);
#7622=FACE_BOUND('',#7142,.T.);
#7623=FACE_BOUND('',#7143,.T.);
#7624=FACE_BOUND('',#7144,.T.);
#7625=FACE_BOUND('',#7145,.T.);
#7626=FACE_BOUND('',#7146,.T.);
#7627=FACE_BOUND('',#7147,.T.);
#7628=FACE_BOUND('',#7148,.T.);
#7629=FACE_BOUND('',#7149,.T.);
#7630=FACE_BOUND('',#7150,.T.);
#7631=FACE_BOUND('',#7151,.T.);
#7632=FACE_BOUND('',#7152,.T.);
#7633=FACE_BOUND('',#7153,.T.);
#7634=FACE_BOUND('',#7154,.T.);
#7635=FACE_BOUND('',#7155,.T.);
#7636=FACE_BOUND('',#7156,.T.);
#7637=FACE_BOUND('',#7157,.T.);
#7638=FACE_BOUND('',#7158,.T.);
#7639=FACE_BOUND('',#7159,.T.);
#7640=FACE_BOUND('',#7160,.T.);
#7641=FACE_BOUND('',#7161,.T.);
#7642=FACE_BOUND('',#7162,.T.);
#7643=FACE_BOUND('',#7163,.T.);
#7644=FACE_BOUND('',#7164,.T.);
#7645=FACE_BOUND('',#7165,.T.);
#7646=FACE_BOUND('',#7166,.T.);
#7647=FACE_BOUND('',#7167,.T.);
#7648=FACE_BOUND('',#7168,.T.);
#7649=FACE_BOUND('',#7169,.T.);
#7650=FACE_BOUND('',#7170,.T.);
#7651=FACE_BOUND('',#7171,.T.);
#7652=FACE_BOUND('',#7172,.T.);
#7653=FACE_BOUND('',#7173,.T.);
#7654=FACE_BOUND('',#7174,.T.);
#7655=FACE_BOUND('',#7175,.T.);
#7656=FACE_BOUND('',#7176,.T.);
#7657=FACE_BOUND('',#7177,.T.);
#7658=FACE_BOUND('',#7178,.T.);
#7659=FACE_BOUND('',#7179,.T.);
#7660=FACE_BOUND('',#7180,.T.);
#7661=FACE_BOUND('',#7181,.T.);
#7662=FACE_BOUND('',#7182,.T.);
#7663=FACE_BOUND('',#7183,.T.);
#7664=FACE_BOUND('',#7184,.T.);
#7665=FACE_BOUND('',#7185,.T.);
#7666=FACE_BOUND('',#7186,.T.);
#7667=FACE_BOUND('',#7187,.T.);
#7668=FACE_BOUND('',#7188,.T.);
#7669=FACE_BOUND('',#7189,.T.);
#7670=FACE_BOUND('',#7190,.T.);
#7671=FACE_BOUND('',#7191,.T.);
#7672=FACE_BOUND('',#7192,.T.);
#7673=FACE_BOUND('',#7193,.T.);
#7674=FACE_BOUND('',#7194,.T.);
#7675=FACE_BOUND('',#7195,.T.);
#7676=FACE_BOUND('',#7196,.T.);
#7677=FACE_BOUND('',#7197,.T.);
#7678=FACE_BOUND('',#7198,.T.);
#7679=FACE_BOUND('',#7199,.T.);
#7680=FACE_BOUND('',#7200,.T.);
#7681=FACE_BOUND('',#7201,.T.);
#7682=FACE_BOUND('',#7202,.T.);
#7683=FACE_BOUND('',#7203,.T.);
#7684=FACE_BOUND('',#7204,.T.);
#7685=FACE_BOUND('',#7205,.T.);
#7686=FACE_BOUND('',#7206,.T.);
#7687=FACE_BOUND('',#7207,.T.);
#7688=FACE_BOUND('',#7208,.T.);
#7689=FACE_BOUND('',#7209,.T.);
#7690=FACE_BOUND('',#7210,.T.);
#7691=FACE_BOUND('',#7211,.T.);
#7692=FACE_BOUND('',#7212,.T.);
#7693=FACE_BOUND('',#7213,.T.);
#7694=FACE_BOUND('',#7214,.T.);
#7695=FACE_BOUND('',#7215,.T.);
#7696=FACE_BOUND('',#7216,.T.);
#7697=FACE_BOUND('',#7217,.T.);
#7698=FACE_BOUND('',#7218,.T.);
#7699=FACE_BOUND('',#7219,.T.);
#7700=FACE_BOUND('',#7220,.T.);
#7701=FACE_BOUND('',#7221,.T.);
#7702=FACE_BOUND('',#7222,.T.);
#7703=FACE_BOUND('',#7223,.T.);
#7704=FACE_BOUND('',#7224,.T.);
#7705=FACE_BOUND('',#7225,.T.);
#7706=FACE_BOUND('',#7226,.T.);
#7707=FACE_BOUND('',#7227,.T.);
#7708=FACE_BOUND('',#7228,.T.);
#7709=FACE_BOUND('',#7229,.T.);
#7710=FACE_BOUND('',#7230,.T.);
#7711=FACE_BOUND('',#7231,.T.);
#7712=FACE_BOUND('',#7232,.T.);
#7713=FACE_BOUND('',#7233,.T.);
#7714=FACE_BOUND('',#7234,.T.);
#7715=FACE_BOUND('',#7235,.T.);
#7716=FACE_BOUND('',#7236,.T.);
#7717=FACE_BOUND('',#7237,.T.);
#7718=FACE_BOUND('',#7238,.T.);
#7719=FACE_BOUND('',#7239,.T.);
#7720=FACE_BOUND('',#7240,.T.);
#7721=FACE_BOUND('',#7241,.T.);
#7722=FACE_BOUND('',#7242,.T.);
#7723=FACE_BOUND('',#7243,.T.);
#7724=FACE_BOUND('',#7244,.T.);
#7725=FACE_BOUND('',#7245,.T.);
#7726=FACE_BOUND('',#7246,.T.);
#7727=FACE_BOUND('',#7247,.T.);
#7728=FACE_BOUND('',#7248,.T.);
#7729=FACE_BOUND('',#7249,.T.);
#7730=FACE_BOUND('',#7250,.T.);
#7731=FACE_BOUND('',#7251,.T.);
#7732=FACE_BOUND('',#7252,.T.);
#7733=FACE_BOUND('',#7253,.T.);
#7734=FACE_BOUND('',#7254,.T.);
#7735=FACE_BOUND('',#7255,.T.);
#7736=FACE_BOUND('',#7256,.T.);
#7737=FACE_BOUND('',#7257,.T.);
#7738=FACE_BOUND('',#7258,.T.);
#7739=FACE_BOUND('',#7259,.T.);
#7740=FACE_BOUND('',#7260,.T.);
#7741=FACE_BOUND('',#7261,.T.);
#7742=FACE_BOUND('',#7262,.T.);
#7743=FACE_BOUND('',#7263,.T.);
#7744=FACE_BOUND('',#7264,.T.);
#7745=FACE_BOUND('',#7265,.T.);
#7746=FACE_BOUND('',#7266,.T.);
#7747=FACE_BOUND('',#7267,.T.);
#7748=FACE_BOUND('',#7268,.T.);
#7749=FACE_BOUND('',#7269,.T.);
#7750=FACE_BOUND('',#7270,.T.);
#7751=FACE_BOUND('',#7271,.T.);
#7752=FACE_BOUND('',#7272,.T.);
#7753=FACE_BOUND('',#7273,.T.);
#7754=FACE_BOUND('',#7274,.T.);
#7755=FACE_BOUND('',#7275,.T.);
#7756=FACE_BOUND('',#7276,.T.);
#7757=FACE_BOUND('',#7277,.T.);
#7758=FACE_BOUND('',#7278,.T.);
#7759=FACE_BOUND('',#7279,.T.);
#7760=FACE_BOUND('',#7280,.T.);
#7761=FACE_BOUND('',#7281,.T.);
#7762=FACE_BOUND('',#7282,.T.);
#7763=FACE_BOUND('',#7283,.T.);
#7764=FACE_BOUND('',#7284,.T.);
#7765=FACE_BOUND('',#7285,.T.);
#7766=FACE_BOUND('',#7286,.T.);
#7767=FACE_BOUND('',#7287,.T.);
#7768=FACE_BOUND('',#7288,.T.);
#7769=FACE_BOUND('',#7289,.T.);
#7770=FACE_BOUND('',#7290,.T.);
#7771=FACE_BOUND('',#7291,.T.);
#7772=FACE_BOUND('',#7292,.T.);
#7773=FACE_BOUND('',#7293,.T.);
#7774=FACE_BOUND('',#7294,.T.);
#7775=FACE_BOUND('',#7295,.T.);
#7776=FACE_BOUND('',#7296,.T.);
#7777=FACE_BOUND('',#7297,.T.);
#7778=FACE_BOUND('',#7298,.T.);
#7779=FACE_BOUND('',#7299,.T.);
#7780=FACE_BOUND('',#7300,.T.);
#7781=FACE_BOUND('',#7301,.T.);
#7782=FACE_BOUND('',#7302,.T.);
#7783=FACE_BOUND('',#7303,.T.);
#7784=FACE_BOUND('',#7304,.T.);
#7785=FACE_BOUND('',#7305,.T.);
#7786=FACE_BOUND('',#7306,.T.);
#7787=FACE_BOUND('',#7307,.T.);
#7788=FACE_BOUND('',#7308,.T.);
#7789=FACE_BOUND('',#7309,.T.);
#7790=FACE_BOUND('',#7310,.T.);
#7791=FACE_BOUND('',#7311,.T.);
#7792=FACE_BOUND('',#7312,.T.);
#7793=FACE_BOUND('',#7313,.T.);
#7794=FACE_BOUND('',#7314,.T.);
#7795=FACE_BOUND('',#7315,.T.);
#7796=FACE_BOUND('',#7316,.T.);
#7797=FACE_BOUND('',#7317,.T.);
#7798=FACE_BOUND('',#7318,.T.);
#7799=FACE_BOUND('',#7319,.T.);
#7800=FACE_BOUND('',#7320,.T.);
#7801=FACE_BOUND('',#7321,.T.);
#7802=FACE_BOUND('',#7322,.T.);
#7803=FACE_BOUND('',#7323,.T.);
#7804=FACE_BOUND('',#7324,.T.);
#7805=FACE_BOUND('',#7325,.T.);
#7806=FACE_BOUND('',#7326,.T.);
#7807=FACE_BOUND('',#7327,.T.);
#7808=FACE_BOUND('',#7328,.T.);
#7809=FACE_BOUND('',#7329,.T.);
#7810=FACE_BOUND('',#7330,.T.);
#7811=FACE_BOUND('',#7331,.T.);
#7812=FACE_BOUND('',#7332,.T.);
#7813=FACE_BOUND('',#7333,.T.);
#7814=FACE_BOUND('',#7334,.T.);
#7815=FACE_BOUND('',#7335,.T.);
#7816=FACE_BOUND('',#7336,.T.);
#7817=FACE_BOUND('',#7337,.T.);
#7818=FACE_BOUND('',#7338,.T.);
#7819=FACE_BOUND('',#7339,.T.);
#7820=FACE_BOUND('',#7340,.T.);
#7821=FACE_BOUND('',#7341,.T.);
#7822=FACE_BOUND('',#7342,.T.);
#7823=FACE_BOUND('',#7343,.T.);
#7824=FACE_BOUND('',#7344,.T.);
#7825=FACE_BOUND('',#7345,.T.);
#7826=FACE_BOUND('',#7346,.T.);
#7827=FACE_BOUND('',#7347,.T.);
#7828=FACE_BOUND('',#7348,.T.);
#7829=FACE_BOUND('',#7349,.T.);
#7830=FACE_BOUND('',#7350,.T.);
#7831=FACE_BOUND('',#7351,.T.);
#7832=FACE_BOUND('',#7352,.T.);
#7833=FACE_BOUND('',#7353,.T.);
#7834=FACE_BOUND('',#7354,.T.);
#7835=FACE_BOUND('',#7355,.T.);
#7836=FACE_BOUND('',#7356,.T.);
#7837=FACE_BOUND('',#7357,.T.);
#7838=FACE_BOUND('',#7358,.T.);
#7839=FACE_BOUND('',#7359,.T.);
#7840=FACE_BOUND('',#7360,.T.);
#7841=FACE_BOUND('',#7361,.T.);
#7842=FACE_BOUND('',#7362,.T.);
#7843=FACE_BOUND('',#7363,.T.);
#7844=FACE_BOUND('',#7364,.T.);
#7845=FACE_BOUND('',#7365,.T.);
#7846=FACE_BOUND('',#7366,.T.);
#7847=FACE_BOUND('',#7367,.T.);
#7848=FACE_BOUND('',#7368,.T.);
#7849=FACE_BOUND('',#7369,.T.);
#7850=FACE_BOUND('',#7370,.T.);
#7851=FACE_BOUND('',#7371,.T.);
#7852=FACE_BOUND('',#7372,.T.);
#7853=FACE_BOUND('',#7373,.T.);
#7854=FACE_BOUND('',#7374,.T.);
#7855=FACE_BOUND('',#7375,.T.);
#7856=FACE_BOUND('',#7376,.T.);
#7857=FACE_BOUND('',#7377,.T.);
#7858=FACE_BOUND('',#7378,.T.);
#7859=FACE_BOUND('',#7379,.T.);
#7860=FACE_BOUND('',#7380,.T.);
#7861=FACE_BOUND('',#7381,.T.);
#7862=FACE_BOUND('',#7382,.T.);
#7863=FACE_BOUND('',#7383,.T.);
#7864=FACE_BOUND('',#7384,.T.);
#7865=FACE_BOUND('',#7385,.T.);
#7866=PLANE('',#8565);
#7867=PLANE('',#8593);
#7868=PLANE('',#8594);
#7869=PLANE('',#8595);
#7870=PLANE('',#8596);
#7871=PLANE('',#8607);
#7872=PLANE('',#8608);
#7873=PLANE('',#8609);
#7874=PLANE('',#8610);
#7875=PLANE('',#8611);
#7876=PLANE('',#8612);
#7877=PLANE('',#8613);
#7878=PLANE('',#8614);
#7879=PLANE('',#8615);
#7880=PLANE('',#8616);
#7881=PLANE('',#8617);
#7882=PLANE('',#8618);
#7883=PLANE('',#8619);
#7884=PLANE('',#8620);
#7885=PLANE('',#8630);
#7886=PLANE('',#8633);
#7887=PLANE('',#8636);
#7888=PLANE('',#8637);
#7889=PLANE('',#8640);
#7890=PLANE('',#8652);
#7891=PLANE('',#8653);
#7892=PLANE('',#8654);
#7893=PLANE('',#8655);
#7894=PLANE('',#8656);
#7895=PLANE('',#8657);
#7896=PLANE('',#8658);
#7897=PLANE('',#8659);
#7898=PLANE('',#8660);
#7899=PLANE('',#8661);
#7900=PLANE('',#8662);
#7901=PLANE('',#8663);
#7902=PLANE('',#8664);
#7903=PLANE('',#8665);
#7904=PLANE('',#8666);
#7905=PLANE('',#8667);
#7906=PLANE('',#8668);
#7907=PLANE('',#8669);
#7908=PLANE('',#8670);
#7909=PLANE('',#8673);
#7910=PLANE('',#8674);
#7911=PLANE('',#8675);
#7912=PLANE('',#8676);
#7913=PLANE('',#8677);
#7914=PLANE('',#8678);
#7915=PLANE('',#8679);
#7916=PLANE('',#8680);
#7917=PLANE('',#8681);
#7918=PLANE('',#8682);
#7919=PLANE('',#8683);
#7920=PLANE('',#8684);
#7921=PLANE('',#8685);
#7922=PLANE('',#8686);
#7923=PLANE('',#8687);
#7924=PLANE('',#8688);
#7925=PLANE('',#8689);
#7926=PLANE('',#8690);
#7927=PLANE('',#8691);
#7928=PLANE('',#8692);
#7929=PLANE('',#8693);
#7930=PLANE('',#8694);
#7931=PLANE('',#8695);
#7932=PLANE('',#8696);
#7933=PLANE('',#8697);
#7934=PLANE('',#8702);
#7935=PLANE('',#8703);
#7936=PLANE('',#8704);
#7937=PLANE('',#8705);
#7938=PLANE('',#8706);
#7939=PLANE('',#8707);
#7940=PLANE('',#8708);
#7941=PLANE('',#8709);
#7942=PLANE('',#8710);
#7943=PLANE('',#8711);
#7944=PLANE('',#8712);
#7945=PLANE('',#8713);
#7946=PLANE('',#8714);
#7947=PLANE('',#8717);
#7948=PLANE('',#8718);
#7949=PLANE('',#8719);
#7950=PLANE('',#8720);
#7951=PLANE('',#8721);
#7952=PLANE('',#8722);
#7953=PLANE('',#8723);
#7954=PLANE('',#8724);
#7955=PLANE('',#8725);
#7956=PLANE('',#8726);
#7957=PLANE('',#8727);
#7958=PLANE('',#8728);
#7959=PLANE('',#8729);
#7960=PLANE('',#8730);
#7961=PLANE('',#8731);
#7962=PLANE('',#8732);
#7963=PLANE('',#8733);
#7964=PLANE('',#8734);
#7965=PLANE('',#8735);
#7966=PLANE('',#8736);
#7967=PLANE('',#8737);
#7968=PLANE('',#8738);
#7969=PLANE('',#8739);
#7970=PLANE('',#8740);
#7971=PLANE('',#8741);
#7972=PLANE('',#8742);
#7973=PLANE('',#8747);
#7974=PLANE('',#8748);
#7975=PLANE('',#8749);
#7976=PLANE('',#8750);
#7977=PLANE('',#8751);
#7978=PLANE('',#8752);
#7979=PLANE('',#8753);
#7980=PLANE('',#8754);
#7981=PLANE('',#8755);
#7982=PLANE('',#8756);
#7983=PLANE('',#8759);
#7984=PLANE('',#8764);
#7985=PLANE('',#8765);
#7986=PLANE('',#8766);
#7987=PLANE('',#8767);
#7988=PLANE('',#8768);
#7989=PLANE('',#8769);
#7990=PLANE('',#8770);
#7991=PLANE('',#8775);
#7992=PLANE('',#8776);
#7993=PLANE('',#8777);
#7994=PLANE('',#8780);
#7995=PLANE('',#8781);
#7996=PLANE('',#8782);
#7997=PLANE('',#8783);
#7998=PLANE('',#8784);
#7999=PLANE('',#8785);
#8000=PLANE('',#8786);
#8001=PLANE('',#8787);
#8002=PLANE('',#8788);
#8003=PLANE('',#8791);
#8004=PLANE('',#8796);
#8005=PLANE('',#8797);
#8006=PLANE('',#8798);
#8007=PLANE('',#8799);
#8008=PLANE('',#8800);
#8009=PLANE('',#8801);
#8010=PLANE('',#8802);
#8011=PLANE('',#8803);
#8012=PLANE('',#8804);
#8013=PLANE('',#8805);
#8014=PLANE('',#8806);
#8015=PLANE('',#8807);
#8016=PLANE('',#8808);
#8017=PLANE('',#8809);
#8018=PLANE('',#8810);
#8019=PLANE('',#8811);
#8020=PLANE('',#8812);
#8021=PLANE('',#8813);
#8022=PLANE('',#8814);
#8023=PLANE('',#8815);
#8024=PLANE('',#8816);
#8025=PLANE('',#8817);
#8026=PLANE('',#8818);
#8027=PLANE('',#8819);
#8028=PLANE('',#8820);
#8029=PLANE('',#8821);
#8030=PLANE('',#8822);
#8031=PLANE('',#8823);
#8032=PLANE('',#8824);
#8033=PLANE('',#8825);
#8034=PLANE('',#8826);
#8035=PLANE('',#8827);
#8036=PLANE('',#8828);
#8037=PLANE('',#8829);
#8038=PLANE('',#8830);
#8039=PLANE('',#8831);
#8040=PLANE('',#8832);
#8041=PLANE('',#8833);
#8042=PLANE('',#8834);
#8043=PLANE('',#8835);
#8044=PLANE('',#8836);
#8045=PLANE('',#8837);
#8046=PLANE('',#8838);
#8047=PLANE('',#8841);
#8048=PLANE('',#8842);
#8049=PLANE('',#8843);
#8050=PLANE('',#8844);
#8051=PLANE('',#8845);
#8052=PLANE('',#8846);
#8053=PLANE('',#8847);
#8054=PLANE('',#8848);
#8055=PLANE('',#8849);
#8056=PLANE('',#8852);
#8057=PLANE('',#8853);
#8058=PLANE('',#8854);
#8059=PLANE('',#8855);
#8060=PLANE('',#8856);
#8061=PLANE('',#8857);
#8062=PLANE('',#8858);
#8063=PLANE('',#8859);
#8064=PLANE('',#8860);
#8065=PLANE('',#8861);
#8066=PLANE('',#8862);
#8067=PLANE('',#8863);
#8068=PLANE('',#8867);
#8069=PLANE('',#8868);
#8070=PLANE('',#8869);
#8071=PLANE('',#8870);
#8072=PLANE('',#8871);
#8073=PLANE('',#8872);
#8074=PLANE('',#8875);
#8075=PLANE('',#8878);
#8076=PLANE('',#8879);
#8077=PLANE('',#8880);
#8078=PLANE('',#8881);
#8079=PLANE('',#8882);
#8080=PLANE('',#8883);
#8081=PLANE('',#8884);
#8082=PLANE('',#8885);
#8083=PLANE('',#8886);
#8084=PLANE('',#8887);
#8085=PLANE('',#8888);
#8086=PLANE('',#8889);
#8087=PLANE('',#8890);
#8088=PLANE('',#8891);
#8089=PLANE('',#8892);
#8090=PLANE('',#8893);
#8091=PLANE('',#8894);
#8092=PLANE('',#8895);
#8093=PLANE('',#8896);
#8094=PLANE('',#8897);
#8095=PLANE('',#8898);
#8096=PLANE('',#8899);
#8097=PLANE('',#8900);
#8098=PLANE('',#8901);
#8099=PLANE('',#8902);
#8100=PLANE('',#8903);
#8101=PLANE('',#8904);
#8102=PLANE('',#8905);
#8103=ADVANCED_FACE('',(#7386,#7387,#7388,#7389,#7390,#7391,#7392,#7393,
#7394,#7395,#7396,#7397,#7398,#7399,#7400,#7401,#7402,#7403,#7404),#7866,
 .F.);
#8104=ADVANCED_FACE('',(#7405),#7867,.F.);
#8105=ADVANCED_FACE('',(#7406),#7868,.T.);
#8106=ADVANCED_FACE('',(#7407),#7869,.T.);
#8107=ADVANCED_FACE('',(#7408),#7870,.T.);
#8108=ADVANCED_FACE('',(#7409),#7871,.F.);
#8109=ADVANCED_FACE('',(#7410),#7872,.F.);
#8110=ADVANCED_FACE('',(#7411),#7873,.F.);
#8111=ADVANCED_FACE('',(#7412),#7874,.F.);
#8112=ADVANCED_FACE('',(#7413),#7875,.F.);
#8113=ADVANCED_FACE('',(#7414),#7876,.F.);
#8114=ADVANCED_FACE('',(#7415),#7877,.F.);
#8115=ADVANCED_FACE('',(#7416),#7878,.T.);
#8116=ADVANCED_FACE('',(#7417),#7879,.T.);
#8117=ADVANCED_FACE('',(#7418),#7880,.T.);
#8118=ADVANCED_FACE('',(#7419),#7881,.T.);
#8119=ADVANCED_FACE('',(#7420),#7882,.T.);
#8120=ADVANCED_FACE('',(#7421),#7883,.T.);
#8121=ADVANCED_FACE('',(#7422,#7423,#7424,#7425),#7884,.T.);
#8122=ADVANCED_FACE('',(#7426,#7427),#192,.F.);
#8123=ADVANCED_FACE('',(#7428),#7885,.T.);
#8124=ADVANCED_FACE('',(#7429,#7430),#193,.F.);
#8125=ADVANCED_FACE('',(#7431),#7886,.T.);
#8126=ADVANCED_FACE('',(#7432,#7433),#194,.F.);
#8127=ADVANCED_FACE('',(#7434),#7887,.T.);
#8128=ADVANCED_FACE('',(#7435),#7888,.T.);
#8129=ADVANCED_FACE('',(#7436),#7889,.T.);
#8130=ADVANCED_FACE('',(#7437),#195,.T.);
#8131=ADVANCED_FACE('',(#7438),#196,.T.);
#8132=ADVANCED_FACE('',(#7439),#197,.F.);
#8133=ADVANCED_FACE('',(#7440),#198,.F.);
#8134=ADVANCED_FACE('',(#7441),#199,.T.);
#8135=ADVANCED_FACE('',(#7442),#200,.T.);
#8136=ADVANCED_FACE('',(#7443),#201,.T.);
#8137=ADVANCED_FACE('',(#7444),#202,.T.);
#8138=ADVANCED_FACE('',(#7445),#203,.T.);
#8139=ADVANCED_FACE('',(#7446),#204,.T.);
#8140=ADVANCED_FACE('',(#7447),#205,.T.);
#8141=ADVANCED_FACE('',(#7448),#12,.T.);
#8142=ADVANCED_FACE('',(#7449),#7890,.T.);
#8143=ADVANCED_FACE('',(#7450),#7891,.T.);
#8144=ADVANCED_FACE('',(#7451),#7892,.T.);
#8145=ADVANCED_FACE('',(#7452),#7893,.T.);
#8146=ADVANCED_FACE('',(#7453),#7894,.T.);
#8147=ADVANCED_FACE('',(#7454),#7895,.T.);
#8148=ADVANCED_FACE('',(#7455),#7896,.T.);
#8149=ADVANCED_FACE('',(#7456),#7897,.T.);
#8150=ADVANCED_FACE('',(#7457),#7898,.T.);
#8151=ADVANCED_FACE('',(#7458),#13,.T.);
#8152=ADVANCED_FACE('',(#7459),#14,.T.);
#8153=ADVANCED_FACE('',(#7460),#15,.T.);
#8154=ADVANCED_FACE('',(#7461),#16,.T.);
#8155=ADVANCED_FACE('',(#7462),#7899,.T.);
#8156=ADVANCED_FACE('',(#7463),#7900,.T.);
#8157=ADVANCED_FACE('',(#7464),#7901,.T.);
#8158=ADVANCED_FACE('',(#7465),#7902,.T.);
#8159=ADVANCED_FACE('',(#7466),#7903,.T.);
#8160=ADVANCED_FACE('',(#7467),#17,.T.);
#8161=ADVANCED_FACE('',(#7468),#18,.T.);
#8162=ADVANCED_FACE('',(#7469),#19,.T.);
#8163=ADVANCED_FACE('',(#7470),#7904,.T.);
#8164=ADVANCED_FACE('',(#7471),#20,.T.);
#8165=ADVANCED_FACE('',(#7472),#21,.T.);
#8166=ADVANCED_FACE('',(#7473),#22,.T.);
#8167=ADVANCED_FACE('',(#7474),#7905,.T.);
#8168=ADVANCED_FACE('',(#7475),#7906,.T.);
#8169=ADVANCED_FACE('',(#7476),#7907,.T.);
#8170=ADVANCED_FACE('',(#7477),#23,.T.);
#8171=ADVANCED_FACE('',(#7478),#24,.T.);
#8172=ADVANCED_FACE('',(#7479),#25,.T.);
#8173=ADVANCED_FACE('',(#7480),#7908,.T.);
#8174=ADVANCED_FACE('',(#7481),#206,.T.);
#8175=ADVANCED_FACE('',(#7482),#26,.T.);
#8176=ADVANCED_FACE('',(#7483),#27,.T.);
#8177=ADVANCED_FACE('',(#7484),#28,.T.);
#8178=ADVANCED_FACE('',(#7485),#7909,.T.);
#8179=ADVANCED_FACE('',(#7486),#7910,.T.);
#8180=ADVANCED_FACE('',(#7487),#7911,.T.);
#8181=ADVANCED_FACE('',(#7488),#29,.T.);
#8182=ADVANCED_FACE('',(#7489),#30,.T.);
#8183=ADVANCED_FACE('',(#7490),#31,.T.);
#8184=ADVANCED_FACE('',(#7491),#32,.T.);
#8185=ADVANCED_FACE('',(#7492),#7912,.T.);
#8186=ADVANCED_FACE('',(#7493),#33,.T.);
#8187=ADVANCED_FACE('',(#7494),#34,.T.);
#8188=ADVANCED_FACE('',(#7495,#7496),#7913,.T.);
#8189=ADVANCED_FACE('',(#7497),#7914,.T.);
#8190=ADVANCED_FACE('',(#7498),#7915,.T.);
#8191=ADVANCED_FACE('',(#7499),#7916,.T.);
#8192=ADVANCED_FACE('',(#7500),#7917,.T.);
#8193=ADVANCED_FACE('',(#7501),#7918,.T.);
#8194=ADVANCED_FACE('',(#7502),#7919,.T.);
#8195=ADVANCED_FACE('',(#7503),#35,.T.);
#8196=ADVANCED_FACE('',(#7504),#36,.T.);
#8197=ADVANCED_FACE('',(#7505),#37,.T.);
#8198=ADVANCED_FACE('',(#7506),#38,.T.);
#8199=ADVANCED_FACE('',(#7507),#7920,.T.);
#8200=ADVANCED_FACE('',(#7508),#7921,.T.);
#8201=ADVANCED_FACE('',(#7509),#7922,.T.);
#8202=ADVANCED_FACE('',(#7510),#7923,.T.);
#8203=ADVANCED_FACE('',(#7511),#7924,.T.);
#8204=ADVANCED_FACE('',(#7512),#7925,.T.);
#8205=ADVANCED_FACE('',(#7513),#7926,.T.);
#8206=ADVANCED_FACE('',(#7514),#39,.T.);
#8207=ADVANCED_FACE('',(#7515),#40,.T.);
#8208=ADVANCED_FACE('',(#7516),#41,.T.);
#8209=ADVANCED_FACE('',(#7517),#42,.T.);
#8210=ADVANCED_FACE('',(#7518),#7927,.T.);
#8211=ADVANCED_FACE('',(#7519),#7928,.T.);
#8212=ADVANCED_FACE('',(#7520),#7929,.T.);
#8213=ADVANCED_FACE('',(#7521),#7930,.T.);
#8214=ADVANCED_FACE('',(#7522),#7931,.T.);
#8215=ADVANCED_FACE('',(#7523),#7932,.T.);
#8216=ADVANCED_FACE('',(#7524),#7933,.T.);
#8217=ADVANCED_FACE('',(#7525),#43,.T.);
#8218=ADVANCED_FACE('',(#7526),#44,.T.);
#8219=ADVANCED_FACE('',(#7527),#45,.T.);
#8220=ADVANCED_FACE('',(#7528),#207,.F.);
#8221=ADVANCED_FACE('',(#7529),#46,.T.);
#8222=ADVANCED_FACE('',(#7530),#47,.T.);
#8223=ADVANCED_FACE('',(#7531),#48,.T.);
#8224=ADVANCED_FACE('',(#7532),#208,.F.);
#8225=ADVANCED_FACE('',(#7533),#7934,.T.);
#8226=ADVANCED_FACE('',(#7534),#7935,.T.);
#8227=ADVANCED_FACE('',(#7535),#7936,.T.);
#8228=ADVANCED_FACE('',(#7536),#7937,.T.);
#8229=ADVANCED_FACE('',(#7537),#7938,.T.);
#8230=ADVANCED_FACE('',(#7538),#7939,.T.);
#8231=ADVANCED_FACE('',(#7539),#7940,.T.);
#8232=ADVANCED_FACE('',(#7540),#7941,.T.);
#8233=ADVANCED_FACE('',(#7541),#49,.T.);
#8234=ADVANCED_FACE('',(#7542),#50,.T.);
#8235=ADVANCED_FACE('',(#7543),#51,.T.);
#8236=ADVANCED_FACE('',(#7544),#52,.T.);
#8237=ADVANCED_FACE('',(#7545),#7942,.T.);
#8238=ADVANCED_FACE('',(#7546),#53,.T.);
#8239=ADVANCED_FACE('',(#7547),#54,.T.);
#8240=ADVANCED_FACE('',(#7548),#55,.T.);
#8241=ADVANCED_FACE('',(#7549),#56,.T.);
#8242=ADVANCED_FACE('',(#7550),#7943,.T.);
#8243=ADVANCED_FACE('',(#7551),#7944,.T.);
#8244=ADVANCED_FACE('',(#7552),#7945,.T.);
#8245=ADVANCED_FACE('',(#7553),#57,.T.);
#8246=ADVANCED_FACE('',(#7554),#58,.T.);
#8247=ADVANCED_FACE('',(#7555),#59,.T.);
#8248=ADVANCED_FACE('',(#7556),#60,.T.);
#8249=ADVANCED_FACE('',(#7557),#7946,.T.);
#8250=ADVANCED_FACE('',(#7558),#61,.T.);
#8251=ADVANCED_FACE('',(#7559),#62,.T.);
#8252=ADVANCED_FACE('',(#7560),#63,.T.);
#8253=ADVANCED_FACE('',(#7561),#209,.T.);
#8254=ADVANCED_FACE('',(#7562),#7947,.T.);
#8255=ADVANCED_FACE('',(#7563),#7948,.T.);
#8256=ADVANCED_FACE('',(#7564),#7949,.T.);
#8257=ADVANCED_FACE('',(#7565),#7950,.T.);
#8258=ADVANCED_FACE('',(#7566),#7951,.T.);
#8259=ADVANCED_FACE('',(#7567),#7952,.T.);
#8260=ADVANCED_FACE('',(#7568),#7953,.T.);
#8261=ADVANCED_FACE('',(#7569),#7954,.T.);
#8262=ADVANCED_FACE('',(#7570),#7955,.T.);
#8263=ADVANCED_FACE('',(#7571),#7956,.T.);
#8264=ADVANCED_FACE('',(#7572),#7957,.T.);
#8265=ADVANCED_FACE('',(#7573),#7958,.T.);
#8266=ADVANCED_FACE('',(#7574),#7959,.T.);
#8267=ADVANCED_FACE('',(#7575),#7960,.T.);
#8268=ADVANCED_FACE('',(#7576),#7961,.T.);
#8269=ADVANCED_FACE('',(#7577),#7962,.T.);
#8270=ADVANCED_FACE('',(#7578),#7963,.T.);
#8271=ADVANCED_FACE('',(#7579),#7964,.T.);
#8272=ADVANCED_FACE('',(#7580),#7965,.T.);
#8273=ADVANCED_FACE('',(#7581),#7966,.T.);
#8274=ADVANCED_FACE('',(#7582),#7967,.T.);
#8275=ADVANCED_FACE('',(#7583),#7968,.T.);
#8276=ADVANCED_FACE('',(#7584),#7969,.T.);
#8277=ADVANCED_FACE('',(#7585),#7970,.T.);
#8278=ADVANCED_FACE('',(#7586),#64,.T.);
#8279=ADVANCED_FACE('',(#7587),#65,.T.);
#8280=ADVANCED_FACE('',(#7588),#7971,.T.);
#8281=ADVANCED_FACE('',(#7589),#7972,.T.);
#8282=ADVANCED_FACE('',(#7590),#210,.F.);
#8283=ADVANCED_FACE('',(#7591),#211,.F.);
#8284=ADVANCED_FACE('',(#7592),#66,.T.);
#8285=ADVANCED_FACE('',(#7593),#67,.T.);
#8286=ADVANCED_FACE('',(#7594),#7973,.T.);
#8287=ADVANCED_FACE('',(#7595),#7974,.T.);
#8288=ADVANCED_FACE('',(#7596),#7975,.T.);
#8289=ADVANCED_FACE('',(#7597),#7976,.T.);
#8290=ADVANCED_FACE('',(#7598),#7977,.T.);
#8291=ADVANCED_FACE('',(#7599),#7978,.T.);
#8292=ADVANCED_FACE('',(#7600),#7979,.T.);
#8293=ADVANCED_FACE('',(#7601),#7980,.T.);
#8294=ADVANCED_FACE('',(#7602),#7981,.T.);
#8295=ADVANCED_FACE('',(#7603),#7982,.T.);
#8296=ADVANCED_FACE('',(#7604),#68,.T.);
#8297=ADVANCED_FACE('',(#7605),#69,.T.);
#8298=ADVANCED_FACE('',(#7606),#212,.F.);
#8299=ADVANCED_FACE('',(#7607),#70,.T.);
#8300=ADVANCED_FACE('',(#7608),#7983,.T.);
#8301=ADVANCED_FACE('',(#7609),#213,.T.);
#8302=ADVANCED_FACE('',(#7610),#214,.T.);
#8303=ADVANCED_FACE('',(#7611),#71,.T.);
#8304=ADVANCED_FACE('',(#7612),#72,.T.);
#8305=ADVANCED_FACE('',(#7613),#7984,.T.);
#8306=ADVANCED_FACE('',(#7614),#7985,.T.);
#8307=ADVANCED_FACE('',(#7615),#7986,.T.);
#8308=ADVANCED_FACE('',(#7616),#7987,.T.);
#8309=ADVANCED_FACE('',(#7617),#7988,.T.);
#8310=ADVANCED_FACE('',(#7618),#7989,.T.);
#8311=ADVANCED_FACE('',(#7619),#7990,.T.);
#8312=ADVANCED_FACE('',(#7620),#73,.T.);
#8313=ADVANCED_FACE('',(#7621),#74,.T.);
#8314=ADVANCED_FACE('',(#7622),#75,.T.);
#8315=ADVANCED_FACE('',(#7623),#76,.T.);
#8316=ADVANCED_FACE('',(#7624),#77,.T.);
#8317=ADVANCED_FACE('',(#7625),#78,.T.);
#8318=ADVANCED_FACE('',(#7626),#79,.T.);
#8319=ADVANCED_FACE('',(#7627),#215,.T.);
#8320=ADVANCED_FACE('',(#7628),#80,.T.);
#8321=ADVANCED_FACE('',(#7629),#81,.T.);
#8322=ADVANCED_FACE('',(#7630),#216,.T.);
#8323=ADVANCED_FACE('',(#7631),#82,.T.);
#8324=ADVANCED_FACE('',(#7632),#7991,.T.);
#8325=ADVANCED_FACE('',(#7633),#7992,.T.);
#8326=ADVANCED_FACE('',(#7634),#7993,.T.);
#8327=ADVANCED_FACE('',(#7635),#217,.F.);
#8328=ADVANCED_FACE('',(#7636),#83,.T.);
#8329=ADVANCED_FACE('',(#7637),#84,.T.);
#8330=ADVANCED_FACE('',(#7638),#85,.T.);
#8331=ADVANCED_FACE('',(#7639),#86,.T.);
#8332=ADVANCED_FACE('',(#7640),#87,.T.);
#8333=ADVANCED_FACE('',(#7641),#88,.T.);
#8334=ADVANCED_FACE('',(#7642),#89,.T.);
#8335=ADVANCED_FACE('',(#7643),#90,.T.);
#8336=ADVANCED_FACE('',(#7644),#91,.T.);
#8337=ADVANCED_FACE('',(#7645),#92,.T.);
#8338=ADVANCED_FACE('',(#7646),#93,.T.);
#8339=ADVANCED_FACE('',(#7647),#7994,.T.);
#8340=ADVANCED_FACE('',(#7648),#7995,.T.);
#8341=ADVANCED_FACE('',(#7649),#7996,.T.);
#8342=ADVANCED_FACE('',(#7650),#7997,.T.);
#8343=ADVANCED_FACE('',(#7651),#7998,.T.);
#8344=ADVANCED_FACE('',(#7652),#7999,.T.);
#8345=ADVANCED_FACE('',(#7653),#8000,.T.);
#8346=ADVANCED_FACE('',(#7654),#8001,.T.);
#8347=ADVANCED_FACE('',(#7655),#8002,.T.);
#8348=ADVANCED_FACE('',(#7656),#94,.T.);
#8349=ADVANCED_FACE('',(#7657),#95,.T.);
#8350=ADVANCED_FACE('',(#7658),#218,.F.);
#8351=ADVANCED_FACE('',(#7659),#96,.T.);
#8352=ADVANCED_FACE('',(#7660),#8003,.T.);
#8353=ADVANCED_FACE('',(#7661),#219,.T.);
#8354=ADVANCED_FACE('',(#7662),#220,.T.);
#8355=ADVANCED_FACE('',(#7663),#97,.T.);
#8356=ADVANCED_FACE('',(#7664),#98,.T.);
#8357=ADVANCED_FACE('',(#7665),#8004,.T.);
#8358=ADVANCED_FACE('',(#7666),#8005,.T.);
#8359=ADVANCED_FACE('',(#7667),#8006,.T.);
#8360=ADVANCED_FACE('',(#7668),#8007,.T.);
#8361=ADVANCED_FACE('',(#7669),#8008,.T.);
#8362=ADVANCED_FACE('',(#7670),#8009,.T.);
#8363=ADVANCED_FACE('',(#7671),#8010,.T.);
#8364=ADVANCED_FACE('',(#7672),#8011,.T.);
#8365=ADVANCED_FACE('',(#7673),#8012,.T.);
#8366=ADVANCED_FACE('',(#7674),#8013,.T.);
#8367=ADVANCED_FACE('',(#7675),#8014,.T.);
#8368=ADVANCED_FACE('',(#7676),#8015,.T.);
#8369=ADVANCED_FACE('',(#7677),#8016,.T.);
#8370=ADVANCED_FACE('',(#7678),#8017,.T.);
#8371=ADVANCED_FACE('',(#7679),#8018,.T.);
#8372=ADVANCED_FACE('',(#7680),#8019,.T.);
#8373=ADVANCED_FACE('',(#7681),#8020,.T.);
#8374=ADVANCED_FACE('',(#7682),#8021,.T.);
#8375=ADVANCED_FACE('',(#7683),#8022,.T.);
#8376=ADVANCED_FACE('',(#7684),#8023,.T.);
#8377=ADVANCED_FACE('',(#7685),#8024,.T.);
#8378=ADVANCED_FACE('',(#7686),#8025,.T.);
#8379=ADVANCED_FACE('',(#7687),#8026,.T.);
#8380=ADVANCED_FACE('',(#7688),#8027,.T.);
#8381=ADVANCED_FACE('',(#7689),#8028,.T.);
#8382=ADVANCED_FACE('',(#7690),#8029,.T.);
#8383=ADVANCED_FACE('',(#7691),#8030,.T.);
#8384=ADVANCED_FACE('',(#7692),#8031,.T.);
#8385=ADVANCED_FACE('',(#7693),#8032,.T.);
#8386=ADVANCED_FACE('',(#7694),#8033,.T.);
#8387=ADVANCED_FACE('',(#7695),#8034,.T.);
#8388=ADVANCED_FACE('',(#7696),#8035,.T.);
#8389=ADVANCED_FACE('',(#7697),#8036,.T.);
#8390=ADVANCED_FACE('',(#7698),#8037,.T.);
#8391=ADVANCED_FACE('',(#7699),#99,.T.);
#8392=ADVANCED_FACE('',(#7700),#8038,.T.);
#8393=ADVANCED_FACE('',(#7701),#100,.T.);
#8394=ADVANCED_FACE('',(#7702),#101,.T.);
#8395=ADVANCED_FACE('',(#7703),#102,.T.);
#8396=ADVANCED_FACE('',(#7704),#103,.T.);
#8397=ADVANCED_FACE('',(#7705),#8039,.T.);
#8398=ADVANCED_FACE('',(#7706),#104,.T.);
#8399=ADVANCED_FACE('',(#7707),#105,.T.);
#8400=ADVANCED_FACE('',(#7708),#106,.T.);
#8401=ADVANCED_FACE('',(#7709),#8040,.T.);
#8402=ADVANCED_FACE('',(#7710),#107,.T.);
#8403=ADVANCED_FACE('',(#7711),#108,.T.);
#8404=ADVANCED_FACE('',(#7712),#109,.T.);
#8405=ADVANCED_FACE('',(#7713),#110,.T.);
#8406=ADVANCED_FACE('',(#7714),#8041,.T.);
#8407=ADVANCED_FACE('',(#7715),#111,.T.);
#8408=ADVANCED_FACE('',(#7716),#112,.T.);
#8409=ADVANCED_FACE('',(#7717),#113,.T.);
#8410=ADVANCED_FACE('',(#7718),#114,.T.);
#8411=ADVANCED_FACE('',(#7719,#7720),#8042,.T.);
#8412=ADVANCED_FACE('',(#7721),#115,.T.);
#8413=ADVANCED_FACE('',(#7722),#116,.T.);
#8414=ADVANCED_FACE('',(#7723),#117,.T.);
#8415=ADVANCED_FACE('',(#7724),#8043,.T.);
#8416=ADVANCED_FACE('',(#7725),#8044,.T.);
#8417=ADVANCED_FACE('',(#7726),#8045,.T.);
#8418=ADVANCED_FACE('',(#7727),#118,.T.);
#8419=ADVANCED_FACE('',(#7728),#119,.T.);
#8420=ADVANCED_FACE('',(#7729),#120,.T.);
#8421=ADVANCED_FACE('',(#7730),#8046,.T.);
#8422=ADVANCED_FACE('',(#7731),#221,.T.);
#8423=ADVANCED_FACE('',(#7732),#121,.T.);
#8424=ADVANCED_FACE('',(#7733),#122,.T.);
#8425=ADVANCED_FACE('',(#7734),#123,.T.);
#8426=ADVANCED_FACE('',(#7735),#8047,.T.);
#8427=ADVANCED_FACE('',(#7736),#8048,.T.);
#8428=ADVANCED_FACE('',(#7737),#8049,.T.);
#8429=ADVANCED_FACE('',(#7738),#124,.T.);
#8430=ADVANCED_FACE('',(#7739),#125,.T.);
#8431=ADVANCED_FACE('',(#7740),#126,.T.);
#8432=ADVANCED_FACE('',(#7741),#127,.T.);
#8433=ADVANCED_FACE('',(#7742),#8050,.T.);
#8434=ADVANCED_FACE('',(#7743),#128,.T.);
#8435=ADVANCED_FACE('',(#7744),#129,.T.);
#8436=ADVANCED_FACE('',(#7745,#7746),#8051,.T.);
#8437=ADVANCED_FACE('',(#7747),#130,.T.);
#8438=ADVANCED_FACE('',(#7748),#131,.T.);
#8439=ADVANCED_FACE('',(#7749),#132,.T.);
#8440=ADVANCED_FACE('',(#7750),#8052,.T.);
#8441=ADVANCED_FACE('',(#7751),#8053,.T.);
#8442=ADVANCED_FACE('',(#7752),#8054,.T.);
#8443=ADVANCED_FACE('',(#7753),#133,.T.);
#8444=ADVANCED_FACE('',(#7754),#134,.T.);
#8445=ADVANCED_FACE('',(#7755),#135,.T.);
#8446=ADVANCED_FACE('',(#7756),#8055,.T.);
#8447=ADVANCED_FACE('',(#7757),#222,.T.);
#8448=ADVANCED_FACE('',(#7758),#136,.T.);
#8449=ADVANCED_FACE('',(#7759),#137,.T.);
#8450=ADVANCED_FACE('',(#7760),#138,.T.);
#8451=ADVANCED_FACE('',(#7761),#8056,.T.);
#8452=ADVANCED_FACE('',(#7762),#8057,.T.);
#8453=ADVANCED_FACE('',(#7763),#8058,.T.);
#8454=ADVANCED_FACE('',(#7764),#139,.T.);
#8455=ADVANCED_FACE('',(#7765),#140,.T.);
#8456=ADVANCED_FACE('',(#7766),#141,.T.);
#8457=ADVANCED_FACE('',(#7767),#142,.T.);
#8458=ADVANCED_FACE('',(#7768),#8059,.T.);
#8459=ADVANCED_FACE('',(#7769),#143,.T.);
#8460=ADVANCED_FACE('',(#7770),#144,.T.);
#8461=ADVANCED_FACE('',(#7771,#7772),#8060,.T.);
#8462=ADVANCED_FACE('',(#7773),#145,.T.);
#8463=ADVANCED_FACE('',(#7774),#8061,.T.);
#8464=ADVANCED_FACE('',(#7775),#146,.T.);
#8465=ADVANCED_FACE('',(#7776),#147,.T.);
#8466=ADVANCED_FACE('',(#7777),#148,.T.);
#8467=ADVANCED_FACE('',(#7778),#149,.T.);
#8468=ADVANCED_FACE('',(#7779),#8062,.T.);
#8469=ADVANCED_FACE('',(#7780),#150,.T.);
#8470=ADVANCED_FACE('',(#7781),#151,.T.);
#8471=ADVANCED_FACE('',(#7782),#152,.T.);
#8472=ADVANCED_FACE('',(#7783),#8063,.T.);
#8473=ADVANCED_FACE('',(#7784),#153,.T.);
#8474=ADVANCED_FACE('',(#7785),#154,.T.);
#8475=ADVANCED_FACE('',(#7786),#155,.T.);
#8476=ADVANCED_FACE('',(#7787),#156,.T.);
#8477=ADVANCED_FACE('',(#7788),#8064,.T.);
#8478=ADVANCED_FACE('',(#7789),#157,.T.);
#8479=ADVANCED_FACE('',(#7790),#158,.T.);
#8480=ADVANCED_FACE('',(#7791),#159,.T.);
#8481=ADVANCED_FACE('',(#7792),#160,.T.);
#8482=ADVANCED_FACE('',(#7793,#7794),#8065,.T.);
#8483=ADVANCED_FACE('',(#7795),#161,.T.);
#8484=ADVANCED_FACE('',(#7796),#8066,.T.);
#8485=ADVANCED_FACE('',(#7797),#162,.T.);
#8486=ADVANCED_FACE('',(#7798),#163,.T.);
#8487=ADVANCED_FACE('',(#7799),#164,.T.);
#8488=ADVANCED_FACE('',(#7800),#165,.T.);
#8489=ADVANCED_FACE('',(#7801),#8067,.T.);
#8490=ADVANCED_FACE('',(#7802),#223,.T.);
#8491=ADVANCED_FACE('',(#7803),#166,.T.);
#8492=ADVANCED_FACE('',(#7804),#8068,.T.);
#8493=ADVANCED_FACE('',(#7805),#8069,.T.);
#8494=ADVANCED_FACE('',(#7806),#8070,.T.);
#8495=ADVANCED_FACE('',(#7807),#8071,.T.);
#8496=ADVANCED_FACE('',(#7808),#8072,.T.);
#8497=ADVANCED_FACE('',(#7809),#8073,.T.);
#8498=ADVANCED_FACE('',(#7810),#224,.F.);
#8499=ADVANCED_FACE('',(#7811),#167,.T.);
#8500=ADVANCED_FACE('',(#7812),#168,.T.);
#8501=ADVANCED_FACE('',(#7813),#169,.T.);
#8502=ADVANCED_FACE('',(#7814),#8074,.T.);
#8503=ADVANCED_FACE('',(#7815),#170,.T.);
#8504=ADVANCED_FACE('',(#7816),#171,.T.);
#8505=ADVANCED_FACE('',(#7817),#172,.T.);
#8506=ADVANCED_FACE('',(#7818),#225,.F.);
#8507=ADVANCED_FACE('',(#7819),#8075,.T.);
#8508=ADVANCED_FACE('',(#7820),#8076,.T.);
#8509=ADVANCED_FACE('',(#7821),#8077,.T.);
#8510=ADVANCED_FACE('',(#7822),#8078,.T.);
#8511=ADVANCED_FACE('',(#7823),#8079,.T.);
#8512=ADVANCED_FACE('',(#7824),#173,.T.);
#8513=ADVANCED_FACE('',(#7825,#7826),#8080,.T.);
#8514=ADVANCED_FACE('',(#7827),#174,.T.);
#8515=ADVANCED_FACE('',(#7828),#8081,.T.);
#8516=ADVANCED_FACE('',(#7829),#175,.T.);
#8517=ADVANCED_FACE('',(#7830),#176,.T.);
#8518=ADVANCED_FACE('',(#7831),#177,.T.);
#8519=ADVANCED_FACE('',(#7832),#178,.T.);
#8520=ADVANCED_FACE('',(#7833),#8082,.T.);
#8521=ADVANCED_FACE('',(#7834),#179,.T.);
#8522=ADVANCED_FACE('',(#7835),#180,.T.);
#8523=ADVANCED_FACE('',(#7836),#181,.T.);
#8524=ADVANCED_FACE('',(#7837),#8083,.T.);
#8525=ADVANCED_FACE('',(#7838),#182,.T.);
#8526=ADVANCED_FACE('',(#7839),#183,.T.);
#8527=ADVANCED_FACE('',(#7840),#184,.T.);
#8528=ADVANCED_FACE('',(#7841),#185,.T.);
#8529=ADVANCED_FACE('',(#7842),#8084,.T.);
#8530=ADVANCED_FACE('',(#7843),#186,.T.);
#8531=ADVANCED_FACE('',(#7844),#187,.T.);
#8532=ADVANCED_FACE('',(#7845),#188,.T.);
#8533=ADVANCED_FACE('',(#7846),#189,.T.);
#8534=ADVANCED_FACE('',(#7847,#7848),#8085,.T.);
#8535=ADVANCED_FACE('',(#7849),#8086,.T.);
#8536=ADVANCED_FACE('',(#7850),#8087,.T.);
#8537=ADVANCED_FACE('',(#7851),#8088,.T.);
#8538=ADVANCED_FACE('',(#7852),#8089,.T.);
#8539=ADVANCED_FACE('',(#7853),#8090,.T.);
#8540=ADVANCED_FACE('',(#7854),#8091,.T.);
#8541=ADVANCED_FACE('',(#7855),#8092,.T.);
#8542=ADVANCED_FACE('',(#7856),#8093,.T.);
#8543=ADVANCED_FACE('',(#7857),#8094,.T.);
#8544=ADVANCED_FACE('',(#7858),#8095,.T.);
#8545=ADVANCED_FACE('',(#7859),#8096,.F.);
#8546=ADVANCED_FACE('',(#7860),#8097,.F.);
#8547=ADVANCED_FACE('',(#7861),#8098,.F.);
#8548=ADVANCED_FACE('',(#7862),#8099,.F.);
#8549=ADVANCED_FACE('',(#7863),#8100,.F.);
#8550=ADVANCED_FACE('',(#7864),#8101,.F.);
#8551=ADVANCED_FACE('',(#7865),#8102,.F.);
#8552=CLOSED_SHELL('',(#8103,#8104,#8105,#8106,#8107,#8108,#8109,#8110,
#8111,#8112,#8113,#8114,#8115,#8116,#8117,#8118,#8119,#8120,#8121,#8122,
#8123,#8124,#8125,#8126,#8127,#8128,#8129,#8130,#8131,#8132,#8133,#8134,
#8135,#8136,#8137,#8138,#8139,#8140,#8141,#8142,#8143,#8144,#8145,#8146,
#8147,#8148,#8149,#8150,#8151,#8152,#8153,#8154,#8155,#8156,#8157,#8158,
#8159,#8160,#8161,#8162,#8163,#8164,#8165,#8166,#8167,#8168,#8169,#8170,
#8171,#8172,#8173,#8174,#8175,#8176,#8177,#8178,#8179,#8180,#8181,#8182,
#8183,#8184,#8185,#8186,#8187,#8188,#8189,#8190,#8191,#8192,#8193,#8194,
#8195,#8196,#8197,#8198,#8199,#8200,#8201,#8202,#8203,#8204,#8205,#8206,
#8207,#8208,#8209,#8210,#8211,#8212,#8213,#8214,#8215,#8216,#8217,#8218,
#8219,#8220,#8221,#8222,#8223,#8224,#8225,#8226,#8227,#8228,#8229,#8230,
#8231,#8232,#8233,#8234,#8235,#8236,#8237,#8238,#8239,#8240,#8241,#8242,
#8243,#8244,#8245,#8246,#8247,#8248,#8249,#8250,#8251,#8252,#8253,#8254,
#8255,#8256,#8257,#8258,#8259,#8260,#8261,#8262,#8263,#8264,#8265,#8266,
#8267,#8268,#8269,#8270,#8271,#8272,#8273,#8274,#8275,#8276,#8277,#8278,
#8279,#8280,#8281,#8282,#8283,#8284,#8285,#8286,#8287,#8288,#8289,#8290,
#8291,#8292,#8293,#8294,#8295,#8296,#8297,#8298,#8299,#8300,#8301,#8302,
#8303,#8304,#8305,#8306,#8307,#8308,#8309,#8310,#8311,#8312,#8313,#8314,
#8315,#8316,#8317,#8318,#8319,#8320,#8321,#8322,#8323,#8324,#8325,#8326,
#8327,#8328,#8329,#8330,#8331,#8332,#8333,#8334,#8335,#8336,#8337,#8338,
#8339,#8340,#8341,#8342,#8343,#8344,#8345,#8346,#8347,#8348,#8349,#8350,
#8351,#8352,#8353,#8354,#8355,#8356,#8357,#8358,#8359,#8360,#8361,#8362,
#8363,#8364,#8365,#8366,#8367,#8368,#8369,#8370,#8371,#8372,#8373,#8374,
#8375,#8376,#8377,#8378,#8379,#8380,#8381,#8382,#8383,#8384,#8385,#8386,
#8387,#8388,#8389,#8390,#8391,#8392,#8393,#8394,#8395,#8396,#8397,#8398,
#8399,#8400,#8401,#8402,#8403,#8404,#8405,#8406,#8407,#8408,#8409,#8410,
#8411,#8412,#8413,#8414,#8415,#8416,#8417,#8418,#8419,#8420,#8421,#8422,
#8423,#8424,#8425,#8426,#8427,#8428,#8429,#8430,#8431,#8432,#8433,#8434,
#8435,#8436,#8437,#8438,#8439,#8440,#8441,#8442,#8443,#8444,#8445,#8446,
#8447,#8448,#8449,#8450,#8451,#8452,#8453,#8454,#8455,#8456,#8457,#8458,
#8459,#8460,#8461,#8462,#8463,#8464,#8465,#8466,#8467,#8468,#8469,#8470,
#8471,#8472,#8473,#8474,#8475,#8476,#8477,#8478,#8479,#8480,#8481,#8482,
#8483,#8484,#8485,#8486,#8487,#8488,#8489,#8490,#8491,#8492,#8493,#8494,
#8495,#8496,#8497,#8498,#8499,#8500,#8501,#8502,#8503,#8504,#8505,#8506,
#8507,#8508,#8509,#8510,#8511,#8512,#8513,#8514,#8515,#8516,#8517,#8518,
#8519,#8520,#8521,#8522,#8523,#8524,#8525,#8526,#8527,#8528,#8529,#8530,
#8531,#8532,#8533,#8534,#8535,#8536,#8537,#8538,#8539,#8540,#8541,#8542,
#8543,#8544,#8545,#8546,#8547,#8548,#8549,#8550,#8551));
#8553=STYLED_ITEM('',(#8554),#8561);
#8554=PRESENTATION_STYLE_ASSIGNMENT((#8555));
#8555=SURFACE_STYLE_USAGE(.BOTH.,#8556);
#8556=SURFACE_SIDE_STYLE('',(#8557));
#8557=SURFACE_STYLE_FILL_AREA(#8558);
#8558=FILL_AREA_STYLE('',(#8559));
#8559=FILL_AREA_STYLE_COLOUR('',#8560);
#8560=COLOUR_RGB('',0.0941176470588235,0.580392156862745,0.545098039215686);
#8561=MANIFOLD_SOLID_BREP('RBottom',#8552);
#8562=SHAPE_DEFINITION_REPRESENTATION(#14924,#8563);
#8563=SHAPE_REPRESENTATION('RBottom',(#8564),#14919);
#8564=AXIS2_PLACEMENT_3D('',#10418,#8906,#8907);
#8565=AXIS2_PLACEMENT_3D('',#10419,#8908,#8909);
#8566=AXIS2_PLACEMENT_3D('',#10441,#8920,#8921);
#8567=AXIS2_PLACEMENT_3D('',#10469,#8923,#8924);
#8568=AXIS2_PLACEMENT_3D('',#10525,#8934,#8935);
#8569=AXIS2_PLACEMENT_3D('',#10591,#8944,#8945);
#8570=AXIS2_PLACEMENT_3D('',#10593,#8946,#8947);
#8571=AXIS2_PLACEMENT_3D('',#10601,#8949,#8950);
#8572=AXIS2_PLACEMENT_3D('',#10641,#8962,#8963);
#8573=AXIS2_PLACEMENT_3D('',#10643,#8964,#8965);
#8574=AXIS2_PLACEMENT_3D('',#10651,#8967,#8968);
#8575=AXIS2_PLACEMENT_3D('',#10709,#8993,#8994);
#8576=AXIS2_PLACEMENT_3D('',#10723,#8995,#8996);
#8577=AXIS2_PLACEMENT_3D('',#10869,#9031,#9032);
#8578=AXIS2_PLACEMENT_3D('',#10873,#9034,#9035);
#8579=AXIS2_PLACEMENT_3D('',#10877,#9037,#9038);
#8580=AXIS2_PLACEMENT_3D('',#10881,#9040,#9041);
#8581=AXIS2_PLACEMENT_3D('',#10885,#9043,#9044);
#8582=AXIS2_PLACEMENT_3D('',#10889,#9046,#9047);
#8583=AXIS2_PLACEMENT_3D('',#10893,#9049,#9050);
#8584=AXIS2_PLACEMENT_3D('',#10897,#9052,#9053);
#8585=AXIS2_PLACEMENT_3D('',#10943,#9058,#9059);
#8586=AXIS2_PLACEMENT_3D('',#10959,#9063,#9064);
#8587=AXIS2_PLACEMENT_3D('',#11047,#9074,#9075);
#8588=AXIS2_PLACEMENT_3D('',#11049,#9076,#9077);
#8589=AXIS2_PLACEMENT_3D('',#11127,#9090,#9091);
#8590=AXIS2_PLACEMENT_3D('',#11139,#9095,#9096);
#8591=AXIS2_PLACEMENT_3D('',#11149,#9097,#9098);
#8592=AXIS2_PLACEMENT_3D('',#11281,#9132,#9133);
#8593=AXIS2_PLACEMENT_3D('',#11372,#9143,#9144);
#8594=AXIS2_PLACEMENT_3D('',#11382,#9150,#9151);
#8595=AXIS2_PLACEMENT_3D('',#11391,#9156,#9157);
#8596=AXIS2_PLACEMENT_3D('',#11400,#9162,#9163);
#8597=AXIS2_PLACEMENT_3D('',#11401,#9164,#9165);
#8598=AXIS2_PLACEMENT_3D('',#11403,#9166,#9167);
#8599=AXIS2_PLACEMENT_3D('',#11404,#9168,#9169);
#8600=AXIS2_PLACEMENT_3D('',#11408,#9171,#9172);
#8601=AXIS2_PLACEMENT_3D('',#11412,#9174,#9175);
#8602=AXIS2_PLACEMENT_3D('',#11416,#9177,#9178);
#8603=AXIS2_PLACEMENT_3D('',#11420,#9180,#9181);
#8604=AXIS2_PLACEMENT_3D('',#11424,#9183,#9184);
#8605=AXIS2_PLACEMENT_3D('',#11428,#9186,#9187);
#8606=AXIS2_PLACEMENT_3D('',#11432,#9189,#9190);
#8607=AXIS2_PLACEMENT_3D('',#11446,#9198,#9199);
#8608=AXIS2_PLACEMENT_3D('',#11449,#9202,#9203);
#8609=AXIS2_PLACEMENT_3D('',#11456,#9208,#9209);
#8610=AXIS2_PLACEMENT_3D('',#11459,#9212,#9213);
#8611=AXIS2_PLACEMENT_3D('',#11462,#9216,#9217);
#8612=AXIS2_PLACEMENT_3D('',#11465,#9220,#9221);
#8613=AXIS2_PLACEMENT_3D('',#11468,#9224,#9225);
#8614=AXIS2_PLACEMENT_3D('',#11471,#9228,#9229);
#8615=AXIS2_PLACEMENT_3D('',#11475,#9232,#9233);
#8616=AXIS2_PLACEMENT_3D('',#11479,#9236,#9237);
#8617=AXIS2_PLACEMENT_3D('',#11483,#9240,#9241);
#8618=AXIS2_PLACEMENT_3D('',#11487,#9244,#9245);
#8619=AXIS2_PLACEMENT_3D('',#11491,#9248,#9249);
#8620=AXIS2_PLACEMENT_3D('',#11493,#9251,#9252);
#8621=AXIS2_PLACEMENT_3D('',#11494,#9253,#9254);
#8622=AXIS2_PLACEMENT_3D('',#11498,#9256,#9257);
#8623=AXIS2_PLACEMENT_3D('',#11500,#9258,#9259);
#8624=AXIS2_PLACEMENT_3D('',#11503,#9261,#9262);
#8625=AXIS2_PLACEMENT_3D('',#11504,#9263,#9264);
#8626=AXIS2_PLACEMENT_3D('',#11506,#9265,#9266);
#8627=AXIS2_PLACEMENT_3D('',#11508,#9267,#9268);
#8628=AXIS2_PLACEMENT_3D('',#11510,#9269,#9270);
#8629=AXIS2_PLACEMENT_3D('',#11511,#9271,#9272);
#8630=AXIS2_PLACEMENT_3D('',#11513,#9273,#9274);
#8631=AXIS2_PLACEMENT_3D('',#11514,#9275,#9276);
#8632=AXIS2_PLACEMENT_3D('',#11515,#9277,#9278);
#8633=AXIS2_PLACEMENT_3D('',#11517,#9279,#9280);
#8634=AXIS2_PLACEMENT_3D('',#11518,#9281,#9282);
#8635=AXIS2_PLACEMENT_3D('',#11519,#9283,#9284);
#8636=AXIS2_PLACEMENT_3D('',#11521,#9285,#9286);
#8637=AXIS2_PLACEMENT_3D('',#11522,#9287,#9288);
#8638=AXIS2_PLACEMENT_3D('',#11523,#9289,#9290);
#8639=AXIS2_PLACEMENT_3D('',#11524,#9291,#9292);
#8640=AXIS2_PLACEMENT_3D('',#11525,#9293,#9294);
#8641=AXIS2_PLACEMENT_3D('',#11527,#9296,#9297);
#8642=AXIS2_PLACEMENT_3D('',#11528,#9298,#9299);
#8643=AXIS2_PLACEMENT_3D('',#11529,#9300,#9301);
#8644=AXIS2_PLACEMENT_3D('',#11530,#9302,#9303);
#8645=AXIS2_PLACEMENT_3D('',#11531,#9304,#9305);
#8646=AXIS2_PLACEMENT_3D('',#11532,#9306,#9307);
#8647=AXIS2_PLACEMENT_3D('',#11533,#9308,#9309);
#8648=AXIS2_PLACEMENT_3D('',#11534,#9310,#9311);
#8649=AXIS2_PLACEMENT_3D('',#11535,#9312,#9313);
#8650=AXIS2_PLACEMENT_3D('',#11537,#9315,#9316);
#8651=AXIS2_PLACEMENT_3D('',#11538,#9317,#9318);
#8652=AXIS2_PLACEMENT_3D('',#11554,#9321,#9322);
#8653=AXIS2_PLACEMENT_3D('',#11558,#9325,#9326);
#8654=AXIS2_PLACEMENT_3D('',#11562,#9329,#9330);
#8655=AXIS2_PLACEMENT_3D('',#11566,#9333,#9334);
#8656=AXIS2_PLACEMENT_3D('',#11570,#9337,#9338);
#8657=AXIS2_PLACEMENT_3D('',#11574,#9341,#9342);
#8658=AXIS2_PLACEMENT_3D('',#11578,#9345,#9346);
#8659=AXIS2_PLACEMENT_3D('',#11582,#9349,#9350);
#8660=AXIS2_PLACEMENT_3D('',#11586,#9353,#9354);
#8661=AXIS2_PLACEMENT_3D('',#11642,#9361,#9362);
#8662=AXIS2_PLACEMENT_3D('',#11646,#9365,#9366);
#8663=AXIS2_PLACEMENT_3D('',#11650,#9369,#9370);
#8664=AXIS2_PLACEMENT_3D('',#11654,#9373,#9374);
#8665=AXIS2_PLACEMENT_3D('',#11658,#9377,#9378);
#8666=AXIS2_PLACEMENT_3D('',#11699,#9383,#9384);
#8667=AXIS2_PLACEMENT_3D('',#11754,#9389,#9390);
#8668=AXIS2_PLACEMENT_3D('',#11760,#9394,#9395);
#8669=AXIS2_PLACEMENT_3D('',#11766,#9399,#9400);
#8670=AXIS2_PLACEMENT_3D('',#11813,#9408,#9409);
#8671=AXIS2_PLACEMENT_3D('',#11817,#9412,#9413);
#8672=AXIS2_PLACEMENT_3D('',#11820,#9415,#9416);
#8673=AXIS2_PLACEMENT_3D('',#11860,#9420,#9421);
#8674=AXIS2_PLACEMENT_3D('',#11864,#9424,#9425);
#8675=AXIS2_PLACEMENT_3D('',#11868,#9428,#9429);
#8676=AXIS2_PLACEMENT_3D('',#11924,#9436,#9437);
#8677=AXIS2_PLACEMENT_3D('',#11953,#9440,#9441);
#8678=AXIS2_PLACEMENT_3D('',#11954,#9442,#9443);
#8679=AXIS2_PLACEMENT_3D('',#11960,#9447,#9448);
#8680=AXIS2_PLACEMENT_3D('',#11964,#9451,#9452);
#8681=AXIS2_PLACEMENT_3D('',#11968,#9455,#9456);
#8682=AXIS2_PLACEMENT_3D('',#11972,#9459,#9460);
#8683=AXIS2_PLACEMENT_3D('',#11976,#9463,#9464);
#8684=AXIS2_PLACEMENT_3D('',#12032,#9471,#9472);
#8685=AXIS2_PLACEMENT_3D('',#12036,#9475,#9476);
#8686=AXIS2_PLACEMENT_3D('',#12040,#9479,#9480);
#8687=AXIS2_PLACEMENT_3D('',#12044,#9483,#9484);
#8688=AXIS2_PLACEMENT_3D('',#12048,#9487,#9488);
#8689=AXIS2_PLACEMENT_3D('',#12052,#9491,#9492);
#8690=AXIS2_PLACEMENT_3D('',#12056,#9495,#9496);
#8691=AXIS2_PLACEMENT_3D('',#12112,#9503,#9504);
#8692=AXIS2_PLACEMENT_3D('',#12116,#9507,#9508);
#8693=AXIS2_PLACEMENT_3D('',#12120,#9511,#9512);
#8694=AXIS2_PLACEMENT_3D('',#12124,#9515,#9516);
#8695=AXIS2_PLACEMENT_3D('',#12128,#9519,#9520);
#8696=AXIS2_PLACEMENT_3D('',#12132,#9523,#9524);
#8697=AXIS2_PLACEMENT_3D('',#12136,#9527,#9528);
#8698=AXIS2_PLACEMENT_3D('',#12179,#9534,#9535);
#8699=AXIS2_PLACEMENT_3D('',#12182,#9537,#9538);
#8700=AXIS2_PLACEMENT_3D('',#12222,#9542,#9543);
#8701=AXIS2_PLACEMENT_3D('',#12225,#9545,#9546);
#8702=AXIS2_PLACEMENT_3D('',#12226,#9547,#9548);
#8703=AXIS2_PLACEMENT_3D('',#12230,#9551,#9552);
#8704=AXIS2_PLACEMENT_3D('',#12234,#9555,#9556);
#8705=AXIS2_PLACEMENT_3D('',#12238,#9559,#9560);
#8706=AXIS2_PLACEMENT_3D('',#12242,#9563,#9564);
#8707=AXIS2_PLACEMENT_3D('',#12244,#9566,#9567);
#8708=AXIS2_PLACEMENT_3D('',#12245,#9568,#9569);
#8709=AXIS2_PLACEMENT_3D('',#12251,#9573,#9574);
#8710=AXIS2_PLACEMENT_3D('',#12307,#9581,#9582);
#8711=AXIS2_PLACEMENT_3D('',#12363,#9589,#9590);
#8712=AXIS2_PLACEMENT_3D('',#12367,#9593,#9594);
#8713=AXIS2_PLACEMENT_3D('',#12371,#9597,#9598);
#8714=AXIS2_PLACEMENT_3D('',#12427,#9605,#9606);
#8715=AXIS2_PLACEMENT_3D('',#12470,#9612,#9613);
#8716=AXIS2_PLACEMENT_3D('',#12473,#9615,#9616);
#8717=AXIS2_PLACEMENT_3D('',#12474,#9617,#9618);
#8718=AXIS2_PLACEMENT_3D('',#12476,#9620,#9621);
#8719=AXIS2_PLACEMENT_3D('',#12477,#9622,#9623);
#8720=AXIS2_PLACEMENT_3D('',#12483,#9627,#9628);
#8721=AXIS2_PLACEMENT_3D('',#12487,#9631,#9632);
#8722=AXIS2_PLACEMENT_3D('',#12491,#9635,#9636);
#8723=AXIS2_PLACEMENT_3D('',#12495,#9639,#9640);
#8724=AXIS2_PLACEMENT_3D('',#12499,#9643,#9644);
#8725=AXIS2_PLACEMENT_3D('',#12503,#9647,#9648);
#8726=AXIS2_PLACEMENT_3D('',#12507,#9651,#9652);
#8727=AXIS2_PLACEMENT_3D('',#12511,#9655,#9656);
#8728=AXIS2_PLACEMENT_3D('',#12515,#9659,#9660);
#8729=AXIS2_PLACEMENT_3D('',#12519,#9663,#9664);
#8730=AXIS2_PLACEMENT_3D('',#12523,#9667,#9668);
#8731=AXIS2_PLACEMENT_3D('',#12525,#9670,#9671);
#8732=AXIS2_PLACEMENT_3D('',#12526,#9672,#9673);
#8733=AXIS2_PLACEMENT_3D('',#12532,#9677,#9678);
#8734=AXIS2_PLACEMENT_3D('',#12536,#9681,#9682);
#8735=AXIS2_PLACEMENT_3D('',#12540,#9685,#9686);
#8736=AXIS2_PLACEMENT_3D('',#12544,#9689,#9690);
#8737=AXIS2_PLACEMENT_3D('',#12548,#9693,#9694);
#8738=AXIS2_PLACEMENT_3D('',#12552,#9697,#9698);
#8739=AXIS2_PLACEMENT_3D('',#12556,#9701,#9702);
#8740=AXIS2_PLACEMENT_3D('',#12560,#9705,#9706);
#8741=AXIS2_PLACEMENT_3D('',#12590,#9711,#9712);
#8742=AXIS2_PLACEMENT_3D('',#12594,#9715,#9716);
#8743=AXIS2_PLACEMENT_3D('',#12598,#9719,#9720);
#8744=AXIS2_PLACEMENT_3D('',#12601,#9722,#9723);
#8745=AXIS2_PLACEMENT_3D('',#12602,#9724,#9725);
#8746=AXIS2_PLACEMENT_3D('',#12605,#9727,#9728);
#8747=AXIS2_PLACEMENT_3D('',#12632,#9731,#9732);
#8748=AXIS2_PLACEMENT_3D('',#12636,#9735,#9736);
#8749=AXIS2_PLACEMENT_3D('',#12638,#9738,#9739);
#8750=AXIS2_PLACEMENT_3D('',#12639,#9740,#9741);
#8751=AXIS2_PLACEMENT_3D('',#12645,#9745,#9746);
#8752=AXIS2_PLACEMENT_3D('',#12649,#9749,#9750);
#8753=AXIS2_PLACEMENT_3D('',#12653,#9753,#9754);
#8754=AXIS2_PLACEMENT_3D('',#12657,#9757,#9758);
#8755=AXIS2_PLACEMENT_3D('',#12661,#9761,#9762);
#8756=AXIS2_PLACEMENT_3D('',#12665,#9765,#9766);
#8757=AXIS2_PLACEMENT_3D('',#12695,#9771,#9772);
#8758=AXIS2_PLACEMENT_3D('',#12698,#9774,#9775);
#8759=AXIS2_PLACEMENT_3D('',#12712,#9777,#9778);
#8760=AXIS2_PLACEMENT_3D('',#12716,#9781,#9782);
#8761=AXIS2_PLACEMENT_3D('',#12719,#9784,#9785);
#8762=AXIS2_PLACEMENT_3D('',#12720,#9786,#9787);
#8763=AXIS2_PLACEMENT_3D('',#12723,#9789,#9790);
#8764=AXIS2_PLACEMENT_3D('',#12750,#9793,#9794);
#8765=AXIS2_PLACEMENT_3D('',#12754,#9797,#9798);
#8766=AXIS2_PLACEMENT_3D('',#12758,#9801,#9802);
#8767=AXIS2_PLACEMENT_3D('',#12762,#9805,#9806);
#8768=AXIS2_PLACEMENT_3D('',#12764,#9808,#9809);
#8769=AXIS2_PLACEMENT_3D('',#12765,#9810,#9811);
#8770=AXIS2_PLACEMENT_3D('',#12771,#9815,#9816);
#8771=AXIS2_PLACEMENT_3D('',#12866,#9826,#9827);
#8772=AXIS2_PLACEMENT_3D('',#12869,#9829,#9830);
#8773=AXIS2_PLACEMENT_3D('',#12896,#9833,#9834);
#8774=AXIS2_PLACEMENT_3D('',#12899,#9836,#9837);
#8775=AXIS2_PLACEMENT_3D('',#12913,#9839,#9840);
#8776=AXIS2_PLACEMENT_3D('',#12917,#9843,#9844);
#8777=AXIS2_PLACEMENT_3D('',#12921,#9847,#9848);
#8778=AXIS2_PLACEMENT_3D('',#12925,#9851,#9852);
#8779=AXIS2_PLACEMENT_3D('',#12928,#9854,#9855);
#8780=AXIS2_PLACEMENT_3D('',#13072,#9867,#9868);
#8781=AXIS2_PLACEMENT_3D('',#13074,#9870,#9871);
#8782=AXIS2_PLACEMENT_3D('',#13075,#9872,#9873);
#8783=AXIS2_PLACEMENT_3D('',#13081,#9877,#9878);
#8784=AXIS2_PLACEMENT_3D('',#13085,#9881,#9882);
#8785=AXIS2_PLACEMENT_3D('',#13089,#9885,#9886);
#8786=AXIS2_PLACEMENT_3D('',#13093,#9889,#9890);
#8787=AXIS2_PLACEMENT_3D('',#13097,#9893,#9894);
#8788=AXIS2_PLACEMENT_3D('',#13101,#9897,#9898);
#8789=AXIS2_PLACEMENT_3D('',#13131,#9903,#9904);
#8790=AXIS2_PLACEMENT_3D('',#13134,#9906,#9907);
#8791=AXIS2_PLACEMENT_3D('',#13148,#9909,#9910);
#8792=AXIS2_PLACEMENT_3D('',#13152,#9913,#9914);
#8793=AXIS2_PLACEMENT_3D('',#13155,#9916,#9917);
#8794=AXIS2_PLACEMENT_3D('',#13156,#9918,#9919);
#8795=AXIS2_PLACEMENT_3D('',#13159,#9921,#9922);
#8796=AXIS2_PLACEMENT_3D('',#13186,#9925,#9926);
#8797=AXIS2_PLACEMENT_3D('',#13190,#9929,#9930);
#8798=AXIS2_PLACEMENT_3D('',#13194,#9933,#9934);
#8799=AXIS2_PLACEMENT_3D('',#13198,#9937,#9938);
#8800=AXIS2_PLACEMENT_3D('',#13200,#9940,#9941);
#8801=AXIS2_PLACEMENT_3D('',#13201,#9942,#9943);
#8802=AXIS2_PLACEMENT_3D('',#13207,#9947,#9948);
#8803=AXIS2_PLACEMENT_3D('',#13211,#9951,#9952);
#8804=AXIS2_PLACEMENT_3D('',#13215,#9955,#9956);
#8805=AXIS2_PLACEMENT_3D('',#13219,#9959,#9960);
#8806=AXIS2_PLACEMENT_3D('',#13223,#9963,#9964);
#8807=AXIS2_PLACEMENT_3D('',#13227,#9967,#9968);
#8808=AXIS2_PLACEMENT_3D('',#13231,#9971,#9972);
#8809=AXIS2_PLACEMENT_3D('',#13235,#9975,#9976);
#8810=AXIS2_PLACEMENT_3D('',#13239,#9979,#9980);
#8811=AXIS2_PLACEMENT_3D('',#13243,#9983,#9984);
#8812=AXIS2_PLACEMENT_3D('',#13247,#9987,#9988);
#8813=AXIS2_PLACEMENT_3D('',#13251,#9991,#9992);
#8814=AXIS2_PLACEMENT_3D('',#13255,#9995,#9996);
#8815=AXIS2_PLACEMENT_3D('',#13259,#9999,#10000);
#8816=AXIS2_PLACEMENT_3D('',#13263,#10003,#10004);
#8817=AXIS2_PLACEMENT_3D('',#13267,#10007,#10008);
#8818=AXIS2_PLACEMENT_3D('',#13271,#10011,#10012);
#8819=AXIS2_PLACEMENT_3D('',#13275,#10015,#10016);
#8820=AXIS2_PLACEMENT_3D('',#13279,#10019,#10020);
#8821=AXIS2_PLACEMENT_3D('',#13283,#10023,#10024);
#8822=AXIS2_PLACEMENT_3D('',#13287,#10027,#10028);
#8823=AXIS2_PLACEMENT_3D('',#13291,#10031,#10032);
#8824=AXIS2_PLACEMENT_3D('',#13295,#10035,#10036);
#8825=AXIS2_PLACEMENT_3D('',#13299,#10039,#10040);
#8826=AXIS2_PLACEMENT_3D('',#13303,#10043,#10044);
#8827=AXIS2_PLACEMENT_3D('',#13307,#10047,#10048);
#8828=AXIS2_PLACEMENT_3D('',#13311,#10051,#10052);
#8829=AXIS2_PLACEMENT_3D('',#13313,#10054,#10055);
#8830=AXIS2_PLACEMENT_3D('',#13334,#10058,#10059);
#8831=AXIS2_PLACEMENT_3D('',#13408,#10067,#10068);
#8832=AXIS2_PLACEMENT_3D('',#13463,#10076,#10077);
#8833=AXIS2_PLACEMENT_3D('',#13519,#10084,#10085);
#8834=AXIS2_PLACEMENT_3D('',#13574,#10090,#10091);
#8835=AXIS2_PLACEMENT_3D('',#13629,#10096,#10097);
#8836=AXIS2_PLACEMENT_3D('',#13635,#10101,#10102);
#8837=AXIS2_PLACEMENT_3D('',#13641,#10106,#10107);
#8838=AXIS2_PLACEMENT_3D('',#13688,#10115,#10116);
#8839=AXIS2_PLACEMENT_3D('',#13692,#10119,#10120);
#8840=AXIS2_PLACEMENT_3D('',#13695,#10122,#10123);
#8841=AXIS2_PLACEMENT_3D('',#13735,#10127,#10128);
#8842=AXIS2_PLACEMENT_3D('',#13739,#10131,#10132);
#8843=AXIS2_PLACEMENT_3D('',#13743,#10135,#10136);
#8844=AXIS2_PLACEMENT_3D('',#13799,#10143,#10144);
#8845=AXIS2_PLACEMENT_3D('',#13828,#10147,#10148);
#8846=AXIS2_PLACEMENT_3D('',#13883,#10153,#10154);
#8847=AXIS2_PLACEMENT_3D('',#13889,#10158,#10159);
#8848=AXIS2_PLACEMENT_3D('',#13895,#10163,#10164);
#8849=AXIS2_PLACEMENT_3D('',#13942,#10172,#10173);
#8850=AXIS2_PLACEMENT_3D('',#13946,#10176,#10177);
#8851=AXIS2_PLACEMENT_3D('',#13949,#10179,#10180);
#8852=AXIS2_PLACEMENT_3D('',#13989,#10184,#10185);
#8853=AXIS2_PLACEMENT_3D('',#13993,#10188,#10189);
#8854=AXIS2_PLACEMENT_3D('',#13997,#10192,#10193);
#8855=AXIS2_PLACEMENT_3D('',#14053,#10200,#10201);
#8856=AXIS2_PLACEMENT_3D('',#14082,#10204,#10205);
#8857=AXIS2_PLACEMENT_3D('',#14103,#10208,#10209);
#8858=AXIS2_PLACEMENT_3D('',#14177,#10217,#10218);
#8859=AXIS2_PLACEMENT_3D('',#14232,#10226,#10227);
#8860=AXIS2_PLACEMENT_3D('',#14288,#10234,#10235);
#8861=AXIS2_PLACEMENT_3D('',#14343,#10240,#10241);
#8862=AXIS2_PLACEMENT_3D('',#14364,#10244,#10245);
#8863=AXIS2_PLACEMENT_3D('',#14438,#10253,#10254);
#8864=AXIS2_PLACEMENT_3D('',#14444,#10258,#10259);
#8865=AXIS2_PLACEMENT_3D('',#14445,#10260,#10261);
#8866=AXIS2_PLACEMENT_3D('',#14449,#10263,#10264);
#8867=AXIS2_PLACEMENT_3D('',#14467,#10266,#10267);
#8868=AXIS2_PLACEMENT_3D('',#14473,#10271,#10272);
#8869=AXIS2_PLACEMENT_3D('',#14477,#10275,#10276);
#8870=AXIS2_PLACEMENT_3D('',#14481,#10279,#10280);
#8871=AXIS2_PLACEMENT_3D('',#14485,#10283,#10284);
#8872=AXIS2_PLACEMENT_3D('',#14489,#10287,#10288);
#8873=AXIS2_PLACEMENT_3D('',#14493,#10291,#10292);
#8874=AXIS2_PLACEMENT_3D('',#14496,#10294,#10295);
#8875=AXIS2_PLACEMENT_3D('',#14536,#10299,#10300);
#8876=AXIS2_PLACEMENT_3D('',#14579,#10306,#10307);
#8877=AXIS2_PLACEMENT_3D('',#14582,#10309,#10310);
#8878=AXIS2_PLACEMENT_3D('',#14583,#10311,#10312);
#8879=AXIS2_PLACEMENT_3D('',#14587,#10315,#10316);
#8880=AXIS2_PLACEMENT_3D('',#14591,#10319,#10320);
#8881=AXIS2_PLACEMENT_3D('',#14595,#10323,#10324);
#8882=AXIS2_PLACEMENT_3D('',#14599,#10327,#10328);
#8883=AXIS2_PLACEMENT_3D('',#14615,#10330,#10331);
#8884=AXIS2_PLACEMENT_3D('',#14636,#10334,#10335);
#8885=AXIS2_PLACEMENT_3D('',#14710,#10343,#10344);
#8886=AXIS2_PLACEMENT_3D('',#14765,#10352,#10353);
#8887=AXIS2_PLACEMENT_3D('',#14821,#10360,#10361);
#8888=AXIS2_PLACEMENT_3D('',#14876,#10366,#10367);
#8889=AXIS2_PLACEMENT_3D('',#14877,#10368,#10369);
#8890=AXIS2_PLACEMENT_3D('',#14883,#10373,#10374);
#8891=AXIS2_PLACEMENT_3D('',#14887,#10377,#10378);
#8892=AXIS2_PLACEMENT_3D('',#14891,#10381,#10382);
#8893=AXIS2_PLACEMENT_3D('',#14893,#10384,#10385);
#8894=AXIS2_PLACEMENT_3D('',#14894,#10386,#10387);
#8895=AXIS2_PLACEMENT_3D('',#14900,#10391,#10392);
#8896=AXIS2_PLACEMENT_3D('',#14904,#10395,#10396);
#8897=AXIS2_PLACEMENT_3D('',#14908,#10399,#10400);
#8898=AXIS2_PLACEMENT_3D('',#14910,#10402,#10403);
#8899=AXIS2_PLACEMENT_3D('',#14911,#10404,#10405);
#8900=AXIS2_PLACEMENT_3D('',#14912,#10406,#10407);
#8901=AXIS2_PLACEMENT_3D('',#14913,#10408,#10409);
#8902=AXIS2_PLACEMENT_3D('',#14914,#10410,#10411);
#8903=AXIS2_PLACEMENT_3D('',#14915,#10412,#10413);
#8904=AXIS2_PLACEMENT_3D('',#14916,#10414,#10415);
#8905=AXIS2_PLACEMENT_3D('',#14917,#10416,#10417);
#8906=DIRECTION('',(0.,0.,1.));
#8907=DIRECTION('',(1.,0.,0.));
#8908=DIRECTION('',(0.,0.,1.));
#8909=DIRECTION('',(1.,0.,0.));
#8910=DIRECTION('',(-1.,0.,0.));
#8911=DIRECTION('',(0.,-1.,0.));
#8912=DIRECTION('',(1.,0.,0.));
#8913=DIRECTION('',(0.,1.,0.));
#8914=DIRECTION('',(0.985759878424066,-0.168159038084103,0.));
#8915=DIRECTION('',(0.,-1.,0.));
#8916=DIRECTION('',(-0.985759878424066,-0.168159038084103,0.));
#8917=DIRECTION('',(0.,-1.,0.));
#8918=DIRECTION('',(1.,0.,0.));
#8919=DIRECTION('',(0.134683889592205,0.990888616285562,0.));
#8920=DIRECTION('',(0.,0.,-1.));
#8921=DIRECTION('',(-1.,0.,0.));
#8922=DIRECTION('',(0.,1.,0.));
#8923=DIRECTION('',(0.,0.,-1.));
#8924=DIRECTION('',(-1.,0.,0.));
#8925=DIRECTION('',(0.,1.,0.));
#8926=DIRECTION('',(0.985759878424066,0.168159038084103,0.));
#8927=DIRECTION('',(0.,1.,0.));
#8928=DIRECTION('',(-1.,0.,0.));
#8929=DIRECTION('',(0.,-1.,0.));
#8930=DIRECTION('',(0.,-1.,0.));
#8931=DIRECTION('',(0.,1.,0.));
#8932=DIRECTION('',(-1.,0.,0.));
#8933=DIRECTION('',(-0.529998940003243,0.847998304005049,0.));
#8934=DIRECTION('',(0.,0.,-1.));
#8935=DIRECTION('',(-1.,0.,0.));
#8936=DIRECTION('',(0.516069422559694,0.856546759435178,0.));
#8937=DIRECTION('',(0.,1.,0.));
#8938=DIRECTION('',(0.,-1.,0.));
#8939=DIRECTION('',(0.,1.,0.));
#8940=DIRECTION('',(1.,0.,0.));
#8941=DIRECTION('',(0.,1.,0.));
#8942=DIRECTION('',(-1.,0.,0.));
#8943=DIRECTION('',(0.,1.,0.));
#8944=DIRECTION('',(0.,0.,-1.));
#8945=DIRECTION('',(-1.,0.,0.));
#8946=DIRECTION('',(0.,0.,-1.));
#8947=DIRECTION('',(-1.,0.,0.));
#8948=DIRECTION('',(0.195668156440501,0.98067016501736,0.));
#8949=DIRECTION('',(0.,0.,-1.));
#8950=DIRECTION('',(-1.,0.,0.));
#8951=DIRECTION('',(0.,-1.,0.));
#8952=DIRECTION('',(-1.,0.,0.));
#8953=DIRECTION('',(0.,-1.,0.));
#8954=DIRECTION('',(1.,0.,0.));
#8955=DIRECTION('',(0.,-1.,0.));
#8956=DIRECTION('',(1.,0.,0.));
#8957=DIRECTION('',(0.,1.,0.));
#8958=DIRECTION('',(1.,0.,0.));
#8959=DIRECTION('',(0.,1.,0.));
#8960=DIRECTION('',(-1.,0.,0.));
#8961=DIRECTION('',(0.,1.,0.));
#8962=DIRECTION('',(0.,0.,-1.));
#8963=DIRECTION('',(-1.,0.,0.));
#8964=DIRECTION('',(0.,0.,-1.));
#8965=DIRECTION('',(-1.,0.,0.));
#8966=DIRECTION('',(0.195668156440501,0.98067016501736,0.));
#8967=DIRECTION('',(0.,0.,-1.));
#8968=DIRECTION('',(-1.,0.,0.));
#8969=DIRECTION('',(0.,-1.,0.));
#8970=DIRECTION('',(-1.,0.,0.));
#8971=DIRECTION('',(0.,-1.,0.));
#8972=DIRECTION('',(1.,0.,0.));
#8973=DIRECTION('',(0.,-1.,0.));
#8974=DIRECTION('',(1.,0.,0.));
#8975=DIRECTION('',(0.,-1.,0.));
#8976=DIRECTION('',(1.,0.,0.));
#8977=DIRECTION('',(0.,1.,0.));
#8978=DIRECTION('',(-0.985705065374397,0.168480040643561,0.));
#8979=DIRECTION('',(0.,1.,0.));
#8980=DIRECTION('',(0.985705065374397,0.168480040643561,0.));
#8981=DIRECTION('',(0.,1.,0.));
#8982=DIRECTION('',(-1.,0.,0.));
#8983=DIRECTION('',(0.,-1.,0.));
#8984=DIRECTION('',(0.985705065374397,-0.168480040643561,0.));
#8985=DIRECTION('',(0.,-1.,0.));
#8986=DIRECTION('',(-0.985705065374397,-0.168480040643561,0.));
#8987=DIRECTION('',(0.985759878424066,-0.168159038084103,0.));
#8988=DIRECTION('',(0.,-1.,0.));
#8989=DIRECTION('',(-0.985759878424066,-0.168159038084103,0.));
#8990=DIRECTION('',(0.,-1.,0.));
#8991=DIRECTION('',(1.,0.,0.));
#8992=DIRECTION('',(0.0905357460424944,0.995893206467706,0.));
#8993=DIRECTION('',(0.,0.,-1.));
#8994=DIRECTION('',(-1.,0.,0.));
#8995=DIRECTION('',(0.,0.,-1.));
#8996=DIRECTION('',(-1.,0.,0.));
#8997=DIRECTION('',(0.,1.,0.));
#8998=DIRECTION('',(0.985705065374397,0.168480040643561,0.));
#8999=DIRECTION('',(0.,1.,0.));
#9000=DIRECTION('',(-1.,0.,0.));
#9001=DIRECTION('',(0.,-1.,0.));
#9002=DIRECTION('',(0.985705065374397,-0.168480040643561,0.));
#9003=DIRECTION('',(0.,-1.,0.));
#9004=DIRECTION('',(0.,1.,0.));
#9005=DIRECTION('',(0.985705065374397,0.168480040643561,0.));
#9006=DIRECTION('',(0.,1.,0.));
#9007=DIRECTION('',(-1.,0.,0.));
#9008=DIRECTION('',(0.,-1.,0.));
#9009=DIRECTION('',(0.985705065374397,-0.168480040643561,0.));
#9010=DIRECTION('',(0.,-1.,0.));
#9011=DIRECTION('',(0.,1.,0.));
#9012=DIRECTION('',(0.985759878424066,0.168159038084103,0.));
#9013=DIRECTION('',(0.,1.,0.));
#9014=DIRECTION('',(-1.,0.,0.));
#9015=DIRECTION('',(0.,-1.,0.));
#9016=DIRECTION('',(0.,-1.,0.));
#9017=DIRECTION('',(-0.975771066100676,-0.218794027708139,0.));
#9018=DIRECTION('',(0.,-1.,0.));
#9019=DIRECTION('',(1.,0.,0.));
#9020=DIRECTION('',(0.,1.,0.));
#9021=DIRECTION('',(0.,-1.,0.));
#9022=DIRECTION('',(-0.982052805805992,-0.188606168002475,0.));
#9023=DIRECTION('',(0.,-1.,0.));
#9024=DIRECTION('',(1.,0.,0.));
#9025=DIRECTION('',(0.,1.,0.));
#9026=DIRECTION('',(0.97565023243165,0.219332222794708,0.));
#9027=DIRECTION('',(0.,1.,0.));
#9028=DIRECTION('',(-1.,0.,0.));
#9029=DIRECTION('',(-0.0817256985297983,-0.996654860119498,0.));
#9030=DIRECTION('',(-1.,0.,0.));
#9031=DIRECTION('',(0.,0.,1.));
#9032=DIRECTION('',(1.,0.,0.));
#9033=DIRECTION('',(0.00396822272449786,0.999992126573209,0.));
#9034=DIRECTION('',(0.,0.,1.));
#9035=DIRECTION('',(1.,0.,0.));
#9036=DIRECTION('',(1.,0.,0.));
#9037=DIRECTION('',(0.,0.,1.));
#9038=DIRECTION('',(1.,0.,0.));
#9039=DIRECTION('',(0.,-1.,0.));
#9040=DIRECTION('',(0.,0.,1.));
#9041=DIRECTION('',(1.,0.,0.));
#9042=DIRECTION('',(-1.,0.,0.));
#9043=DIRECTION('',(0.,0.,1.));
#9044=DIRECTION('',(1.,0.,0.));
#9045=DIRECTION('',(0.,1.,0.));
#9046=DIRECTION('',(0.,0.,1.));
#9047=DIRECTION('',(1.,0.,0.));
#9048=DIRECTION('',(-1.,0.,0.));
#9049=DIRECTION('',(0.,0.,1.));
#9050=DIRECTION('',(1.,0.,0.));
#9051=DIRECTION('',(0.,-1.,0.));
#9052=DIRECTION('',(0.,0.,1.));
#9053=DIRECTION('',(1.,0.,0.));
#9054=DIRECTION('',(0.,-1.,0.));
#9055=DIRECTION('',(0.,1.,0.));
#9056=DIRECTION('',(-1.,0.,0.));
#9057=DIRECTION('',(-0.529998940003243,0.847998304005049,0.));
#9058=DIRECTION('',(0.,0.,-1.));
#9059=DIRECTION('',(-1.,0.,0.));
#9060=DIRECTION('',(0.516069422559706,0.85654675943517,0.));
#9061=DIRECTION('',(-1.,0.,0.));
#9062=DIRECTION('',(-0.177271416394821,-0.984162001364295,0.));
#9063=DIRECTION('',(0.,0.,-1.));
#9064=DIRECTION('',(-1.,0.,0.));
#9065=DIRECTION('',(0.,1.,0.));
#9066=DIRECTION('',(0.177271416394821,-0.984162001364295,0.));
#9067=DIRECTION('',(1.,0.,0.));
#9068=DIRECTION('',(0.,1.,0.));
#9069=DIRECTION('',(0.,-1.,0.));
#9070=DIRECTION('',(0.,1.,0.));
#9071=DIRECTION('',(0.,-1.,0.));
#9072=DIRECTION('',(1.,0.,0.));
#9073=DIRECTION('',(0.119544694662491,0.992828820078291,0.));
#9074=DIRECTION('',(0.,0.,-1.));
#9075=DIRECTION('',(-1.,0.,0.));
#9076=DIRECTION('',(0.,0.,-1.));
#9077=DIRECTION('',(-1.,0.,0.));
#9078=DIRECTION('',(-0.140450273966,0.990087733760436,0.));
#9079=DIRECTION('',(-0.99868016855873,-0.0513606943830238,0.));
#9080=DIRECTION('',(0.,1.,0.));
#9081=DIRECTION('',(0.985759878424066,0.168159038084103,0.));
#9082=DIRECTION('',(0.,1.,0.));
#9083=DIRECTION('',(-1.,0.,0.));
#9084=DIRECTION('',(0.,-1.,0.));
#9085=DIRECTION('',(0.985759878424066,-0.168159038084103,0.));
#9086=DIRECTION('',(0.,-1.,0.));
#9087=DIRECTION('',(-0.985759878424066,-0.168159038084103,0.));
#9088=DIRECTION('',(-1.,0.,0.));
#9089=DIRECTION('',(-0.239157810650835,-0.97098071124235,0.));
#9090=DIRECTION('',(0.,0.,-1.));
#9091=DIRECTION('',(-1.,0.,0.));
#9092=DIRECTION('',(-0.00518127760149342,-0.999986577091121,0.));
#9093=DIRECTION('',(1.,0.,0.));
#9094=DIRECTION('',(0.248066632980514,0.96874297189797,0.));
#9095=DIRECTION('',(0.,0.,-1.));
#9096=DIRECTION('',(-1.,0.,0.));
#9097=DIRECTION('',(0.,0.,-1.));
#9098=DIRECTION('',(-1.,0.,0.));
#9099=DIRECTION('',(0.0427987668214376,0.999083712988338,0.));
#9100=DIRECTION('',(0.,-1.,0.));
#9101=DIRECTION('',(1.,0.,0.));
#9102=DIRECTION('',(0.,1.,0.));
#9103=DIRECTION('',(-0.985705065374397,0.168480040643561,0.));
#9104=DIRECTION('',(0.,1.,0.));
#9105=DIRECTION('',(1.,0.,0.));
#9106=DIRECTION('',(0.,-1.,0.));
#9107=DIRECTION('',(-0.985705065374397,-0.168480040643561,0.));
#9108=DIRECTION('',(0.,-1.,0.));
#9109=DIRECTION('',(1.,0.,0.));
#9110=DIRECTION('',(0.,1.,0.));
#9111=DIRECTION('',(-0.985705065374397,0.168480040643561,0.));
#9112=DIRECTION('',(0.,1.,0.));
#9113=DIRECTION('',(0.985705065374397,0.168480040643561,0.));
#9114=DIRECTION('',(0.,1.,0.));
#9115=DIRECTION('',(-1.,0.,0.));
#9116=DIRECTION('',(0.,-1.,0.));
#9117=DIRECTION('',(0.985705065374397,-0.168480040643561,0.));
#9118=DIRECTION('',(0.,-1.,0.));
#9119=DIRECTION('',(-1.,0.,0.));
#9120=DIRECTION('',(0.,1.,0.));
#9121=DIRECTION('',(0.985705065374397,0.168480040643561,0.));
#9122=DIRECTION('',(0.,1.,0.));
#9123=DIRECTION('',(-1.,0.,0.));
#9124=DIRECTION('',(0.,-1.,0.));
#9125=DIRECTION('',(0.985705065374397,-0.168480040643561,0.));
#9126=DIRECTION('',(0.,-1.,0.));
#9127=DIRECTION('',(-0.985705065374397,-0.168480040643561,0.));
#9128=DIRECTION('',(0.,-1.,0.));
#9129=DIRECTION('',(0.,1.,0.));
#9130=DIRECTION('',(-1.,0.,0.));
#9131=DIRECTION('',(-0.529998940003086,0.847998304005147,0.));
#9132=DIRECTION('',(0.,0.,-1.));
#9133=DIRECTION('',(-1.,0.,0.));
#9134=DIRECTION('',(0.516069422559694,0.856546759435178,0.));
#9135=DIRECTION('',(0.,1.,0.));
#9136=DIRECTION('',(0.,-1.,0.));
#9137=DIRECTION('',(0.,-1.,0.));
#9138=DIRECTION('',(0.,1.,0.));
#9139=DIRECTION('',(-1.,0.,0.));
#9140=DIRECTION('',(0.,-1.,0.));
#9141=DIRECTION('',(1.,0.,0.));
#9142=DIRECTION('',(0.,1.,0.));
#9143=DIRECTION('',(0.999992126573209,-0.00396822272449786,0.));
#9144=DIRECTION('',(0.00396822272449786,0.999992126573209,0.));
#9145=DIRECTION('',(0.,0.,1.));
#9146=DIRECTION('',(-0.00396822272449811,-0.999992126573209,0.));
#9147=DIRECTION('',(0.,0.,1.));
#9148=DIRECTION('',(-0.00396822270693046,-0.999992122146224,-9.40959036048088E-5));
#9149=DIRECTION('',(0.,0.,1.));
#9150=DIRECTION('',(0.999992126573209,-0.00396822272449781,0.));
#9151=DIRECTION('',(0.00396822272449781,0.999992126573209,0.));
#9152=DIRECTION('',(-0.00396822272449781,-0.999992126573209,0.));
#9153=DIRECTION('',(0.,0.,1.));
#9154=DIRECTION('',(-0.00396822272449781,-0.999992126573209,0.));
#9155=DIRECTION('',(0.,0.,-1.));
#9156=DIRECTION('',(0.,-1.,0.));
#9157=DIRECTION('',(0.,0.,-1.));
#9158=DIRECTION('',(-1.,0.,0.));
#9159=DIRECTION('',(0.,0.,-1.));
#9160=DIRECTION('',(-1.,0.,0.));
#9161=DIRECTION('',(0.,0.,-1.));
#9162=DIRECTION('',(0.,0.,1.));
#9163=DIRECTION('',(1.,0.,0.));
#9164=DIRECTION('',(0.,0.,1.));
#9165=DIRECTION('',(1.,0.,0.));
#9166=DIRECTION('',(0.,0.,1.));
#9167=DIRECTION('',(1.,0.,0.));
#9168=DIRECTION('',(0.,0.,1.));
#9169=DIRECTION('',(1.,0.,0.));
#9170=DIRECTION('',(1.,0.,0.));
#9171=DIRECTION('',(0.,0.,1.));
#9172=DIRECTION('',(1.,0.,0.));
#9173=DIRECTION('',(0.,1.,0.));
#9174=DIRECTION('',(0.,0.,1.));
#9175=DIRECTION('',(1.,0.,0.));
#9176=DIRECTION('',(1.,0.,0.));
#9177=DIRECTION('',(0.,0.,1.));
#9178=DIRECTION('',(1.,0.,0.));
#9179=DIRECTION('',(0.,-1.,0.));
#9180=DIRECTION('',(0.,0.,1.));
#9181=DIRECTION('',(1.,0.,0.));
#9182=DIRECTION('',(1.,0.,0.));
#9183=DIRECTION('',(0.,0.,1.));
#9184=DIRECTION('',(1.,0.,0.));
#9185=DIRECTION('',(0.,1.,0.));
#9186=DIRECTION('',(0.,0.,1.));
#9187=DIRECTION('',(1.,0.,0.));
#9188=DIRECTION('',(-1.,0.,0.));
#9189=DIRECTION('',(0.,0.,1.));
#9190=DIRECTION('',(1.,0.,0.));
#9191=DIRECTION('',(0.,1.,0.));
#9192=DIRECTION('',(0.,1.,0.));
#9193=DIRECTION('',(1.,0.,0.));
#9194=DIRECTION('',(0.,-1.,0.));
#9195=DIRECTION('',(1.,0.,0.));
#9196=DIRECTION('',(0.,1.,0.));
#9197=DIRECTION('',(1.,0.,0.));
#9198=DIRECTION('',(-1.,0.,0.));
#9199=DIRECTION('',(0.,0.,1.));
#9200=DIRECTION('',(0.,0.,1.));
#9201=DIRECTION('',(0.,0.,1.));
#9202=DIRECTION('',(0.,-1.,0.));
#9203=DIRECTION('',(0.,0.,-1.));
#9204=DIRECTION('',(0.,0.,1.));
#9205=DIRECTION('',(0.,0.,1.));
#9206=DIRECTION('',(1.,0.,0.));
#9207=DIRECTION('',(0.,0.,1.));
#9208=DIRECTION('',(0.,1.,0.));
#9209=DIRECTION('',(0.,0.,1.));
#9210=DIRECTION('',(0.,0.,1.));
#9211=DIRECTION('',(0.,0.,1.));
#9212=DIRECTION('',(-1.,0.,0.));
#9213=DIRECTION('',(0.,0.,1.));
#9214=DIRECTION('',(0.,0.,1.));
#9215=DIRECTION('',(0.,0.,1.));
#9216=DIRECTION('',(0.,1.,0.));
#9217=DIRECTION('',(0.,0.,1.));
#9218=DIRECTION('',(0.,0.,1.));
#9219=DIRECTION('',(0.,0.,1.));
#9220=DIRECTION('',(1.,0.,0.));
#9221=DIRECTION('',(0.,0.,-1.));
#9222=DIRECTION('',(0.,0.,1.));
#9223=DIRECTION('',(0.,0.,1.));
#9224=DIRECTION('',(0.,1.,0.));
#9225=DIRECTION('',(0.,0.,1.));
#9226=DIRECTION('',(0.,0.,1.));
#9227=DIRECTION('',(0.,0.,1.));
#9228=DIRECTION('',(-1.,0.,0.));
#9229=DIRECTION('',(0.,0.,1.));
#9230=DIRECTION('',(0.,1.,0.));
#9231=DIRECTION('',(0.,0.,-1.));
#9232=DIRECTION('',(0.,1.,0.));
#9233=DIRECTION('',(0.,0.,1.));
#9234=DIRECTION('',(1.,0.,0.));
#9235=DIRECTION('',(0.,0.,-1.));
#9236=DIRECTION('',(1.,0.,0.));
#9237=DIRECTION('',(0.,0.,-1.));
#9238=DIRECTION('',(0.,-1.,0.));
#9239=DIRECTION('',(0.,0.,-1.));
#9240=DIRECTION('',(0.,1.,0.));
#9241=DIRECTION('',(0.,0.,1.));
#9242=DIRECTION('',(1.,0.,0.));
#9243=DIRECTION('',(0.,0.,-1.));
#9244=DIRECTION('',(-1.,0.,0.));
#9245=DIRECTION('',(0.,0.,1.));
#9246=DIRECTION('',(0.,1.,0.));
#9247=DIRECTION('',(0.,0.,-1.));
#9248=DIRECTION('',(0.,1.,0.));
#9249=DIRECTION('',(0.,0.,1.));
#9250=DIRECTION('',(1.,0.,0.));
#9251=DIRECTION('',(0.,0.,1.));
#9252=DIRECTION('',(1.,0.,0.));
#9253=DIRECTION('',(0.,0.,1.));
#9254=DIRECTION('',(1.,0.,0.));
#9255=DIRECTION('',(0.,1.,0.));
#9256=DIRECTION('',(0.,0.,1.));
#9257=DIRECTION('',(1.,0.,0.));
#9258=DIRECTION('',(0.,0.,1.));
#9259=DIRECTION('',(1.,0.,0.));
#9260=DIRECTION('',(0.,1.,0.));
#9261=DIRECTION('',(0.,0.,1.));
#9262=DIRECTION('',(1.,0.,0.));
#9263=DIRECTION('',(0.,0.,1.));
#9264=DIRECTION('',(1.,0.,0.));
#9265=DIRECTION('',(0.,0.,1.));
#9266=DIRECTION('',(1.,0.,0.));
#9267=DIRECTION('',(0.,0.,1.));
#9268=DIRECTION('',(1.,0.,0.));
#9269=DIRECTION('',(0.,0.,1.));
#9270=DIRECTION('',(1.,0.,0.));
#9271=DIRECTION('',(0.,0.,-1.));
#9272=DIRECTION('',(0.,-1.,0.));
#9273=DIRECTION('',(0.,0.,1.));
#9274=DIRECTION('',(1.,0.,0.));
#9275=DIRECTION('',(0.,0.,1.));
#9276=DIRECTION('',(1.,0.,0.));
#9277=DIRECTION('',(0.,0.,-1.));
#9278=DIRECTION('',(0.,-1.,0.));
#9279=DIRECTION('',(0.,0.,1.));
#9280=DIRECTION('',(1.,0.,0.));
#9281=DIRECTION('',(0.,0.,1.));
#9282=DIRECTION('',(1.,0.,0.));
#9283=DIRECTION('',(0.,0.,-1.));
#9284=DIRECTION('',(0.,-1.,0.));
#9285=DIRECTION('',(0.,0.,1.));
#9286=DIRECTION('',(1.,0.,0.));
#9287=DIRECTION('',(-0.0237056908797995,0.,0.999718980624011));
#9288=DIRECTION('',(0.999718980624011,0.,0.0237056908797995));
#9289=DIRECTION('',(-0.0237056908797995,0.,0.999718980624011));
#9290=DIRECTION('',(0.999718980624011,0.,0.0237056908797995));
#9291=DIRECTION('',(-0.0237056908797995,0.,0.999718980624011));
#9292=DIRECTION('',(-0.999718980624011,0.,-0.0237056908797995));
#9293=DIRECTION('',(-1.,0.,0.));
#9294=DIRECTION('',(0.,0.,1.));
#9295=DIRECTION('',(0.,0.,1.));
#9296=DIRECTION('',(0.,0.,1.));
#9297=DIRECTION('',(1.,0.,0.));
#9298=DIRECTION('',(0.,0.,1.));
#9299=DIRECTION('',(1.,0.,0.));
#9300=DIRECTION('',(0.,0.,-1.));
#9301=DIRECTION('',(-1.,0.,0.));
#9302=DIRECTION('',(0.,0.,-1.));
#9303=DIRECTION('',(-1.,0.,0.));
#9304=DIRECTION('',(0.,0.,1.));
#9305=DIRECTION('',(1.,0.,0.));
#9306=DIRECTION('',(0.,0.,1.));
#9307=DIRECTION('',(1.,0.,0.));
#9308=DIRECTION('',(0.,0.,1.));
#9309=DIRECTION('',(1.,0.,0.));
#9310=DIRECTION('',(0.,0.,-1.));
#9311=DIRECTION('',(-1.,0.,0.));
#9312=DIRECTION('',(0.,0.,-1.));
#9313=DIRECTION('',(-1.,0.,0.));
#9314=DIRECTION('',(0.,0.,1.));
#9315=DIRECTION('',(0.,0.,1.));
#9316=DIRECTION('',(1.,0.,0.));
#9317=DIRECTION('',(0.,0.,1.));
#9318=DIRECTION('',(1.,0.,0.));
#9319=DIRECTION('',(0.,0.,-1.));
#9320=DIRECTION('',(0.,0.,-1.));
#9321=DIRECTION('',(0.996654860119498,-0.0817256985297983,0.));
#9322=DIRECTION('',(0.0817256985297983,0.996654860119498,0.));
#9323=DIRECTION('',(0.,0.,-1.));
#9324=DIRECTION('',(-0.0817256985297983,-0.996654860119498,0.));
#9325=DIRECTION('',(0.,-1.,0.));
#9326=DIRECTION('',(0.,0.,-1.));
#9327=DIRECTION('',(0.,0.,-1.));
#9328=DIRECTION('',(-1.,0.,0.));
#9329=DIRECTION('',(-1.,0.,0.));
#9330=DIRECTION('',(0.,0.,1.));
#9331=DIRECTION('',(0.,0.,-1.));
#9332=DIRECTION('',(0.,1.,0.));
#9333=DIRECTION('',(-0.219332222794708,0.97565023243165,0.));
#9334=DIRECTION('',(-0.97565023243165,-0.219332222794708,0.));
#9335=DIRECTION('',(0.,0.,-1.));
#9336=DIRECTION('',(0.97565023243165,0.219332222794708,0.));
#9337=DIRECTION('',(-1.,0.,0.));
#9338=DIRECTION('',(0.,0.,1.));
#9339=DIRECTION('',(0.,0.,-1.));
#9340=DIRECTION('',(0.,1.,0.));
#9341=DIRECTION('',(0.,1.,0.));
#9342=DIRECTION('',(0.,0.,1.));
#9343=DIRECTION('',(0.,0.,-1.));
#9344=DIRECTION('',(1.,0.,0.));
#9345=DIRECTION('',(1.,0.,0.));
#9346=DIRECTION('',(0.,0.,-1.));
#9347=DIRECTION('',(0.,0.,-1.));
#9348=DIRECTION('',(0.,-1.,0.));
#9349=DIRECTION('',(0.188606168002475,-0.982052805805992,0.));
#9350=DIRECTION('',(0.982052805805992,0.188606168002475,0.));
#9351=DIRECTION('',(0.,0.,-1.));
#9352=DIRECTION('',(-0.982052805805992,-0.188606168002475,0.));
#9353=DIRECTION('',(1.,0.,0.));
#9354=DIRECTION('',(0.,0.,-1.));
#9355=DIRECTION('',(0.,0.,-1.));
#9356=DIRECTION('',(0.,-1.,0.));
#9357=DIRECTION('',(0.,0.,-1.));
#9358=DIRECTION('',(0.,0.,-1.));
#9359=DIRECTION('',(0.,0.,-1.));
#9360=DIRECTION('',(0.,0.,-1.));
#9361=DIRECTION('',(-1.,0.,0.));
#9362=DIRECTION('',(0.,0.,1.));
#9363=DIRECTION('',(0.,0.,-1.));
#9364=DIRECTION('',(0.,1.,0.));
#9365=DIRECTION('',(0.,1.,0.));
#9366=DIRECTION('',(0.,0.,1.));
#9367=DIRECTION('',(0.,0.,-1.));
#9368=DIRECTION('',(1.,0.,0.));
#9369=DIRECTION('',(1.,0.,0.));
#9370=DIRECTION('',(0.,0.,-1.));
#9371=DIRECTION('',(0.,0.,-1.));
#9372=DIRECTION('',(0.,-1.,0.));
#9373=DIRECTION('',(0.218794027708139,-0.975771066100676,0.));
#9374=DIRECTION('',(0.975771066100676,0.218794027708139,0.));
#9375=DIRECTION('',(0.,0.,-1.));
#9376=DIRECTION('',(-0.975771066100676,-0.218794027708139,0.));
#9377=DIRECTION('',(1.,0.,0.));
#9378=DIRECTION('',(0.,0.,-1.));
#9379=DIRECTION('',(0.,0.,-1.));
#9380=DIRECTION('',(0.,-1.,0.));
#9381=DIRECTION('',(0.,0.,-1.));
#9382=DIRECTION('',(0.,0.,-1.));
#9383=DIRECTION('',(0.,0.,-1.));
#9384=DIRECTION('',(1.,0.,0.));
#9385=DIRECTION('',(0.,0.,-1.));
#9386=DIRECTION('',(0.,0.,-1.));
#9387=DIRECTION('',(0.,0.,-1.));
#9388=DIRECTION('',(0.,0.,-1.));
#9389=DIRECTION('',(1.,0.,0.));
#9390=DIRECTION('',(0.,0.,-1.));
#9391=DIRECTION('',(0.,-1.,0.));
#9392=DIRECTION('',(0.,0.,-1.));
#9393=DIRECTION('',(0.,-1.,0.));
#9394=DIRECTION('',(0.,1.,0.));
#9395=DIRECTION('',(0.,0.,1.));
#9396=DIRECTION('',(1.,0.,0.));
#9397=DIRECTION('',(0.,0.,-1.));
#9398=DIRECTION('',(1.,0.,0.));
#9399=DIRECTION('',(-0.916157334902275,0.400818834019511,0.));
#9400=DIRECTION('',(-0.400818834019511,-0.916157334902275,0.));
#9401=DIRECTION('',(0.400818834019511,0.916157334902275,0.));
#9402=DIRECTION('',(0.,0.,-1.));
#9403=DIRECTION('',(0.400818834019511,0.916157334902275,0.));
#9404=DIRECTION('',(0.,0.,-1.));
#9405=DIRECTION('',(0.,0.,-1.));
#9406=DIRECTION('',(0.,0.,-1.));
#9407=DIRECTION('',(0.,0.,-1.));
#9408=DIRECTION('',(-0.85654675943517,0.516069422559706,0.));
#9409=DIRECTION('',(-0.516069422559706,-0.85654675943517,0.));
#9410=DIRECTION('',(0.,0.,-1.));
#9411=DIRECTION('',(0.516069422559706,0.85654675943517,0.));
#9412=DIRECTION('',(0.,0.,-1.));
#9413=DIRECTION('',(0.517086292878437,0.855933271766693,0.));
#9414=DIRECTION('',(0.,0.,-1.));
#9415=DIRECTION('',(0.,0.,-1.));
#9416=DIRECTION('',(-1.,0.,0.));
#9417=DIRECTION('',(0.,0.,-1.));
#9418=DIRECTION('',(0.,0.,-1.));
#9419=DIRECTION('',(0.,0.,-1.));
#9420=DIRECTION('',(-0.847998304005049,-0.529998940003243,0.));
#9421=DIRECTION('',(0.529998940003243,-0.847998304005049,0.));
#9422=DIRECTION('',(0.,0.,-1.));
#9423=DIRECTION('',(-0.529998940003243,0.847998304005049,0.));
#9424=DIRECTION('',(0.,-1.,0.));
#9425=DIRECTION('',(0.,0.,-1.));
#9426=DIRECTION('',(0.,0.,-1.));
#9427=DIRECTION('',(-1.,0.,0.));
#9428=DIRECTION('',(-1.,0.,0.));
#9429=DIRECTION('',(0.,0.,1.));
#9430=DIRECTION('',(0.,0.,-1.));
#9431=DIRECTION('',(0.,1.,0.));
#9432=DIRECTION('',(0.,0.,-1.));
#9433=DIRECTION('',(0.,0.,-1.));
#9434=DIRECTION('',(0.,0.,-1.));
#9435=DIRECTION('',(0.,0.,-1.));
#9436=DIRECTION('',(1.,0.,0.));
#9437=DIRECTION('',(0.,0.,-1.));
#9438=DIRECTION('',(0.,0.,-1.));
#9439=DIRECTION('',(0.,-1.,0.));
#9440=DIRECTION('',(0.,0.,-1.));
#9441=DIRECTION('',(1.,0.,0.));
#9442=DIRECTION('',(0.168159038084103,0.985759878424066,0.));
#9443=DIRECTION('',(-0.985759878424066,0.168159038084103,0.));
#9444=DIRECTION('',(0.,0.,-1.));
#9445=DIRECTION('',(0.985759878424066,-0.168159038084103,0.));
#9446=DIRECTION('',(0.,0.,-1.));
#9447=DIRECTION('',(1.,0.,0.));
#9448=DIRECTION('',(0.,0.,-1.));
#9449=DIRECTION('',(0.,0.,-1.));
#9450=DIRECTION('',(0.,-1.,0.));
#9451=DIRECTION('',(0.,-1.,0.));
#9452=DIRECTION('',(0.,0.,-1.));
#9453=DIRECTION('',(0.,0.,-1.));
#9454=DIRECTION('',(-1.,0.,0.));
#9455=DIRECTION('',(-1.,0.,0.));
#9456=DIRECTION('',(0.,0.,1.));
#9457=DIRECTION('',(0.,0.,-1.));
#9458=DIRECTION('',(0.,1.,0.));
#9459=DIRECTION('',(-0.168159038084103,0.985759878424066,0.));
#9460=DIRECTION('',(-0.985759878424066,-0.168159038084103,0.));
#9461=DIRECTION('',(0.,0.,-1.));
#9462=DIRECTION('',(0.985759878424066,0.168159038084103,0.));
#9463=DIRECTION('',(-1.,0.,0.));
#9464=DIRECTION('',(0.,0.,1.));
#9465=DIRECTION('',(0.,0.,-1.));
#9466=DIRECTION('',(0.,1.,0.));
#9467=DIRECTION('',(0.,0.,-1.));
#9468=DIRECTION('',(0.,0.,-1.));
#9469=DIRECTION('',(0.,0.,-1.));
#9470=DIRECTION('',(0.,0.,-1.));
#9471=DIRECTION('',(1.,0.,0.));
#9472=DIRECTION('',(0.,0.,-1.));
#9473=DIRECTION('',(0.,0.,-1.));
#9474=DIRECTION('',(0.,-1.,0.));
#9475=DIRECTION('',(0.168480040643561,0.985705065374397,0.));
#9476=DIRECTION('',(-0.985705065374397,0.168480040643561,0.));
#9477=DIRECTION('',(0.,0.,-1.));
#9478=DIRECTION('',(0.985705065374397,-0.168480040643561,0.));
#9479=DIRECTION('',(1.,0.,0.));
#9480=DIRECTION('',(0.,0.,-1.));
#9481=DIRECTION('',(0.,0.,-1.));
#9482=DIRECTION('',(0.,-1.,0.));
#9483=DIRECTION('',(0.,-1.,0.));
#9484=DIRECTION('',(0.,0.,-1.));
#9485=DIRECTION('',(0.,0.,-1.));
#9486=DIRECTION('',(-1.,0.,0.));
#9487=DIRECTION('',(-1.,0.,0.));
#9488=DIRECTION('',(0.,0.,1.));
#9489=DIRECTION('',(0.,0.,-1.));
#9490=DIRECTION('',(0.,1.,0.));
#9491=DIRECTION('',(-0.168480040643561,0.985705065374397,0.));
#9492=DIRECTION('',(-0.985705065374397,-0.168480040643561,0.));
#9493=DIRECTION('',(0.,0.,-1.));
#9494=DIRECTION('',(0.985705065374397,0.168480040643561,0.));
#9495=DIRECTION('',(-1.,0.,0.));
#9496=DIRECTION('',(0.,0.,1.));
#9497=DIRECTION('',(0.,0.,-1.));
#9498=DIRECTION('',(0.,1.,0.));
#9499=DIRECTION('',(0.,0.,-1.));
#9500=DIRECTION('',(0.,0.,-1.));
#9501=DIRECTION('',(0.,0.,-1.));
#9502=DIRECTION('',(0.,0.,-1.));
#9503=DIRECTION('',(1.,0.,0.));
#9504=DIRECTION('',(0.,0.,-1.));
#9505=DIRECTION('',(0.,0.,-1.));
#9506=DIRECTION('',(0.,-1.,0.));
#9507=DIRECTION('',(0.168480040643561,0.985705065374397,0.));
#9508=DIRECTION('',(-0.985705065374397,0.168480040643561,0.));
#9509=DIRECTION('',(0.,0.,-1.));
#9510=DIRECTION('',(0.985705065374397,-0.168480040643561,0.));
#9511=DIRECTION('',(1.,0.,0.));
#9512=DIRECTION('',(0.,0.,-1.));
#9513=DIRECTION('',(0.,0.,-1.));
#9514=DIRECTION('',(0.,-1.,0.));
#9515=DIRECTION('',(0.,-1.,0.));
#9516=DIRECTION('',(0.,0.,-1.));
#9517=DIRECTION('',(0.,0.,-1.));
#9518=DIRECTION('',(-1.,0.,0.));
#9519=DIRECTION('',(-1.,0.,0.));
#9520=DIRECTION('',(0.,0.,1.));
#9521=DIRECTION('',(0.,0.,-1.));
#9522=DIRECTION('',(0.,1.,0.));
#9523=DIRECTION('',(-0.168480040643561,0.985705065374397,0.));
#9524=DIRECTION('',(-0.985705065374397,-0.168480040643561,0.));
#9525=DIRECTION('',(0.,0.,-1.));
#9526=DIRECTION('',(0.985705065374397,0.168480040643561,0.));
#9527=DIRECTION('',(-1.,0.,0.));
#9528=DIRECTION('',(0.,0.,1.));
#9529=DIRECTION('',(0.,0.,-1.));
#9530=DIRECTION('',(0.,1.,0.));
#9531=DIRECTION('',(0.,0.,-1.));
#9532=DIRECTION('',(0.,0.,-1.));
#9533=DIRECTION('',(0.,0.,-1.));
#9534=DIRECTION('',(0.,0.,-1.));
#9535=DIRECTION('',(-0.732871503120859,-0.680367077329123,0.));
#9536=DIRECTION('',(0.,0.,-1.));
#9537=DIRECTION('',(0.,0.,-1.));
#9538=DIRECTION('',(-1.,0.,0.));
#9539=DIRECTION('',(0.,0.,-1.));
#9540=DIRECTION('',(0.,0.,-1.));
#9541=DIRECTION('',(0.,0.,-1.));
#9542=DIRECTION('',(0.,0.,-1.));
#9543=DIRECTION('',(-0.663155422361546,-0.748481720413051,0.));
#9544=DIRECTION('',(0.,0.,-1.));
#9545=DIRECTION('',(0.,0.,-1.));
#9546=DIRECTION('',(-1.,0.,0.));
#9547=DIRECTION('',(-0.995893206467706,0.0905357460424944,0.));
#9548=DIRECTION('',(-0.0905357460424944,-0.995893206467706,0.));
#9549=DIRECTION('',(0.,0.,-1.));
#9550=DIRECTION('',(0.0905357460424944,0.995893206467706,0.));
#9551=DIRECTION('',(0.,1.,0.));
#9552=DIRECTION('',(0.,0.,1.));
#9553=DIRECTION('',(0.,0.,-1.));
#9554=DIRECTION('',(1.,0.,0.));
#9555=DIRECTION('',(1.,0.,0.));
#9556=DIRECTION('',(0.,0.,-1.));
#9557=DIRECTION('',(0.,0.,-1.));
#9558=DIRECTION('',(0.,-1.,0.));
#9559=DIRECTION('',(0.168159038084103,-0.985759878424066,0.));
#9560=DIRECTION('',(0.985759878424066,0.168159038084103,0.));
#9561=DIRECTION('',(0.,0.,-1.));
#9562=DIRECTION('',(-0.985759878424066,-0.168159038084103,0.));
#9563=DIRECTION('',(1.,0.,0.));
#9564=DIRECTION('',(0.,0.,-1.));
#9565=DIRECTION('',(0.,-1.,0.));
#9566=DIRECTION('',(0.,0.,-1.));
#9567=DIRECTION('',(1.,0.,0.));
#9568=DIRECTION('',(0.,-1.,0.));
#9569=DIRECTION('',(0.,0.,-1.));
#9570=DIRECTION('',(0.,0.,-1.));
#9571=DIRECTION('',(-1.,0.,0.));
#9572=DIRECTION('',(0.,0.,-1.));
#9573=DIRECTION('',(-1.,0.,0.));
#9574=DIRECTION('',(0.,0.,1.));
#9575=DIRECTION('',(0.,0.,-1.));
#9576=DIRECTION('',(0.,1.,0.));
#9577=DIRECTION('',(0.,0.,-1.));
#9578=DIRECTION('',(0.,0.,-1.));
#9579=DIRECTION('',(0.,0.,-1.));
#9580=DIRECTION('',(0.,0.,-1.));
#9581=DIRECTION('',(1.,0.,0.));
#9582=DIRECTION('',(0.,0.,-1.));
#9583=DIRECTION('',(0.,0.,-1.));
#9584=DIRECTION('',(0.,-1.,0.));
#9585=DIRECTION('',(0.,0.,-1.));
#9586=DIRECTION('',(0.,0.,-1.));
#9587=DIRECTION('',(0.,0.,-1.));
#9588=DIRECTION('',(0.,0.,-1.));
#9589=DIRECTION('',(-1.,0.,0.));
#9590=DIRECTION('',(0.,0.,1.));
#9591=DIRECTION('',(0.,0.,-1.));
#9592=DIRECTION('',(0.,1.,0.));
#9593=DIRECTION('',(0.,1.,0.));
#9594=DIRECTION('',(0.,0.,1.));
#9595=DIRECTION('',(0.,0.,-1.));
#9596=DIRECTION('',(1.,0.,0.));
#9597=DIRECTION('',(0.984162001364295,0.177271416394821,0.));
#9598=DIRECTION('',(-0.177271416394821,0.984162001364295,0.));
#9599=DIRECTION('',(0.,0.,-1.));
#9600=DIRECTION('',(0.177271416394821,-0.984162001364295,0.));
#9601=DIRECTION('',(0.,0.,-1.));
#9602=DIRECTION('',(0.,0.,-1.));
#9603=DIRECTION('',(0.,0.,-1.));
#9604=DIRECTION('',(0.,0.,-1.));
#9605=DIRECTION('',(-1.,0.,0.));
#9606=DIRECTION('',(0.,0.,1.));
#9607=DIRECTION('',(0.,0.,-1.));
#9608=DIRECTION('',(0.,1.,0.));
#9609=DIRECTION('',(0.,0.,-1.));
#9610=DIRECTION('',(0.,0.,-1.));
#9611=DIRECTION('',(0.,0.,-1.));
#9612=DIRECTION('',(0.,0.,-1.));
#9613=DIRECTION('',(0.549816411060695,-0.835285528504078,0.));
#9614=DIRECTION('',(0.,0.,-1.));
#9615=DIRECTION('',(0.,0.,-1.));
#9616=DIRECTION('',(-1.,0.,0.));
#9617=DIRECTION('',(0.984162001364295,-0.177271416394821,0.));
#9618=DIRECTION('',(0.177271416394821,0.984162001364295,0.));
#9619=DIRECTION('',(-0.177271416394821,-0.984162001364295,0.));
#9620=DIRECTION('',(0.,0.,-1.));
#9621=DIRECTION('',(1.,0.,0.));
#9622=DIRECTION('',(1.,0.,0.));
#9623=DIRECTION('',(0.,0.,-1.));
#9624=DIRECTION('',(0.,0.,-1.));
#9625=DIRECTION('',(0.,-1.,0.));
#9626=DIRECTION('',(0.,0.,-1.));
#9627=DIRECTION('',(0.168480040643561,-0.985705065374397,0.));
#9628=DIRECTION('',(0.985705065374397,0.168480040643561,0.));
#9629=DIRECTION('',(0.,0.,-1.));
#9630=DIRECTION('',(-0.985705065374397,-0.168480040643561,0.));
#9631=DIRECTION('',(1.,0.,0.));
#9632=DIRECTION('',(0.,0.,-1.));
#9633=DIRECTION('',(0.,0.,-1.));
#9634=DIRECTION('',(0.,-1.,0.));
#9635=DIRECTION('',(0.168480040643561,0.985705065374397,0.));
#9636=DIRECTION('',(-0.985705065374397,0.168480040643561,0.));
#9637=DIRECTION('',(0.,0.,-1.));
#9638=DIRECTION('',(0.985705065374397,-0.168480040643561,0.));
#9639=DIRECTION('',(1.,0.,0.));
#9640=DIRECTION('',(0.,0.,-1.));
#9641=DIRECTION('',(0.,0.,-1.));
#9642=DIRECTION('',(0.,-1.,0.));
#9643=DIRECTION('',(0.,-1.,0.));
#9644=DIRECTION('',(0.,0.,-1.));
#9645=DIRECTION('',(0.,0.,-1.));
#9646=DIRECTION('',(-1.,0.,0.));
#9647=DIRECTION('',(-1.,0.,0.));
#9648=DIRECTION('',(0.,0.,1.));
#9649=DIRECTION('',(0.,0.,-1.));
#9650=DIRECTION('',(0.,1.,0.));
#9651=DIRECTION('',(-0.168480040643561,0.985705065374397,0.));
#9652=DIRECTION('',(-0.985705065374397,-0.168480040643561,0.));
#9653=DIRECTION('',(0.,0.,-1.));
#9654=DIRECTION('',(0.985705065374397,0.168480040643561,0.));
#9655=DIRECTION('',(-1.,0.,0.));
#9656=DIRECTION('',(0.,0.,1.));
#9657=DIRECTION('',(0.,0.,-1.));
#9658=DIRECTION('',(0.,1.,0.));
#9659=DIRECTION('',(-0.168480040643561,-0.985705065374397,0.));
#9660=DIRECTION('',(0.985705065374397,-0.168480040643561,0.));
#9661=DIRECTION('',(0.,0.,-1.));
#9662=DIRECTION('',(-0.985705065374397,0.168480040643561,0.));
#9663=DIRECTION('',(-1.,0.,0.));
#9664=DIRECTION('',(0.,0.,1.));
#9665=DIRECTION('',(0.,0.,-1.));
#9666=DIRECTION('',(0.,1.,0.));
#9667=DIRECTION('',(0.,1.,0.));
#9668=DIRECTION('',(0.,0.,1.));
#9669=DIRECTION('',(1.,0.,0.));
#9670=DIRECTION('',(0.,0.,-1.));
#9671=DIRECTION('',(1.,0.,0.));
#9672=DIRECTION('',(1.,0.,0.));
#9673=DIRECTION('',(0.,0.,-1.));
#9674=DIRECTION('',(0.,0.,-1.));
#9675=DIRECTION('',(0.,-1.,0.));
#9676=DIRECTION('',(0.,0.,-1.));
#9677=DIRECTION('',(0.168159038084103,-0.985759878424066,0.));
#9678=DIRECTION('',(0.985759878424066,0.168159038084103,0.));
#9679=DIRECTION('',(0.,0.,-1.));
#9680=DIRECTION('',(-0.985759878424066,-0.168159038084103,0.));
#9681=DIRECTION('',(1.,0.,0.));
#9682=DIRECTION('',(0.,0.,-1.));
#9683=DIRECTION('',(0.,0.,-1.));
#9684=DIRECTION('',(0.,-1.,0.));
#9685=DIRECTION('',(0.168159038084103,0.985759878424066,0.));
#9686=DIRECTION('',(-0.985759878424066,0.168159038084103,0.));
#9687=DIRECTION('',(0.,0.,-1.));
#9688=DIRECTION('',(0.985759878424066,-0.168159038084103,0.));
#9689=DIRECTION('',(1.,0.,0.));
#9690=DIRECTION('',(0.,0.,-1.));
#9691=DIRECTION('',(0.,0.,-1.));
#9692=DIRECTION('',(0.,-1.,0.));
#9693=DIRECTION('',(0.,-1.,0.));
#9694=DIRECTION('',(0.,0.,-1.));
#9695=DIRECTION('',(0.,0.,-1.));
#9696=DIRECTION('',(-1.,0.,0.));
#9697=DIRECTION('',(-1.,0.,0.));
#9698=DIRECTION('',(0.,0.,1.));
#9699=DIRECTION('',(0.,0.,-1.));
#9700=DIRECTION('',(0.,1.,0.));
#9701=DIRECTION('',(-0.168159038084103,0.985759878424066,0.));
#9702=DIRECTION('',(-0.985759878424066,-0.168159038084103,0.));
#9703=DIRECTION('',(0.,0.,-1.));
#9704=DIRECTION('',(0.985759878424066,0.168159038084103,0.));
#9705=DIRECTION('',(-1.,0.,0.));
#9706=DIRECTION('',(0.,0.,1.));
#9707=DIRECTION('',(0.,0.,-1.));
#9708=DIRECTION('',(0.,1.,0.));
#9709=DIRECTION('',(0.,0.,-1.));
#9710=DIRECTION('',(0.,0.,-1.));
#9711=DIRECTION('',(0.0513606943830238,-0.99868016855873,0.));
#9712=DIRECTION('',(0.99868016855873,0.0513606943830238,0.));
#9713=DIRECTION('',(0.,0.,-1.));
#9714=DIRECTION('',(-0.99868016855873,-0.0513606943830238,0.));
#9715=DIRECTION('',(-0.990087733760436,-0.140450273966,0.));
#9716=DIRECTION('',(0.140450273966,-0.990087733760436,0.));
#9717=DIRECTION('',(0.,0.,-1.));
#9718=DIRECTION('',(-0.140450273966,0.990087733760436,0.));
#9719=DIRECTION('',(0.,0.,-1.));
#9720=DIRECTION('',(0.206984022307074,-0.978344323083435,0.));
#9721=DIRECTION('',(0.,0.,-1.));
#9722=DIRECTION('',(0.,0.,-1.));
#9723=DIRECTION('',(-1.,0.,0.));
#9724=DIRECTION('',(0.,0.,-1.));
#9725=DIRECTION('',(0.0730348981101891,-0.997329385738751,0.));
#9726=DIRECTION('',(0.,0.,-1.));
#9727=DIRECTION('',(0.,0.,-1.));
#9728=DIRECTION('',(-1.,0.,0.));
#9729=DIRECTION('',(0.,0.,-1.));
#9730=DIRECTION('',(0.,0.,-1.));
#9731=DIRECTION('',(-0.992828820078291,0.119544694662491,0.));
#9732=DIRECTION('',(-0.119544694662491,-0.992828820078291,0.));
#9733=DIRECTION('',(0.,0.,-1.));
#9734=DIRECTION('',(0.119544694662491,0.992828820078291,0.));
#9735=DIRECTION('',(0.,1.,0.));
#9736=DIRECTION('',(0.,0.,1.));
#9737=DIRECTION('',(1.,0.,0.));
#9738=DIRECTION('',(0.,0.,-1.));
#9739=DIRECTION('',(1.,0.,0.));
#9740=DIRECTION('',(-1.,0.,0.));
#9741=DIRECTION('',(0.,0.,1.));
#9742=DIRECTION('',(0.,0.,-1.));
#9743=DIRECTION('',(0.,1.,0.));
#9744=DIRECTION('',(0.,0.,-1.));
#9745=DIRECTION('',(0.,1.,0.));
#9746=DIRECTION('',(0.,0.,1.));
#9747=DIRECTION('',(0.,0.,-1.));
#9748=DIRECTION('',(1.,0.,0.));
#9749=DIRECTION('',(1.,0.,0.));
#9750=DIRECTION('',(0.,0.,-1.));
#9751=DIRECTION('',(0.,0.,-1.));
#9752=DIRECTION('',(0.,-1.,0.));
#9753=DIRECTION('',(0.,1.,0.));
#9754=DIRECTION('',(0.,0.,1.));
#9755=DIRECTION('',(0.,0.,-1.));
#9756=DIRECTION('',(1.,0.,0.));
#9757=DIRECTION('',(1.,0.,0.));
#9758=DIRECTION('',(0.,0.,-1.));
#9759=DIRECTION('',(0.,0.,-1.));
#9760=DIRECTION('',(0.,-1.,0.));
#9761=DIRECTION('',(0.,-1.,0.));
#9762=DIRECTION('',(0.,0.,-1.));
#9763=DIRECTION('',(0.,0.,-1.));
#9764=DIRECTION('',(-1.,0.,0.));
#9765=DIRECTION('',(1.,0.,0.));
#9766=DIRECTION('',(0.,0.,-1.));
#9767=DIRECTION('',(0.,0.,-1.));
#9768=DIRECTION('',(0.,-1.,0.));
#9769=DIRECTION('',(0.,0.,-1.));
#9770=DIRECTION('',(0.,0.,-1.));
#9771=DIRECTION('',(0.,0.,-1.));
#9772=DIRECTION('',(0.105522665949866,0.994416897971285,0.));
#9773=DIRECTION('',(0.,0.,-1.));
#9774=DIRECTION('',(0.,0.,-1.));
#9775=DIRECTION('',(-1.,0.,0.));
#9776=DIRECTION('',(0.,0.,-1.));
#9777=DIRECTION('',(-0.98067016501736,0.195668156440501,0.));
#9778=DIRECTION('',(-0.195668156440501,-0.98067016501736,0.));
#9779=DIRECTION('',(0.,0.,-1.));
#9780=DIRECTION('',(0.195668156440501,0.98067016501736,0.));
#9781=DIRECTION('',(0.,0.,-1.));
#9782=DIRECTION('',(0.16989413985574,0.985462318530079,0.));
#9783=DIRECTION('',(0.,0.,-1.));
#9784=DIRECTION('',(0.,0.,-1.));
#9785=DIRECTION('',(-1.,0.,0.));
#9786=DIRECTION('',(0.,0.,-1.));
#9787=DIRECTION('',(0.0738774933471708,0.997267324229937,0.));
#9788=DIRECTION('',(0.,0.,-1.));
#9789=DIRECTION('',(0.,0.,-1.));
#9790=DIRECTION('',(-1.,0.,0.));
#9791=DIRECTION('',(0.,0.,-1.));
#9792=DIRECTION('',(0.,0.,-1.));
#9793=DIRECTION('',(-1.,0.,0.));
#9794=DIRECTION('',(0.,0.,1.));
#9795=DIRECTION('',(0.,0.,-1.));
#9796=DIRECTION('',(0.,1.,0.));
#9797=DIRECTION('',(0.,-1.,0.));
#9798=DIRECTION('',(0.,0.,-1.));
#9799=DIRECTION('',(0.,0.,-1.));
#9800=DIRECTION('',(-1.,0.,0.));
#9801=DIRECTION('',(-1.,0.,0.));
#9802=DIRECTION('',(0.,0.,1.));
#9803=DIRECTION('',(0.,0.,-1.));
#9804=DIRECTION('',(0.,1.,0.));
#9805=DIRECTION('',(0.,1.,0.));
#9806=DIRECTION('',(0.,0.,1.));
#9807=DIRECTION('',(1.,0.,0.));
#9808=DIRECTION('',(0.,0.,-1.));
#9809=DIRECTION('',(1.,0.,0.));
#9810=DIRECTION('',(0.,-1.,0.));
#9811=DIRECTION('',(0.,0.,-1.));
#9812=DIRECTION('',(0.,0.,-1.));
#9813=DIRECTION('',(-1.,0.,0.));
#9814=DIRECTION('',(0.,0.,-1.));
#9815=DIRECTION('',(-0.999083712988338,0.0427987668214376,0.));
#9816=DIRECTION('',(-0.0427987668214376,-0.999083712988338,0.));
#9817=DIRECTION('',(0.,0.,-1.));
#9818=DIRECTION('',(0.0427987668214376,0.999083712988338,0.));
#9819=DIRECTION('',(0.,0.,-1.));
#9820=DIRECTION('',(0.,0.,-1.));
#9821=DIRECTION('',(0.,0.,-1.));
#9822=DIRECTION('',(0.,0.,-1.));
#9823=DIRECTION('',(0.,0.,-1.));
#9824=DIRECTION('',(0.,0.,-1.));
#9825=DIRECTION('',(0.,0.,-1.));
#9826=DIRECTION('',(0.,0.,-1.));
#9827=DIRECTION('',(0.907819327031308,-0.419361502129635,0.));
#9828=DIRECTION('',(0.,0.,-1.));
#9829=DIRECTION('',(0.,0.,-1.));
#9830=DIRECTION('',(-1.,0.,0.));
#9831=DIRECTION('',(0.,0.,-1.));
#9832=DIRECTION('',(0.,0.,-1.));
#9833=DIRECTION('',(0.,0.,-1.));
#9834=DIRECTION('',(-0.116032680902585,0.993245396144658,0.));
#9835=DIRECTION('',(0.,0.,-1.));
#9836=DIRECTION('',(0.,0.,-1.));
#9837=DIRECTION('',(-1.,0.,0.));
#9838=DIRECTION('',(0.,0.,-1.));
#9839=DIRECTION('',(-0.96874297189797,0.248066632980514,0.));
#9840=DIRECTION('',(-0.248066632980514,-0.96874297189797,0.));
#9841=DIRECTION('',(0.,0.,-1.));
#9842=DIRECTION('',(0.248066632980514,0.96874297189797,0.));
#9843=DIRECTION('',(0.,1.,0.));
#9844=DIRECTION('',(0.,0.,1.));
#9845=DIRECTION('',(0.,0.,-1.));
#9846=DIRECTION('',(1.,0.,0.));
#9847=DIRECTION('',(0.999986577091121,-0.00518127760149342,0.));
#9848=DIRECTION('',(0.00518127760149342,0.999986577091121,0.));
#9849=DIRECTION('',(0.,0.,-1.));
#9850=DIRECTION('',(-0.00518127760149342,-0.999986577091121,0.));
#9851=DIRECTION('',(0.,0.,-1.));
#9852=DIRECTION('',(-0.428392181227003,0.903592905607149,0.));
#9853=DIRECTION('',(0.,0.,-1.));
#9854=DIRECTION('',(0.,0.,-1.));
#9855=DIRECTION('',(-1.,0.,0.));
#9856=DIRECTION('',(0.,0.,-1.));
#9857=DIRECTION('',(0.,0.,-1.));
#9858=DIRECTION('',(0.,0.,-1.));
#9859=DIRECTION('',(0.,0.,-1.));
#9860=DIRECTION('',(0.,0.,-1.));
#9861=DIRECTION('',(0.,0.,-1.));
#9862=DIRECTION('',(0.,0.,-1.));
#9863=DIRECTION('',(0.,0.,-1.));
#9864=DIRECTION('',(0.,0.,-1.));
#9865=DIRECTION('',(0.,0.,-1.));
#9866=DIRECTION('',(0.,0.,-1.));
#9867=DIRECTION('',(0.97098071124235,-0.239157810650835,0.));
#9868=DIRECTION('',(0.239157810650835,0.97098071124235,0.));
#9869=DIRECTION('',(-0.239157810650835,-0.97098071124235,0.));
#9870=DIRECTION('',(0.,0.,-1.));
#9871=DIRECTION('',(1.,0.,0.));
#9872=DIRECTION('',(-1.,0.,0.));
#9873=DIRECTION('',(0.,0.,1.));
#9874=DIRECTION('',(0.,0.,-1.));
#9875=DIRECTION('',(0.,1.,0.));
#9876=DIRECTION('',(0.,0.,-1.));
#9877=DIRECTION('',(0.,1.,0.));
#9878=DIRECTION('',(0.,0.,1.));
#9879=DIRECTION('',(0.,0.,-1.));
#9880=DIRECTION('',(1.,0.,0.));
#9881=DIRECTION('',(1.,0.,0.));
#9882=DIRECTION('',(0.,0.,-1.));
#9883=DIRECTION('',(0.,0.,-1.));
#9884=DIRECTION('',(0.,-1.,0.));
#9885=DIRECTION('',(0.,1.,0.));
#9886=DIRECTION('',(0.,0.,1.));
#9887=DIRECTION('',(0.,0.,-1.));
#9888=DIRECTION('',(1.,0.,0.));
#9889=DIRECTION('',(1.,0.,0.));
#9890=DIRECTION('',(0.,0.,-1.));
#9891=DIRECTION('',(0.,0.,-1.));
#9892=DIRECTION('',(0.,-1.,0.));
#9893=DIRECTION('',(0.,-1.,0.));
#9894=DIRECTION('',(0.,0.,-1.));
#9895=DIRECTION('',(0.,0.,-1.));
#9896=DIRECTION('',(-1.,0.,0.));
#9897=DIRECTION('',(1.,0.,0.));
#9898=DIRECTION('',(0.,0.,-1.));
#9899=DIRECTION('',(0.,0.,-1.));
#9900=DIRECTION('',(0.,-1.,0.));
#9901=DIRECTION('',(0.,0.,-1.));
#9902=DIRECTION('',(0.,0.,-1.));
#9903=DIRECTION('',(0.,0.,-1.));
#9904=DIRECTION('',(0.105522665949762,0.994416897971296,0.));
#9905=DIRECTION('',(0.,0.,-1.));
#9906=DIRECTION('',(0.,0.,-1.));
#9907=DIRECTION('',(-1.,0.,0.));
#9908=DIRECTION('',(0.,0.,-1.));
#9909=DIRECTION('',(-0.98067016501736,0.195668156440501,0.));
#9910=DIRECTION('',(-0.195668156440501,-0.98067016501736,0.));
#9911=DIRECTION('',(0.,0.,-1.));
#9912=DIRECTION('',(0.195668156440501,0.98067016501736,0.));
#9913=DIRECTION('',(0.,0.,-1.));
#9914=DIRECTION('',(0.169894139856002,0.985462318530034,0.));
#9915=DIRECTION('',(0.,0.,-1.));
#9916=DIRECTION('',(0.,0.,-1.));
#9917=DIRECTION('',(-1.,0.,0.));
#9918=DIRECTION('',(0.,0.,-1.));
#9919=DIRECTION('',(0.0738774933470973,0.997267324229943,0.));
#9920=DIRECTION('',(0.,0.,-1.));
#9921=DIRECTION('',(0.,0.,-1.));
#9922=DIRECTION('',(-1.,0.,0.));
#9923=DIRECTION('',(0.,0.,-1.));
#9924=DIRECTION('',(0.,0.,-1.));
#9925=DIRECTION('',(-1.,0.,0.));
#9926=DIRECTION('',(0.,0.,1.));
#9927=DIRECTION('',(0.,0.,-1.));
#9928=DIRECTION('',(0.,1.,0.));
#9929=DIRECTION('',(0.,-1.,0.));
#9930=DIRECTION('',(0.,0.,-1.));
#9931=DIRECTION('',(0.,0.,-1.));
#9932=DIRECTION('',(-1.,0.,0.));
#9933=DIRECTION('',(-1.,0.,0.));
#9934=DIRECTION('',(0.,0.,1.));
#9935=DIRECTION('',(0.,0.,-1.));
#9936=DIRECTION('',(0.,1.,0.));
#9937=DIRECTION('',(0.,1.,0.));
#9938=DIRECTION('',(0.,0.,1.));
#9939=DIRECTION('',(1.,0.,0.));
#9940=DIRECTION('',(0.,0.,-1.));
#9941=DIRECTION('',(1.,0.,0.));
#9942=DIRECTION('',(1.,0.,0.));
#9943=DIRECTION('',(0.,0.,-1.));
#9944=DIRECTION('',(0.,0.,-1.));
#9945=DIRECTION('',(0.,-1.,0.));
#9946=DIRECTION('',(0.,0.,-1.));
#9947=DIRECTION('',(0.168480040643561,-0.985705065374397,0.));
#9948=DIRECTION('',(0.985705065374397,0.168480040643561,0.));
#9949=DIRECTION('',(0.,0.,-1.));
#9950=DIRECTION('',(-0.985705065374397,-0.168480040643561,0.));
#9951=DIRECTION('',(1.,0.,0.));
#9952=DIRECTION('',(0.,0.,-1.));
#9953=DIRECTION('',(0.,0.,-1.));
#9954=DIRECTION('',(0.,-1.,0.));
#9955=DIRECTION('',(0.168480040643561,0.985705065374397,0.));
#9956=DIRECTION('',(-0.985705065374397,0.168480040643561,0.));
#9957=DIRECTION('',(0.,0.,-1.));
#9958=DIRECTION('',(0.985705065374397,-0.168480040643561,0.));
#9959=DIRECTION('',(1.,0.,0.));
#9960=DIRECTION('',(0.,0.,-1.));
#9961=DIRECTION('',(0.,0.,-1.));
#9962=DIRECTION('',(0.,-1.,0.));
#9963=DIRECTION('',(0.,-1.,0.));
#9964=DIRECTION('',(0.,0.,-1.));
#9965=DIRECTION('',(0.,0.,-1.));
#9966=DIRECTION('',(-1.,0.,0.));
#9967=DIRECTION('',(-1.,0.,0.));
#9968=DIRECTION('',(0.,0.,1.));
#9969=DIRECTION('',(0.,0.,-1.));
#9970=DIRECTION('',(0.,1.,0.));
#9971=DIRECTION('',(-0.168480040643561,0.985705065374397,0.));
#9972=DIRECTION('',(-0.985705065374397,-0.168480040643561,0.));
#9973=DIRECTION('',(0.,0.,-1.));
#9974=DIRECTION('',(0.985705065374397,0.168480040643561,0.));
#9975=DIRECTION('',(-1.,0.,0.));
#9976=DIRECTION('',(0.,0.,1.));
#9977=DIRECTION('',(0.,0.,-1.));
#9978=DIRECTION('',(0.,1.,0.));
#9979=DIRECTION('',(0.,-1.,0.));
#9980=DIRECTION('',(0.,0.,-1.));
#9981=DIRECTION('',(0.,0.,-1.));
#9982=DIRECTION('',(-1.,0.,0.));
#9983=DIRECTION('',(1.,0.,0.));
#9984=DIRECTION('',(0.,0.,-1.));
#9985=DIRECTION('',(0.,0.,-1.));
#9986=DIRECTION('',(0.,-1.,0.));
#9987=DIRECTION('',(0.168480040643561,0.985705065374397,0.));
#9988=DIRECTION('',(-0.985705065374397,0.168480040643561,0.));
#9989=DIRECTION('',(0.,0.,-1.));
#9990=DIRECTION('',(0.985705065374397,-0.168480040643561,0.));
#9991=DIRECTION('',(1.,0.,0.));
#9992=DIRECTION('',(0.,0.,-1.));
#9993=DIRECTION('',(0.,0.,-1.));
#9994=DIRECTION('',(0.,-1.,0.));
#9995=DIRECTION('',(0.,-1.,0.));
#9996=DIRECTION('',(0.,0.,-1.));
#9997=DIRECTION('',(0.,0.,-1.));
#9998=DIRECTION('',(-1.,0.,0.));
#9999=DIRECTION('',(-1.,0.,0.));
#10000=DIRECTION('',(0.,0.,1.));
#10001=DIRECTION('',(0.,0.,-1.));
#10002=DIRECTION('',(0.,1.,0.));
#10003=DIRECTION('',(-0.168480040643561,0.985705065374397,0.));
#10004=DIRECTION('',(-0.985705065374397,-0.168480040643561,0.));
#10005=DIRECTION('',(0.,0.,-1.));
#10006=DIRECTION('',(0.985705065374397,0.168480040643561,0.));
#10007=DIRECTION('',(-1.,0.,0.));
#10008=DIRECTION('',(0.,0.,1.));
#10009=DIRECTION('',(0.,0.,-1.));
#10010=DIRECTION('',(0.,1.,0.));
#10011=DIRECTION('',(-0.168480040643561,-0.985705065374397,0.));
#10012=DIRECTION('',(0.985705065374397,-0.168480040643561,0.));
#10013=DIRECTION('',(0.,0.,-1.));
#10014=DIRECTION('',(-0.985705065374397,0.168480040643561,0.));
#10015=DIRECTION('',(-1.,0.,0.));
#10016=DIRECTION('',(0.,0.,1.));
#10017=DIRECTION('',(0.,0.,-1.));
#10018=DIRECTION('',(0.,1.,0.));
#10019=DIRECTION('',(0.,1.,0.));
#10020=DIRECTION('',(0.,0.,1.));
#10021=DIRECTION('',(0.,0.,-1.));
#10022=DIRECTION('',(1.,0.,0.));
#10023=DIRECTION('',(1.,0.,0.));
#10024=DIRECTION('',(0.,0.,-1.));
#10025=DIRECTION('',(0.,0.,-1.));
#10026=DIRECTION('',(0.,-1.,0.));
#10027=DIRECTION('',(0.168480040643561,-0.985705065374397,0.));
#10028=DIRECTION('',(0.985705065374397,0.168480040643561,0.));
#10029=DIRECTION('',(0.,0.,-1.));
#10030=DIRECTION('',(-0.985705065374397,-0.168480040643561,0.));
#10031=DIRECTION('',(1.,0.,0.));
#10032=DIRECTION('',(0.,0.,-1.));
#10033=DIRECTION('',(0.,0.,-1.));
#10034=DIRECTION('',(0.,-1.,0.));
#10035=DIRECTION('',(0.,1.,0.));
#10036=DIRECTION('',(0.,0.,1.));
#10037=DIRECTION('',(0.,0.,-1.));
#10038=DIRECTION('',(1.,0.,0.));
#10039=DIRECTION('',(-1.,0.,0.));
#10040=DIRECTION('',(0.,0.,1.));
#10041=DIRECTION('',(0.,0.,-1.));
#10042=DIRECTION('',(0.,1.,0.));
#10043=DIRECTION('',(-0.168480040643561,-0.985705065374397,0.));
#10044=DIRECTION('',(0.985705065374397,-0.168480040643561,0.));
#10045=DIRECTION('',(0.,0.,-1.));
#10046=DIRECTION('',(-0.985705065374397,0.168480040643561,0.));
#10047=DIRECTION('',(-1.,0.,0.));
#10048=DIRECTION('',(0.,0.,1.));
#10049=DIRECTION('',(0.,0.,-1.));
#10050=DIRECTION('',(0.,1.,0.));
#10051=DIRECTION('',(0.,1.,0.));
#10052=DIRECTION('',(0.,0.,1.));
#10053=DIRECTION('',(1.,0.,0.));
#10054=DIRECTION('',(0.,0.,-1.));
#10055=DIRECTION('',(1.,0.,0.));
#10056=DIRECTION('',(0.,0.,-1.));
#10057=DIRECTION('',(0.,0.,-1.));
#10058=DIRECTION('',(-1.,0.,0.));
#10059=DIRECTION('',(0.,0.,1.));
#10060=DIRECTION('',(0.,1.,0.));
#10061=DIRECTION('',(0.,0.,-1.));
#10062=DIRECTION('',(0.,1.,0.));
#10063=DIRECTION('',(0.,0.,-1.));
#10064=DIRECTION('',(0.,0.,-1.));
#10065=DIRECTION('',(0.,0.,-1.));
#10066=DIRECTION('',(0.,0.,-1.));
#10067=DIRECTION('',(1.,0.,0.));
#10068=DIRECTION('',(0.,0.,-1.));
#10069=DIRECTION('',(0.,-1.,0.));
#10070=DIRECTION('',(0.,0.,-1.));
#10071=DIRECTION('',(0.,-1.,0.));
#10072=DIRECTION('',(0.,0.,-1.));
#10073=DIRECTION('',(0.,0.,-1.));
#10074=DIRECTION('',(0.,0.,-1.));
#10075=DIRECTION('',(0.,0.,-1.));
#10076=DIRECTION('',(1.,0.,0.));
#10077=DIRECTION('',(0.,0.,-1.));
#10078=DIRECTION('',(0.,0.,-1.));
#10079=DIRECTION('',(0.,-1.,0.));
#10080=DIRECTION('',(0.,0.,-1.));
#10081=DIRECTION('',(0.,0.,-1.));
#10082=DIRECTION('',(0.,0.,-1.));
#10083=DIRECTION('',(0.,0.,-1.));
#10084=DIRECTION('',(-1.,0.,0.));
#10085=DIRECTION('',(0.,0.,1.));
#10086=DIRECTION('',(0.,0.,-1.));
#10087=DIRECTION('',(0.,1.,0.));
#10088=DIRECTION('',(0.,0.,-1.));
#10089=DIRECTION('',(0.,0.,-1.));
#10090=DIRECTION('',(0.,0.,-1.));
#10091=DIRECTION('',(1.,0.,0.));
#10092=DIRECTION('',(0.,0.,-1.));
#10093=DIRECTION('',(0.,0.,-1.));
#10094=DIRECTION('',(0.,0.,-1.));
#10095=DIRECTION('',(0.,0.,-1.));
#10096=DIRECTION('',(1.,0.,0.));
#10097=DIRECTION('',(0.,0.,-1.));
#10098=DIRECTION('',(0.,-1.,0.));
#10099=DIRECTION('',(0.,0.,-1.));
#10100=DIRECTION('',(0.,-1.,0.));
#10101=DIRECTION('',(0.,1.,0.));
#10102=DIRECTION('',(0.,0.,1.));
#10103=DIRECTION('',(1.,0.,0.));
#10104=DIRECTION('',(0.,0.,-1.));
#10105=DIRECTION('',(1.,0.,0.));
#10106=DIRECTION('',(-0.916157334902336,0.400818834019373,0.));
#10107=DIRECTION('',(-0.400818834019373,-0.916157334902336,0.));
#10108=DIRECTION('',(0.400818834019373,0.916157334902336,0.));
#10109=DIRECTION('',(0.,0.,-1.));
#10110=DIRECTION('',(0.400818834019373,0.916157334902336,0.));
#10111=DIRECTION('',(0.,0.,-1.));
#10112=DIRECTION('',(0.,0.,-1.));
#10113=DIRECTION('',(0.,0.,-1.));
#10114=DIRECTION('',(0.,0.,-1.));
#10115=DIRECTION('',(-0.856546759435178,0.516069422559694,0.));
#10116=DIRECTION('',(-0.516069422559694,-0.856546759435178,0.));
#10117=DIRECTION('',(0.,0.,-1.));
#10118=DIRECTION('',(0.516069422559694,0.856546759435178,0.));
#10119=DIRECTION('',(0.,0.,-1.));
#10120=DIRECTION('',(0.517086292878558,0.85593327176662,0.));
#10121=DIRECTION('',(0.,0.,-1.));
#10122=DIRECTION('',(0.,0.,-1.));
#10123=DIRECTION('',(-1.,0.,0.));
#10124=DIRECTION('',(0.,0.,-1.));
#10125=DIRECTION('',(0.,0.,-1.));
#10126=DIRECTION('',(0.,0.,-1.));
#10127=DIRECTION('',(-0.847998304005147,-0.529998940003086,0.));
#10128=DIRECTION('',(0.529998940003086,-0.847998304005147,0.));
#10129=DIRECTION('',(0.,0.,-1.));
#10130=DIRECTION('',(-0.529998940003086,0.847998304005147,0.));
#10131=DIRECTION('',(0.,-1.,0.));
#10132=DIRECTION('',(0.,0.,-1.));
#10133=DIRECTION('',(0.,0.,-1.));
#10134=DIRECTION('',(-1.,0.,0.));
#10135=DIRECTION('',(-1.,0.,0.));
#10136=DIRECTION('',(0.,0.,1.));
#10137=DIRECTION('',(0.,0.,-1.));
#10138=DIRECTION('',(0.,1.,0.));
#10139=DIRECTION('',(0.,0.,-1.));
#10140=DIRECTION('',(0.,0.,-1.));
#10141=DIRECTION('',(0.,0.,-1.));
#10142=DIRECTION('',(0.,0.,-1.));
#10143=DIRECTION('',(1.,0.,0.));
#10144=DIRECTION('',(0.,0.,-1.));
#10145=DIRECTION('',(0.,0.,-1.));
#10146=DIRECTION('',(0.,-1.,0.));
#10147=DIRECTION('',(0.,0.,-1.));
#10148=DIRECTION('',(1.,0.,0.));
#10149=DIRECTION('',(0.,0.,-1.));
#10150=DIRECTION('',(0.,0.,-1.));
#10151=DIRECTION('',(0.,0.,-1.));
#10152=DIRECTION('',(0.,0.,-1.));
#10153=DIRECTION('',(1.,0.,0.));
#10154=DIRECTION('',(0.,0.,-1.));
#10155=DIRECTION('',(0.,-1.,0.));
#10156=DIRECTION('',(0.,0.,-1.));
#10157=DIRECTION('',(0.,-1.,0.));
#10158=DIRECTION('',(0.,1.,0.));
#10159=DIRECTION('',(0.,0.,1.));
#10160=DIRECTION('',(1.,0.,0.));
#10161=DIRECTION('',(0.,0.,-1.));
#10162=DIRECTION('',(1.,0.,0.));
#10163=DIRECTION('',(-0.916157334902275,0.400818834019511,0.));
#10164=DIRECTION('',(-0.400818834019511,-0.916157334902275,0.));
#10165=DIRECTION('',(0.400818834019511,0.916157334902275,0.));
#10166=DIRECTION('',(0.,0.,-1.));
#10167=DIRECTION('',(0.400818834019511,0.916157334902275,0.));
#10168=DIRECTION('',(0.,0.,-1.));
#10169=DIRECTION('',(0.,0.,-1.));
#10170=DIRECTION('',(0.,0.,-1.));
#10171=DIRECTION('',(0.,0.,-1.));
#10172=DIRECTION('',(-0.856546759435178,0.516069422559694,0.));
#10173=DIRECTION('',(-0.516069422559694,-0.856546759435178,0.));
#10174=DIRECTION('',(0.,0.,-1.));
#10175=DIRECTION('',(0.516069422559694,0.856546759435178,0.));
#10176=DIRECTION('',(0.,0.,-1.));
#10177=DIRECTION('',(0.517086292878371,0.855933271766733,0.));
#10178=DIRECTION('',(0.,0.,-1.));
#10179=DIRECTION('',(0.,0.,-1.));
#10180=DIRECTION('',(-1.,0.,0.));
#10181=DIRECTION('',(0.,0.,-1.));
#10182=DIRECTION('',(0.,0.,-1.));
#10183=DIRECTION('',(0.,0.,-1.));
#10184=DIRECTION('',(-0.847998304005049,-0.529998940003243,0.));
#10185=DIRECTION('',(0.529998940003243,-0.847998304005049,0.));
#10186=DIRECTION('',(0.,0.,-1.));
#10187=DIRECTION('',(-0.529998940003243,0.847998304005049,0.));
#10188=DIRECTION('',(0.,-1.,0.));
#10189=DIRECTION('',(0.,0.,-1.));
#10190=DIRECTION('',(0.,0.,-1.));
#10191=DIRECTION('',(-1.,0.,0.));
#10192=DIRECTION('',(-1.,0.,0.));
#10193=DIRECTION('',(0.,0.,1.));
#10194=DIRECTION('',(0.,0.,-1.));
#10195=DIRECTION('',(0.,1.,0.));
#10196=DIRECTION('',(0.,0.,-1.));
#10197=DIRECTION('',(0.,0.,-1.));
#10198=DIRECTION('',(0.,0.,-1.));
#10199=DIRECTION('',(0.,0.,-1.));
#10200=DIRECTION('',(1.,0.,0.));
#10201=DIRECTION('',(0.,0.,-1.));
#10202=DIRECTION('',(0.,0.,-1.));
#10203=DIRECTION('',(0.,-1.,0.));
#10204=DIRECTION('',(0.,0.,-1.));
#10205=DIRECTION('',(1.,0.,0.));
#10206=DIRECTION('',(0.,0.,-1.));
#10207=DIRECTION('',(0.,0.,-1.));
#10208=DIRECTION('',(-1.,0.,0.));
#10209=DIRECTION('',(0.,0.,1.));
#10210=DIRECTION('',(0.,1.,0.));
#10211=DIRECTION('',(0.,0.,-1.));
#10212=DIRECTION('',(0.,1.,0.));
#10213=DIRECTION('',(0.,0.,-1.));
#10214=DIRECTION('',(0.,0.,-1.));
#10215=DIRECTION('',(0.,0.,-1.));
#10216=DIRECTION('',(0.,0.,-1.));
#10217=DIRECTION('',(1.,0.,0.));
#10218=DIRECTION('',(0.,0.,-1.));
#10219=DIRECTION('',(0.,-1.,0.));
#10220=DIRECTION('',(0.,0.,-1.));
#10221=DIRECTION('',(0.,-1.,0.));
#10222=DIRECTION('',(0.,0.,-1.));
#10223=DIRECTION('',(0.,0.,-1.));
#10224=DIRECTION('',(0.,0.,-1.));
#10225=DIRECTION('',(0.,0.,-1.));
#10226=DIRECTION('',(1.,0.,0.));
#10227=DIRECTION('',(0.,0.,-1.));
#10228=DIRECTION('',(0.,0.,-1.));
#10229=DIRECTION('',(0.,-1.,0.));
#10230=DIRECTION('',(0.,0.,-1.));
#10231=DIRECTION('',(0.,0.,-1.));
#10232=DIRECTION('',(0.,0.,-1.));
#10233=DIRECTION('',(0.,0.,-1.));
#10234=DIRECTION('',(-1.,0.,0.));
#10235=DIRECTION('',(0.,0.,1.));
#10236=DIRECTION('',(0.,0.,-1.));
#10237=DIRECTION('',(0.,1.,0.));
#10238=DIRECTION('',(0.,0.,-1.));
#10239=DIRECTION('',(0.,0.,-1.));
#10240=DIRECTION('',(0.,0.,-1.));
#10241=DIRECTION('',(1.,0.,0.));
#10242=DIRECTION('',(0.,0.,-1.));
#10243=DIRECTION('',(0.,0.,-1.));
#10244=DIRECTION('',(1.,0.,0.));
#10245=DIRECTION('',(0.,0.,-1.));
#10246=DIRECTION('',(0.,-1.,0.));
#10247=DIRECTION('',(0.,0.,-1.));
#10248=DIRECTION('',(0.,-1.,0.));
#10249=DIRECTION('',(0.,0.,-1.));
#10250=DIRECTION('',(0.,0.,-1.));
#10251=DIRECTION('',(0.,0.,-1.));
#10252=DIRECTION('',(0.,0.,-1.));
#10253=DIRECTION('',(-1.,0.,0.));
#10254=DIRECTION('',(0.,0.,1.));
#10255=DIRECTION('',(0.,1.,0.));
#10256=DIRECTION('',(0.,0.,-1.));
#10257=DIRECTION('',(0.,1.,0.));
#10258=DIRECTION('',(0.,0.,-1.));
#10259=DIRECTION('',(-0.729010875669463,-0.684502113331758,0.));
#10260=DIRECTION('',(0.,0.,-1.));
#10261=DIRECTION('',(-1.,0.,0.));
#10262=DIRECTION('',(0.,0.,-1.));
#10263=DIRECTION('',(0.,0.,-1.));
#10264=DIRECTION('',(-1.,0.,0.));
#10265=DIRECTION('',(0.,0.,-1.));
#10266=DIRECTION('',(0.168159038084103,0.985759878424066,0.));
#10267=DIRECTION('',(-0.985759878424066,0.168159038084103,0.));
#10268=DIRECTION('',(0.,0.,-1.));
#10269=DIRECTION('',(0.985759878424066,-0.168159038084103,0.));
#10270=DIRECTION('',(0.,0.,-1.));
#10271=DIRECTION('',(1.,0.,0.));
#10272=DIRECTION('',(0.,0.,-1.));
#10273=DIRECTION('',(0.,0.,-1.));
#10274=DIRECTION('',(0.,-1.,0.));
#10275=DIRECTION('',(0.,-1.,0.));
#10276=DIRECTION('',(0.,0.,-1.));
#10277=DIRECTION('',(0.,0.,-1.));
#10278=DIRECTION('',(-1.,0.,0.));
#10279=DIRECTION('',(-1.,0.,0.));
#10280=DIRECTION('',(0.,0.,1.));
#10281=DIRECTION('',(0.,0.,-1.));
#10282=DIRECTION('',(0.,1.,0.));
#10283=DIRECTION('',(-0.168159038084103,0.985759878424066,0.));
#10284=DIRECTION('',(-0.985759878424066,-0.168159038084103,0.));
#10285=DIRECTION('',(0.,0.,-1.));
#10286=DIRECTION('',(0.985759878424066,0.168159038084103,0.));
#10287=DIRECTION('',(-1.,0.,0.));
#10288=DIRECTION('',(0.,0.,1.));
#10289=DIRECTION('',(0.,0.,-1.));
#10290=DIRECTION('',(0.,1.,0.));
#10291=DIRECTION('',(0.,0.,-1.));
#10292=DIRECTION('',(-0.611106817970474,0.791548139426783,0.));
#10293=DIRECTION('',(0.,0.,-1.));
#10294=DIRECTION('',(0.,0.,-1.));
#10295=DIRECTION('',(-1.,0.,0.));
#10296=DIRECTION('',(0.,0.,-1.));
#10297=DIRECTION('',(0.,0.,-1.));
#10298=DIRECTION('',(0.,0.,-1.));
#10299=DIRECTION('',(-1.,0.,0.));
#10300=DIRECTION('',(0.,0.,1.));
#10301=DIRECTION('',(0.,0.,-1.));
#10302=DIRECTION('',(0.,1.,0.));
#10303=DIRECTION('',(0.,0.,-1.));
#10304=DIRECTION('',(0.,0.,-1.));
#10305=DIRECTION('',(0.,0.,-1.));
#10306=DIRECTION('',(0.,0.,-1.));
#10307=DIRECTION('',(-0.649833170352296,-0.760076871579371,0.));
#10308=DIRECTION('',(0.,0.,-1.));
#10309=DIRECTION('',(0.,0.,-1.));
#10310=DIRECTION('',(-1.,0.,0.));
#10311=DIRECTION('',(-0.990888616285562,0.134683889592205,0.));
#10312=DIRECTION('',(-0.134683889592205,-0.990888616285562,0.));
#10313=DIRECTION('',(0.,0.,-1.));
#10314=DIRECTION('',(0.134683889592205,0.990888616285562,0.));
#10315=DIRECTION('',(0.,1.,0.));
#10316=DIRECTION('',(0.,0.,1.));
#10317=DIRECTION('',(0.,0.,-1.));
#10318=DIRECTION('',(1.,0.,0.));
#10319=DIRECTION('',(1.,0.,0.));
#10320=DIRECTION('',(0.,0.,-1.));
#10321=DIRECTION('',(0.,0.,-1.));
#10322=DIRECTION('',(0.,-1.,0.));
#10323=DIRECTION('',(0.168159038084103,-0.985759878424066,0.));
#10324=DIRECTION('',(0.985759878424066,0.168159038084103,0.));
#10325=DIRECTION('',(0.,0.,-1.));
#10326=DIRECTION('',(-0.985759878424066,-0.168159038084103,0.));
#10327=DIRECTION('',(1.,0.,0.));
#10328=DIRECTION('',(0.,0.,-1.));
#10329=DIRECTION('',(0.,-1.,0.));
#10330=DIRECTION('',(0.,0.,-1.));
#10331=DIRECTION('',(1.,0.,0.));
#10332=DIRECTION('',(0.,0.,-1.));
#10333=DIRECTION('',(0.,0.,-1.));
#10334=DIRECTION('',(1.,0.,0.));
#10335=DIRECTION('',(0.,0.,-1.));
#10336=DIRECTION('',(0.,-1.,0.));
#10337=DIRECTION('',(0.,0.,-1.));
#10338=DIRECTION('',(0.,-1.,0.));
#10339=DIRECTION('',(0.,0.,-1.));
#10340=DIRECTION('',(0.,0.,-1.));
#10341=DIRECTION('',(0.,0.,-1.));
#10342=DIRECTION('',(0.,0.,-1.));
#10343=DIRECTION('',(-1.,0.,0.));
#10344=DIRECTION('',(0.,0.,1.));
#10345=DIRECTION('',(0.,1.,0.));
#10346=DIRECTION('',(0.,0.,-1.));
#10347=DIRECTION('',(0.,1.,0.));
#10348=DIRECTION('',(0.,0.,-1.));
#10349=DIRECTION('',(0.,0.,-1.));
#10350=DIRECTION('',(0.,0.,-1.));
#10351=DIRECTION('',(0.,0.,-1.));
#10352=DIRECTION('',(-1.,0.,0.));
#10353=DIRECTION('',(0.,0.,1.));
#10354=DIRECTION('',(0.,0.,-1.));
#10355=DIRECTION('',(0.,1.,0.));
#10356=DIRECTION('',(0.,0.,-1.));
#10357=DIRECTION('',(0.,0.,-1.));
#10358=DIRECTION('',(0.,0.,-1.));
#10359=DIRECTION('',(0.,0.,-1.));
#10360=DIRECTION('',(1.,0.,0.));
#10361=DIRECTION('',(0.,0.,-1.));
#10362=DIRECTION('',(0.,0.,-1.));
#10363=DIRECTION('',(0.,-1.,0.));
#10364=DIRECTION('',(0.,0.,-1.));
#10365=DIRECTION('',(0.,0.,-1.));
#10366=DIRECTION('',(0.,0.,-1.));
#10367=DIRECTION('',(1.,0.,0.));
#10368=DIRECTION('',(0.,-1.,0.));
#10369=DIRECTION('',(0.,0.,-1.));
#10370=DIRECTION('',(0.,0.,-1.));
#10371=DIRECTION('',(-1.,0.,0.));
#10372=DIRECTION('',(0.,0.,-1.));
#10373=DIRECTION('',(-1.,0.,0.));
#10374=DIRECTION('',(0.,0.,1.));
#10375=DIRECTION('',(0.,0.,-1.));
#10376=DIRECTION('',(0.,1.,0.));
#10377=DIRECTION('',(0.,1.,0.));
#10378=DIRECTION('',(0.,0.,1.));
#10379=DIRECTION('',(0.,0.,-1.));
#10380=DIRECTION('',(1.,0.,0.));
#10381=DIRECTION('',(1.,0.,0.));
#10382=DIRECTION('',(0.,0.,-1.));
#10383=DIRECTION('',(0.,-1.,0.));
#10384=DIRECTION('',(0.,0.,-1.));
#10385=DIRECTION('',(1.,0.,0.));
#10386=DIRECTION('',(0.,-1.,0.));
#10387=DIRECTION('',(0.,0.,-1.));
#10388=DIRECTION('',(0.,0.,-1.));
#10389=DIRECTION('',(-1.,0.,0.));
#10390=DIRECTION('',(0.,0.,-1.));
#10391=DIRECTION('',(-1.,0.,0.));
#10392=DIRECTION('',(0.,0.,1.));
#10393=DIRECTION('',(0.,0.,-1.));
#10394=DIRECTION('',(0.,1.,0.));
#10395=DIRECTION('',(0.,1.,0.));
#10396=DIRECTION('',(0.,0.,1.));
#10397=DIRECTION('',(0.,0.,-1.));
#10398=DIRECTION('',(1.,0.,0.));
#10399=DIRECTION('',(1.,0.,0.));
#10400=DIRECTION('',(0.,0.,-1.));
#10401=DIRECTION('',(0.,-1.,0.));
#10402=DIRECTION('',(0.,0.,-1.));
#10403=DIRECTION('',(1.,0.,0.));
#10404=DIRECTION('',(0.,0.,1.));
#10405=DIRECTION('',(1.,0.,0.));
#10406=DIRECTION('',(0.,0.,1.));
#10407=DIRECTION('',(1.,0.,0.));
#10408=DIRECTION('',(0.,0.,1.));
#10409=DIRECTION('',(1.,0.,0.));
#10410=DIRECTION('',(0.,0.,1.));
#10411=DIRECTION('',(1.,0.,0.));
#10412=DIRECTION('',(0.,0.,1.));
#10413=DIRECTION('',(1.,0.,0.));
#10414=DIRECTION('',(0.,0.,1.));
#10415=DIRECTION('',(1.,0.,0.));
#10416=DIRECTION('',(0.,0.,1.));
#10417=DIRECTION('',(1.,0.,0.));
#10418=CARTESIAN_POINT('',(0.,0.,0.));
#10419=CARTESIAN_POINT('',(0.226258534681358,-0.1035877,-0.00349));
#10420=CARTESIAN_POINT('',(0.202529250457878,-0.079151950218708,-0.00349));
#10421=CARTESIAN_POINT('',(0.203180532509161,-0.079151950218708,-0.00349));
#10422=CARTESIAN_POINT('',(0.201877968406596,-0.079151950218708,-0.00349));
#10423=CARTESIAN_POINT('',(0.201877968406596,-0.0798264923432501,-0.00349));
#10424=CARTESIAN_POINT('',(0.201877968406596,-0.0805010344677923,-0.00349));
#10425=CARTESIAN_POINT('',(0.202529250457878,-0.0805010344677923,-0.00349));
#10426=CARTESIAN_POINT('',(0.203180532509161,-0.0805010344677923,-0.00349));
#10427=CARTESIAN_POINT('',(0.203180532509161,-0.0798264923432501,-0.00349));
#10428=CARTESIAN_POINT('',(0.188243336371964,-0.130925701467459,-0.00349));
#10429=CARTESIAN_POINT('',(0.187704125582754,-0.130833718450476,-0.00349));
#10430=CARTESIAN_POINT('',(0.188782547161175,-0.131017684484442,-0.00349));
#10431=CARTESIAN_POINT('',(0.188782547161175,-0.134943350485108,-0.00349));
#10432=CARTESIAN_POINT('',(0.188782547161175,-0.138869016485774,-0.00349));
#10433=CARTESIAN_POINT('',(0.188243336371964,-0.138960999502757,-0.00349));
#10434=CARTESIAN_POINT('',(0.187704125582754,-0.13905298251974,-0.00349));
#10435=CARTESIAN_POINT('',(0.187704125582754,-0.139472721114479,-0.00349));
#10436=CARTESIAN_POINT('',(0.187704125582754,-0.139892459709217,-0.00349));
#10437=CARTESIAN_POINT('',(0.188801578130206,-0.139892459709217,-0.00349));
#10438=CARTESIAN_POINT('',(0.189899030677658,-0.139892459709217,-0.00349));
#10439=CARTESIAN_POINT('',(0.189958238136866,-0.13945686197362,-0.00349));
#10440=CARTESIAN_POINT('',(0.190017777925148,-0.139021026678539,-0.00349));
#10441=CARTESIAN_POINT('',(0.191982988134123,-0.137616231381235,-0.00349));
#10442=CARTESIAN_POINT('',(0.190886526515154,-0.139767701134459,-0.00349));
#10443=CARTESIAN_POINT('',(0.190886526515154,-0.139767701134459,-0.00349));
#10444=CARTESIAN_POINT('',(0.191398248126876,-0.140025676492434,-0.00349));
#10445=CARTESIAN_POINT('',(0.192072790251418,-0.140025676492434,-0.00349));
#10446=CARTESIAN_POINT('',(0.192072790251418,-0.140025676492434,-0.00349));
#10447=CARTESIAN_POINT('',(0.192072790251418,-0.140025676492434,-0.00349));
#10448=CARTESIAN_POINT('',(0.193400728979357,-0.140025676492434,-0.00349));
#10449=CARTESIAN_POINT('',(0.194137650391278,-0.13897157226333,-0.00349));
#10450=CARTESIAN_POINT('',(0.194137650391278,-0.13897157226333,-0.00349));
#10451=CARTESIAN_POINT('',(0.194137650391278,-0.13897157226333,-0.00349));
#10452=CARTESIAN_POINT('',(0.1948745718032,-0.137917468034226,-0.00349));
#10453=CARTESIAN_POINT('',(0.1948745718032,-0.136185649852408,-0.00349));
#10454=CARTESIAN_POINT('',(0.1948745718032,-0.136185649852408,-0.00349));
#10455=CARTESIAN_POINT('',(0.1948745718032,-0.136116926908685,-0.00349));
#10456=CARTESIAN_POINT('',(0.1948745718032,-0.136048203964962,-0.00349));
#10457=CARTESIAN_POINT('',(0.1948745718032,-0.136048203964962,-0.00349));
#10458=CARTESIAN_POINT('',(0.1948745718032,-0.13450035181711,-0.00349));
#10459=CARTESIAN_POINT('',(0.194134478563107,-0.133551975193733,-0.00349));
#10460=CARTESIAN_POINT('',(0.194134478563107,-0.133551975193733,-0.00349));
#10461=CARTESIAN_POINT('',(0.194134478563107,-0.133551975193733,-0.00349));
#10462=CARTESIAN_POINT('',(0.193394385323013,-0.132603598570356,-0.00349));
#10463=CARTESIAN_POINT('',(0.192091821220449,-0.132603598570356,-0.00349));
#10464=CARTESIAN_POINT('',(0.192091821220449,-0.132603598570356,-0.00349));
#10465=CARTESIAN_POINT('',(0.192091821220449,-0.132603598570356,-0.00349));
#10466=CARTESIAN_POINT('',(0.191432080960709,-0.132603598570356,-0.00349));
#10467=CARTESIAN_POINT('',(0.190933046661674,-0.132825626542384,-0.00349));
#10468=CARTESIAN_POINT('',(0.190933046661674,-0.132825626542384,-0.00349));
#10469=CARTESIAN_POINT('',(0.191849782232517,-0.134886919740397,-0.00349));
#10470=CARTESIAN_POINT('',(0.190082996711625,-0.13348325225001,-0.00349));
#10471=CARTESIAN_POINT('',(0.190082996711625,-0.132250468367226,-0.00349));
#10472=CARTESIAN_POINT('',(0.190082996711625,-0.131017684484442,-0.00349));
#10473=CARTESIAN_POINT('',(0.190622207500835,-0.130925701467459,-0.00349));
#10474=CARTESIAN_POINT('',(0.191161418290046,-0.130833718450476,-0.00349));
#10475=CARTESIAN_POINT('',(0.191161418290046,-0.130413979855738,-0.00349));
#10476=CARTESIAN_POINT('',(0.191161418290046,-0.129994241260999,-0.00349));
#10477=CARTESIAN_POINT('',(0.189432771936399,-0.129994241260999,-0.00349));
#10478=CARTESIAN_POINT('',(0.187704125582754,-0.129994241260999,-0.00349));
#10479=CARTESIAN_POINT('',(0.187704125582754,-0.130413979855738,-0.00349));
#10480=CARTESIAN_POINT('',(0.191668910797539,-0.11473986230662,-0.00349));
#10481=CARTESIAN_POINT('',(0.190176037004665,-0.11473986230662,-0.00349));
#10482=CARTESIAN_POINT('',(0.18929321149684,-0.115734759076517,-0.00349));
#10483=CARTESIAN_POINT('',(0.191668910797539,-0.11473986230662,-0.00349));
#10484=CARTESIAN_POINT('',(0.18929321149684,-0.115734759076517,-0.00349));
#10485=CARTESIAN_POINT('',(0.18929321149684,-0.115734759076517,-0.00349));
#10486=CARTESIAN_POINT('',(0.188410385989014,-0.116729655846414,-0.00349));
#10487=CARTESIAN_POINT('',(0.188410385989014,-0.118315569932328,-0.00349));
#10488=CARTESIAN_POINT('',(0.188410385989014,-0.118315569932328,-0.00349));
#10489=CARTESIAN_POINT('',(0.188410385989014,-0.118461474028232,-0.00349));
#10490=CARTESIAN_POINT('',(0.188410385989014,-0.118607378124136,-0.00349));
#10491=CARTESIAN_POINT('',(0.188410385989014,-0.118607378124136,-0.00349));
#10492=CARTESIAN_POINT('',(0.188410385989014,-0.120131970198728,-0.00349));
#10493=CARTESIAN_POINT('',(0.189319643398271,-0.121146955213713,-0.00349));
#10494=CARTESIAN_POINT('',(0.189319643398271,-0.121146955213713,-0.00349));
#10495=CARTESIAN_POINT('',(0.189319643398271,-0.121146955213713,-0.00349));
#10496=CARTESIAN_POINT('',(0.190228900807528,-0.122161940228698,-0.00349));
#10497=CARTESIAN_POINT('',(0.19147014289877,-0.122161940228698,-0.00349));
#10498=CARTESIAN_POINT('',(0.19147014289877,-0.122161940228698,-0.00349));
#10499=CARTESIAN_POINT('',(0.19147014289877,-0.122161940228698,-0.00349));
#10500=CARTESIAN_POINT('',(0.192910152888781,-0.122161940228698,-0.00349));
#10501=CARTESIAN_POINT('',(0.193654475233103,-0.121289687481445,-0.00349));
#10502=CARTESIAN_POINT('',(0.193654475233103,-0.121289687481445,-0.00349));
#10503=CARTESIAN_POINT('',(0.193654475233103,-0.121289687481445,-0.00349));
#10504=CARTESIAN_POINT('',(0.194398797577426,-0.120417434734192,-0.00349));
#10505=CARTESIAN_POINT('',(0.194398797577426,-0.118962622879381,-0.00349));
#10506=CARTESIAN_POINT('',(0.194398797577426,-0.118962622879381,-0.00349));
#10507=CARTESIAN_POINT('',(0.194398797577426,-0.118556628873387,-0.00349));
#10508=CARTESIAN_POINT('',(0.194398797577426,-0.118150634867393,-0.00349));
#10509=CARTESIAN_POINT('',(0.192079133907762,-0.118150634867393,-0.00349));
#10510=CARTESIAN_POINT('',(0.189759470238098,-0.118150634867393,-0.00349));
#10511=CARTESIAN_POINT('',(0.189748897477526,-0.118133718450476,-0.00349));
#10512=CARTESIAN_POINT('',(0.189738324716952,-0.11811680203356,-0.00349));
#10513=CARTESIAN_POINT('',(0.189738324716952,-0.11811680203356,-0.00349));
#10514=CARTESIAN_POINT('',(0.189759470238098,-0.117087015153773,-0.00349));
#10515=CARTESIAN_POINT('',(0.190261676365304,-0.116423045789804,-0.00349));
#10516=CARTESIAN_POINT('',(0.190261676365304,-0.116423045789804,-0.00349));
#10517=CARTESIAN_POINT('',(0.190261676365304,-0.116423045789804,-0.00349));
#10518=CARTESIAN_POINT('',(0.190763882492511,-0.115759076425834,-0.00349));
#10519=CARTESIAN_POINT('',(0.191668910797539,-0.115759076425834,-0.00349));
#10520=CARTESIAN_POINT('',(0.191668910797539,-0.115759076425834,-0.00349));
#10521=CARTESIAN_POINT('',(0.191668910797539,-0.115759076425834,-0.00349));
#10522=CARTESIAN_POINT('',(0.192328651057279,-0.115759076425834,-0.00349));
#10523=CARTESIAN_POINT('',(0.192827685356313,-0.115947271564029,-0.00349));
#10524=CARTESIAN_POINT('',(0.192827685356313,-0.115947271564029,-0.00349));
#10525=CARTESIAN_POINT('',(0.191910911226067,-0.118458470538366,-0.00349));
#10526=CARTESIAN_POINT('',(0.193690753352749,-0.116464787896495,-0.00349));
#10527=CARTESIAN_POINT('',(0.193945226148854,-0.116042426409184,-0.00349));
#10528=CARTESIAN_POINT('',(0.194200029678657,-0.115619515986274,-0.00349));
#10529=CARTESIAN_POINT('',(0.194200029678657,-0.115619515986274,-0.00349));
#10530=CARTESIAN_POINT('',(0.193817295745923,-0.115249469366227,-0.00349));
#10531=CARTESIAN_POINT('',(0.193186101939729,-0.114994665836424,-0.00349));
#10532=CARTESIAN_POINT('',(0.193186101939729,-0.114994665836424,-0.00349));
#10533=CARTESIAN_POINT('',(0.193186101939729,-0.114994665836424,-0.00349));
#10534=CARTESIAN_POINT('',(0.192554908133536,-0.11473986230662,-0.00349));
#10535=CARTESIAN_POINT('',(0.191668910797539,-0.11473986230662,-0.00349));
#10536=CARTESIAN_POINT('',(0.196062950091578,-0.136384417751175,-0.00349));
#10537=CARTESIAN_POINT('',(0.196062950091578,-0.13797033183709,-0.00349));
#10538=CARTESIAN_POINT('',(0.196922515526144,-0.138998004164762,-0.00349));
#10539=CARTESIAN_POINT('',(0.196062950091578,-0.136384417751175,-0.00349));
#10540=CARTESIAN_POINT('',(0.196922515526144,-0.138998004164762,-0.00349));
#10541=CARTESIAN_POINT('',(0.196922515526144,-0.138998004164762,-0.00349));
#10542=CARTESIAN_POINT('',(0.197782080960708,-0.140025676492434,-0.00349));
#10543=CARTESIAN_POINT('',(0.199255923784552,-0.140025676492434,-0.00349));
#10544=CARTESIAN_POINT('',(0.199255923784552,-0.140025676492434,-0.00349));
#10545=CARTESIAN_POINT('',(0.199255923784552,-0.140025676492434,-0.00349));
#10546=CARTESIAN_POINT('',(0.200736110264738,-0.140025676492434,-0.00349));
#10547=CARTESIAN_POINT('',(0.201597790251418,-0.139001175992934,-0.00349));
#10548=CARTESIAN_POINT('',(0.201597790251418,-0.139001175992934,-0.00349));
#10549=CARTESIAN_POINT('',(0.201597790251418,-0.139001175992934,-0.00349));
#10550=CARTESIAN_POINT('',(0.202459470238098,-0.137976675493433,-0.00349));
#10551=CARTESIAN_POINT('',(0.202459470238098,-0.136384417751175,-0.00349));
#10552=CARTESIAN_POINT('',(0.202459470238098,-0.136384417751175,-0.00349));
#10553=CARTESIAN_POINT('',(0.202459470238098,-0.136311465703223,-0.00349));
#10554=CARTESIAN_POINT('',(0.202459470238098,-0.136238513655271,-0.00349));
#10555=CARTESIAN_POINT('',(0.202459470238098,-0.136238513655271,-0.00349));
#10556=CARTESIAN_POINT('',(0.202459470238098,-0.13463991225667,-0.00349));
#10557=CARTESIAN_POINT('',(0.20160096207959,-0.133621755413513,-0.00349));
#10558=CARTESIAN_POINT('',(0.20160096207959,-0.133621755413513,-0.00349));
#10559=CARTESIAN_POINT('',(0.20160096207959,-0.133621755413513,-0.00349));
#10560=CARTESIAN_POINT('',(0.200742453921082,-0.132603598570356,-0.00349));
#10561=CARTESIAN_POINT('',(0.199268611097239,-0.132603598570356,-0.00349));
#10562=CARTESIAN_POINT('',(0.199268611097239,-0.132603598570356,-0.00349));
#10563=CARTESIAN_POINT('',(0.199268611097239,-0.132603598570356,-0.00349));
#10564=CARTESIAN_POINT('',(0.197782080960708,-0.132603598570356,-0.00349));
#10565=CARTESIAN_POINT('',(0.196922515526144,-0.133624927241685,-0.00349));
#10566=CARTESIAN_POINT('',(0.196922515526144,-0.133624927241685,-0.00349));
#10567=CARTESIAN_POINT('',(0.196922515526144,-0.133624927241685,-0.00349));
#10568=CARTESIAN_POINT('',(0.196062950091578,-0.134646255913014,-0.00349));
#10569=CARTESIAN_POINT('',(0.196062950091578,-0.136238513655271,-0.00349));
#10570=CARTESIAN_POINT('',(0.196062950091578,-0.136238513655271,-0.00349));
#10571=CARTESIAN_POINT('',(0.196062950091578,-0.136311465703223,-0.00349));
#10572=CARTESIAN_POINT('',(0.212822890151518,-0.140755196971955,-0.00349));
#10573=CARTESIAN_POINT('',(0.212822890151518,-0.141617934234692,-0.00349));
#10574=CARTESIAN_POINT('',(0.212822890151518,-0.139892459709217,-0.00349));
#10575=CARTESIAN_POINT('',(0.213500604104232,-0.139892459709217,-0.00349));
#10576=CARTESIAN_POINT('',(0.214178318056946,-0.139892459709217,-0.00349));
#10577=CARTESIAN_POINT('',(0.214178318056946,-0.1394103418271,-0.00349));
#10578=CARTESIAN_POINT('',(0.214178318056946,-0.138928223944982,-0.00349));
#10579=CARTESIAN_POINT('',(0.213500604104232,-0.138928223944982,-0.00349));
#10580=CARTESIAN_POINT('',(0.212822890151518,-0.138928223944982,-0.00349));
#10581=CARTESIAN_POINT('',(0.212822890151518,-0.136757636199394,-0.00349));
#10582=CARTESIAN_POINT('',(0.212822890151518,-0.134587048453806,-0.00349));
#10583=CARTESIAN_POINT('',(0.212822890151518,-0.134587048453806,-0.00349));
#10584=CARTESIAN_POINT('',(0.212822890151518,-0.134083785050543,-0.00349));
#10585=CARTESIAN_POINT('',(0.213031173534801,-0.133879730771489,-0.00349));
#10586=CARTESIAN_POINT('',(0.213031173534801,-0.133879730771489,-0.00349));
#10587=CARTESIAN_POINT('',(0.213031173534801,-0.133879730771489,-0.00349));
#10588=CARTESIAN_POINT('',(0.213239456918085,-0.133675676492434,-0.00349));
#10589=CARTESIAN_POINT('',(0.213584128912756,-0.133675676492434,-0.00349));
#10590=CARTESIAN_POINT('',(0.213584128912756,-0.133675676492434,-0.00349));
#10591=CARTESIAN_POINT('',(0.213554295389374,-0.136544167127388,-0.00349));
#10592=CARTESIAN_POINT('',(0.2139700178177,-0.133705403905219,-0.00349));
#10593=CARTESIAN_POINT('',(0.213327098187384,-0.138610010226549,-0.00349));
#10594=CARTESIAN_POINT('',(0.214330610310815,-0.133766379195471,-0.00349));
#10595=CARTESIAN_POINT('',(0.214419376998005,-0.133321489013247,-0.00349));
#10596=CARTESIAN_POINT('',(0.214508188186816,-0.132876375793134,-0.00349));
#10597=CARTESIAN_POINT('',(0.214508188186816,-0.132876375793134,-0.00349));
#10598=CARTESIAN_POINT('',(0.21432422215285,-0.132755846322604,-0.00349));
#10599=CARTESIAN_POINT('',(0.21396686284549,-0.13267972244648,-0.00349));
#10600=CARTESIAN_POINT('',(0.21396686284549,-0.13267972244648,-0.00349));
#10601=CARTESIAN_POINT('',(0.213248465070651,-0.136024957841551,-0.00349));
#10602=CARTESIAN_POINT('',(0.213252144230772,-0.132603598570356,-0.00349));
#10603=CARTESIAN_POINT('',(0.213252144230772,-0.132603598570356,-0.00349));
#10604=CARTESIAN_POINT('',(0.212459187187815,-0.132603598570356,-0.00349));
#10605=CARTESIAN_POINT('',(0.211990813894442,-0.13308360190036,-0.00349));
#10606=CARTESIAN_POINT('',(0.211990813894442,-0.13308360190036,-0.00349));
#10607=CARTESIAN_POINT('',(0.211990813894442,-0.13308360190036,-0.00349));
#10608=CARTESIAN_POINT('',(0.211522440601069,-0.133563605230363,-0.00349));
#10609=CARTESIAN_POINT('',(0.211522440601069,-0.134587048453806,-0.00349));
#10610=CARTESIAN_POINT('',(0.211522440601069,-0.134587048453806,-0.00349));
#10611=CARTESIAN_POINT('',(0.211522440601069,-0.136757636199394,-0.00349));
#10612=CARTESIAN_POINT('',(0.211522440601069,-0.138928223944982,-0.00349));
#10613=CARTESIAN_POINT('',(0.210956797910425,-0.138928223944982,-0.00349));
#10614=CARTESIAN_POINT('',(0.210391155219783,-0.138928223944982,-0.00349));
#10615=CARTESIAN_POINT('',(0.210391155219783,-0.1394103418271,-0.00349));
#10616=CARTESIAN_POINT('',(0.210391155219783,-0.139892459709217,-0.00349));
#10617=CARTESIAN_POINT('',(0.210956797910425,-0.139892459709217,-0.00349));
#10618=CARTESIAN_POINT('',(0.211522440601069,-0.139892459709217,-0.00349));
#10619=CARTESIAN_POINT('',(0.211522440601069,-0.140755196971955,-0.00349));
#10620=CARTESIAN_POINT('',(0.211522440601069,-0.141617934234692,-0.00349));
#10621=CARTESIAN_POINT('',(0.212172665376293,-0.141617934234692,-0.00349));
#10622=CARTESIAN_POINT('',(0.185179350357978,-0.140755196971955,-0.00349));
#10623=CARTESIAN_POINT('',(0.185179350357978,-0.141617934234692,-0.00349));
#10624=CARTESIAN_POINT('',(0.185179350357978,-0.139892459709217,-0.00349));
#10625=CARTESIAN_POINT('',(0.185857064310692,-0.139892459709217,-0.00349));
#10626=CARTESIAN_POINT('',(0.186534778263406,-0.139892459709217,-0.00349));
#10627=CARTESIAN_POINT('',(0.186534778263406,-0.1394103418271,-0.00349));
#10628=CARTESIAN_POINT('',(0.186534778263406,-0.138928223944982,-0.00349));
#10629=CARTESIAN_POINT('',(0.185857064310692,-0.138928223944982,-0.00349));
#10630=CARTESIAN_POINT('',(0.185179350357978,-0.138928223944982,-0.00349));
#10631=CARTESIAN_POINT('',(0.185179350357978,-0.136757636199394,-0.00349));
#10632=CARTESIAN_POINT('',(0.185179350357978,-0.134587048453806,-0.00349));
#10633=CARTESIAN_POINT('',(0.185179350357978,-0.134587048453806,-0.00349));
#10634=CARTESIAN_POINT('',(0.185179350357978,-0.134083785050543,-0.00349));
#10635=CARTESIAN_POINT('',(0.185387633741261,-0.133879730771489,-0.00349));
#10636=CARTESIAN_POINT('',(0.185387633741261,-0.133879730771489,-0.00349));
#10637=CARTESIAN_POINT('',(0.185387633741261,-0.133879730771489,-0.00349));
#10638=CARTESIAN_POINT('',(0.185595917124545,-0.133675676492434,-0.00349));
#10639=CARTESIAN_POINT('',(0.185940589119217,-0.133675676492434,-0.00349));
#10640=CARTESIAN_POINT('',(0.185940589119217,-0.133675676492434,-0.00349));
#10641=CARTESIAN_POINT('',(0.185910755595834,-0.136544167127385,-0.00349));
#10642=CARTESIAN_POINT('',(0.18632647802416,-0.133705403905219,-0.00349));
#10643=CARTESIAN_POINT('',(0.185683558393837,-0.138610010226599,-0.00349));
#10644=CARTESIAN_POINT('',(0.186687070517275,-0.133766379195471,-0.00349));
#10645=CARTESIAN_POINT('',(0.186775837204465,-0.133321489013247,-0.00349));
#10646=CARTESIAN_POINT('',(0.186864648393276,-0.132876375793134,-0.00349));
#10647=CARTESIAN_POINT('',(0.186864648393276,-0.132876375793134,-0.00349));
#10648=CARTESIAN_POINT('',(0.18668068235931,-0.132755846322604,-0.00349));
#10649=CARTESIAN_POINT('',(0.186323323051951,-0.13267972244648,-0.00349));
#10650=CARTESIAN_POINT('',(0.186323323051951,-0.13267972244648,-0.00349));
#10651=CARTESIAN_POINT('',(0.185604925276935,-0.1360249578432,-0.00349));
#10652=CARTESIAN_POINT('',(0.185608604437232,-0.132603598570356,-0.00349));
#10653=CARTESIAN_POINT('',(0.185608604437232,-0.132603598570356,-0.00349));
#10654=CARTESIAN_POINT('',(0.184815647394275,-0.132603598570356,-0.00349));
#10655=CARTESIAN_POINT('',(0.184347274100902,-0.13308360190036,-0.00349));
#10656=CARTESIAN_POINT('',(0.184347274100902,-0.13308360190036,-0.00349));
#10657=CARTESIAN_POINT('',(0.184347274100902,-0.13308360190036,-0.00349));
#10658=CARTESIAN_POINT('',(0.183878900807529,-0.133563605230363,-0.00349));
#10659=CARTESIAN_POINT('',(0.183878900807529,-0.134587048453806,-0.00349));
#10660=CARTESIAN_POINT('',(0.183878900807529,-0.134587048453806,-0.00349));
#10661=CARTESIAN_POINT('',(0.183878900807529,-0.136757636199394,-0.00349));
#10662=CARTESIAN_POINT('',(0.183878900807529,-0.138928223944982,-0.00349));
#10663=CARTESIAN_POINT('',(0.183313258116886,-0.138928223944982,-0.00349));
#10664=CARTESIAN_POINT('',(0.182747615426243,-0.138928223944982,-0.00349));
#10665=CARTESIAN_POINT('',(0.182747615426243,-0.1394103418271,-0.00349));
#10666=CARTESIAN_POINT('',(0.182747615426243,-0.139892459709217,-0.00349));
#10667=CARTESIAN_POINT('',(0.183313258116886,-0.139892459709217,-0.00349));
#10668=CARTESIAN_POINT('',(0.183878900807529,-0.139892459709217,-0.00349));
#10669=CARTESIAN_POINT('',(0.183878900807529,-0.140755196971955,-0.00349));
#10670=CARTESIAN_POINT('',(0.183878900807529,-0.141617934234692,-0.00349));
#10671=CARTESIAN_POINT('',(0.184529125582754,-0.141617934234692,-0.00349));
#10672=CARTESIAN_POINT('',(0.16501075228938,-0.106217160008918,-0.00349));
#10673=CARTESIAN_POINT('',(0.16501075228938,-0.105797421414179,-0.00349));
#10674=CARTESIAN_POINT('',(0.16501075228938,-0.106636898603656,-0.00349));
#10675=CARTESIAN_POINT('',(0.166738341366969,-0.106636898603656,-0.00349));
#10676=CARTESIAN_POINT('',(0.168465930444558,-0.106636898603656,-0.00349));
#10677=CARTESIAN_POINT('',(0.168465930444558,-0.106217160008918,-0.00349));
#10678=CARTESIAN_POINT('',(0.168465930444558,-0.105797421414179,-0.00349));
#10679=CARTESIAN_POINT('',(0.167927776931404,-0.105705438397196,-0.00349));
#10680=CARTESIAN_POINT('',(0.167389623418251,-0.105613455380213,-0.00349));
#10681=CARTESIAN_POINT('',(0.167389623418251,-0.101823120714878,-0.00349));
#10682=CARTESIAN_POINT('',(0.167389623418251,-0.0980327860495438,-0.00349));
#10683=CARTESIAN_POINT('',(0.167927776931404,-0.0979408030325608,-0.00349));
#10684=CARTESIAN_POINT('',(0.168465930444558,-0.0978488200155778,-0.00349));
#10685=CARTESIAN_POINT('',(0.168465930444558,-0.097432253249011,-0.00349));
#10686=CARTESIAN_POINT('',(0.168465930444558,-0.0970156864824443,-0.00349));
#10687=CARTESIAN_POINT('',(0.166738341366969,-0.0970156864824443,-0.00349));
#10688=CARTESIAN_POINT('',(0.16501075228938,-0.0970156864824443,-0.00349));
#10689=CARTESIAN_POINT('',(0.16501075228938,-0.097432253249011,-0.00349));
#10690=CARTESIAN_POINT('',(0.16501075228938,-0.0978488200155778,-0.00349));
#10691=CARTESIAN_POINT('',(0.165548905802534,-0.0979408030325608,-0.00349));
#10692=CARTESIAN_POINT('',(0.166087059315687,-0.0980327860495438,-0.00349));
#10693=CARTESIAN_POINT('',(0.166087059315687,-0.101823120714878,-0.00349));
#10694=CARTESIAN_POINT('',(0.166087059315687,-0.105613455380213,-0.00349));
#10695=CARTESIAN_POINT('',(0.165548905802534,-0.105705438397196,-0.00349));
#10696=CARTESIAN_POINT('',(0.181738974067602,-0.0800770667688246,-0.00349));
#10697=CARTESIAN_POINT('',(0.181199763278391,-0.0799850837518415,-0.00349));
#10698=CARTESIAN_POINT('',(0.182278184856812,-0.0801690497858076,-0.00349));
#10699=CARTESIAN_POINT('',(0.182278184856812,-0.0827234287401865,-0.00349));
#10700=CARTESIAN_POINT('',(0.182278184856812,-0.0852778076945655,-0.00349));
#10701=CARTESIAN_POINT('',(0.181738974067602,-0.0853697907115485,-0.00349));
#10702=CARTESIAN_POINT('',(0.181199763278391,-0.0854617737285315,-0.00349));
#10703=CARTESIAN_POINT('',(0.181199763278391,-0.0858815123232701,-0.00349));
#10704=CARTESIAN_POINT('',(0.181199763278391,-0.0863012509180087,-0.00349));
#10705=CARTESIAN_POINT('',(0.182323647727275,-0.0863012509180087,-0.00349));
#10706=CARTESIAN_POINT('',(0.18344753217616,-0.0863012509180087,-0.00349));
#10707=CARTESIAN_POINT('',(0.183489823218451,-0.0858360494528072,-0.00349));
#10708=CARTESIAN_POINT('',(0.183532114260742,-0.0853708479876058,-0.00349));
#10709=CARTESIAN_POINT('',(0.185488243380291,-0.084057673639057,-0.00349));
#10710=CARTESIAN_POINT('',(0.18441811159674,-0.0861564040981619,-0.00349));
#10711=CARTESIAN_POINT('',(0.18441811159674,-0.0861564040981619,-0.00349));
#10712=CARTESIAN_POINT('',(0.184959436938064,-0.0864344677012255,-0.00349));
#10713=CARTESIAN_POINT('',(0.185674155552783,-0.0864344677012255,-0.00349));
#10714=CARTESIAN_POINT('',(0.185674155552783,-0.0864344677012255,-0.00349));
#10715=CARTESIAN_POINT('',(0.185674155552783,-0.0864344677012255,-0.00349));
#10716=CARTESIAN_POINT('',(0.186386759615388,-0.0864344677012255,-0.00349));
#10717=CARTESIAN_POINT('',(0.186899538503166,-0.0861035402952981,-0.00349));
#10718=CARTESIAN_POINT('',(0.186899538503166,-0.0861035402952981,-0.00349));
#10719=CARTESIAN_POINT('',(0.186899538503166,-0.0861035402952981,-0.00349));
#10720=CARTESIAN_POINT('',(0.187412317390945,-0.0857726128893707,-0.00349));
#10721=CARTESIAN_POINT('',(0.18767029274892,-0.0851128726296304,-0.00349));
#10722=CARTESIAN_POINT('',(0.18767029274892,-0.0851128726296304,-0.00349));
#10723=CARTESIAN_POINT('',(0.190003922858731,-0.0838538467095706,-0.00349));
#10724=CARTESIAN_POINT('',(0.188561576465205,-0.0860771083938662,-0.00349));
#10725=CARTESIAN_POINT('',(0.188561576465205,-0.0860771083938662,-0.00349));
#10726=CARTESIAN_POINT('',(0.189116646395274,-0.0864344677012255,-0.00349));
#10727=CARTESIAN_POINT('',(0.189856739635367,-0.0864344677012255,-0.00349));
#10728=CARTESIAN_POINT('',(0.189856739635367,-0.0864344677012255,-0.00349));
#10729=CARTESIAN_POINT('',(0.189856739635367,-0.0864344677012255,-0.00349));
#10730=CARTESIAN_POINT('',(0.19095419218282,-0.0864344677012255,-0.00349));
#10731=CARTESIAN_POINT('',(0.191588557817186,-0.0856838017005595,-0.00349));
#10732=CARTESIAN_POINT('',(0.191588557817186,-0.0856838017005595,-0.00349));
#10733=CARTESIAN_POINT('',(0.191588557817186,-0.0856838017005595,-0.00349));
#10734=CARTESIAN_POINT('',(0.192222923451551,-0.0849331356998935,-0.00349));
#10735=CARTESIAN_POINT('',(0.192222923451551,-0.0834275745943324,-0.00349));
#10736=CARTESIAN_POINT('',(0.192222923451551,-0.0834275745943324,-0.00349));
#10737=CARTESIAN_POINT('',(0.192222923451551,-0.08179831219007,-0.00349));
#10738=CARTESIAN_POINT('',(0.192222923451551,-0.0801690497858076,-0.00349));
#10739=CARTESIAN_POINT('',(0.192761076964704,-0.0800770667688246,-0.00349));
#10740=CARTESIAN_POINT('',(0.193299230477858,-0.0799850837518415,-0.00349));
#10741=CARTESIAN_POINT('',(0.193299230477858,-0.0795685169852748,-0.00349));
#10742=CARTESIAN_POINT('',(0.193299230477858,-0.079151950218708,-0.00349));
#10743=CARTESIAN_POINT('',(0.191568469572097,-0.079151950218708,-0.00349));
#10744=CARTESIAN_POINT('',(0.189837708666336,-0.079151950218708,-0.00349));
#10745=CARTESIAN_POINT('',(0.189837708666336,-0.0795685169852748,-0.00349));
#10746=CARTESIAN_POINT('',(0.189837708666336,-0.0799850837518415,-0.00349));
#10747=CARTESIAN_POINT('',(0.19037586217949,-0.0800770667688246,-0.00349));
#10748=CARTESIAN_POINT('',(0.190914015692643,-0.0801690497858076,-0.00349));
#10749=CARTESIAN_POINT('',(0.190914015692643,-0.0818046558464136,-0.00349));
#10750=CARTESIAN_POINT('',(0.190914015692643,-0.0834402619070197,-0.00349));
#10751=CARTESIAN_POINT('',(0.190914015692643,-0.0834402619070197,-0.00349));
#10752=CARTESIAN_POINT('',(0.190914015692643,-0.0844975379642957,-0.00349));
#10753=CARTESIAN_POINT('',(0.19055031272894,-0.0849373648041226,-0.00349));
#10754=CARTESIAN_POINT('',(0.19055031272894,-0.0849373648041226,-0.00349));
#10755=CARTESIAN_POINT('',(0.19055031272894,-0.0849373648041226,-0.00349));
#10756=CARTESIAN_POINT('',(0.190186609765238,-0.0853771916439494,-0.00349));
#10757=CARTESIAN_POINT('',(0.189474005702634,-0.0853771916439494,-0.00349));
#10758=CARTESIAN_POINT('',(0.189474005702634,-0.0853771916439494,-0.00349));
#10759=CARTESIAN_POINT('',(0.189474005702634,-0.0853771916439494,-0.00349));
#10760=CARTESIAN_POINT('',(0.188793119921747,-0.0853771916439494,-0.00349));
#10761=CARTESIAN_POINT('',(0.188379724983353,-0.0848982455900034,-0.00349));
#10762=CARTESIAN_POINT('',(0.188379724983353,-0.0848982455900034,-0.00349));
#10763=CARTESIAN_POINT('',(0.188379724983353,-0.0848982455900034,-0.00349));
#10764=CARTESIAN_POINT('',(0.187966330044958,-0.0844192995360573,-0.00349));
#10765=CARTESIAN_POINT('',(0.187900778929407,-0.0836918936086514,-0.00349));
#10766=CARTESIAN_POINT('',(0.187900778929407,-0.0836918936086514,-0.00349));
#10767=CARTESIAN_POINT('',(0.187900778929407,-0.0819304716972295,-0.00349));
#10768=CARTESIAN_POINT('',(0.187900778929407,-0.0801690497858076,-0.00349));
#10769=CARTESIAN_POINT('',(0.18843893244256,-0.0800770667688246,-0.00349));
#10770=CARTESIAN_POINT('',(0.188977085955713,-0.0799850837518415,-0.00349));
#10771=CARTESIAN_POINT('',(0.188977085955713,-0.0795685169852748,-0.00349));
#10772=CARTESIAN_POINT('',(0.188977085955713,-0.079151950218708,-0.00349));
#10773=CARTESIAN_POINT('',(0.187249496878125,-0.079151950218708,-0.00349));
#10774=CARTESIAN_POINT('',(0.185521907800535,-0.079151950218708,-0.00349));
#10775=CARTESIAN_POINT('',(0.185521907800535,-0.0795685169852748,-0.00349));
#10776=CARTESIAN_POINT('',(0.185521907800535,-0.0799850837518415,-0.00349));
#10777=CARTESIAN_POINT('',(0.186060061313689,-0.0800770667688246,-0.00349));
#10778=CARTESIAN_POINT('',(0.186598214826842,-0.0801690497858076,-0.00349));
#10779=CARTESIAN_POINT('',(0.186598214826842,-0.0818046558464136,-0.00349));
#10780=CARTESIAN_POINT('',(0.186598214826842,-0.0834402619070197,-0.00349));
#10781=CARTESIAN_POINT('',(0.186598214826842,-0.0834402619070197,-0.00349));
#10782=CARTESIAN_POINT('',(0.186598214826842,-0.084444674161432,-0.00349));
#10783=CARTESIAN_POINT('',(0.186224996378624,-0.0849109329026907,-0.00349));
#10784=CARTESIAN_POINT('',(0.186224996378624,-0.0849109329026907,-0.00349));
#10785=CARTESIAN_POINT('',(0.186224996378624,-0.0849109329026907,-0.00349));
#10786=CARTESIAN_POINT('',(0.185851777930405,-0.0853771916439494,-0.00349));
#10787=CARTESIAN_POINT('',(0.185145517524145,-0.0853771916439494,-0.00349));
#10788=CARTESIAN_POINT('',(0.185145517524145,-0.0853771916439494,-0.00349));
#10789=CARTESIAN_POINT('',(0.185145517524145,-0.0853771916439494,-0.00349));
#10790=CARTESIAN_POINT('',(0.184551328379956,-0.0853771916439494,-0.00349));
#10791=CARTESIAN_POINT('',(0.184167537171165,-0.0851329608747187,-0.00349));
#10792=CARTESIAN_POINT('',(0.184167537171165,-0.0851329608747187,-0.00349));
#10793=CARTESIAN_POINT('',(0.184167537171165,-0.0851329608747187,-0.00349));
#10794=CARTESIAN_POINT('',(0.183783745962373,-0.0848887301054879,-0.00349));
#10795=CARTESIAN_POINT('',(0.183578634407262,-0.084444674161432,-0.00349));
#10796=CARTESIAN_POINT('',(0.183578634407262,-0.084444674161432,-0.00349));
#10797=CARTESIAN_POINT('',(0.183578634407262,-0.0823068619736198,-0.00349));
#10798=CARTESIAN_POINT('',(0.183578634407262,-0.0801690497858076,-0.00349));
#10799=CARTESIAN_POINT('',(0.184117845196473,-0.0800770667688246,-0.00349));
#10800=CARTESIAN_POINT('',(0.184657055985684,-0.0799850837518415,-0.00349));
#10801=CARTESIAN_POINT('',(0.184657055985684,-0.0795685169852748,-0.00349));
#10802=CARTESIAN_POINT('',(0.184657055985684,-0.079151950218708,-0.00349));
#10803=CARTESIAN_POINT('',(0.182928409632038,-0.079151950218708,-0.00349));
#10804=CARTESIAN_POINT('',(0.181199763278391,-0.079151950218708,-0.00349));
#10805=CARTESIAN_POINT('',(0.181199763278391,-0.0795685169852748,-0.00349));
#10806=CARTESIAN_POINT('',(0.179799929778557,-0.133800435067193,-0.00349));
#10807=CARTESIAN_POINT('',(0.179463715992344,-0.133225276892035,-0.00349));
#10808=CARTESIAN_POINT('',(0.178930848859476,-0.132914437731195,-0.00349));
#10809=CARTESIAN_POINT('',(0.179799929778557,-0.133800435067193,-0.00349));
#10810=CARTESIAN_POINT('',(0.178930848859476,-0.132914437731195,-0.00349));
#10811=CARTESIAN_POINT('',(0.178930848859476,-0.132914437731195,-0.00349));
#10812=CARTESIAN_POINT('',(0.17839798172661,-0.132603598570356,-0.00349));
#10813=CARTESIAN_POINT('',(0.177704408633036,-0.132603598570356,-0.00349));
#10814=CARTESIAN_POINT('',(0.177704408633036,-0.132603598570356,-0.00349));
#10815=CARTESIAN_POINT('',(0.177704408633036,-0.132603598570356,-0.00349));
#10816=CARTESIAN_POINT('',(0.176541404970033,-0.132603598570356,-0.00349));
#10817=CARTESIAN_POINT('',(0.175888008366636,-0.13335109274285,-0.00349));
#10818=CARTESIAN_POINT('',(0.175888008366636,-0.13335109274285,-0.00349));
#10819=CARTESIAN_POINT('',(0.175888008366636,-0.13335109274285,-0.00349));
#10820=CARTESIAN_POINT('',(0.175234611763239,-0.134098586915345,-0.00349));
#10821=CARTESIAN_POINT('',(0.175234611763239,-0.135678157344915,-0.00349));
#10822=CARTESIAN_POINT('',(0.175234611763239,-0.135678157344915,-0.00349));
#10823=CARTESIAN_POINT('',(0.175234611763239,-0.137273586915345,-0.00349));
#10824=CARTESIAN_POINT('',(0.175234611763239,-0.138869016485774,-0.00349));
#10825=CARTESIAN_POINT('',(0.174824388653016,-0.138960999502757,-0.00349));
#10826=CARTESIAN_POINT('',(0.174414165542793,-0.13905298251974,-0.00349));
#10827=CARTESIAN_POINT('',(0.174414165542793,-0.139472721114479,-0.00349));
#10828=CARTESIAN_POINT('',(0.174414165542793,-0.139892459709217,-0.00349));
#10829=CARTESIAN_POINT('',(0.175884836538465,-0.139892459709217,-0.00349));
#10830=CARTESIAN_POINT('',(0.176535061313689,-0.139892459709217,-0.00349));
#10831=CARTESIAN_POINT('',(0.176535061313689,-0.137777907594665,-0.00349));
#10832=CARTESIAN_POINT('',(0.176535061313689,-0.135663355480113,-0.00349));
#10833=CARTESIAN_POINT('',(0.176535061313689,-0.135663355480113,-0.00349));
#10834=CARTESIAN_POINT('',(0.176535061313689,-0.134521497338255,-0.00349));
#10835=CARTESIAN_POINT('',(0.17687233237596,-0.134091185982944,-0.00349));
#10836=CARTESIAN_POINT('',(0.17687233237596,-0.134091185982944,-0.00349));
#10837=CARTESIAN_POINT('',(0.17687233237596,-0.134091185982944,-0.00349));
#10838=CARTESIAN_POINT('',(0.177209603438231,-0.133660874627632,-0.00349));
#10839=CARTESIAN_POINT('',(0.177922207500836,-0.133660874627632,-0.00349));
#10840=CARTESIAN_POINT('',(0.177922207500836,-0.133660874627632,-0.00349));
#10841=CARTESIAN_POINT('',(0.177922207500836,-0.133660874627632,-0.00349));
#10842=CARTESIAN_POINT('',(0.178617895146523,-0.133660874627632,-0.00349));
#10843=CARTESIAN_POINT('',(0.179070409299037,-0.133942110058868,-0.00349));
#10844=CARTESIAN_POINT('',(0.179070409299037,-0.133942110058868,-0.00349));
#10845=CARTESIAN_POINT('',(0.179070409299037,-0.133942110058868,-0.00349));
#10846=CARTESIAN_POINT('',(0.179522923451551,-0.134223345490103,-0.00349));
#10847=CARTESIAN_POINT('',(0.179753409632038,-0.134739296206054,-0.00349));
#10848=CARTESIAN_POINT('',(0.179753409632038,-0.134739296206054,-0.00349));
#10849=CARTESIAN_POINT('',(0.179753409632038,-0.136804156345914,-0.00349));
#10850=CARTESIAN_POINT('',(0.179753409632038,-0.138869016485774,-0.00349));
#10851=CARTESIAN_POINT('',(0.179274463578092,-0.138960999502757,-0.00349));
#10852=CARTESIAN_POINT('',(0.178795517524145,-0.13905298251974,-0.00349));
#10853=CARTESIAN_POINT('',(0.178795517524145,-0.139472721114479,-0.00349));
#10854=CARTESIAN_POINT('',(0.178795517524145,-0.139892459709217,-0.00349));
#10855=CARTESIAN_POINT('',(0.180404691683319,-0.139892459709217,-0.00349));
#10856=CARTESIAN_POINT('',(0.181055973734601,-0.139892459709217,-0.00349));
#10857=CARTESIAN_POINT('',(0.181055973734601,-0.136826359143117,-0.00349));
#10858=CARTESIAN_POINT('',(0.181055973734601,-0.133760258577016,-0.00349));
#10859=CARTESIAN_POINT('',(0.181465139568768,-0.133668275560033,-0.00349));
#10860=CARTESIAN_POINT('',(0.181874305402933,-0.13357629254305,-0.00349));
#10861=CARTESIAN_POINT('',(0.181874305402933,-0.133159725776484,-0.00349));
#10862=CARTESIAN_POINT('',(0.181874305402933,-0.132743159009917,-0.00349));
#10863=CARTESIAN_POINT('',(0.180880465909094,-0.132743159009917,-0.00349));
#10864=CARTESIAN_POINT('',(0.179886626415254,-0.132743159009917,-0.00349));
#10865=CARTESIAN_POINT('',(0.179843278096906,-0.133271797038555,-0.00349));
#10866=CARTESIAN_POINT('',(0.182208184681357,-0.1585908,-0.00349));
#10867=CARTESIAN_POINT('',(0.2057509,-0.1585908,-0.00349));
#10868=CARTESIAN_POINT('',(0.158673043885521,-0.1585908,-0.00349));
#10869=CARTESIAN_POINT('',(0.158673043885521,-0.1566858,-0.00349));
#10870=CARTESIAN_POINT('',(0.156768058884398,-0.15667824053571,-0.00349));
#10871=CARTESIAN_POINT('',(0.156978735632556,-0.1035877,-0.00349));
#10872=CARTESIAN_POINT('',(0.157189472376462,-0.0504820405357098,-0.00349));
#10873=CARTESIAN_POINT('',(0.159094457377584,-0.0504896,-0.00349));
#10874=CARTESIAN_POINT('',(0.159094457377584,-0.0485846,-0.00349));
#10875=CARTESIAN_POINT('',(0.226476800951199,-0.0485846,-0.00349));
#10876=CARTESIAN_POINT('',(0.2938516,-0.0485846,-0.00349));
#10877=CARTESIAN_POINT('',(0.2938516,-0.0504896,-0.00349));
#10878=CARTESIAN_POINT('',(0.2957566,-0.0504896,-0.00349));
#10879=CARTESIAN_POINT('',(0.2957566,-0.1035877,-0.00349));
#10880=CARTESIAN_POINT('',(0.2957566,-0.1566858,-0.00349));
#10881=CARTESIAN_POINT('',(0.2938516,-0.1566858,-0.00349));
#10882=CARTESIAN_POINT('',(0.2938516,-0.1585908,-0.00349));
#10883=CARTESIAN_POINT('',(0.28321645,-0.1585908,-0.00349));
#10884=CARTESIAN_POINT('',(0.2725813,-0.1585908,-0.00349));
#10885=CARTESIAN_POINT('',(0.2725813,-0.1566858,-0.00349));
#10886=CARTESIAN_POINT('',(0.2706763,-0.1566858,-0.00349));
#10887=CARTESIAN_POINT('',(0.2706763,-0.1530349,-0.00349));
#10888=CARTESIAN_POINT('',(0.2706763,-0.149384,-0.00349));
#10889=CARTESIAN_POINT('',(0.2687713,-0.149384,-0.00349));
#10890=CARTESIAN_POINT('',(0.2687713,-0.147479,-0.00349));
#10891=CARTESIAN_POINT('',(0.2391661,-0.147479,-0.00349));
#10892=CARTESIAN_POINT('',(0.2095609,-0.147479,-0.00349));
#10893=CARTESIAN_POINT('',(0.2095609,-0.149384,-0.00349));
#10894=CARTESIAN_POINT('',(0.2076559,-0.149384,-0.00349));
#10895=CARTESIAN_POINT('',(0.2076559,-0.1530349,-0.00349));
#10896=CARTESIAN_POINT('',(0.2076559,-0.1566858,-0.00349));
#10897=CARTESIAN_POINT('',(0.2057509,-0.1566858,-0.00349));
#10898=CARTESIAN_POINT('',(0.197509303737931,-0.0790123897791476,-0.00349));
#10899=CARTESIAN_POINT('',(0.196016429945058,-0.0790123897791476,-0.00349));
#10900=CARTESIAN_POINT('',(0.195133604437232,-0.0800072865490443,-0.00349));
#10901=CARTESIAN_POINT('',(0.197509303737931,-0.0790123897791476,-0.00349));
#10902=CARTESIAN_POINT('',(0.195133604437232,-0.0800072865490443,-0.00349));
#10903=CARTESIAN_POINT('',(0.195133604437232,-0.0800072865490443,-0.00349));
#10904=CARTESIAN_POINT('',(0.194250778929407,-0.0810021833189411,-0.00349));
#10905=CARTESIAN_POINT('',(0.194250778929407,-0.0825880974048552,-0.00349));
#10906=CARTESIAN_POINT('',(0.194250778929407,-0.0825880974048552,-0.00349));
#10907=CARTESIAN_POINT('',(0.194250778929407,-0.0827340015007593,-0.00349));
#10908=CARTESIAN_POINT('',(0.194250778929407,-0.0828799055966634,-0.00349));
#10909=CARTESIAN_POINT('',(0.194250778929407,-0.0828799055966634,-0.00349));
#10910=CARTESIAN_POINT('',(0.194250778929407,-0.0844044976712555,-0.00349));
#10911=CARTESIAN_POINT('',(0.195160036338664,-0.0854194826862405,-0.00349));
#10912=CARTESIAN_POINT('',(0.195160036338664,-0.0854194826862405,-0.00349));
#10913=CARTESIAN_POINT('',(0.195160036338664,-0.0854194826862405,-0.00349));
#10914=CARTESIAN_POINT('',(0.196069293747922,-0.0864344677012255,-0.00349));
#10915=CARTESIAN_POINT('',(0.197310535839163,-0.0864344677012255,-0.00349));
#10916=CARTESIAN_POINT('',(0.197310535839163,-0.0864344677012255,-0.00349));
#10917=CARTESIAN_POINT('',(0.197310535839163,-0.0864344677012255,-0.00349));
#10918=CARTESIAN_POINT('',(0.198750545829174,-0.0864344677012255,-0.00349));
#10919=CARTESIAN_POINT('',(0.199494868173496,-0.0855622149539727,-0.00349));
#10920=CARTESIAN_POINT('',(0.199494868173496,-0.0855622149539727,-0.00349));
#10921=CARTESIAN_POINT('',(0.199494868173496,-0.0855622149539727,-0.00349));
#10922=CARTESIAN_POINT('',(0.200239190517818,-0.08468996220672,-0.00349));
#10923=CARTESIAN_POINT('',(0.200239190517818,-0.0832351503519081,-0.00349));
#10924=CARTESIAN_POINT('',(0.200239190517818,-0.0832351503519081,-0.00349));
#10925=CARTESIAN_POINT('',(0.200239190517818,-0.0828291563459141,-0.00349));
#10926=CARTESIAN_POINT('',(0.200239190517818,-0.0824231623399201,-0.00349));
#10927=CARTESIAN_POINT('',(0.197919526848155,-0.0824231623399201,-0.00349));
#10928=CARTESIAN_POINT('',(0.195599863178491,-0.0824231623399201,-0.00349));
#10929=CARTESIAN_POINT('',(0.195589290417918,-0.0824062459230037,-0.00349));
#10930=CARTESIAN_POINT('',(0.195578717657345,-0.0823893295060873,-0.00349));
#10931=CARTESIAN_POINT('',(0.195578717657345,-0.0823893295060873,-0.00349));
#10932=CARTESIAN_POINT('',(0.195599863178491,-0.0813595426263004,-0.00349));
#10933=CARTESIAN_POINT('',(0.196102069305697,-0.080695573262331,-0.00349));
#10934=CARTESIAN_POINT('',(0.196102069305697,-0.080695573262331,-0.00349));
#10935=CARTESIAN_POINT('',(0.196102069305697,-0.080695573262331,-0.00349));
#10936=CARTESIAN_POINT('',(0.196604275432903,-0.0800316038983617,-0.00349));
#10937=CARTESIAN_POINT('',(0.197509303737931,-0.0800316038983617,-0.00349));
#10938=CARTESIAN_POINT('',(0.197509303737931,-0.0800316038983617,-0.00349));
#10939=CARTESIAN_POINT('',(0.197509303737931,-0.0800316038983617,-0.00349));
#10940=CARTESIAN_POINT('',(0.198169043997672,-0.0800316038983617,-0.00349));
#10941=CARTESIAN_POINT('',(0.198668078296706,-0.0802197990365568,-0.00349));
#10942=CARTESIAN_POINT('',(0.198668078296706,-0.0802197990365568,-0.00349));
#10943=CARTESIAN_POINT('',(0.197751304166458,-0.0827309980108972,-0.00349));
#10944=CARTESIAN_POINT('',(0.199531146293142,-0.0807373153690228,-0.00349));
#10945=CARTESIAN_POINT('',(0.199785619089247,-0.0803149538817117,-0.00349));
#10946=CARTESIAN_POINT('',(0.200040422619051,-0.0798920434588012,-0.00349));
#10947=CARTESIAN_POINT('',(0.200040422619051,-0.0798920434588012,-0.00349));
#10948=CARTESIAN_POINT('',(0.199657688686317,-0.0795219968387546,-0.00349));
#10949=CARTESIAN_POINT('',(0.199026494880123,-0.0792671933089511,-0.00349));
#10950=CARTESIAN_POINT('',(0.199026494880123,-0.0792671933089511,-0.00349));
#10951=CARTESIAN_POINT('',(0.199026494880123,-0.0792671933089511,-0.00349));
#10952=CARTESIAN_POINT('',(0.198395301073929,-0.0790123897791476,-0.00349));
#10953=CARTESIAN_POINT('',(0.197509303737931,-0.0790123897791476,-0.00349));
#10954=CARTESIAN_POINT('',(0.172018377997006,-0.0858191330358908,-0.00349));
#10955=CARTESIAN_POINT('',(0.172477235805863,-0.0858191330358908,-0.00349));
#10956=CARTESIAN_POINT('',(0.171559520188148,-0.0858191330358908,-0.00349));
#10957=CARTESIAN_POINT('',(0.171436876165504,-0.0865000188167766,-0.00349));
#10958=CARTESIAN_POINT('',(0.171314541743246,-0.0871812286625205,-0.00349));
#10959=CARTESIAN_POINT('',(0.169579931184019,-0.0853655774219222,-0.00349));
#10960=CARTESIAN_POINT('',(0.170535019688648,-0.0876894543812122,-0.00349));
#10961=CARTESIAN_POINT('',(0.170535019688648,-0.0876894543812122,-0.00349));
#10962=CARTESIAN_POINT('',(0.170072990051618,-0.0878871650039228,-0.00349));
#10963=CARTESIAN_POINT('',(0.169430166208794,-0.0878871650039228,-0.00349));
#10964=CARTESIAN_POINT('',(0.169430166208794,-0.0878871650039228,-0.00349));
#10965=CARTESIAN_POINT('',(0.169430166208794,-0.0878871650039228,-0.00349));
#10966=CARTESIAN_POINT('',(0.167930948759577,-0.0878871650039228,-0.00349));
#10967=CARTESIAN_POINT('',(0.167125304403932,-0.086800285217043,-0.00349));
#10968=CARTESIAN_POINT('',(0.167125304403932,-0.086800285217043,-0.00349));
#10969=CARTESIAN_POINT('',(0.167125304403932,-0.086800285217043,-0.00349));
#10970=CARTESIAN_POINT('',(0.166319660048288,-0.0857134054301632,-0.00349));
#10971=CARTESIAN_POINT('',(0.166319660048288,-0.084042909259667,-0.00349));
#10972=CARTESIAN_POINT('',(0.166319660048288,-0.084042909259667,-0.00349));
#10973=CARTESIAN_POINT('',(0.166319660048288,-0.0839667853835432,-0.00349));
#10974=CARTESIAN_POINT('',(0.166319660048288,-0.0838906615074193,-0.00349));
#10975=CARTESIAN_POINT('',(0.166319660048288,-0.0838906615074193,-0.00349));
#10976=CARTESIAN_POINT('',(0.166319660048288,-0.0822180507848086,-0.00349));
#10977=CARTESIAN_POINT('',(0.167108387987016,-0.0811248273415851,-0.00349));
#10978=CARTESIAN_POINT('',(0.167108387987016,-0.0811248273415851,-0.00349));
#10979=CARTESIAN_POINT('',(0.167108387987016,-0.0811248273415851,-0.00349));
#10980=CARTESIAN_POINT('',(0.167897115925743,-0.0800316038983617,-0.00349));
#10981=CARTESIAN_POINT('',(0.169299063977691,-0.0800316038983617,-0.00349));
#10982=CARTESIAN_POINT('',(0.169299063977691,-0.0800316038983617,-0.00349));
#10983=CARTESIAN_POINT('',(0.169299063977691,-0.0800316038983617,-0.00349));
#10984=CARTESIAN_POINT('',(0.169952460581089,-0.0800316038983617,-0.00349));
#10985=CARTESIAN_POINT('',(0.170488499542127,-0.080235658177416,-0.00349));
#10986=CARTESIAN_POINT('',(0.170488499542127,-0.080235658177416,-0.00349));
#10987=CARTESIAN_POINT('',(0.170488499542127,-0.080235658177416,-0.00349));
#10988=CARTESIAN_POINT('',(0.171024538503166,-0.0804397124564703,-0.00349));
#10989=CARTESIAN_POINT('',(0.17131423214286,-0.0807378643046221,-0.00349));
#10990=CARTESIAN_POINT('',(0.17131423214286,-0.0807378643046221,-0.00349));
#10991=CARTESIAN_POINT('',(0.171436876165504,-0.0814187500855079,-0.00349));
#10992=CARTESIAN_POINT('',(0.171559520188148,-0.0820996358663937,-0.00349));
#10993=CARTESIAN_POINT('',(0.172018377997006,-0.0820996358663937,-0.00349));
#10994=CARTESIAN_POINT('',(0.172477235805863,-0.0820996358663937,-0.00349));
#10995=CARTESIAN_POINT('',(0.172477235805863,-0.08124324226,-0.00349));
#10996=CARTESIAN_POINT('',(0.172477235805863,-0.0803868486536064,-0.00349));
#10997=CARTESIAN_POINT('',(0.172477235805863,-0.0803868486536064,-0.00349));
#10998=CARTESIAN_POINT('',(0.172060669039297,-0.0798518669686248,-0.00349));
#10999=CARTESIAN_POINT('',(0.17122859278222,-0.0794321283738862,-0.00349));
#11000=CARTESIAN_POINT('',(0.17122859278222,-0.0794321283738862,-0.00349));
#11001=CARTESIAN_POINT('',(0.17122859278222,-0.0794321283738862,-0.00349));
#11002=CARTESIAN_POINT('',(0.170396516525145,-0.0790123897791476,-0.00349));
#11003=CARTESIAN_POINT('',(0.169299063977691,-0.0790123897791476,-0.00349));
#11004=CARTESIAN_POINT('',(0.169299063977691,-0.0790123897791476,-0.00349));
#11005=CARTESIAN_POINT('',(0.169299063977691,-0.0790123897791476,-0.00349));
#11006=CARTESIAN_POINT('',(0.16742134169997,-0.0790123897791476,-0.00349));
#11007=CARTESIAN_POINT('',(0.166219218822847,-0.080400593242351,-0.00349));
#11008=CARTESIAN_POINT('',(0.166219218822847,-0.080400593242351,-0.00349));
#11009=CARTESIAN_POINT('',(0.166219218822847,-0.080400593242351,-0.00349));
#11010=CARTESIAN_POINT('',(0.165017095945724,-0.0817887967055545,-0.00349));
#11011=CARTESIAN_POINT('',(0.165017095945724,-0.0838906615074193,-0.00349));
#11012=CARTESIAN_POINT('',(0.165017095945724,-0.0838906615074193,-0.00349));
#11013=CARTESIAN_POINT('',(0.165017095945724,-0.0839593844511422,-0.00349));
#11014=CARTESIAN_POINT('',(0.165017095945724,-0.0840281073948652,-0.00349));
#11015=CARTESIAN_POINT('',(0.165017095945724,-0.0840281073948652,-0.00349));
#11016=CARTESIAN_POINT('',(0.165017095945724,-0.0861426595094173,-0.00349));
#11017=CARTESIAN_POINT('',(0.166200187853816,-0.0875276911444489,-0.00349));
#11018=CARTESIAN_POINT('',(0.166200187853816,-0.0875276911444489,-0.00349));
#11019=CARTESIAN_POINT('',(0.166200187853816,-0.0875276911444489,-0.00349));
#11020=CARTESIAN_POINT('',(0.167383279761908,-0.0889127227794806,-0.00349));
#11021=CARTESIAN_POINT('',(0.169299063977691,-0.0889127227794806,-0.00349));
#11022=CARTESIAN_POINT('',(0.169299063977691,-0.0889127227794806,-0.00349));
#11023=CARTESIAN_POINT('',(0.169299063977691,-0.0889127227794806,-0.00349));
#11024=CARTESIAN_POINT('',(0.170396516525145,-0.0889127227794806,-0.00349));
#11025=CARTESIAN_POINT('',(0.17122859278222,-0.0884866405283983,-0.00349));
#11026=CARTESIAN_POINT('',(0.17122859278222,-0.0884866405283983,-0.00349));
#11027=CARTESIAN_POINT('',(0.17122859278222,-0.0884866405283983,-0.00349));
#11028=CARTESIAN_POINT('',(0.172060669039297,-0.0880605582773161,-0.00349));
#11029=CARTESIAN_POINT('',(0.172477235805863,-0.087531920248678,-0.00349));
#11030=CARTESIAN_POINT('',(0.172477235805863,-0.087531920248678,-0.00349));
#11031=CARTESIAN_POINT('',(0.172477235805863,-0.0866755266422844,-0.00349));
#11032=CARTESIAN_POINT('',(0.18280682288545,-0.121608984850743,-0.00349));
#11033=CARTESIAN_POINT('',(0.18280682288545,-0.121189246256004,-0.00349));
#11034=CARTESIAN_POINT('',(0.18280682288545,-0.122028723445481,-0.00349));
#11035=CARTESIAN_POINT('',(0.183927535506163,-0.122028723445481,-0.00349));
#11036=CARTESIAN_POINT('',(0.185048248126876,-0.122028723445481,-0.00349));
#11037=CARTESIAN_POINT('',(0.185110627414255,-0.121510658177416,-0.00349));
#11038=CARTESIAN_POINT('',(0.185173006701635,-0.120992592909351,-0.00349));
#11039=CARTESIAN_POINT('',(0.185173006701635,-0.120992592909351,-0.00349));
#11040=CARTESIAN_POINT('',(0.18547750220613,-0.12154026190702,-0.00349));
#11041=CARTESIAN_POINT('',(0.1859236727023,-0.121851101067859,-0.00349));
#11042=CARTESIAN_POINT('',(0.1859236727023,-0.121851101067859,-0.00349));
#11043=CARTESIAN_POINT('',(0.1859236727023,-0.121851101067859,-0.00349));
#11044=CARTESIAN_POINT('',(0.186369843198471,-0.122161940228698,-0.00349));
#11045=CARTESIAN_POINT('',(0.186942886821515,-0.122161940228698,-0.00349));
#11046=CARTESIAN_POINT('',(0.186942886821515,-0.122161940228698,-0.00349));
#11047=CARTESIAN_POINT('',(0.186936327099551,-0.119955042126164,-0.00349));
#11048=CARTESIAN_POINT('',(0.187256873811179,-0.122138476014203,-0.00349));
#11049=CARTESIAN_POINT('',(0.18704685630649,-0.120445669695905,-0.00349));
#11050=CARTESIAN_POINT('',(0.187505430559327,-0.122088444630865,-0.00349));
#11051=CARTESIAN_POINT('',(0.187419718323346,-0.121484226275984,-0.00349));
#11052=CARTESIAN_POINT('',(0.187334078962707,-0.120880521647279,-0.00349));
#11053=CARTESIAN_POINT('',(0.18696403234266,-0.12089955261631,-0.00349));
#11054=CARTESIAN_POINT('',(0.186593985722613,-0.120918583585341,-0.00349));
#11055=CARTESIAN_POINT('',(0.186593985722613,-0.120918583585341,-0.00349));
#11056=CARTESIAN_POINT('',(0.186078035006663,-0.120918583585341,-0.00349));
#11057=CARTESIAN_POINT('',(0.185728076631705,-0.120677524644282,-0.00349));
#11058=CARTESIAN_POINT('',(0.185728076631705,-0.120677524644282,-0.00349));
#11059=CARTESIAN_POINT('',(0.185728076631705,-0.120677524644282,-0.00349));
#11060=CARTESIAN_POINT('',(0.185378118256746,-0.120436465703223,-0.00349));
#11061=CARTESIAN_POINT('',(0.185185694014322,-0.120000867967626,-0.00349));
#11062=CARTESIAN_POINT('',(0.185185694014322,-0.120000867967626,-0.00349));
#11063=CARTESIAN_POINT('',(0.185185694014322,-0.117948695140453,-0.00349));
#11064=CARTESIAN_POINT('',(0.185185694014322,-0.11589652231328,-0.00349));
#11065=CARTESIAN_POINT('',(0.185724904803533,-0.115804539296297,-0.00349));
#11066=CARTESIAN_POINT('',(0.186264115592744,-0.115712556279314,-0.00349));
#11067=CARTESIAN_POINT('',(0.186264115592744,-0.115295989512747,-0.00349));
#11068=CARTESIAN_POINT('',(0.186264115592744,-0.11487942274618,-0.00349));
#11069=CARTESIAN_POINT('',(0.184535469239097,-0.11487942274618,-0.00349));
#11070=CARTESIAN_POINT('',(0.18280682288545,-0.11487942274618,-0.00349));
#11071=CARTESIAN_POINT('',(0.18280682288545,-0.115295989512747,-0.00349));
#11072=CARTESIAN_POINT('',(0.18280682288545,-0.115712556279314,-0.00349));
#11073=CARTESIAN_POINT('',(0.183346033674662,-0.115804539296297,-0.00349));
#11074=CARTESIAN_POINT('',(0.183885244463872,-0.11589652231328,-0.00349));
#11075=CARTESIAN_POINT('',(0.183885244463872,-0.118450901267659,-0.00349));
#11076=CARTESIAN_POINT('',(0.183885244463872,-0.121005280222038,-0.00349));
#11077=CARTESIAN_POINT('',(0.183346033674662,-0.121097263239021,-0.00349));
#11078=CARTESIAN_POINT('',(0.208632905136533,-0.137646805363563,-0.00349));
#11079=CARTESIAN_POINT('',(0.209122423951051,-0.137646805363563,-0.00349));
#11080=CARTESIAN_POINT('',(0.208143386322014,-0.137646805363563,-0.00349));
#11081=CARTESIAN_POINT('',(0.208037658716286,-0.138076059442817,-0.00349));
#11082=CARTESIAN_POINT('',(0.207931931110559,-0.138505313522071,-0.00349));
#11083=CARTESIAN_POINT('',(0.207931931110559,-0.138505313522071,-0.00349));
#11084=CARTESIAN_POINT('',(0.207695101273729,-0.138729456046214,-0.00349));
#11085=CARTESIAN_POINT('',(0.207334570138198,-0.138864787381545,-0.00349));
#11086=CARTESIAN_POINT('',(0.207334570138198,-0.138864787381545,-0.00349));
#11087=CARTESIAN_POINT('',(0.207334570138198,-0.138864787381545,-0.00349));
#11088=CARTESIAN_POINT('',(0.206974039002667,-0.139000118716876,-0.00349));
#11089=CARTESIAN_POINT('',(0.206517295745923,-0.139000118716876,-0.00349));
#11090=CARTESIAN_POINT('',(0.206517295745923,-0.139000118716876,-0.00349));
#11091=CARTESIAN_POINT('',(0.206517295745923,-0.139000118716876,-0.00349));
#11092=CARTESIAN_POINT('',(0.205823722652351,-0.139000118716876,-0.00349));
#11093=CARTESIAN_POINT('',(0.205487508866137,-0.138696680488438,-0.00349));
#11094=CARTESIAN_POINT('',(0.205487508866137,-0.138696680488438,-0.00349));
#11095=CARTESIAN_POINT('',(0.205487508866137,-0.138696680488438,-0.00349));
#11096=CARTESIAN_POINT('',(0.205151295079923,-0.13839324226,-0.00349));
#11097=CARTESIAN_POINT('',(0.205151295079923,-0.137963988180746,-0.00349));
#11098=CARTESIAN_POINT('',(0.205151295079923,-0.137963988180746,-0.00349));
#11099=CARTESIAN_POINT('',(0.205151295079923,-0.137963988180746,-0.00349));
#11100=CARTESIAN_POINT('',(0.205151295079923,-0.137541077757835,-0.00349));
#11101=CARTESIAN_POINT('',(0.205448389652018,-0.137296846988605,-0.00349));
#11102=CARTESIAN_POINT('',(0.205448389652018,-0.137296846988605,-0.00349));
#11103=CARTESIAN_POINT('',(0.205448389652018,-0.137296846988605,-0.00349));
#11104=CARTESIAN_POINT('',(0.205745484224112,-0.137052616219374,-0.00349));
#11105=CARTESIAN_POINT('',(0.206656856185484,-0.13686019197695,-0.00349));
#11106=CARTESIAN_POINT('',(0.206656856185484,-0.13686019197695,-0.00349));
#11107=CARTESIAN_POINT('',(0.206656856185484,-0.13686019197695,-0.00349));
#11108=CARTESIAN_POINT('',(0.208012284090912,-0.136568383785142,-0.00349));
#11109=CARTESIAN_POINT('',(0.20867308162671,-0.136070406762164,-0.00349));
#11110=CARTESIAN_POINT('',(0.20867308162671,-0.136070406762164,-0.00349));
#11111=CARTESIAN_POINT('',(0.20867308162671,-0.136070406762164,-0.00349));
#11112=CARTESIAN_POINT('',(0.209333879162507,-0.135572429739187,-0.00349));
#11113=CARTESIAN_POINT('',(0.209333879162507,-0.13473295254971,-0.00349));
#11114=CARTESIAN_POINT('',(0.209333879162507,-0.13473295254971,-0.00349));
#11115=CARTESIAN_POINT('',(0.209333879162507,-0.13473295254971,-0.00349));
#11116=CARTESIAN_POINT('',(0.209333879162507,-0.133781404098162,-0.00349));
#11117=CARTESIAN_POINT('',(0.20856418219281,-0.133192501334259,-0.00349));
#11118=CARTESIAN_POINT('',(0.20856418219281,-0.133192501334259,-0.00349));
#11119=CARTESIAN_POINT('',(0.20856418219281,-0.133192501334259,-0.00349));
#11120=CARTESIAN_POINT('',(0.207794485223113,-0.132603598570356,-0.00349));
#11121=CARTESIAN_POINT('',(0.206551128579756,-0.132603598570356,-0.00349));
#11122=CARTESIAN_POINT('',(0.206551128579756,-0.132603598570356,-0.00349));
#11123=CARTESIAN_POINT('',(0.206551128579756,-0.132603598570356,-0.00349));
#11124=CARTESIAN_POINT('',(0.205739140567769,-0.132603598570356,-0.00349));
#11125=CARTESIAN_POINT('',(0.205091030344658,-0.132792850984609,-0.00349));
#11126=CARTESIAN_POINT('',(0.205091030344658,-0.132792850984609,-0.00349));
#11127=CARTESIAN_POINT('',(0.206152986201887,-0.13655643506996,-0.00349));
#11128=CARTESIAN_POINT('',(0.20393543227422,-0.133336448742407,-0.00349));
#11129=CARTESIAN_POINT('',(0.203931198509826,-0.134153565270323,-0.00349));
#11130=CARTESIAN_POINT('',(0.203926969405597,-0.13496978238654,-0.00349));
#11131=CARTESIAN_POINT('',(0.204416488220116,-0.13496978238654,-0.00349));
#11132=CARTESIAN_POINT('',(0.204906007034635,-0.13496978238654,-0.00349));
#11133=CARTESIAN_POINT('',(0.205028651057279,-0.134490836332594,-0.00349));
#11134=CARTESIAN_POINT('',(0.205151295079923,-0.134011890278648,-0.00349));
#11135=CARTESIAN_POINT('',(0.205151295079923,-0.134011890278648,-0.00349));
#11136=CARTESIAN_POINT('',(0.205375437604065,-0.133806778723536,-0.00349));
#11137=CARTESIAN_POINT('',(0.205761343364971,-0.133714795706553,-0.00349));
#11138=CARTESIAN_POINT('',(0.205761343364971,-0.133714795706553,-0.00349));
#11139=CARTESIAN_POINT('',(0.206545544826957,-0.137016775109502,-0.00349));
#11140=CARTESIAN_POINT('',(0.206551128579756,-0.13362281268957,-0.00349));
#11141=CARTESIAN_POINT('',(0.206551128579756,-0.13362281268957,-0.00349));
#11142=CARTESIAN_POINT('',(0.20724470167333,-0.13362281268957,-0.00349));
#11143=CARTESIAN_POINT('',(0.207638008366636,-0.133902990844749,-0.00349));
#11144=CARTESIAN_POINT('',(0.207638008366636,-0.133902990844749,-0.00349));
#11145=CARTESIAN_POINT('',(0.207638008366636,-0.133902990844749,-0.00349));
#11146=CARTESIAN_POINT('',(0.208031315059943,-0.134183168999927,-0.00349));
#11147=CARTESIAN_POINT('',(0.208031315059943,-0.13463991225667,-0.00349));
#11148=CARTESIAN_POINT('',(0.208031315059943,-0.13463991225667,-0.00349));
#11149=CARTESIAN_POINT('',(0.207145707925799,-0.134659997062411,-0.00349));
#11150=CARTESIAN_POINT('',(0.207704616758245,-0.135347229938988,-0.00349));
#11151=CARTESIAN_POINT('',(0.207704616758245,-0.135347229938988,-0.00349));
#11152=CARTESIAN_POINT('',(0.207377918456546,-0.135625293542051,-0.00349));
#11153=CARTESIAN_POINT('',(0.206464431943059,-0.135828290545048,-0.00349));
#11154=CARTESIAN_POINT('',(0.206464431943059,-0.135828290545048,-0.00349));
#11155=CARTESIAN_POINT('',(0.206464431943059,-0.135828290545048,-0.00349));
#11156=CARTESIAN_POINT('',(0.20516398239261,-0.136113755080513,-0.00349));
#11157=CARTESIAN_POINT('',(0.204503184856812,-0.136602216618974,-0.00349));
#11158=CARTESIAN_POINT('',(0.204503184856812,-0.136602216618974,-0.00349));
#11159=CARTESIAN_POINT('',(0.204503184856812,-0.136602216618974,-0.00349));
#11160=CARTESIAN_POINT('',(0.203842387321015,-0.137090678157436,-0.00349));
#11161=CARTESIAN_POINT('',(0.203842387321015,-0.137923811690569,-0.00349));
#11162=CARTESIAN_POINT('',(0.203842387321015,-0.137923811690569,-0.00349));
#11163=CARTESIAN_POINT('',(0.203842387321015,-0.137923811690569,-0.00349));
#11164=CARTESIAN_POINT('',(0.203842387321015,-0.138797121713879,-0.00349));
#11165=CARTESIAN_POINT('',(0.20458565238928,-0.139411399103157,-0.00349));
#11166=CARTESIAN_POINT('',(0.20458565238928,-0.139411399103157,-0.00349));
#11167=CARTESIAN_POINT('',(0.20458565238928,-0.139411399103157,-0.00349));
#11168=CARTESIAN_POINT('',(0.205328917457545,-0.140025676492434,-0.00349));
#11169=CARTESIAN_POINT('',(0.206517295745923,-0.140025676492434,-0.00349));
#11170=CARTESIAN_POINT('',(0.206517295745923,-0.140025676492434,-0.00349));
#11171=CARTESIAN_POINT('',(0.206517295745923,-0.140025676492434,-0.00349));
#11172=CARTESIAN_POINT('',(0.207331398310026,-0.140025676492434,-0.00349));
#11173=CARTESIAN_POINT('',(0.207978451257079,-0.139814221280979,-0.00349));
#11174=CARTESIAN_POINT('',(0.207978451257079,-0.139814221280979,-0.00349));
#11175=CARTESIAN_POINT('',(0.207978451257079,-0.139814221280979,-0.00349));
#11176=CARTESIAN_POINT('',(0.208625504204132,-0.139602766069524,-0.00349));
#11177=CARTESIAN_POINT('',(0.209054758283386,-0.139226375793134,-0.00349));
#11178=CARTESIAN_POINT('',(0.209054758283386,-0.139226375793134,-0.00349));
#11179=CARTESIAN_POINT('',(0.209088591117219,-0.138436590578348,-0.00349));
#11180=CARTESIAN_POINT('',(0.165017095945724,-0.124080896272654,-0.00349));
#11181=CARTESIAN_POINT('',(0.165017095945724,-0.123661157677915,-0.00349));
#11182=CARTESIAN_POINT('',(0.165017095945724,-0.124500634867393,-0.00349));
#11183=CARTESIAN_POINT('',(0.166744685023313,-0.124500634867393,-0.00349));
#11184=CARTESIAN_POINT('',(0.168472274100902,-0.124500634867393,-0.00349));
#11185=CARTESIAN_POINT('',(0.168472274100902,-0.124080896272654,-0.00349));
#11186=CARTESIAN_POINT('',(0.168472274100902,-0.123661157677915,-0.00349));
#11187=CARTESIAN_POINT('',(0.167934120587749,-0.123569174660932,-0.00349));
#11188=CARTESIAN_POINT('',(0.167395967074595,-0.123477191643949,-0.00349));
#11189=CARTESIAN_POINT('',(0.167395967074595,-0.121815153681911,-0.00349));
#11190=CARTESIAN_POINT('',(0.167395967074595,-0.120153115719873,-0.00349));
#11191=CARTESIAN_POINT('',(0.169728318056946,-0.120153115719873,-0.00349));
#11192=CARTESIAN_POINT('',(0.172060669039297,-0.120153115719873,-0.00349));
#11193=CARTESIAN_POINT('',(0.172060669039297,-0.121815153681911,-0.00349));
#11194=CARTESIAN_POINT('',(0.172060669039297,-0.123477191643949,-0.00349));
#11195=CARTESIAN_POINT('',(0.171522515526144,-0.123569174660932,-0.00349));
#11196=CARTESIAN_POINT('',(0.17098436201299,-0.123661157677915,-0.00349));
#11197=CARTESIAN_POINT('',(0.17098436201299,-0.124080896272654,-0.00349));
#11198=CARTESIAN_POINT('',(0.17098436201299,-0.124500634867393,-0.00349));
#11199=CARTESIAN_POINT('',(0.173901386655015,-0.124500634867393,-0.00349));
#11200=CARTESIAN_POINT('',(0.174439540168168,-0.124500634867393,-0.00349));
#11201=CARTESIAN_POINT('',(0.174439540168168,-0.124080896272654,-0.00349));
#11202=CARTESIAN_POINT('',(0.174439540168168,-0.123661157677915,-0.00349));
#11203=CARTESIAN_POINT('',(0.173901386655015,-0.123569174660932,-0.00349));
#11204=CARTESIAN_POINT('',(0.173363233141861,-0.123477191643949,-0.00349));
#11205=CARTESIAN_POINT('',(0.173363233141861,-0.119686856978615,-0.00349));
#11206=CARTESIAN_POINT('',(0.173363233141861,-0.11589652231328,-0.00349));
#11207=CARTESIAN_POINT('',(0.173901386655015,-0.115804539296297,-0.00349));
#11208=CARTESIAN_POINT('',(0.174439540168168,-0.115712556279314,-0.00349));
#11209=CARTESIAN_POINT('',(0.174439540168168,-0.115295989512747,-0.00349));
#11210=CARTESIAN_POINT('',(0.174439540168168,-0.11487942274618,-0.00349));
#11211=CARTESIAN_POINT('',(0.172711951090579,-0.11487942274618,-0.00349));
#11212=CARTESIAN_POINT('',(0.17098436201299,-0.11487942274618,-0.00349));
#11213=CARTESIAN_POINT('',(0.17098436201299,-0.115295989512747,-0.00349));
#11214=CARTESIAN_POINT('',(0.17098436201299,-0.115712556279314,-0.00349));
#11215=CARTESIAN_POINT('',(0.171522515526144,-0.115804539296297,-0.00349));
#11216=CARTESIAN_POINT('',(0.172060669039297,-0.11589652231328,-0.00349));
#11217=CARTESIAN_POINT('',(0.172060669039297,-0.117512040128798,-0.00349));
#11218=CARTESIAN_POINT('',(0.172060669039297,-0.119127557944316,-0.00349));
#11219=CARTESIAN_POINT('',(0.169728318056946,-0.119127557944316,-0.00349));
#11220=CARTESIAN_POINT('',(0.167395967074595,-0.119127557944316,-0.00349));
#11221=CARTESIAN_POINT('',(0.167395967074595,-0.117512040128798,-0.00349));
#11222=CARTESIAN_POINT('',(0.167395967074595,-0.11589652231328,-0.00349));
#11223=CARTESIAN_POINT('',(0.167934120587749,-0.115804539296297,-0.00349));
#11224=CARTESIAN_POINT('',(0.168472274100902,-0.115712556279314,-0.00349));
#11225=CARTESIAN_POINT('',(0.168472274100902,-0.115295989512747,-0.00349));
#11226=CARTESIAN_POINT('',(0.168472274100902,-0.11487942274618,-0.00349));
#11227=CARTESIAN_POINT('',(0.166744685023313,-0.11487942274618,-0.00349));
#11228=CARTESIAN_POINT('',(0.165017095945724,-0.11487942274618,-0.00349));
#11229=CARTESIAN_POINT('',(0.165017095945724,-0.115295989512747,-0.00349));
#11230=CARTESIAN_POINT('',(0.165017095945724,-0.115712556279314,-0.00349));
#11231=CARTESIAN_POINT('',(0.165555249458877,-0.115804539296297,-0.00349));
#11232=CARTESIAN_POINT('',(0.16609340297203,-0.11589652231328,-0.00349));
#11233=CARTESIAN_POINT('',(0.16609340297203,-0.119686856978615,-0.00349));
#11234=CARTESIAN_POINT('',(0.16609340297203,-0.123477191643949,-0.00349));
#11235=CARTESIAN_POINT('',(0.165555249458877,-0.123569174660932,-0.00349));
#11236=CARTESIAN_POINT('',(0.178795517524145,-0.11473986230662,-0.00349));
#11237=CARTESIAN_POINT('',(0.177302643731272,-0.11473986230662,-0.00349));
#11238=CARTESIAN_POINT('',(0.176419818223446,-0.115734759076517,-0.00349));
#11239=CARTESIAN_POINT('',(0.178795517524145,-0.11473986230662,-0.00349));
#11240=CARTESIAN_POINT('',(0.176419818223446,-0.115734759076517,-0.00349));
#11241=CARTESIAN_POINT('',(0.176419818223446,-0.115734759076517,-0.00349));
#11242=CARTESIAN_POINT('',(0.175536992715621,-0.116729655846414,-0.00349));
#11243=CARTESIAN_POINT('',(0.175536992715621,-0.118315569932328,-0.00349));
#11244=CARTESIAN_POINT('',(0.175536992715621,-0.118315569932328,-0.00349));
#11245=CARTESIAN_POINT('',(0.175536992715621,-0.118461474028232,-0.00349));
#11246=CARTESIAN_POINT('',(0.175536992715621,-0.118607378124136,-0.00349));
#11247=CARTESIAN_POINT('',(0.175536992715621,-0.118607378124136,-0.00349));
#11248=CARTESIAN_POINT('',(0.175536992715621,-0.120131970198728,-0.00349));
#11249=CARTESIAN_POINT('',(0.176446250124878,-0.121146955213713,-0.00349));
#11250=CARTESIAN_POINT('',(0.176446250124878,-0.121146955213713,-0.00349));
#11251=CARTESIAN_POINT('',(0.176446250124878,-0.121146955213713,-0.00349));
#11252=CARTESIAN_POINT('',(0.177355507534136,-0.122161940228698,-0.00349));
#11253=CARTESIAN_POINT('',(0.178596749625377,-0.122161940228698,-0.00349));
#11254=CARTESIAN_POINT('',(0.178596749625377,-0.122161940228698,-0.00349));
#11255=CARTESIAN_POINT('',(0.178596749625377,-0.122161940228698,-0.00349));
#11256=CARTESIAN_POINT('',(0.180036759615388,-0.122161940228698,-0.00349));
#11257=CARTESIAN_POINT('',(0.18078108195971,-0.121289687481445,-0.00349));
#11258=CARTESIAN_POINT('',(0.18078108195971,-0.121289687481445,-0.00349));
#11259=CARTESIAN_POINT('',(0.18078108195971,-0.121289687481445,-0.00349));
#11260=CARTESIAN_POINT('',(0.181525404304032,-0.120417434734192,-0.00349));
#11261=CARTESIAN_POINT('',(0.181525404304032,-0.118962622879381,-0.00349));
#11262=CARTESIAN_POINT('',(0.181525404304032,-0.118962622879381,-0.00349));
#11263=CARTESIAN_POINT('',(0.181525404304032,-0.118556628873387,-0.00349));
#11264=CARTESIAN_POINT('',(0.181525404304032,-0.118150634867393,-0.00349));
#11265=CARTESIAN_POINT('',(0.179205740634369,-0.118150634867393,-0.00349));
#11266=CARTESIAN_POINT('',(0.176886076964704,-0.118150634867393,-0.00349));
#11267=CARTESIAN_POINT('',(0.176875504204132,-0.118133718450476,-0.00349));
#11268=CARTESIAN_POINT('',(0.176864931443559,-0.11811680203356,-0.00349));
#11269=CARTESIAN_POINT('',(0.176864931443559,-0.11811680203356,-0.00349));
#11270=CARTESIAN_POINT('',(0.176886076964704,-0.117087015153773,-0.00349));
#11271=CARTESIAN_POINT('',(0.177388283091911,-0.116423045789804,-0.00349));
#11272=CARTESIAN_POINT('',(0.177388283091911,-0.116423045789804,-0.00349));
#11273=CARTESIAN_POINT('',(0.177388283091911,-0.116423045789804,-0.00349));
#11274=CARTESIAN_POINT('',(0.177890489219117,-0.115759076425834,-0.00349));
#11275=CARTESIAN_POINT('',(0.178795517524145,-0.115759076425834,-0.00349));
#11276=CARTESIAN_POINT('',(0.178795517524145,-0.115759076425834,-0.00349));
#11277=CARTESIAN_POINT('',(0.178795517524145,-0.115759076425834,-0.00349));
#11278=CARTESIAN_POINT('',(0.179455257783886,-0.115759076425834,-0.00349));
#11279=CARTESIAN_POINT('',(0.17995429208292,-0.115947271564029,-0.00349));
#11280=CARTESIAN_POINT('',(0.17995429208292,-0.115947271564029,-0.00349));
#11281=CARTESIAN_POINT('',(0.179037517952673,-0.118458470538367,-0.00349));
#11282=CARTESIAN_POINT('',(0.180817360079356,-0.116464787896495,-0.00349));
#11283=CARTESIAN_POINT('',(0.18107183287546,-0.116042426409184,-0.00349));
#11284=CARTESIAN_POINT('',(0.181326636405264,-0.115619515986274,-0.00349));
#11285=CARTESIAN_POINT('',(0.181326636405264,-0.115619515986274,-0.00349));
#11286=CARTESIAN_POINT('',(0.18094390247253,-0.115249469366227,-0.00349));
#11287=CARTESIAN_POINT('',(0.180312708666337,-0.114994665836424,-0.00349));
#11288=CARTESIAN_POINT('',(0.180312708666337,-0.114994665836424,-0.00349));
#11289=CARTESIAN_POINT('',(0.180312708666337,-0.114994665836424,-0.00349));
#11290=CARTESIAN_POINT('',(0.179681514860142,-0.11473986230662,-0.00349));
#11291=CARTESIAN_POINT('',(0.178795517524145,-0.11473986230662,-0.00349));
#11292=CARTESIAN_POINT('',(0.173870725649353,-0.0827932089599667,-0.00349));
#11293=CARTESIAN_POINT('',(0.173870725649353,-0.0843791230458808,-0.00349));
#11294=CARTESIAN_POINT('',(0.174730291083919,-0.0854067953735532,-0.00349));
#11295=CARTESIAN_POINT('',(0.173870725649353,-0.0827932089599667,-0.00349));
#11296=CARTESIAN_POINT('',(0.174730291083919,-0.0854067953735532,-0.00349));
#11297=CARTESIAN_POINT('',(0.174730291083919,-0.0854067953735532,-0.00349));
#11298=CARTESIAN_POINT('',(0.175589856518484,-0.0864344677012255,-0.00349));
#11299=CARTESIAN_POINT('',(0.177063699342327,-0.0864344677012255,-0.00349));
#11300=CARTESIAN_POINT('',(0.177063699342327,-0.0864344677012255,-0.00349));
#11301=CARTESIAN_POINT('',(0.177063699342327,-0.0864344677012255,-0.00349));
#11302=CARTESIAN_POINT('',(0.178543885822513,-0.0864344677012255,-0.00349));
#11303=CARTESIAN_POINT('',(0.179405565809194,-0.085409967201725,-0.00349));
#11304=CARTESIAN_POINT('',(0.179405565809194,-0.085409967201725,-0.00349));
#11305=CARTESIAN_POINT('',(0.179405565809194,-0.085409967201725,-0.00349));
#11306=CARTESIAN_POINT('',(0.180267245795873,-0.0843854667022245,-0.00349));
#11307=CARTESIAN_POINT('',(0.180267245795873,-0.0827932089599667,-0.00349));
#11308=CARTESIAN_POINT('',(0.180267245795873,-0.0827932089599667,-0.00349));
#11309=CARTESIAN_POINT('',(0.180267245795873,-0.0827202569120147,-0.00349));
#11310=CARTESIAN_POINT('',(0.180267245795873,-0.0826473048640627,-0.00349));
#11311=CARTESIAN_POINT('',(0.180267245795873,-0.0826473048640627,-0.00349));
#11312=CARTESIAN_POINT('',(0.180267245795873,-0.0810487034654613,-0.00349));
#11313=CARTESIAN_POINT('',(0.179408737637366,-0.0800305466223044,-0.00349));
#11314=CARTESIAN_POINT('',(0.179408737637366,-0.0800305466223044,-0.00349));
#11315=CARTESIAN_POINT('',(0.179408737637366,-0.0800305466223044,-0.00349));
#11316=CARTESIAN_POINT('',(0.178550229478857,-0.0790123897791476,-0.00349));
#11317=CARTESIAN_POINT('',(0.177076386655014,-0.0790123897791476,-0.00349));
#11318=CARTESIAN_POINT('',(0.177076386655014,-0.0790123897791476,-0.00349));
#11319=CARTESIAN_POINT('',(0.177076386655014,-0.0790123897791476,-0.00349));
#11320=CARTESIAN_POINT('',(0.175589856518484,-0.0790123897791476,-0.00349));
#11321=CARTESIAN_POINT('',(0.174730291083919,-0.0800337184504762,-0.00349));
#11322=CARTESIAN_POINT('',(0.174730291083919,-0.0800337184504762,-0.00349));
#11323=CARTESIAN_POINT('',(0.174730291083919,-0.0800337184504762,-0.00349));
#11324=CARTESIAN_POINT('',(0.173870725649353,-0.0810550471218049,-0.00349));
#11325=CARTESIAN_POINT('',(0.173870725649353,-0.0826473048640627,-0.00349));
#11326=CARTESIAN_POINT('',(0.173870725649353,-0.0826473048640627,-0.00349));
#11327=CARTESIAN_POINT('',(0.173870725649353,-0.0827202569120147,-0.00349));
#11328=CARTESIAN_POINT('',(0.173587375666004,-0.137481870298628,-0.00349));
#11329=CARTESIAN_POINT('',(0.173587375666004,-0.135380005496763,-0.00349));
#11330=CARTESIAN_POINT('',(0.172381023684651,-0.13399180203356,-0.00349));
#11331=CARTESIAN_POINT('',(0.173587375666004,-0.137481870298628,-0.00349));
#11332=CARTESIAN_POINT('',(0.172381023684651,-0.13399180203356,-0.00349));
#11333=CARTESIAN_POINT('',(0.172381023684651,-0.13399180203356,-0.00349));
#11334=CARTESIAN_POINT('',(0.1711746717033,-0.132603598570356,-0.00349));
#11335=CARTESIAN_POINT('',(0.169258887487515,-0.132603598570356,-0.00349));
#11336=CARTESIAN_POINT('',(0.169258887487515,-0.132603598570356,-0.00349));
#11337=CARTESIAN_POINT('',(0.169258887487515,-0.132603598570356,-0.00349));
#11338=CARTESIAN_POINT('',(0.167395967074595,-0.132603598570356,-0.00349));
#11339=CARTESIAN_POINT('',(0.166232963411591,-0.13399180203356,-0.00349));
#11340=CARTESIAN_POINT('',(0.166232963411591,-0.13399180203356,-0.00349));
#11341=CARTESIAN_POINT('',(0.166232963411591,-0.13399180203356,-0.00349));
#11342=CARTESIAN_POINT('',(0.165069959748587,-0.135380005496763,-0.00349));
#11343=CARTESIAN_POINT('',(0.165069959748587,-0.137481870298628,-0.00349));
#11344=CARTESIAN_POINT('',(0.165069959748587,-0.137481870298628,-0.00349));
#11345=CARTESIAN_POINT('',(0.165069959748587,-0.137550593242351,-0.00349));
#11346=CARTESIAN_POINT('',(0.165069959748587,-0.137619316186074,-0.00349));
#11347=CARTESIAN_POINT('',(0.165069959748587,-0.137619316186074,-0.00349));
#11348=CARTESIAN_POINT('',(0.165069959748587,-0.139714837331595,-0.00349));
#11349=CARTESIAN_POINT('',(0.166232963411591,-0.141109384451142,-0.00349));
#11350=CARTESIAN_POINT('',(0.166232963411591,-0.141109384451142,-0.00349));
#11351=CARTESIAN_POINT('',(0.166232963411591,-0.141109384451142,-0.00349));
#11352=CARTESIAN_POINT('',(0.167395967074595,-0.142503931570689,-0.00349));
#11353=CARTESIAN_POINT('',(0.169258887487515,-0.142503931570689,-0.00349));
#11354=CARTESIAN_POINT('',(0.169258887487515,-0.142503931570689,-0.00349));
#11355=CARTESIAN_POINT('',(0.169258887487515,-0.142503931570689,-0.00349));
#11356=CARTESIAN_POINT('',(0.1711746717033,-0.142503931570689,-0.00349));
#11357=CARTESIAN_POINT('',(0.172381023684651,-0.141109384451142,-0.00349));
#11358=CARTESIAN_POINT('',(0.172381023684651,-0.141109384451142,-0.00349));
#11359=CARTESIAN_POINT('',(0.172381023684651,-0.141109384451142,-0.00349));
#11360=CARTESIAN_POINT('',(0.173587375666004,-0.139714837331595,-0.00349));
#11361=CARTESIAN_POINT('',(0.173587375666004,-0.137619316186074,-0.00349));
#11362=CARTESIAN_POINT('',(0.173587375666004,-0.137619316186074,-0.00349));
#11363=CARTESIAN_POINT('',(0.173587375666004,-0.137550593242351,-0.00349));
#11364=CARTESIAN_POINT('',(0.202529250457878,-0.0823110910778489,-0.00349));
#11365=CARTESIAN_POINT('',(0.203180532509161,-0.0823110910778489,-0.00349));
#11366=CARTESIAN_POINT('',(0.201877968406596,-0.0823110910778489,-0.00349));
#11367=CARTESIAN_POINT('',(0.201877968406596,-0.0855421267088845,-0.00349));
#11368=CARTESIAN_POINT('',(0.201877968406596,-0.0887731623399201,-0.00349));
#11369=CARTESIAN_POINT('',(0.202529250457878,-0.0887731623399201,-0.00349));
#11370=CARTESIAN_POINT('',(0.203180532509161,-0.0887731623399201,-0.00349));
#11371=CARTESIAN_POINT('',(0.203180532509161,-0.0855421267088845,-0.00349));
#11372=CARTESIAN_POINT('',(0.156978735632556,-0.1035877,-0.00349));
#11373=CARTESIAN_POINT('',(0.156768058884398,-0.15667824053571,-0.00349));
#11374=CARTESIAN_POINT('',(0.156768058884398,-0.15667824053571,0.01351));
#11375=CARTESIAN_POINT('',(0.156978735632556,-0.1035877,0.01351));
#11376=CARTESIAN_POINT('',(0.157177567614558,-0.0534820405357098,0.01351));
#11377=CARTESIAN_POINT('',(0.157177567614558,-0.0534820405357098,0.00150971771006535));
#11378=CARTESIAN_POINT('',(0.157177567614558,-0.0534820405357098,0.00150953916727707));
#11379=CARTESIAN_POINT('',(0.156978733767521,-0.103588169988812,0.00150482434860739));
#11380=CARTESIAN_POINT('',(0.157189472376462,-0.0504820405357098,0.00150982145721172));
#11381=CARTESIAN_POINT('',(0.157189472376462,-0.0504820405357098,-0.00349));
#11382=CARTESIAN_POINT('',(0.158978751379533,-0.1035877,0.01351));
#11383=CARTESIAN_POINT('',(0.158978751379533,-0.1035877,0.00151));
#11384=CARTESIAN_POINT('',(0.159177523365786,-0.0534971594642902,0.00151));
#11385=CARTESIAN_POINT('',(0.158768421617629,-0.1565908,0.00151));
#11386=CARTESIAN_POINT('',(0.159177523365786,-0.0534971594642902,0.01351));
#11387=CARTESIAN_POINT('',(0.159177523365786,-0.0534971594642902,0.01351));
#11388=CARTESIAN_POINT('',(0.158978751379533,-0.1035877,0.01351));
#11389=CARTESIAN_POINT('',(0.158768421617629,-0.1565908,0.01351));
#11390=CARTESIAN_POINT('',(0.158768421617629,-0.1565908,0.01351));
#11391=CARTESIAN_POINT('',(0.22647284057072,-0.0505846,0.01351));
#11392=CARTESIAN_POINT('',(0.22647284057072,-0.0505846,0.01351));
#11393=CARTESIAN_POINT('',(0.2937566,-0.0505846,0.01351));
#11394=CARTESIAN_POINT('',(0.182597001902397,-0.0505846,0.01351));
#11395=CARTESIAN_POINT('',(0.182597001902397,-0.0505846,0.01351));
#11396=CARTESIAN_POINT('',(0.182597001902397,-0.0505846,0.00151));
#11397=CARTESIAN_POINT('',(0.22647284057072,-0.0505846,0.00151));
#11398=CARTESIAN_POINT('',(0.2937566,-0.0505846,0.00151));
#11399=CARTESIAN_POINT('',(0.2937566,-0.0505846,0.01351));
#11400=CARTESIAN_POINT('',(0.226258534681358,-0.1035877,0.01351));
#11401=CARTESIAN_POINT('',(0.157272538364664,-0.0534896,0.01351));
#11402=CARTESIAN_POINT('',(0.158177545490172,-0.0518132983854983,0.01351));
#11403=CARTESIAN_POINT('',(0.15908255261568,-0.0534896,0.01351));
#11404=CARTESIAN_POINT('',(0.158673043885521,-0.1566858,0.01351));
#11405=CARTESIAN_POINT('',(0.158673043885521,-0.1585908,0.01351));
#11406=CARTESIAN_POINT('',(0.182208184681357,-0.1585908,0.01351));
#11407=CARTESIAN_POINT('',(0.2057509,-0.1585908,0.01351));
#11408=CARTESIAN_POINT('',(0.2057509,-0.1566858,0.01351));
#11409=CARTESIAN_POINT('',(0.2076559,-0.1566858,0.01351));
#11410=CARTESIAN_POINT('',(0.2076559,-0.1530349,0.01351));
#11411=CARTESIAN_POINT('',(0.2076559,-0.149384,0.01351));
#11412=CARTESIAN_POINT('',(0.2095609,-0.149384,0.01351));
#11413=CARTESIAN_POINT('',(0.2095609,-0.147479,0.01351));
#11414=CARTESIAN_POINT('',(0.2391661,-0.147479,0.01351));
#11415=CARTESIAN_POINT('',(0.2687713,-0.147479,0.01351));
#11416=CARTESIAN_POINT('',(0.2687713,-0.149384,0.01351));
#11417=CARTESIAN_POINT('',(0.2706763,-0.149384,0.01351));
#11418=CARTESIAN_POINT('',(0.2706763,-0.1530349,0.01351));
#11419=CARTESIAN_POINT('',(0.2706763,-0.1566858,0.01351));
#11420=CARTESIAN_POINT('',(0.2725813,-0.1566858,0.01351));
#11421=CARTESIAN_POINT('',(0.2725813,-0.1585908,0.01351));
#11422=CARTESIAN_POINT('',(0.28321645,-0.1585908,0.01351));
#11423=CARTESIAN_POINT('',(0.2938516,-0.1585908,0.01351));
#11424=CARTESIAN_POINT('',(0.2938516,-0.1566858,0.01351));
#11425=CARTESIAN_POINT('',(0.2957566,-0.1566858,0.01351));
#11426=CARTESIAN_POINT('',(0.2957566,-0.1035877,0.01351));
#11427=CARTESIAN_POINT('',(0.2957566,-0.0504896,0.01351));
#11428=CARTESIAN_POINT('',(0.2938516,-0.0504896,0.01351));
#11429=CARTESIAN_POINT('',(0.2938516,-0.0485846,0.01351));
#11430=CARTESIAN_POINT('',(0.226476800951199,-0.0485846,0.01351));
#11431=CARTESIAN_POINT('',(0.184502001902397,-0.0485846,0.01351));
#11432=CARTESIAN_POINT('',(0.184502001902397,-0.0504896,0.01351));
#11433=CARTESIAN_POINT('',(0.182597001902397,-0.0504896,0.01351));
#11434=CARTESIAN_POINT('',(0.182597001902397,-0.0515846,0.01351));
#11435=CARTESIAN_POINT('',(0.2937566,-0.1035877,0.01351));
#11436=CARTESIAN_POINT('',(0.2937566,-0.1565908,0.01351));
#11437=CARTESIAN_POINT('',(0.28321645,-0.1565908,0.01351));
#11438=CARTESIAN_POINT('',(0.2726763,-0.1565908,0.01351));
#11439=CARTESIAN_POINT('',(0.2726763,-0.1510349,0.01351));
#11440=CARTESIAN_POINT('',(0.2726763,-0.145479,0.01351));
#11441=CARTESIAN_POINT('',(0.2391661,-0.145479,0.01351));
#11442=CARTESIAN_POINT('',(0.2056559,-0.145479,0.01351));
#11443=CARTESIAN_POINT('',(0.2056559,-0.1510349,0.01351));
#11444=CARTESIAN_POINT('',(0.2056559,-0.1565908,0.01351));
#11445=CARTESIAN_POINT('',(0.182212160808814,-0.1565908,0.01351));
#11446=CARTESIAN_POINT('',(0.2957566,-0.1035877,-0.00349));
#11447=CARTESIAN_POINT('',(0.2957566,-0.1566858,-0.00349));
#11448=CARTESIAN_POINT('',(0.2957566,-0.0504896,-0.00349));
#11449=CARTESIAN_POINT('',(0.226476800951199,-0.0485846,-0.00349));
#11450=CARTESIAN_POINT('',(0.2938516,-0.0485846,-0.00349));
#11451=CARTESIAN_POINT('',(0.159094457377584,-0.0485846,-0.00349));
#11452=CARTESIAN_POINT('',(0.159094457377584,-0.0485846,0.00151));
#11453=CARTESIAN_POINT('',(0.169897001902398,-0.0485846,0.00151));
#11454=CARTESIAN_POINT('',(0.184502001902397,-0.0485846,0.00151));
#11455=CARTESIAN_POINT('',(0.184502001902397,-0.0485846,0.01351));
#11456=CARTESIAN_POINT('',(0.182208184681357,-0.1585908,-0.00349));
#11457=CARTESIAN_POINT('',(0.158673043885521,-0.1585908,-0.00349));
#11458=CARTESIAN_POINT('',(0.2057509,-0.1585908,-0.00349));
#11459=CARTESIAN_POINT('',(0.2076559,-0.1530349,-0.00349));
#11460=CARTESIAN_POINT('',(0.2076559,-0.1566858,-0.00349));
#11461=CARTESIAN_POINT('',(0.2076559,-0.149384,0.01351));
#11462=CARTESIAN_POINT('',(0.2391661,-0.147479,-0.00349));
#11463=CARTESIAN_POINT('',(0.2095609,-0.147479,-0.00349));
#11464=CARTESIAN_POINT('',(0.2687713,-0.147479,0.01351));
#11465=CARTESIAN_POINT('',(0.2706763,-0.1530349,-0.00349));
#11466=CARTESIAN_POINT('',(0.2706763,-0.149384,-0.00349));
#11467=CARTESIAN_POINT('',(0.2706763,-0.1566858,-0.00349));
#11468=CARTESIAN_POINT('',(0.28321645,-0.1585908,-0.00349));
#11469=CARTESIAN_POINT('',(0.2725813,-0.1585908,-0.00349));
#11470=CARTESIAN_POINT('',(0.2938516,-0.1585908,-0.00349));
#11471=CARTESIAN_POINT('',(0.2937566,-0.1035877,0.01351));
#11472=CARTESIAN_POINT('',(0.2937566,-0.1035877,0.00151));
#11473=CARTESIAN_POINT('',(0.2937566,-0.1565908,0.00151));
#11474=CARTESIAN_POINT('',(0.2937566,-0.1565908,0.01351));
#11475=CARTESIAN_POINT('',(0.28321645,-0.1565908,0.01351));
#11476=CARTESIAN_POINT('',(0.28321645,-0.1565908,0.00151));
#11477=CARTESIAN_POINT('',(0.2726763,-0.1565908,0.00151));
#11478=CARTESIAN_POINT('',(0.2726763,-0.1565908,0.01351));
#11479=CARTESIAN_POINT('',(0.2726763,-0.1510349,0.01351));
#11480=CARTESIAN_POINT('',(0.2726763,-0.1510349,0.00151));
#11481=CARTESIAN_POINT('',(0.2726763,-0.145479,0.00151));
#11482=CARTESIAN_POINT('',(0.2726763,-0.145479,0.01351));
#11483=CARTESIAN_POINT('',(0.2391661,-0.145479,0.01351));
#11484=CARTESIAN_POINT('',(0.2391661,-0.145479,0.00151));
#11485=CARTESIAN_POINT('',(0.2056559,-0.145479,0.00151));
#11486=CARTESIAN_POINT('',(0.2056559,-0.145479,0.01351));
#11487=CARTESIAN_POINT('',(0.2056559,-0.1510349,0.01351));
#11488=CARTESIAN_POINT('',(0.2056559,-0.1510349,0.00151));
#11489=CARTESIAN_POINT('',(0.2056559,-0.1565908,0.00151));
#11490=CARTESIAN_POINT('',(0.2056559,-0.1565908,0.01351));
#11491=CARTESIAN_POINT('',(0.182212160808814,-0.1565908,0.01351));
#11492=CARTESIAN_POINT('',(0.182212160808814,-0.1565908,0.00151));
#11493=CARTESIAN_POINT('',(0.226258534681358,-0.1035877,0.00151));
#11494=CARTESIAN_POINT('',(0.159094457377584,-0.0504896,0.00151));
#11495=CARTESIAN_POINT('',(0.157197001902397,-0.0503202255046225,0.00151));
#11496=CARTESIAN_POINT('',(0.157197001902397,-0.0515846,0.00151));
#11497=CARTESIAN_POINT('',(0.157197001902397,-0.0532180792684794,0.00151));
#11498=CARTESIAN_POINT('',(0.15908255261568,-0.0534896,0.00151));
#11499=CARTESIAN_POINT('',(0.158177545490172,-0.0518132983854983,0.00151));
#11500=CARTESIAN_POINT('',(0.157272538364664,-0.0534896,0.00151));
#11501=CARTESIAN_POINT('',(0.182597001902397,-0.0515846,0.00151));
#11502=CARTESIAN_POINT('',(0.182597001902397,-0.0504896,0.00151));
#11503=CARTESIAN_POINT('',(0.184502001902397,-0.0504896,0.00151));
#11504=CARTESIAN_POINT('',(0.1756701,-0.0893011,0.00151));
#11505=CARTESIAN_POINT('',(0.1772701,-0.0893011,0.00151));
#11506=CARTESIAN_POINT('',(0.282985,-0.14508,0.00151));
#11507=CARTESIAN_POINT('',(0.284585,-0.14508,0.00151));
#11508=CARTESIAN_POINT('',(0.194565,-0.14508,0.00151));
#11509=CARTESIAN_POINT('',(0.196165,-0.14508,0.00151));
#11510=CARTESIAN_POINT('',(0.194565,-0.14508,-0.00149));
#11511=CARTESIAN_POINT('',(0.194565,-0.14508,-0.00149));
#11512=CARTESIAN_POINT('',(0.194565,-0.14668,-0.00149));
#11513=CARTESIAN_POINT('',(0.226258464157581,-0.103587634861469,-0.00149));
#11514=CARTESIAN_POINT('',(0.282985,-0.14508,-0.00149));
#11515=CARTESIAN_POINT('',(0.282985,-0.14508,-0.00149));
#11516=CARTESIAN_POINT('',(0.282985,-0.14668,-0.00149));
#11517=CARTESIAN_POINT('',(0.226258464157581,-0.103587634861469,-0.00149));
#11518=CARTESIAN_POINT('',(0.1756701,-0.0893011,-0.00149));
#11519=CARTESIAN_POINT('',(0.1756701,-0.0893011,-0.00149));
#11520=CARTESIAN_POINT('',(0.1756701,-0.0909011,-0.00149));
#11521=CARTESIAN_POINT('',(0.226258464157581,-0.103587634861469,-0.00149));
#11522=CARTESIAN_POINT('',(0.157026196176989,-0.0515846,0.00150594979408663));
#11523=CARTESIAN_POINT('',(0.159094457377584,-0.0504896,0.00155499313689621));
#11524=CARTESIAN_POINT('',(0.15908255261568,-0.0534896,0.00155471084696156));
#11525=CARTESIAN_POINT('',(0.182597001902397,-0.0515846,0.00751));
#11526=CARTESIAN_POINT('',(0.182597001902397,-0.0504896,0.00151));
#11527=CARTESIAN_POINT('',(0.158673043885521,-0.1566858,-0.00349));
#11528=CARTESIAN_POINT('',(0.2057509,-0.1566858,-0.00349));
#11529=CARTESIAN_POINT('',(0.2095609,-0.149384,-0.00349));
#11530=CARTESIAN_POINT('',(0.2687713,-0.149384,-0.00349));
#11531=CARTESIAN_POINT('',(0.2725813,-0.1566858,-0.00349));
#11532=CARTESIAN_POINT('',(0.2938516,-0.1566858,-0.00349));
#11533=CARTESIAN_POINT('',(0.2938516,-0.0504896,-0.00349));
#11534=CARTESIAN_POINT('',(0.184502001902397,-0.0504896,-0.00349));
#11535=CARTESIAN_POINT('',(0.15908255261568,-0.0534896,0.00501));
#11536=CARTESIAN_POINT('',(0.158177545490172,-0.0518132983854983,0.00751));
#11537=CARTESIAN_POINT('',(0.159094457377584,-0.0504896,-0.00349));
#11538=CARTESIAN_POINT('',(0.157272538364664,-0.0534896,0.01351));
#11539=CARTESIAN_POINT('',(0.179799929778557,-0.133800435067193,-0.00249));
#11540=CARTESIAN_POINT('',(0.179799929778557,-0.133800435067193,-0.00349));
#11541=CARTESIAN_POINT('',(0.179575787254415,-0.133416996283754,-0.00249));
#11542=CARTESIAN_POINT('',(0.179575787254415,-0.133416996283754,-0.00349));
#11543=CARTESIAN_POINT('',(0.179286093614721,-0.133121663838422,-0.00249));
#11544=CARTESIAN_POINT('',(0.179286093614721,-0.133121663838422,-0.00349));
#11545=CARTESIAN_POINT('',(0.178930848859476,-0.132914437731195,-0.00249));
#11546=CARTESIAN_POINT('',(0.178930848859476,-0.132914437731195,-0.00349));
#11547=CARTESIAN_POINT('',(0.179799929778557,-0.133800435067193,-0.00249));
#11548=CARTESIAN_POINT('',(0.179799929778557,-0.133800435067193,-0.00249));
#11549=CARTESIAN_POINT('',(0.179799929778557,-0.133800435067193,-0.00249));
#11550=CARTESIAN_POINT('',(0.179463715992344,-0.133225276892035,-0.00249));
#11551=CARTESIAN_POINT('',(0.178930848859476,-0.132914437731195,-0.00249));
#11552=CARTESIAN_POINT('',(0.178930848859476,-0.132914437731195,-0.00249));
#11553=CARTESIAN_POINT('',(0.178930848859476,-0.132914437731195,-0.00249));
#11554=CARTESIAN_POINT('',(0.179843278096906,-0.133271797038555,-0.00249));
#11555=CARTESIAN_POINT('',(0.179886626415254,-0.132743159009917,-0.00249));
#11556=CARTESIAN_POINT('',(0.179886626415254,-0.132743159009917,-0.00249));
#11557=CARTESIAN_POINT('',(0.179843278096906,-0.133271797038555,-0.00249));
#11558=CARTESIAN_POINT('',(0.180880465909094,-0.132743159009917,-0.00249));
#11559=CARTESIAN_POINT('',(0.181874305402933,-0.132743159009917,-0.00249));
#11560=CARTESIAN_POINT('',(0.181874305402933,-0.132743159009917,-0.00249));
#11561=CARTESIAN_POINT('',(0.180880465909094,-0.132743159009917,-0.00249));
#11562=CARTESIAN_POINT('',(0.181874305402933,-0.133159725776484,-0.00249));
#11563=CARTESIAN_POINT('',(0.181874305402933,-0.13357629254305,-0.00249));
#11564=CARTESIAN_POINT('',(0.181874305402933,-0.13357629254305,-0.00249));
#11565=CARTESIAN_POINT('',(0.181874305402933,-0.133159725776484,-0.00249));
#11566=CARTESIAN_POINT('',(0.181465139568768,-0.133668275560033,-0.00249));
#11567=CARTESIAN_POINT('',(0.181055973734601,-0.133760258577016,-0.00249));
#11568=CARTESIAN_POINT('',(0.181055973734601,-0.133760258577016,-0.00249));
#11569=CARTESIAN_POINT('',(0.181465139568768,-0.133668275560033,-0.00249));
#11570=CARTESIAN_POINT('',(0.181055973734601,-0.136826359143117,-0.00249));
#11571=CARTESIAN_POINT('',(0.181055973734601,-0.139892459709217,-0.00249));
#11572=CARTESIAN_POINT('',(0.181055973734601,-0.139892459709217,-0.00249));
#11573=CARTESIAN_POINT('',(0.181055973734601,-0.136826359143117,-0.00249));
#11574=CARTESIAN_POINT('',(0.180404691683319,-0.139892459709217,-0.00249));
#11575=CARTESIAN_POINT('',(0.178795517524145,-0.139892459709217,-0.00249));
#11576=CARTESIAN_POINT('',(0.178795517524145,-0.139892459709217,-0.00249));
#11577=CARTESIAN_POINT('',(0.180404691683319,-0.139892459709217,-0.00249));
#11578=CARTESIAN_POINT('',(0.178795517524145,-0.139472721114479,-0.00249));
#11579=CARTESIAN_POINT('',(0.178795517524145,-0.13905298251974,-0.00249));
#11580=CARTESIAN_POINT('',(0.178795517524145,-0.13905298251974,-0.00249));
#11581=CARTESIAN_POINT('',(0.178795517524145,-0.139472721114479,-0.00249));
#11582=CARTESIAN_POINT('',(0.179274463578092,-0.138960999502757,-0.00249));
#11583=CARTESIAN_POINT('',(0.179753409632038,-0.138869016485774,-0.00249));
#11584=CARTESIAN_POINT('',(0.179753409632038,-0.138869016485774,-0.00249));
#11585=CARTESIAN_POINT('',(0.179274463578092,-0.138960999502757,-0.00249));
#11586=CARTESIAN_POINT('',(0.179753409632038,-0.136804156345914,-0.00249));
#11587=CARTESIAN_POINT('',(0.179753409632038,-0.134739296206054,-0.00249));
#11588=CARTESIAN_POINT('',(0.179753409632038,-0.134739296206054,-0.00249));
#11589=CARTESIAN_POINT('',(0.179753409632038,-0.136804156345914,-0.00249));
#11590=CARTESIAN_POINT('',(0.179070409299037,-0.133942110058868,-0.00249));
#11591=CARTESIAN_POINT('',(0.179070409299037,-0.133942110058868,-0.00349));
#11592=CARTESIAN_POINT('',(0.179372085400713,-0.134129600346358,-0.00249));
#11593=CARTESIAN_POINT('',(0.179372085400713,-0.134129600346358,-0.00349));
#11594=CARTESIAN_POINT('',(0.17959975217838,-0.134395329062087,-0.00249));
#11595=CARTESIAN_POINT('',(0.17959975217838,-0.134395329062087,-0.00349));
#11596=CARTESIAN_POINT('',(0.179753409632038,-0.134739296206054,-0.00249));
#11597=CARTESIAN_POINT('',(0.179753409632038,-0.134739296206054,-0.00349));
#11598=CARTESIAN_POINT('',(0.179070409299037,-0.133942110058868,-0.00249));
#11599=CARTESIAN_POINT('',(0.179070409299037,-0.133942110058868,-0.00249));
#11600=CARTESIAN_POINT('',(0.179070409299037,-0.133942110058868,-0.00249));
#11601=CARTESIAN_POINT('',(0.179522923451551,-0.134223345490103,-0.00249));
#11602=CARTESIAN_POINT('',(0.179753409632038,-0.134739296206054,-0.00249));
#11603=CARTESIAN_POINT('',(0.177922207500836,-0.133660874627632,-0.00249));
#11604=CARTESIAN_POINT('',(0.177922207500836,-0.133660874627632,-0.00349));
#11605=CARTESIAN_POINT('',(0.178385999264627,-0.133660874627632,-0.00249));
#11606=CARTESIAN_POINT('',(0.178385999264627,-0.133660874627632,-0.00349));
#11607=CARTESIAN_POINT('',(0.178768733197361,-0.133754619771378,-0.00249));
#11608=CARTESIAN_POINT('',(0.178768733197361,-0.133754619771378,-0.00349));
#11609=CARTESIAN_POINT('',(0.179070409299037,-0.133942110058868,-0.00249));
#11610=CARTESIAN_POINT('',(0.179070409299037,-0.133942110058868,-0.00349));
#11611=CARTESIAN_POINT('',(0.177922207500836,-0.133660874627632,-0.00249));
#11612=CARTESIAN_POINT('',(0.177922207500836,-0.133660874627632,-0.00249));
#11613=CARTESIAN_POINT('',(0.177922207500836,-0.133660874627632,-0.00249));
#11614=CARTESIAN_POINT('',(0.178617895146523,-0.133660874627632,-0.00249));
#11615=CARTESIAN_POINT('',(0.179070409299037,-0.133942110058868,-0.00249));
#11616=CARTESIAN_POINT('',(0.17687233237596,-0.134091185982944,-0.00249));
#11617=CARTESIAN_POINT('',(0.17687233237596,-0.134091185982944,-0.00349));
#11618=CARTESIAN_POINT('',(0.177097179750807,-0.13380431174607,-0.00249));
#11619=CARTESIAN_POINT('',(0.177097179750807,-0.13380431174607,-0.00349));
#11620=CARTESIAN_POINT('',(0.177447138125766,-0.133660874627632,-0.00249));
#11621=CARTESIAN_POINT('',(0.177447138125766,-0.133660874627632,-0.00349));
#11622=CARTESIAN_POINT('',(0.177922207500836,-0.133660874627632,-0.00249));
#11623=CARTESIAN_POINT('',(0.177922207500836,-0.133660874627632,-0.00349));
#11624=CARTESIAN_POINT('',(0.17687233237596,-0.134091185982944,-0.00249));
#11625=CARTESIAN_POINT('',(0.17687233237596,-0.134091185982944,-0.00249));
#11626=CARTESIAN_POINT('',(0.17687233237596,-0.134091185982944,-0.00249));
#11627=CARTESIAN_POINT('',(0.177209603438231,-0.133660874627632,-0.00249));
#11628=CARTESIAN_POINT('',(0.177922207500836,-0.133660874627632,-0.00249));
#11629=CARTESIAN_POINT('',(0.176535061313689,-0.135663355480113,-0.00249));
#11630=CARTESIAN_POINT('',(0.176535061313689,-0.135663355480113,-0.00349));
#11631=CARTESIAN_POINT('',(0.176535061313689,-0.134902116718874,-0.00249));
#11632=CARTESIAN_POINT('',(0.176535061313689,-0.134902116718874,-0.00349));
#11633=CARTESIAN_POINT('',(0.176647485001113,-0.134378060219818,-0.00249));
#11634=CARTESIAN_POINT('',(0.176647485001113,-0.134378060219818,-0.00349));
#11635=CARTESIAN_POINT('',(0.17687233237596,-0.134091185982944,-0.00249));
#11636=CARTESIAN_POINT('',(0.17687233237596,-0.134091185982944,-0.00349));
#11637=CARTESIAN_POINT('',(0.176535061313689,-0.135663355480113,-0.00249));
#11638=CARTESIAN_POINT('',(0.176535061313689,-0.135663355480113,-0.00249));
#11639=CARTESIAN_POINT('',(0.176535061313689,-0.135663355480113,-0.00249));
#11640=CARTESIAN_POINT('',(0.176535061313689,-0.134521497338255,-0.00249));
#11641=CARTESIAN_POINT('',(0.17687233237596,-0.134091185982944,-0.00249));
#11642=CARTESIAN_POINT('',(0.176535061313689,-0.137777907594665,-0.00249));
#11643=CARTESIAN_POINT('',(0.176535061313689,-0.139892459709217,-0.00249));
#11644=CARTESIAN_POINT('',(0.176535061313689,-0.139892459709217,-0.00249));
#11645=CARTESIAN_POINT('',(0.176535061313689,-0.137777907594665,-0.00249));
#11646=CARTESIAN_POINT('',(0.175884836538465,-0.139892459709217,-0.00249));
#11647=CARTESIAN_POINT('',(0.174414165542793,-0.139892459709217,-0.00249));
#11648=CARTESIAN_POINT('',(0.174414165542793,-0.139892459709217,-0.00249));
#11649=CARTESIAN_POINT('',(0.175884836538465,-0.139892459709217,-0.00249));
#11650=CARTESIAN_POINT('',(0.174414165542793,-0.139472721114479,-0.00249));
#11651=CARTESIAN_POINT('',(0.174414165542793,-0.13905298251974,-0.00249));
#11652=CARTESIAN_POINT('',(0.174414165542793,-0.13905298251974,-0.00249));
#11653=CARTESIAN_POINT('',(0.174414165542793,-0.139472721114479,-0.00249));
#11654=CARTESIAN_POINT('',(0.174824388653016,-0.138960999502757,-0.00249));
#11655=CARTESIAN_POINT('',(0.175234611763239,-0.138869016485774,-0.00249));
#11656=CARTESIAN_POINT('',(0.175234611763239,-0.138869016485774,-0.00249));
#11657=CARTESIAN_POINT('',(0.174824388653016,-0.138960999502757,-0.00249));
#11658=CARTESIAN_POINT('',(0.175234611763239,-0.137273586915345,-0.00249));
#11659=CARTESIAN_POINT('',(0.175234611763239,-0.135678157344915,-0.00249));
#11660=CARTESIAN_POINT('',(0.175234611763239,-0.135678157344915,-0.00249));
#11661=CARTESIAN_POINT('',(0.175234611763239,-0.137273586915345,-0.00249));
#11662=CARTESIAN_POINT('',(0.175888008366636,-0.13335109274285,-0.00249));
#11663=CARTESIAN_POINT('',(0.175888008366636,-0.13335109274285,-0.00349));
#11664=CARTESIAN_POINT('',(0.175452410631038,-0.13384942219118,-0.00249));
#11665=CARTESIAN_POINT('',(0.175452410631038,-0.13384942219118,-0.00349));
#11666=CARTESIAN_POINT('',(0.175234611763239,-0.134625110391868,-0.00249));
#11667=CARTESIAN_POINT('',(0.175234611763239,-0.134625110391868,-0.00349));
#11668=CARTESIAN_POINT('',(0.175234611763239,-0.135678157344915,-0.00249));
#11669=CARTESIAN_POINT('',(0.175234611763239,-0.135678157344915,-0.00349));
#11670=CARTESIAN_POINT('',(0.175888008366636,-0.13335109274285,-0.00249));
#11671=CARTESIAN_POINT('',(0.175888008366636,-0.13335109274285,-0.00249));
#11672=CARTESIAN_POINT('',(0.175888008366636,-0.13335109274285,-0.00249));
#11673=CARTESIAN_POINT('',(0.175234611763239,-0.134098586915345,-0.00249));
#11674=CARTESIAN_POINT('',(0.175234611763239,-0.135678157344915,-0.00249));
#11675=CARTESIAN_POINT('',(0.177704408633036,-0.132603598570356,-0.00249));
#11676=CARTESIAN_POINT('',(0.177704408633036,-0.132603598570356,-0.00349));
#11677=CARTESIAN_POINT('',(0.176929072857701,-0.132603598570356,-0.00249));
#11678=CARTESIAN_POINT('',(0.176929072857701,-0.132603598570356,-0.00349));
#11679=CARTESIAN_POINT('',(0.176323606102234,-0.132852763294521,-0.00249));
#11680=CARTESIAN_POINT('',(0.176323606102234,-0.132852763294521,-0.00349));
#11681=CARTESIAN_POINT('',(0.175888008366636,-0.13335109274285,-0.00249));
#11682=CARTESIAN_POINT('',(0.175888008366636,-0.13335109274285,-0.00349));
#11683=CARTESIAN_POINT('',(0.177704408633036,-0.132603598570356,-0.00249));
#11684=CARTESIAN_POINT('',(0.177704408633036,-0.132603598570356,-0.00249));
#11685=CARTESIAN_POINT('',(0.177704408633036,-0.132603598570356,-0.00249));
#11686=CARTESIAN_POINT('',(0.176541404970033,-0.132603598570356,-0.00249));
#11687=CARTESIAN_POINT('',(0.175888008366636,-0.13335109274285,-0.00249));
#11688=CARTESIAN_POINT('',(0.178930848859476,-0.132914437731195,-0.00249));
#11689=CARTESIAN_POINT('',(0.178930848859476,-0.132914437731195,-0.00349));
#11690=CARTESIAN_POINT('',(0.178575604104232,-0.132707211623969,-0.00249));
#11691=CARTESIAN_POINT('',(0.178575604104232,-0.132707211623969,-0.00349));
#11692=CARTESIAN_POINT('',(0.178166790695419,-0.132603598570356,-0.00249));
#11693=CARTESIAN_POINT('',(0.178166790695419,-0.132603598570356,-0.00349));
#11694=CARTESIAN_POINT('',(0.177704408633036,-0.132603598570356,-0.00249));
#11695=CARTESIAN_POINT('',(0.177704408633036,-0.132603598570356,-0.00349));
#11696=CARTESIAN_POINT('',(0.178930848859476,-0.132914437731195,-0.00249));
#11697=CARTESIAN_POINT('',(0.17839798172661,-0.132603598570356,-0.00249));
#11698=CARTESIAN_POINT('',(0.177704408633036,-0.132603598570356,-0.00249));
#11699=CARTESIAN_POINT('',(0.22626232194276,-0.1035877,-0.00249));
#11700=CARTESIAN_POINT('',(0.197310535839163,-0.0854089099256677,-0.00249));
#11701=CARTESIAN_POINT('',(0.197310535839163,-0.0854089099256677,-0.00349));
#11702=CARTESIAN_POINT('',(0.196874938103566,-0.0854089099256677,-0.00249));
#11703=CARTESIAN_POINT('',(0.196874938103566,-0.0854089099256677,-0.00349));
#11704=CARTESIAN_POINT('',(0.196502776931405,-0.0852252963170541,-0.00249));
#11705=CARTESIAN_POINT('',(0.196502776931405,-0.0852252963170541,-0.00349));
#11706=CARTESIAN_POINT('',(0.19619405232268,-0.0848580690998269,-0.00249));
#11707=CARTESIAN_POINT('',(0.19619405232268,-0.0848580690998269,-0.00349));
#11708=CARTESIAN_POINT('',(0.197310535839163,-0.0854089099256677,-0.00349));
#11709=CARTESIAN_POINT('',(0.196657139235767,-0.0854089099256677,-0.00349));
#11710=CARTESIAN_POINT('',(0.19619405232268,-0.0848580690998269,-0.00349));
#11711=CARTESIAN_POINT('',(0.197310535839163,-0.0854089099256677,-0.00349));
#11712=CARTESIAN_POINT('',(0.19619405232268,-0.0848580690998269,-0.00349));
#11713=CARTESIAN_POINT('',(0.197310535839163,-0.0854089099256677,-0.00249));
#11714=CARTESIAN_POINT('',(0.197310535839163,-0.0854089099256677,-0.00249));
#11715=CARTESIAN_POINT('',(0.197310535839163,-0.0854089099256677,-0.00249));
#11716=CARTESIAN_POINT('',(0.196657139235767,-0.0854089099256677,-0.00249));
#11717=CARTESIAN_POINT('',(0.19619405232268,-0.0848580690998269,-0.00249));
#11718=CARTESIAN_POINT('',(0.19619405232268,-0.0848580690998269,-0.00249));
#11719=CARTESIAN_POINT('',(0.19619405232268,-0.0848580690998269,-0.00249));
#11720=CARTESIAN_POINT('',(0.198526403305031,-0.0848940164857743,-0.00249));
#11721=CARTESIAN_POINT('',(0.198526403305031,-0.0848940164857743,-0.00349));
#11722=CARTESIAN_POINT('',(0.198252921231549,-0.0852372787790366,-0.00249));
#11723=CARTESIAN_POINT('',(0.198252921231549,-0.0852372787790366,-0.00349));
#11724=CARTESIAN_POINT('',(0.19784763207626,-0.0854089099256677,-0.00249));
#11725=CARTESIAN_POINT('',(0.19784763207626,-0.0854089099256677,-0.00349));
#11726=CARTESIAN_POINT('',(0.197310535839163,-0.0854089099256677,-0.00249));
#11727=CARTESIAN_POINT('',(0.197310535839163,-0.0854089099256677,-0.00349));
#11728=CARTESIAN_POINT('',(0.198526403305031,-0.0848940164857743,-0.00349));
#11729=CARTESIAN_POINT('',(0.198116180194808,-0.0854089099256677,-0.00349));
#11730=CARTESIAN_POINT('',(0.197310535839163,-0.0854089099256677,-0.00349));
#11731=CARTESIAN_POINT('',(0.198526403305031,-0.0848940164857743,-0.00349));
#11732=CARTESIAN_POINT('',(0.198526403305031,-0.0848940164857743,-0.00249));
#11733=CARTESIAN_POINT('',(0.198526403305031,-0.0848940164857743,-0.00249));
#11734=CARTESIAN_POINT('',(0.198526403305031,-0.0848940164857743,-0.00249));
#11735=CARTESIAN_POINT('',(0.198116180194808,-0.0854089099256677,-0.00249));
#11736=CARTESIAN_POINT('',(0.197310535839163,-0.0854089099256677,-0.00249));
#11737=CARTESIAN_POINT('',(0.198936626415254,-0.0836115406282984,-0.00249));
#11738=CARTESIAN_POINT('',(0.198936626415254,-0.0836115406282984,-0.00349));
#11739=CARTESIAN_POINT('',(0.198936626415254,-0.08412326224002,-0.00249));
#11740=CARTESIAN_POINT('',(0.198936626415254,-0.08412326224002,-0.00349));
#11741=CARTESIAN_POINT('',(0.198799885378513,-0.084550754192512,-0.00249));
#11742=CARTESIAN_POINT('',(0.198799885378513,-0.084550754192512,-0.00349));
#11743=CARTESIAN_POINT('',(0.198526403305031,-0.0848940164857743,-0.00249));
#11744=CARTESIAN_POINT('',(0.198526403305031,-0.0848940164857743,-0.00349));
#11745=CARTESIAN_POINT('',(0.198936626415254,-0.0836115406282984,-0.00349));
#11746=CARTESIAN_POINT('',(0.198936626415254,-0.0843791230458808,-0.00349));
#11747=CARTESIAN_POINT('',(0.198526403305031,-0.0848940164857743,-0.00349));
#11748=CARTESIAN_POINT('',(0.198936626415254,-0.0836115406282984,-0.00349));
#11749=CARTESIAN_POINT('',(0.198936626415254,-0.0836115406282984,-0.00249));
#11750=CARTESIAN_POINT('',(0.198936626415254,-0.0836115406282984,-0.00249));
#11751=CARTESIAN_POINT('',(0.198936626415254,-0.0836115406282984,-0.00249));
#11752=CARTESIAN_POINT('',(0.198936626415254,-0.0843791230458808,-0.00249));
#11753=CARTESIAN_POINT('',(0.198526403305031,-0.0848940164857743,-0.00249));
#11754=CARTESIAN_POINT('',(0.198936626415254,-0.0835259012676591,-0.00249));
#11755=CARTESIAN_POINT('',(0.198936626415254,-0.0835259012676591,-0.00349));
#11756=CARTESIAN_POINT('',(0.198936626415254,-0.0834402619070197,-0.00349));
#11757=CARTESIAN_POINT('',(0.198936626415254,-0.0834402619070197,-0.00249));
#11758=CARTESIAN_POINT('',(0.198936626415254,-0.0834402619070197,-0.00249));
#11759=CARTESIAN_POINT('',(0.198936626415254,-0.0835259012676591,-0.00249));
#11760=CARTESIAN_POINT('',(0.197288333041961,-0.0834402619070197,-0.00249));
#11761=CARTESIAN_POINT('',(0.197288333041961,-0.0834402619070197,-0.00349));
#11762=CARTESIAN_POINT('',(0.195640039668667,-0.0834402619070197,-0.00349));
#11763=CARTESIAN_POINT('',(0.195640039668667,-0.0834402619070197,-0.00249));
#11764=CARTESIAN_POINT('',(0.195640039668667,-0.0834402619070197,-0.00249));
#11765=CARTESIAN_POINT('',(0.197288333041961,-0.0834402619070197,-0.00249));
#11766=CARTESIAN_POINT('',(0.195632638736266,-0.0834571783239361,-0.00249));
#11767=CARTESIAN_POINT('',(0.195632638736266,-0.0834571783239361,-0.00349));
#11768=CARTESIAN_POINT('',(0.195625237803865,-0.0834740947408525,-0.00349));
#11769=CARTESIAN_POINT('',(0.195625237803865,-0.0834740947408525,-0.00249));
#11770=CARTESIAN_POINT('',(0.195625237803865,-0.0834740947408525,-0.00249));
#11771=CARTESIAN_POINT('',(0.195632638736266,-0.0834571783239361,-0.00249));
#11772=CARTESIAN_POINT('',(0.197509303737931,-0.0790123897791476,-0.00249));
#11773=CARTESIAN_POINT('',(0.197509303737931,-0.0790123897791476,-0.00349));
#11774=CARTESIAN_POINT('',(0.196514054542682,-0.0790123897791476,-0.00249));
#11775=CARTESIAN_POINT('',(0.196514054542682,-0.0790123897791476,-0.00349));
#11776=CARTESIAN_POINT('',(0.195722154775782,-0.0793440220357798,-0.00249));
#11777=CARTESIAN_POINT('',(0.195722154775782,-0.0793440220357798,-0.00349));
#11778=CARTESIAN_POINT('',(0.195133604437232,-0.0800072865490443,-0.00249));
#11779=CARTESIAN_POINT('',(0.195133604437232,-0.0800072865490443,-0.00349));
#11780=CARTESIAN_POINT('',(0.197509303737931,-0.0790123897791476,-0.00249));
#11781=CARTESIAN_POINT('',(0.197509303737931,-0.0790123897791476,-0.00249));
#11782=CARTESIAN_POINT('',(0.197509303737931,-0.0790123897791476,-0.00249));
#11783=CARTESIAN_POINT('',(0.196016429945058,-0.0790123897791476,-0.00249));
#11784=CARTESIAN_POINT('',(0.195133604437232,-0.0800072865490443,-0.00249));
#11785=CARTESIAN_POINT('',(0.195133604437232,-0.0800072865490443,-0.00249));
#11786=CARTESIAN_POINT('',(0.195133604437232,-0.0800072865490443,-0.00249));
#11787=CARTESIAN_POINT('',(0.199026494880123,-0.0792671933089511,-0.00249));
#11788=CARTESIAN_POINT('',(0.199026494880123,-0.0792671933089511,-0.00349));
#11789=CARTESIAN_POINT('',(0.198605699009327,-0.0790973242890821,-0.00249));
#11790=CARTESIAN_POINT('',(0.198605699009327,-0.0790973242890821,-0.00349));
#11791=CARTESIAN_POINT('',(0.198099968628596,-0.0790123897791476,-0.00249));
#11792=CARTESIAN_POINT('',(0.198099968628596,-0.0790123897791476,-0.00349));
#11793=CARTESIAN_POINT('',(0.197509303737931,-0.0790123897791476,-0.00249));
#11794=CARTESIAN_POINT('',(0.197509303737931,-0.0790123897791476,-0.00349));
#11795=CARTESIAN_POINT('',(0.199026494880123,-0.0792671933089511,-0.00249));
#11796=CARTESIAN_POINT('',(0.199026494880123,-0.0792671933089511,-0.00249));
#11797=CARTESIAN_POINT('',(0.199026494880123,-0.0792671933089511,-0.00249));
#11798=CARTESIAN_POINT('',(0.198395301073929,-0.0790123897791476,-0.00249));
#11799=CARTESIAN_POINT('',(0.197509303737931,-0.0790123897791476,-0.00249));
#11800=CARTESIAN_POINT('',(0.200040422619051,-0.0798920434588012,-0.00249));
#11801=CARTESIAN_POINT('',(0.200040422619051,-0.0798920434588012,-0.00349));
#11802=CARTESIAN_POINT('',(0.199785266663894,-0.0796453457121035,-0.00249));
#11803=CARTESIAN_POINT('',(0.199785266663894,-0.0796453457121035,-0.00349));
#11804=CARTESIAN_POINT('',(0.199447290750919,-0.0794370623288201,-0.00249));
#11805=CARTESIAN_POINT('',(0.199447290750919,-0.0794370623288201,-0.00349));
#11806=CARTESIAN_POINT('',(0.199026494880123,-0.0792671933089511,-0.00249));
#11807=CARTESIAN_POINT('',(0.199026494880123,-0.0792671933089511,-0.00349));
#11808=CARTESIAN_POINT('',(0.200040422619051,-0.0798920434588012,-0.00249));
#11809=CARTESIAN_POINT('',(0.200040422619051,-0.0798920434588012,-0.00249));
#11810=CARTESIAN_POINT('',(0.200040422619051,-0.0798920434588012,-0.00249));
#11811=CARTESIAN_POINT('',(0.199657688686317,-0.0795219968387546,-0.00249));
#11812=CARTESIAN_POINT('',(0.199026494880123,-0.0792671933089511,-0.00249));
#11813=CARTESIAN_POINT('',(0.199785619089247,-0.0803149538817117,-0.00249));
#11814=CARTESIAN_POINT('',(0.199531146293142,-0.0807373153690228,-0.00249));
#11815=CARTESIAN_POINT('',(0.199531146293142,-0.0807373153690228,-0.00249));
#11816=CARTESIAN_POINT('',(0.199785619089247,-0.0803149538817117,-0.00249));
#11817=CARTESIAN_POINT('',(0.197751304166458,-0.0827309980108972,-0.00249));
#11818=CARTESIAN_POINT('',(0.198668078296706,-0.0802197990365568,-0.00249));
#11819=CARTESIAN_POINT('',(0.198668078296706,-0.0802197990365568,-0.00249));
#11820=CARTESIAN_POINT('',(0.197751304166458,-0.0827309980108972,-0.00249));
#11821=CARTESIAN_POINT('',(0.197509303737931,-0.0800316038983617,-0.00249));
#11822=CARTESIAN_POINT('',(0.197509303737931,-0.0800316038983617,-0.00349));
#11823=CARTESIAN_POINT('',(0.197949130577759,-0.0800316038983617,-0.00249));
#11824=CARTESIAN_POINT('',(0.197949130577759,-0.0800316038983617,-0.00349));
#11825=CARTESIAN_POINT('',(0.198335388764017,-0.0800943356110934,-0.00249));
#11826=CARTESIAN_POINT('',(0.198335388764017,-0.0800943356110934,-0.00349));
#11827=CARTESIAN_POINT('',(0.198668078296706,-0.0802197990365568,-0.00249));
#11828=CARTESIAN_POINT('',(0.198668078296706,-0.0802197990365568,-0.00349));
#11829=CARTESIAN_POINT('',(0.197509303737931,-0.0800316038983617,-0.00249));
#11830=CARTESIAN_POINT('',(0.197509303737931,-0.0800316038983617,-0.00249));
#11831=CARTESIAN_POINT('',(0.197509303737931,-0.0800316038983617,-0.00249));
#11832=CARTESIAN_POINT('',(0.198169043997672,-0.0800316038983617,-0.00249));
#11833=CARTESIAN_POINT('',(0.198668078296706,-0.0802197990365568,-0.00249));
#11834=CARTESIAN_POINT('',(0.196102069305697,-0.080695573262331,-0.00249));
#11835=CARTESIAN_POINT('',(0.196102069305697,-0.080695573262331,-0.00349));
#11836=CARTESIAN_POINT('',(0.196436873390501,-0.0802529270196848,-0.00249));
#11837=CARTESIAN_POINT('',(0.196436873390501,-0.0802529270196848,-0.00349));
#11838=CARTESIAN_POINT('',(0.196905951534579,-0.0800316038983617,-0.00249));
#11839=CARTESIAN_POINT('',(0.196905951534579,-0.0800316038983617,-0.00349));
#11840=CARTESIAN_POINT('',(0.197509303737931,-0.0800316038983617,-0.00249));
#11841=CARTESIAN_POINT('',(0.197509303737931,-0.0800316038983617,-0.00349));
#11842=CARTESIAN_POINT('',(0.196102069305697,-0.080695573262331,-0.00249));
#11843=CARTESIAN_POINT('',(0.196102069305697,-0.080695573262331,-0.00249));
#11844=CARTESIAN_POINT('',(0.196102069305697,-0.080695573262331,-0.00249));
#11845=CARTESIAN_POINT('',(0.196604275432903,-0.0800316038983617,-0.00249));
#11846=CARTESIAN_POINT('',(0.197509303737931,-0.0800316038983617,-0.00249));
#11847=CARTESIAN_POINT('',(0.195578717657345,-0.0823893295060873,-0.00249));
#11848=CARTESIAN_POINT('',(0.195578717657345,-0.0823893295060873,-0.00349));
#11849=CARTESIAN_POINT('',(0.195592814671443,-0.0817028049195627,-0.00249));
#11850=CARTESIAN_POINT('',(0.195592814671443,-0.0817028049195627,-0.00349));
#11851=CARTESIAN_POINT('',(0.195767265220893,-0.0811382195049773,-0.00249));
#11852=CARTESIAN_POINT('',(0.195767265220893,-0.0811382195049773,-0.00349));
#11853=CARTESIAN_POINT('',(0.196102069305697,-0.080695573262331,-0.00249));
#11854=CARTESIAN_POINT('',(0.196102069305697,-0.080695573262331,-0.00349));
#11855=CARTESIAN_POINT('',(0.195578717657345,-0.0823893295060873,-0.00249));
#11856=CARTESIAN_POINT('',(0.195578717657345,-0.0823893295060873,-0.00249));
#11857=CARTESIAN_POINT('',(0.195578717657345,-0.0823893295060873,-0.00249));
#11858=CARTESIAN_POINT('',(0.195599863178491,-0.0813595426263004,-0.00249));
#11859=CARTESIAN_POINT('',(0.196102069305697,-0.080695573262331,-0.00249));
#11860=CARTESIAN_POINT('',(0.195589290417918,-0.0824062459230037,-0.00249));
#11861=CARTESIAN_POINT('',(0.195599863178491,-0.0824231623399201,-0.00249));
#11862=CARTESIAN_POINT('',(0.195599863178491,-0.0824231623399201,-0.00249));
#11863=CARTESIAN_POINT('',(0.195589290417918,-0.0824062459230037,-0.00249));
#11864=CARTESIAN_POINT('',(0.197919526848155,-0.0824231623399201,-0.00249));
#11865=CARTESIAN_POINT('',(0.200239190517818,-0.0824231623399201,-0.00249));
#11866=CARTESIAN_POINT('',(0.200239190517818,-0.0824231623399201,-0.00249));
#11867=CARTESIAN_POINT('',(0.197919526848155,-0.0824231623399201,-0.00249));
#11868=CARTESIAN_POINT('',(0.200239190517818,-0.0828291563459141,-0.00249));
#11869=CARTESIAN_POINT('',(0.200239190517818,-0.0832351503519081,-0.00249));
#11870=CARTESIAN_POINT('',(0.200239190517818,-0.0832351503519081,-0.00249));
#11871=CARTESIAN_POINT('',(0.200239190517818,-0.0828291563459141,-0.00249));
#11872=CARTESIAN_POINT('',(0.199494868173496,-0.0855622149539727,-0.00249));
#11873=CARTESIAN_POINT('',(0.199494868173496,-0.0855622149539727,-0.00349));
#11874=CARTESIAN_POINT('',(0.199991083069711,-0.0849807131224709,-0.00249));
#11875=CARTESIAN_POINT('',(0.199991083069711,-0.0849807131224709,-0.00349));
#11876=CARTESIAN_POINT('',(0.200239190517818,-0.0842050249217827,-0.00249));
#11877=CARTESIAN_POINT('',(0.200239190517818,-0.0842050249217827,-0.00349));
#11878=CARTESIAN_POINT('',(0.200239190517818,-0.0832351503519081,-0.00249));
#11879=CARTESIAN_POINT('',(0.200239190517818,-0.0832351503519081,-0.00349));
#11880=CARTESIAN_POINT('',(0.199494868173496,-0.0855622149539727,-0.00249));
#11881=CARTESIAN_POINT('',(0.199494868173496,-0.0855622149539727,-0.00249));
#11882=CARTESIAN_POINT('',(0.199494868173496,-0.0855622149539727,-0.00249));
#11883=CARTESIAN_POINT('',(0.200239190517818,-0.08468996220672,-0.00249));
#11884=CARTESIAN_POINT('',(0.200239190517818,-0.0832351503519081,-0.00249));
#11885=CARTESIAN_POINT('',(0.197310535839163,-0.0864344677012255,-0.00249));
#11886=CARTESIAN_POINT('',(0.197310535839163,-0.0864344677012255,-0.00349));
#11887=CARTESIAN_POINT('',(0.19827054249917,-0.0864344677012255,-0.00249));
#11888=CARTESIAN_POINT('',(0.19827054249917,-0.0864344677012255,-0.00349));
#11889=CARTESIAN_POINT('',(0.198998653277281,-0.0861437167854746,-0.00249));
#11890=CARTESIAN_POINT('',(0.198998653277281,-0.0861437167854746,-0.00349));
#11891=CARTESIAN_POINT('',(0.199494868173496,-0.0855622149539727,-0.00249));
#11892=CARTESIAN_POINT('',(0.199494868173496,-0.0855622149539727,-0.00349));
#11893=CARTESIAN_POINT('',(0.197310535839163,-0.0864344677012255,-0.00249));
#11894=CARTESIAN_POINT('',(0.197310535839163,-0.0864344677012255,-0.00249));
#11895=CARTESIAN_POINT('',(0.197310535839163,-0.0864344677012255,-0.00249));
#11896=CARTESIAN_POINT('',(0.198750545829174,-0.0864344677012255,-0.00249));
#11897=CARTESIAN_POINT('',(0.199494868173496,-0.0855622149539727,-0.00249));
#11898=CARTESIAN_POINT('',(0.195160036338664,-0.0854194826862405,-0.00249));
#11899=CARTESIAN_POINT('',(0.195160036338664,-0.0854194826862405,-0.00349));
#11900=CARTESIAN_POINT('',(0.195766207944836,-0.0860961393628972,-0.00249));
#11901=CARTESIAN_POINT('',(0.195766207944836,-0.0860961393628972,-0.00349));
#11902=CARTESIAN_POINT('',(0.196483041111669,-0.0864344677012255,-0.00249));
#11903=CARTESIAN_POINT('',(0.196483041111669,-0.0864344677012255,-0.00349));
#11904=CARTESIAN_POINT('',(0.197310535839163,-0.0864344677012255,-0.00249));
#11905=CARTESIAN_POINT('',(0.197310535839163,-0.0864344677012255,-0.00349));
#11906=CARTESIAN_POINT('',(0.195160036338664,-0.0854194826862405,-0.00249));
#11907=CARTESIAN_POINT('',(0.195160036338664,-0.0854194826862405,-0.00249));
#11908=CARTESIAN_POINT('',(0.195160036338664,-0.0854194826862405,-0.00249));
#11909=CARTESIAN_POINT('',(0.196069293747922,-0.0864344677012255,-0.00249));
#11910=CARTESIAN_POINT('',(0.197310535839163,-0.0864344677012255,-0.00249));
#11911=CARTESIAN_POINT('',(0.194250778929407,-0.0828799055966634,-0.00249));
#11912=CARTESIAN_POINT('',(0.194250778929407,-0.0828799055966634,-0.00349));
#11913=CARTESIAN_POINT('',(0.194250778929406,-0.0838963003130581,-0.00249));
#11914=CARTESIAN_POINT('',(0.194250778929406,-0.0838963003130581,-0.00349));
#11915=CARTESIAN_POINT('',(0.194553864732492,-0.0847428260095838,-0.00249));
#11916=CARTESIAN_POINT('',(0.194553864732492,-0.0847428260095838,-0.00349));
#11917=CARTESIAN_POINT('',(0.195160036338664,-0.0854194826862405,-0.00249));
#11918=CARTESIAN_POINT('',(0.195160036338664,-0.0854194826862405,-0.00349));
#11919=CARTESIAN_POINT('',(0.194250778929407,-0.0828799055966634,-0.00249));
#11920=CARTESIAN_POINT('',(0.194250778929407,-0.0828799055966634,-0.00249));
#11921=CARTESIAN_POINT('',(0.194250778929407,-0.0828799055966634,-0.00249));
#11922=CARTESIAN_POINT('',(0.194250778929407,-0.0844044976712555,-0.00249));
#11923=CARTESIAN_POINT('',(0.195160036338664,-0.0854194826862405,-0.00249));
#11924=CARTESIAN_POINT('',(0.194250778929407,-0.0827340015007593,-0.00249));
#11925=CARTESIAN_POINT('',(0.194250778929407,-0.0825880974048552,-0.00249));
#11926=CARTESIAN_POINT('',(0.194250778929407,-0.0825880974048552,-0.00249));
#11927=CARTESIAN_POINT('',(0.194250778929407,-0.0827340015007593,-0.00249));
#11928=CARTESIAN_POINT('',(0.195133604437232,-0.0800072865490443,-0.00249));
#11929=CARTESIAN_POINT('',(0.195133604437232,-0.0800072865490443,-0.00349));
#11930=CARTESIAN_POINT('',(0.194545054098682,-0.0806705510623088,-0.00249));
#11931=CARTESIAN_POINT('',(0.194545054098682,-0.0806705510623088,-0.00349));
#11932=CARTESIAN_POINT('',(0.194250778929406,-0.0815308213475791,-0.00249));
#11933=CARTESIAN_POINT('',(0.194250778929406,-0.0815308213475791,-0.00349));
#11934=CARTESIAN_POINT('',(0.194250778929407,-0.0825880974048552,-0.00249));
#11935=CARTESIAN_POINT('',(0.194250778929407,-0.0825880974048552,-0.00349));
#11936=CARTESIAN_POINT('',(0.195133604437232,-0.0800072865490443,-0.00249));
#11937=CARTESIAN_POINT('',(0.194250778929407,-0.0810021833189411,-0.00249));
#11938=CARTESIAN_POINT('',(0.194250778929407,-0.0825880974048552,-0.00249));
#11939=CARTESIAN_POINT('',(0.19619405232268,-0.0848580690998269,-0.00249));
#11940=CARTESIAN_POINT('',(0.19619405232268,-0.0848580690998269,-0.00349));
#11941=CARTESIAN_POINT('',(0.195885327713955,-0.0844908418825997,-0.00249));
#11942=CARTESIAN_POINT('',(0.195885327713955,-0.0844908418825997,-0.00349));
#11943=CARTESIAN_POINT('',(0.195695722874351,-0.0840295170962749,-0.00249));
#11944=CARTESIAN_POINT('',(0.195695722874351,-0.0840295170962749,-0.00349));
#11945=CARTESIAN_POINT('',(0.195625237803865,-0.0834740947408525,-0.00249));
#11946=CARTESIAN_POINT('',(0.195625237803865,-0.0834740947408525,-0.00349));
#11947=CARTESIAN_POINT('',(0.19619405232268,-0.0848580690998269,-0.00349));
#11948=CARTESIAN_POINT('',(0.195730965409593,-0.0843072282739861,-0.00349));
#11949=CARTESIAN_POINT('',(0.195625237803865,-0.0834740947408525,-0.00349));
#11950=CARTESIAN_POINT('',(0.19619405232268,-0.0848580690998269,-0.00249));
#11951=CARTESIAN_POINT('',(0.195730965409593,-0.0843072282739861,-0.00249));
#11952=CARTESIAN_POINT('',(0.195625237803865,-0.0834740947408525,-0.00249));
#11953=CARTESIAN_POINT('',(0.22626232194276,-0.1035877,-0.00249));
#11954=CARTESIAN_POINT('',(0.181738974067602,-0.0800770667688246,-0.00249));
#11955=CARTESIAN_POINT('',(0.181199763278391,-0.0799850837518415,-0.00249));
#11956=CARTESIAN_POINT('',(0.181199763278391,-0.0799850837518415,-0.00249));
#11957=CARTESIAN_POINT('',(0.181738974067602,-0.0800770667688246,-0.00249));
#11958=CARTESIAN_POINT('',(0.182278184856812,-0.0801690497858076,-0.00249));
#11959=CARTESIAN_POINT('',(0.182278184856812,-0.0801690497858076,-0.00249));
#11960=CARTESIAN_POINT('',(0.181199763278391,-0.0795685169852748,-0.00249));
#11961=CARTESIAN_POINT('',(0.181199763278391,-0.079151950218708,-0.00249));
#11962=CARTESIAN_POINT('',(0.181199763278391,-0.079151950218708,-0.00249));
#11963=CARTESIAN_POINT('',(0.181199763278391,-0.0795685169852748,-0.00249));
#11964=CARTESIAN_POINT('',(0.182928409632038,-0.079151950218708,-0.00249));
#11965=CARTESIAN_POINT('',(0.184657055985684,-0.079151950218708,-0.00249));
#11966=CARTESIAN_POINT('',(0.184657055985684,-0.079151950218708,-0.00249));
#11967=CARTESIAN_POINT('',(0.182928409632038,-0.079151950218708,-0.00249));
#11968=CARTESIAN_POINT('',(0.184657055985684,-0.0795685169852748,-0.00249));
#11969=CARTESIAN_POINT('',(0.184657055985684,-0.0799850837518415,-0.00249));
#11970=CARTESIAN_POINT('',(0.184657055985684,-0.0799850837518415,-0.00249));
#11971=CARTESIAN_POINT('',(0.184657055985684,-0.0795685169852748,-0.00249));
#11972=CARTESIAN_POINT('',(0.184117845196473,-0.0800770667688246,-0.00249));
#11973=CARTESIAN_POINT('',(0.183578634407262,-0.0801690497858076,-0.00249));
#11974=CARTESIAN_POINT('',(0.183578634407262,-0.0801690497858076,-0.00249));
#11975=CARTESIAN_POINT('',(0.184117845196473,-0.0800770667688246,-0.00249));
#11976=CARTESIAN_POINT('',(0.183578634407262,-0.0823068619736198,-0.00249));
#11977=CARTESIAN_POINT('',(0.183578634407262,-0.084444674161432,-0.00249));
#11978=CARTESIAN_POINT('',(0.183578634407262,-0.084444674161432,-0.00249));
#11979=CARTESIAN_POINT('',(0.183578634407262,-0.0823068619736198,-0.00249));
#11980=CARTESIAN_POINT('',(0.184167537171165,-0.0851329608747187,-0.00249));
#11981=CARTESIAN_POINT('',(0.184167537171165,-0.0851329608747187,-0.00349));
#11982=CARTESIAN_POINT('',(0.183911676365304,-0.0849701403618982,-0.00249));
#11983=CARTESIAN_POINT('',(0.183911676365304,-0.0849701403618982,-0.00349));
#11984=CARTESIAN_POINT('',(0.183715375444003,-0.0847407114574693,-0.00249));
#11985=CARTESIAN_POINT('',(0.183715375444003,-0.0847407114574693,-0.00349));
#11986=CARTESIAN_POINT('',(0.183578634407262,-0.084444674161432,-0.00249));
#11987=CARTESIAN_POINT('',(0.183578634407262,-0.084444674161432,-0.00349));
#11988=CARTESIAN_POINT('',(0.184167537171165,-0.0851329608747187,-0.00249));
#11989=CARTESIAN_POINT('',(0.184167537171165,-0.0851329608747187,-0.00249));
#11990=CARTESIAN_POINT('',(0.184167537171165,-0.0851329608747187,-0.00249));
#11991=CARTESIAN_POINT('',(0.183783745962373,-0.0848887301054879,-0.00249));
#11992=CARTESIAN_POINT('',(0.183578634407262,-0.084444674161432,-0.00249));
#11993=CARTESIAN_POINT('',(0.185145517524145,-0.0853771916439494,-0.00249));
#11994=CARTESIAN_POINT('',(0.185145517524145,-0.0853771916439494,-0.00349));
#11995=CARTESIAN_POINT('',(0.184749391428019,-0.0853771916439494,-0.00249));
#11996=CARTESIAN_POINT('',(0.184749391428019,-0.0853771916439494,-0.00349));
#11997=CARTESIAN_POINT('',(0.184423397977026,-0.0852957813875392,-0.00249));
#11998=CARTESIAN_POINT('',(0.184423397977026,-0.0852957813875392,-0.00349));
#11999=CARTESIAN_POINT('',(0.184167537171165,-0.0851329608747187,-0.00249));
#12000=CARTESIAN_POINT('',(0.184167537171165,-0.0851329608747187,-0.00349));
#12001=CARTESIAN_POINT('',(0.185145517524145,-0.0853771916439494,-0.00249));
#12002=CARTESIAN_POINT('',(0.185145517524145,-0.0853771916439494,-0.00249));
#12003=CARTESIAN_POINT('',(0.185145517524145,-0.0853771916439494,-0.00249));
#12004=CARTESIAN_POINT('',(0.184551328379956,-0.0853771916439494,-0.00249));
#12005=CARTESIAN_POINT('',(0.184167537171165,-0.0851329608747187,-0.00249));
#12006=CARTESIAN_POINT('',(0.186224996378624,-0.0849109329026907,-0.00249));
#12007=CARTESIAN_POINT('',(0.186224996378624,-0.0849109329026907,-0.00349));
#12008=CARTESIAN_POINT('',(0.185976184079812,-0.0852217720635298,-0.00249));
#12009=CARTESIAN_POINT('',(0.185976184079812,-0.0852217720635298,-0.00349));
#12010=CARTESIAN_POINT('',(0.185616357794986,-0.0853771916439494,-0.00249));
#12011=CARTESIAN_POINT('',(0.185616357794986,-0.0853771916439494,-0.00349));
#12012=CARTESIAN_POINT('',(0.185145517524145,-0.0853771916439494,-0.00249));
#12013=CARTESIAN_POINT('',(0.185145517524145,-0.0853771916439494,-0.00349));
#12014=CARTESIAN_POINT('',(0.186224996378624,-0.0849109329026907,-0.00249));
#12015=CARTESIAN_POINT('',(0.186224996378624,-0.0849109329026907,-0.00249));
#12016=CARTESIAN_POINT('',(0.186224996378624,-0.0849109329026907,-0.00249));
#12017=CARTESIAN_POINT('',(0.185851777930405,-0.0853771916439494,-0.00249));
#12018=CARTESIAN_POINT('',(0.185145517524145,-0.0853771916439494,-0.00249));
#12019=CARTESIAN_POINT('',(0.186598214826842,-0.0834402619070197,-0.00249));
#12020=CARTESIAN_POINT('',(0.186598214826842,-0.0834402619070197,-0.00349));
#12021=CARTESIAN_POINT('',(0.186598214826842,-0.0841098700766279,-0.00249));
#12022=CARTESIAN_POINT('',(0.186598214826842,-0.0841098700766279,-0.00349));
#12023=CARTESIAN_POINT('',(0.186473808677436,-0.0846000937418516,-0.00249));
#12024=CARTESIAN_POINT('',(0.186473808677436,-0.0846000937418516,-0.00349));
#12025=CARTESIAN_POINT('',(0.186224996378624,-0.0849109329026907,-0.00249));
#12026=CARTESIAN_POINT('',(0.186224996378624,-0.0849109329026907,-0.00349));
#12027=CARTESIAN_POINT('',(0.186598214826842,-0.0834402619070197,-0.00249));
#12028=CARTESIAN_POINT('',(0.186598214826842,-0.0834402619070197,-0.00249));
#12029=CARTESIAN_POINT('',(0.186598214826842,-0.0834402619070197,-0.00249));
#12030=CARTESIAN_POINT('',(0.186598214826842,-0.084444674161432,-0.00249));
#12031=CARTESIAN_POINT('',(0.186224996378624,-0.0849109329026907,-0.00249));
#12032=CARTESIAN_POINT('',(0.186598214826842,-0.0818046558464136,-0.00249));
#12033=CARTESIAN_POINT('',(0.186598214826842,-0.0801690497858076,-0.00249));
#12034=CARTESIAN_POINT('',(0.186598214826842,-0.0801690497858076,-0.00249));
#12035=CARTESIAN_POINT('',(0.186598214826842,-0.0818046558464136,-0.00249));
#12036=CARTESIAN_POINT('',(0.186060061313689,-0.0800770667688246,-0.00249));
#12037=CARTESIAN_POINT('',(0.185521907800535,-0.0799850837518415,-0.00249));
#12038=CARTESIAN_POINT('',(0.185521907800535,-0.0799850837518415,-0.00249));
#12039=CARTESIAN_POINT('',(0.186060061313689,-0.0800770667688246,-0.00249));
#12040=CARTESIAN_POINT('',(0.185521907800535,-0.0795685169852748,-0.00249));
#12041=CARTESIAN_POINT('',(0.185521907800535,-0.079151950218708,-0.00249));
#12042=CARTESIAN_POINT('',(0.185521907800535,-0.079151950218708,-0.00249));
#12043=CARTESIAN_POINT('',(0.185521907800535,-0.0795685169852748,-0.00249));
#12044=CARTESIAN_POINT('',(0.187249496878125,-0.079151950218708,-0.00249));
#12045=CARTESIAN_POINT('',(0.188977085955713,-0.079151950218708,-0.00249));
#12046=CARTESIAN_POINT('',(0.188977085955713,-0.079151950218708,-0.00249));
#12047=CARTESIAN_POINT('',(0.187249496878125,-0.079151950218708,-0.00249));
#12048=CARTESIAN_POINT('',(0.188977085955713,-0.0795685169852748,-0.00249));
#12049=CARTESIAN_POINT('',(0.188977085955713,-0.0799850837518415,-0.00249));
#12050=CARTESIAN_POINT('',(0.188977085955713,-0.0799850837518415,-0.00249));
#12051=CARTESIAN_POINT('',(0.188977085955713,-0.0795685169852748,-0.00249));
#12052=CARTESIAN_POINT('',(0.18843893244256,-0.0800770667688246,-0.00249));
#12053=CARTESIAN_POINT('',(0.187900778929407,-0.0801690497858076,-0.00249));
#12054=CARTESIAN_POINT('',(0.187900778929407,-0.0801690497858076,-0.00249));
#12055=CARTESIAN_POINT('',(0.18843893244256,-0.0800770667688246,-0.00249));
#12056=CARTESIAN_POINT('',(0.187900778929407,-0.0819304716972295,-0.00249));
#12057=CARTESIAN_POINT('',(0.187900778929407,-0.0836918936086514,-0.00249));
#12058=CARTESIAN_POINT('',(0.187900778929407,-0.0836918936086514,-0.00249));
#12059=CARTESIAN_POINT('',(0.187900778929407,-0.0819304716972295,-0.00249));
#12060=CARTESIAN_POINT('',(0.188379724983353,-0.0848982455900034,-0.00249));
#12061=CARTESIAN_POINT('',(0.188379724983353,-0.0848982455900034,-0.00349));
#12062=CARTESIAN_POINT('',(0.188104128357756,-0.084578948220706,-0.00249));
#12063=CARTESIAN_POINT('',(0.188104128357756,-0.084578948220706,-0.00349));
#12064=CARTESIAN_POINT('',(0.187944479673107,-0.0841768308935887,-0.00249));
#12065=CARTESIAN_POINT('',(0.187944479673107,-0.0841768308935887,-0.00349));
#12066=CARTESIAN_POINT('',(0.187900778929407,-0.0836918936086514,-0.00249));
#12067=CARTESIAN_POINT('',(0.187900778929407,-0.0836918936086514,-0.00349));
#12068=CARTESIAN_POINT('',(0.188379724983353,-0.0848982455900034,-0.00249));
#12069=CARTESIAN_POINT('',(0.188379724983353,-0.0848982455900034,-0.00249));
#12070=CARTESIAN_POINT('',(0.188379724983353,-0.0848982455900034,-0.00249));
#12071=CARTESIAN_POINT('',(0.187966330044958,-0.0844192995360573,-0.00249));
#12072=CARTESIAN_POINT('',(0.187900778929407,-0.0836918936086514,-0.00249));
#12073=CARTESIAN_POINT('',(0.189474005702634,-0.0853771916439494,-0.00249));
#12074=CARTESIAN_POINT('',(0.189474005702634,-0.0853771916439494,-0.00349));
#12075=CARTESIAN_POINT('',(0.189020081848709,-0.0853771916439494,-0.00249));
#12076=CARTESIAN_POINT('',(0.189020081848709,-0.0853771916439494,-0.00349));
#12077=CARTESIAN_POINT('',(0.188655321608949,-0.0852175429593007,-0.00249));
#12078=CARTESIAN_POINT('',(0.188655321608949,-0.0852175429593007,-0.00349));
#12079=CARTESIAN_POINT('',(0.188379724983353,-0.0848982455900034,-0.00249));
#12080=CARTESIAN_POINT('',(0.188379724983353,-0.0848982455900034,-0.00349));
#12081=CARTESIAN_POINT('',(0.189474005702634,-0.0853771916439494,-0.00249));
#12082=CARTESIAN_POINT('',(0.189474005702634,-0.0853771916439494,-0.00249));
#12083=CARTESIAN_POINT('',(0.189474005702634,-0.0853771916439494,-0.00249));
#12084=CARTESIAN_POINT('',(0.188793119921747,-0.0853771916439494,-0.00249));
#12085=CARTESIAN_POINT('',(0.188379724983353,-0.0848982455900034,-0.00249));
#12086=CARTESIAN_POINT('',(0.19055031272894,-0.0849373648041226,-0.00249));
#12087=CARTESIAN_POINT('',(0.19055031272894,-0.0849373648041226,-0.00349));
#12088=CARTESIAN_POINT('',(0.190307844086472,-0.0852305826973405,-0.00249));
#12089=CARTESIAN_POINT('',(0.190307844086472,-0.0852305826973405,-0.00349));
#12090=CARTESIAN_POINT('',(0.189949075077703,-0.0853771916439494,-0.00249));
#12091=CARTESIAN_POINT('',(0.189949075077703,-0.0853771916439494,-0.00349));
#12092=CARTESIAN_POINT('',(0.189474005702634,-0.0853771916439494,-0.00249));
#12093=CARTESIAN_POINT('',(0.189474005702634,-0.0853771916439494,-0.00349));
#12094=CARTESIAN_POINT('',(0.19055031272894,-0.0849373648041226,-0.00249));
#12095=CARTESIAN_POINT('',(0.19055031272894,-0.0849373648041226,-0.00249));
#12096=CARTESIAN_POINT('',(0.19055031272894,-0.0849373648041226,-0.00249));
#12097=CARTESIAN_POINT('',(0.190186609765238,-0.0853771916439494,-0.00249));
#12098=CARTESIAN_POINT('',(0.189474005702634,-0.0853771916439494,-0.00249));
#12099=CARTESIAN_POINT('',(0.190914015692643,-0.0834402619070197,-0.00249));
#12100=CARTESIAN_POINT('',(0.190914015692643,-0.0834402619070197,-0.00349));
#12101=CARTESIAN_POINT('',(0.190914015692644,-0.0841451126118704,-0.00249));
#12102=CARTESIAN_POINT('',(0.190914015692644,-0.0841451126118704,-0.00349));
#12103=CARTESIAN_POINT('',(0.190792781371409,-0.0846441469109047,-0.00249));
#12104=CARTESIAN_POINT('',(0.190792781371409,-0.0846441469109047,-0.00349));
#12105=CARTESIAN_POINT('',(0.19055031272894,-0.0849373648041226,-0.00249));
#12106=CARTESIAN_POINT('',(0.19055031272894,-0.0849373648041226,-0.00349));
#12107=CARTESIAN_POINT('',(0.190914015692643,-0.0834402619070197,-0.00249));
#12108=CARTESIAN_POINT('',(0.190914015692643,-0.0834402619070197,-0.00249));
#12109=CARTESIAN_POINT('',(0.190914015692643,-0.0834402619070197,-0.00249));
#12110=CARTESIAN_POINT('',(0.190914015692643,-0.0844975379642957,-0.00249));
#12111=CARTESIAN_POINT('',(0.19055031272894,-0.0849373648041226,-0.00249));
#12112=CARTESIAN_POINT('',(0.190914015692643,-0.0818046558464136,-0.00249));
#12113=CARTESIAN_POINT('',(0.190914015692643,-0.0801690497858076,-0.00249));
#12114=CARTESIAN_POINT('',(0.190914015692643,-0.0801690497858076,-0.00249));
#12115=CARTESIAN_POINT('',(0.190914015692643,-0.0818046558464136,-0.00249));
#12116=CARTESIAN_POINT('',(0.19037586217949,-0.0800770667688246,-0.00249));
#12117=CARTESIAN_POINT('',(0.189837708666336,-0.0799850837518415,-0.00249));
#12118=CARTESIAN_POINT('',(0.189837708666336,-0.0799850837518415,-0.00249));
#12119=CARTESIAN_POINT('',(0.19037586217949,-0.0800770667688246,-0.00249));
#12120=CARTESIAN_POINT('',(0.189837708666336,-0.0795685169852748,-0.00249));
#12121=CARTESIAN_POINT('',(0.189837708666336,-0.079151950218708,-0.00249));
#12122=CARTESIAN_POINT('',(0.189837708666336,-0.079151950218708,-0.00249));
#12123=CARTESIAN_POINT('',(0.189837708666336,-0.0795685169852748,-0.00249));
#12124=CARTESIAN_POINT('',(0.191568469572097,-0.079151950218708,-0.00249));
#12125=CARTESIAN_POINT('',(0.193299230477858,-0.079151950218708,-0.00249));
#12126=CARTESIAN_POINT('',(0.193299230477858,-0.079151950218708,-0.00249));
#12127=CARTESIAN_POINT('',(0.191568469572097,-0.079151950218708,-0.00249));
#12128=CARTESIAN_POINT('',(0.193299230477858,-0.0795685169852748,-0.00249));
#12129=CARTESIAN_POINT('',(0.193299230477858,-0.0799850837518415,-0.00249));
#12130=CARTESIAN_POINT('',(0.193299230477858,-0.0799850837518415,-0.00249));
#12131=CARTESIAN_POINT('',(0.193299230477858,-0.0795685169852748,-0.00249));
#12132=CARTESIAN_POINT('',(0.192761076964704,-0.0800770667688246,-0.00249));
#12133=CARTESIAN_POINT('',(0.192222923451551,-0.0801690497858076,-0.00249));
#12134=CARTESIAN_POINT('',(0.192222923451551,-0.0801690497858076,-0.00249));
#12135=CARTESIAN_POINT('',(0.192761076964704,-0.0800770667688246,-0.00249));
#12136=CARTESIAN_POINT('',(0.192222923451551,-0.08179831219007,-0.00249));
#12137=CARTESIAN_POINT('',(0.192222923451551,-0.0834275745943324,-0.00249));
#12138=CARTESIAN_POINT('',(0.192222923451551,-0.0834275745943324,-0.00249));
#12139=CARTESIAN_POINT('',(0.192222923451551,-0.08179831219007,-0.00249));
#12140=CARTESIAN_POINT('',(0.191588557817186,-0.0856838017005595,-0.00249));
#12141=CARTESIAN_POINT('',(0.191588557817186,-0.0856838017005595,-0.00349));
#12142=CARTESIAN_POINT('',(0.192011468240096,-0.0851833577001155,-0.00249));
#12143=CARTESIAN_POINT('',(0.192011468240096,-0.0851833577001155,-0.00349));
#12144=CARTESIAN_POINT('',(0.192222923451551,-0.0844312819980398,-0.00249));
#12145=CARTESIAN_POINT('',(0.192222923451551,-0.0844312819980398,-0.00349));
#12146=CARTESIAN_POINT('',(0.192222923451551,-0.0834275745943324,-0.00249));
#12147=CARTESIAN_POINT('',(0.192222923451551,-0.0834275745943324,-0.00349));
#12148=CARTESIAN_POINT('',(0.191588557817186,-0.0856838017005595,-0.00249));
#12149=CARTESIAN_POINT('',(0.191588557817186,-0.0856838017005595,-0.00249));
#12150=CARTESIAN_POINT('',(0.191588557817186,-0.0856838017005595,-0.00249));
#12151=CARTESIAN_POINT('',(0.192222923451551,-0.0849331356998935,-0.00249));
#12152=CARTESIAN_POINT('',(0.192222923451551,-0.0834275745943324,-0.00249));
#12153=CARTESIAN_POINT('',(0.189856739635367,-0.0864344677012255,-0.00249));
#12154=CARTESIAN_POINT('',(0.189856739635367,-0.0864344677012255,-0.00349));
#12155=CARTESIAN_POINT('',(0.190588374667003,-0.0864344677012255,-0.00249));
#12156=CARTESIAN_POINT('',(0.190588374667003,-0.0864344677012255,-0.00349));
#12157=CARTESIAN_POINT('',(0.191165647394275,-0.0861842457010035,-0.00249));
#12158=CARTESIAN_POINT('',(0.191165647394275,-0.0861842457010035,-0.00349));
#12159=CARTESIAN_POINT('',(0.191588557817186,-0.0856838017005595,-0.00249));
#12160=CARTESIAN_POINT('',(0.191588557817186,-0.0856838017005595,-0.00349));
#12161=CARTESIAN_POINT('',(0.189856739635367,-0.0864344677012255,-0.00249));
#12162=CARTESIAN_POINT('',(0.189856739635367,-0.0864344677012255,-0.00249));
#12163=CARTESIAN_POINT('',(0.189856739635367,-0.0864344677012255,-0.00249));
#12164=CARTESIAN_POINT('',(0.19095419218282,-0.0864344677012255,-0.00249));
#12165=CARTESIAN_POINT('',(0.191588557817186,-0.0856838017005595,-0.00249));
#12166=CARTESIAN_POINT('',(0.188561576465205,-0.0860771083938662,-0.00249));
#12167=CARTESIAN_POINT('',(0.188561576465205,-0.0860771083938662,-0.00349));
#12168=CARTESIAN_POINT('',(0.188931623085251,-0.0863153479321058,-0.00249));
#12169=CARTESIAN_POINT('',(0.188931623085251,-0.0863153479321058,-0.00349));
#12170=CARTESIAN_POINT('',(0.189363344141972,-0.0864344677012255,-0.00249));
#12171=CARTESIAN_POINT('',(0.189363344141972,-0.0864344677012255,-0.00349));
#12172=CARTESIAN_POINT('',(0.189856739635367,-0.0864344677012255,-0.00249));
#12173=CARTESIAN_POINT('',(0.189856739635367,-0.0864344677012255,-0.00349));
#12174=CARTESIAN_POINT('',(0.188561576465205,-0.0860771083938662,-0.00249));
#12175=CARTESIAN_POINT('',(0.188561576465205,-0.0860771083938662,-0.00249));
#12176=CARTESIAN_POINT('',(0.188561576465205,-0.0860771083938662,-0.00249));
#12177=CARTESIAN_POINT('',(0.189116646395274,-0.0864344677012255,-0.00249));
#12178=CARTESIAN_POINT('',(0.189856739635367,-0.0864344677012255,-0.00249));
#12179=CARTESIAN_POINT('',(0.190003922858731,-0.0838538467095706,-0.00249));
#12180=CARTESIAN_POINT('',(0.18767029274892,-0.0851128726296304,-0.00249));
#12181=CARTESIAN_POINT('',(0.18767029274892,-0.0851128726296304,-0.00249));
#12182=CARTESIAN_POINT('',(0.190003922858731,-0.0838538467095706,-0.00249));
#12183=CARTESIAN_POINT('',(0.186899538503166,-0.0861035402952981,-0.00249));
#12184=CARTESIAN_POINT('',(0.186899538503166,-0.0861035402952981,-0.00349));
#12185=CARTESIAN_POINT('',(0.187241391095019,-0.0858829220246798,-0.00249));
#12186=CARTESIAN_POINT('',(0.187241391095019,-0.0858829220246798,-0.00349));
#12187=CARTESIAN_POINT('',(0.187498309176937,-0.0855526994694573,-0.00249));
#12188=CARTESIAN_POINT('',(0.187498309176937,-0.0855526994694573,-0.00349));
#12189=CARTESIAN_POINT('',(0.18767029274892,-0.0851128726296304,-0.00249));
#12190=CARTESIAN_POINT('',(0.18767029274892,-0.0851128726296304,-0.00349));
#12191=CARTESIAN_POINT('',(0.186899538503166,-0.0861035402952981,-0.00249));
#12192=CARTESIAN_POINT('',(0.186899538503166,-0.0861035402952981,-0.00249));
#12193=CARTESIAN_POINT('',(0.186899538503166,-0.0861035402952981,-0.00249));
#12194=CARTESIAN_POINT('',(0.187412317390945,-0.0857726128893707,-0.00249));
#12195=CARTESIAN_POINT('',(0.18767029274892,-0.0851128726296304,-0.00249));
#12196=CARTESIAN_POINT('',(0.185674155552783,-0.0864344677012255,-0.00249));
#12197=CARTESIAN_POINT('',(0.185674155552783,-0.0864344677012255,-0.00349));
#12198=CARTESIAN_POINT('',(0.186149224927853,-0.0864344677012255,-0.00249));
#12199=CARTESIAN_POINT('',(0.186149224927853,-0.0864344677012255,-0.00349));
#12200=CARTESIAN_POINT('',(0.186557685911314,-0.0863241585659164,-0.00249));
#12201=CARTESIAN_POINT('',(0.186557685911314,-0.0863241585659164,-0.00349));
#12202=CARTESIAN_POINT('',(0.186899538503166,-0.0861035402952981,-0.00249));
#12203=CARTESIAN_POINT('',(0.186899538503166,-0.0861035402952981,-0.00349));
#12204=CARTESIAN_POINT('',(0.185674155552783,-0.0864344677012255,-0.00249));
#12205=CARTESIAN_POINT('',(0.185674155552783,-0.0864344677012255,-0.00249));
#12206=CARTESIAN_POINT('',(0.185674155552783,-0.0864344677012255,-0.00249));
#12207=CARTESIAN_POINT('',(0.186386759615388,-0.0864344677012255,-0.00249));
#12208=CARTESIAN_POINT('',(0.186899538503166,-0.0861035402952981,-0.00249));
#12209=CARTESIAN_POINT('',(0.18441811159674,-0.0861564040981619,-0.00249));
#12210=CARTESIAN_POINT('',(0.18441811159674,-0.0861564040981619,-0.00349));
#12211=CARTESIAN_POINT('',(0.184778995157623,-0.0863417798335376,-0.00249));
#12212=CARTESIAN_POINT('',(0.184778995157623,-0.0863417798335376,-0.00349));
#12213=CARTESIAN_POINT('',(0.185197676476304,-0.0864344677012255,-0.00249));
#12214=CARTESIAN_POINT('',(0.185197676476304,-0.0864344677012255,-0.00349));
#12215=CARTESIAN_POINT('',(0.185674155552783,-0.0864344677012255,-0.00249));
#12216=CARTESIAN_POINT('',(0.185674155552783,-0.0864344677012255,-0.00349));
#12217=CARTESIAN_POINT('',(0.18441811159674,-0.0861564040981619,-0.00249));
#12218=CARTESIAN_POINT('',(0.18441811159674,-0.0861564040981619,-0.00249));
#12219=CARTESIAN_POINT('',(0.18441811159674,-0.0861564040981619,-0.00249));
#12220=CARTESIAN_POINT('',(0.184959436938064,-0.0864344677012255,-0.00249));
#12221=CARTESIAN_POINT('',(0.185674155552783,-0.0864344677012255,-0.00249));
#12222=CARTESIAN_POINT('',(0.185488243380291,-0.084057673639057,-0.00249));
#12223=CARTESIAN_POINT('',(0.183532157984233,-0.08537036702921,-0.00249));
#12224=CARTESIAN_POINT('',(0.183532114260742,-0.0853708479876058,-0.00249));
#12225=CARTESIAN_POINT('',(0.185488243380291,-0.084057673639057,-0.00249));
#12226=CARTESIAN_POINT('',(0.183489823218451,-0.0858360494528072,-0.00249));
#12227=CARTESIAN_POINT('',(0.18344753217616,-0.0863012509180087,-0.00249));
#12228=CARTESIAN_POINT('',(0.18344753217616,-0.0863012509180087,-0.00249));
#12229=CARTESIAN_POINT('',(0.183489823218451,-0.0858360494528072,-0.00249));
#12230=CARTESIAN_POINT('',(0.182323647727275,-0.0863012509180087,-0.00249));
#12231=CARTESIAN_POINT('',(0.181199763278391,-0.0863012509180087,-0.00249));
#12232=CARTESIAN_POINT('',(0.181199763278391,-0.0863012509180087,-0.00249));
#12233=CARTESIAN_POINT('',(0.182323647727275,-0.0863012509180087,-0.00249));
#12234=CARTESIAN_POINT('',(0.181199763278391,-0.0858815123232701,-0.00249));
#12235=CARTESIAN_POINT('',(0.181199763278391,-0.0854617737285315,-0.00249));
#12236=CARTESIAN_POINT('',(0.181199763278391,-0.0854617737285315,-0.00249));
#12237=CARTESIAN_POINT('',(0.181199763278391,-0.0858815123232701,-0.00249));
#12238=CARTESIAN_POINT('',(0.181738974067602,-0.0853697907115485,-0.00249));
#12239=CARTESIAN_POINT('',(0.182278184856812,-0.0852778076945655,-0.00249));
#12240=CARTESIAN_POINT('',(0.182278184856812,-0.0852778076945655,-0.00249));
#12241=CARTESIAN_POINT('',(0.181738974067602,-0.0853697907115485,-0.00249));
#12242=CARTESIAN_POINT('',(0.182278184856812,-0.0827234287401865,-0.00249));
#12243=CARTESIAN_POINT('',(0.182278184856812,-0.0827234287401865,-0.00249));
#12244=CARTESIAN_POINT('',(0.22626232194276,-0.1035877,-0.00249));
#12245=CARTESIAN_POINT('',(0.172018377997006,-0.0858191330358908,-0.00249));
#12246=CARTESIAN_POINT('',(0.172477235805863,-0.0858191330358908,-0.00249));
#12247=CARTESIAN_POINT('',(0.172477235805863,-0.0858191330358908,-0.00249));
#12248=CARTESIAN_POINT('',(0.172018377997006,-0.0858191330358908,-0.00249));
#12249=CARTESIAN_POINT('',(0.171559520188148,-0.0858191330358908,-0.00249));
#12250=CARTESIAN_POINT('',(0.171559520188148,-0.0858191330358908,-0.00249));
#12251=CARTESIAN_POINT('',(0.172477235805863,-0.0866755266422844,-0.00249));
#12252=CARTESIAN_POINT('',(0.172477235805863,-0.087531920248678,-0.00249));
#12253=CARTESIAN_POINT('',(0.172477235805863,-0.087531920248678,-0.00249));
#12254=CARTESIAN_POINT('',(0.172477235805863,-0.0866755266422844,-0.00249));
#12255=CARTESIAN_POINT('',(0.17122859278222,-0.0884866405283983,-0.00249));
#12256=CARTESIAN_POINT('',(0.17122859278222,-0.0884866405283983,-0.00349));
#12257=CARTESIAN_POINT('',(0.171783310286938,-0.0882025856943435,-0.00249));
#12258=CARTESIAN_POINT('',(0.171783310286938,-0.0882025856943435,-0.00349));
#12259=CARTESIAN_POINT('',(0.172199524628152,-0.0878843456011034,-0.00249));
#12260=CARTESIAN_POINT('',(0.172199524628152,-0.0878843456011034,-0.00349));
#12261=CARTESIAN_POINT('',(0.172477235805863,-0.087531920248678,-0.00249));
#12262=CARTESIAN_POINT('',(0.172477235805863,-0.087531920248678,-0.00349));
#12263=CARTESIAN_POINT('',(0.17122859278222,-0.0884866405283983,-0.00249));
#12264=CARTESIAN_POINT('',(0.17122859278222,-0.0884866405283983,-0.00249));
#12265=CARTESIAN_POINT('',(0.17122859278222,-0.0884866405283983,-0.00249));
#12266=CARTESIAN_POINT('',(0.172060669039297,-0.0880605582773161,-0.00249));
#12267=CARTESIAN_POINT('',(0.172477235805863,-0.087531920248678,-0.00249));
#12268=CARTESIAN_POINT('',(0.169299063977691,-0.0889127227794806,-0.00249));
#12269=CARTESIAN_POINT('',(0.169299063977691,-0.0889127227794806,-0.00349));
#12270=CARTESIAN_POINT('',(0.170030699009327,-0.0889127227794806,-0.00249));
#12271=CARTESIAN_POINT('',(0.170030699009327,-0.0889127227794806,-0.00349));
#12272=CARTESIAN_POINT('',(0.170673875277503,-0.0887706953624532,-0.00249));
#12273=CARTESIAN_POINT('',(0.170673875277503,-0.0887706953624532,-0.00349));
#12274=CARTESIAN_POINT('',(0.17122859278222,-0.0884866405283983,-0.00249));
#12275=CARTESIAN_POINT('',(0.17122859278222,-0.0884866405283983,-0.00349));
#12276=CARTESIAN_POINT('',(0.169299063977691,-0.0889127227794806,-0.00249));
#12277=CARTESIAN_POINT('',(0.169299063977691,-0.0889127227794806,-0.00249));
#12278=CARTESIAN_POINT('',(0.169299063977691,-0.0889127227794806,-0.00249));
#12279=CARTESIAN_POINT('',(0.170396516525145,-0.0889127227794806,-0.00249));
#12280=CARTESIAN_POINT('',(0.17122859278222,-0.0884866405283983,-0.00249));
#12281=CARTESIAN_POINT('',(0.166200187853816,-0.0875276911444489,-0.00249));
#12282=CARTESIAN_POINT('',(0.166200187853816,-0.0875276911444489,-0.00349));
#12283=CARTESIAN_POINT('',(0.166988915792543,-0.0884510455678034,-0.00249));
#12284=CARTESIAN_POINT('',(0.166988915792543,-0.0884510455678034,-0.00349));
#12285=CARTESIAN_POINT('',(0.168021874500502,-0.0889127227794806,-0.00249));
#12286=CARTESIAN_POINT('',(0.168021874500502,-0.0889127227794806,-0.00349));
#12287=CARTESIAN_POINT('',(0.169299063977691,-0.0889127227794806,-0.00249));
#12288=CARTESIAN_POINT('',(0.169299063977691,-0.0889127227794806,-0.00349));
#12289=CARTESIAN_POINT('',(0.166200187853816,-0.0875276911444489,-0.00249));
#12290=CARTESIAN_POINT('',(0.166200187853816,-0.0875276911444489,-0.00249));
#12291=CARTESIAN_POINT('',(0.166200187853816,-0.0875276911444489,-0.00249));
#12292=CARTESIAN_POINT('',(0.167383279761908,-0.0889127227794806,-0.00249));
#12293=CARTESIAN_POINT('',(0.169299063977691,-0.0889127227794806,-0.00249));
#12294=CARTESIAN_POINT('',(0.165017095945724,-0.0840281073948652,-0.00249));
#12295=CARTESIAN_POINT('',(0.165017095945724,-0.0840281073948652,-0.00349));
#12296=CARTESIAN_POINT('',(0.165017095945724,-0.0854378088045666,-0.00249));
#12297=CARTESIAN_POINT('',(0.165017095945724,-0.0854378088045666,-0.00349));
#12298=CARTESIAN_POINT('',(0.165411459915088,-0.0866043367210945,-0.00249));
#12299=CARTESIAN_POINT('',(0.165411459915088,-0.0866043367210945,-0.00349));
#12300=CARTESIAN_POINT('',(0.166200187853816,-0.0875276911444489,-0.00249));
#12301=CARTESIAN_POINT('',(0.166200187853816,-0.0875276911444489,-0.00349));
#12302=CARTESIAN_POINT('',(0.165017095945724,-0.0840281073948652,-0.00249));
#12303=CARTESIAN_POINT('',(0.165017095945724,-0.0840281073948652,-0.00249));
#12304=CARTESIAN_POINT('',(0.165017095945724,-0.0840281073948652,-0.00249));
#12305=CARTESIAN_POINT('',(0.165017095945724,-0.0861426595094173,-0.00249));
#12306=CARTESIAN_POINT('',(0.166200187853816,-0.0875276911444489,-0.00249));
#12307=CARTESIAN_POINT('',(0.165017095945724,-0.0839593844511422,-0.00249));
#12308=CARTESIAN_POINT('',(0.165017095945724,-0.0838906615074193,-0.00249));
#12309=CARTESIAN_POINT('',(0.165017095945724,-0.0838906615074193,-0.00249));
#12310=CARTESIAN_POINT('',(0.165017095945724,-0.0839593844511422,-0.00249));
#12311=CARTESIAN_POINT('',(0.166219218822847,-0.080400593242351,-0.00249));
#12312=CARTESIAN_POINT('',(0.166219218822847,-0.080400593242351,-0.00349));
#12313=CARTESIAN_POINT('',(0.165417803571431,-0.08132606221782,-0.00249));
#12314=CARTESIAN_POINT('',(0.165417803571431,-0.08132606221782,-0.00349));
#12315=CARTESIAN_POINT('',(0.165017095945724,-0.0824894183061761,-0.00249));
#12316=CARTESIAN_POINT('',(0.165017095945724,-0.0824894183061761,-0.00349));
#12317=CARTESIAN_POINT('',(0.165017095945724,-0.0838906615074193,-0.00249));
#12318=CARTESIAN_POINT('',(0.165017095945724,-0.0838906615074193,-0.00349));
#12319=CARTESIAN_POINT('',(0.166219218822847,-0.080400593242351,-0.00249));
#12320=CARTESIAN_POINT('',(0.166219218822847,-0.080400593242351,-0.00249));
#12321=CARTESIAN_POINT('',(0.166219218822847,-0.080400593242351,-0.00249));
#12322=CARTESIAN_POINT('',(0.165017095945724,-0.0817887967055545,-0.00249));
#12323=CARTESIAN_POINT('',(0.165017095945724,-0.0838906615074193,-0.00249));
#12324=CARTESIAN_POINT('',(0.169299063977691,-0.0790123897791476,-0.00249));
#12325=CARTESIAN_POINT('',(0.169299063977691,-0.0790123897791476,-0.00349));
#12326=CARTESIAN_POINT('',(0.168047249125877,-0.0790123897791476,-0.00249));
#12327=CARTESIAN_POINT('',(0.168047249125877,-0.0790123897791476,-0.00349));
#12328=CARTESIAN_POINT('',(0.167020634074262,-0.0794751242668821,-0.00249));
#12329=CARTESIAN_POINT('',(0.167020634074262,-0.0794751242668821,-0.00349));
#12330=CARTESIAN_POINT('',(0.166219218822847,-0.080400593242351,-0.00249));
#12331=CARTESIAN_POINT('',(0.166219218822847,-0.080400593242351,-0.00349));
#12332=CARTESIAN_POINT('',(0.169299063977691,-0.0790123897791476,-0.00249));
#12333=CARTESIAN_POINT('',(0.169299063977691,-0.0790123897791476,-0.00249));
#12334=CARTESIAN_POINT('',(0.169299063977691,-0.0790123897791476,-0.00249));
#12335=CARTESIAN_POINT('',(0.16742134169997,-0.0790123897791476,-0.00249));
#12336=CARTESIAN_POINT('',(0.166219218822847,-0.080400593242351,-0.00249));
#12337=CARTESIAN_POINT('',(0.17122859278222,-0.0794321283738862,-0.00249));
#12338=CARTESIAN_POINT('',(0.17122859278222,-0.0794321283738862,-0.00349));
#12339=CARTESIAN_POINT('',(0.170673875277503,-0.0791523026440605,-0.00249));
#12340=CARTESIAN_POINT('',(0.170673875277503,-0.0791523026440605,-0.00349));
#12341=CARTESIAN_POINT('',(0.170030699009327,-0.0790123897791476,-0.00249));
#12342=CARTESIAN_POINT('',(0.170030699009327,-0.0790123897791476,-0.00349));
#12343=CARTESIAN_POINT('',(0.169299063977691,-0.0790123897791476,-0.00249));
#12344=CARTESIAN_POINT('',(0.169299063977691,-0.0790123897791476,-0.00349));
#12345=CARTESIAN_POINT('',(0.17122859278222,-0.0794321283738862,-0.00249));
#12346=CARTESIAN_POINT('',(0.17122859278222,-0.0794321283738862,-0.00249));
#12347=CARTESIAN_POINT('',(0.17122859278222,-0.0794321283738862,-0.00249));
#12348=CARTESIAN_POINT('',(0.170396516525145,-0.0790123897791476,-0.00249));
#12349=CARTESIAN_POINT('',(0.169299063977691,-0.0790123897791476,-0.00249));
#12350=CARTESIAN_POINT('',(0.172477235805863,-0.0803868486536064,-0.00249));
#12351=CARTESIAN_POINT('',(0.172477235805863,-0.0803868486536064,-0.00349));
#12352=CARTESIAN_POINT('',(0.172199524628152,-0.080030194196952,-0.00249));
#12353=CARTESIAN_POINT('',(0.172199524628152,-0.080030194196952,-0.00349));
#12354=CARTESIAN_POINT('',(0.171783310286938,-0.0797119541037119,-0.00249));
#12355=CARTESIAN_POINT('',(0.171783310286938,-0.0797119541037119,-0.00349));
#12356=CARTESIAN_POINT('',(0.17122859278222,-0.0794321283738862,-0.00249));
#12357=CARTESIAN_POINT('',(0.17122859278222,-0.0794321283738862,-0.00349));
#12358=CARTESIAN_POINT('',(0.172477235805863,-0.0803868486536064,-0.00249));
#12359=CARTESIAN_POINT('',(0.172477235805863,-0.0803868486536064,-0.00249));
#12360=CARTESIAN_POINT('',(0.172477235805863,-0.0803868486536064,-0.00249));
#12361=CARTESIAN_POINT('',(0.172060669039297,-0.0798518669686248,-0.00249));
#12362=CARTESIAN_POINT('',(0.17122859278222,-0.0794321283738862,-0.00249));
#12363=CARTESIAN_POINT('',(0.172477235805863,-0.08124324226,-0.00249));
#12364=CARTESIAN_POINT('',(0.172477235805863,-0.0820996358663937,-0.00249));
#12365=CARTESIAN_POINT('',(0.172477235805863,-0.0820996358663937,-0.00249));
#12366=CARTESIAN_POINT('',(0.172477235805863,-0.08124324226,-0.00249));
#12367=CARTESIAN_POINT('',(0.172018377997006,-0.0820996358663937,-0.00249));
#12368=CARTESIAN_POINT('',(0.171559520188148,-0.0820996358663937,-0.00249));
#12369=CARTESIAN_POINT('',(0.171559520188148,-0.0820996358663937,-0.00249));
#12370=CARTESIAN_POINT('',(0.172018377997006,-0.0820996358663937,-0.00249));
#12371=CARTESIAN_POINT('',(0.171436876165504,-0.0814187500855079,-0.00249));
#12372=CARTESIAN_POINT('',(0.17131423214286,-0.0807378643046221,-0.00249));
#12373=CARTESIAN_POINT('',(0.17131423214286,-0.0807378643046221,-0.00249));
#12374=CARTESIAN_POINT('',(0.171436876165504,-0.0814187500855079,-0.00249));
#12375=CARTESIAN_POINT('',(0.170488499542127,-0.080235658177416,-0.00249));
#12376=CARTESIAN_POINT('',(0.170488499542127,-0.080235658177416,-0.00349));
#12377=CARTESIAN_POINT('',(0.170845858849487,-0.0803716943634522,-0.00249));
#12378=CARTESIAN_POINT('',(0.170845858849487,-0.0803716943634522,-0.00349));
#12379=CARTESIAN_POINT('',(0.171121103049731,-0.0805390964058542,-0.00249));
#12380=CARTESIAN_POINT('',(0.171121103049731,-0.0805390964058542,-0.00349));
#12381=CARTESIAN_POINT('',(0.17131423214286,-0.0807378643046221,-0.00249));
#12382=CARTESIAN_POINT('',(0.17131423214286,-0.0807378643046221,-0.00349));
#12383=CARTESIAN_POINT('',(0.170488499542127,-0.080235658177416,-0.00249));
#12384=CARTESIAN_POINT('',(0.170488499542127,-0.080235658177416,-0.00249));
#12385=CARTESIAN_POINT('',(0.170488499542127,-0.080235658177416,-0.00249));
#12386=CARTESIAN_POINT('',(0.171024538503166,-0.0804397124564703,-0.00249));
#12387=CARTESIAN_POINT('',(0.17131423214286,-0.0807378643046221,-0.00249));
#12388=CARTESIAN_POINT('',(0.169299063977691,-0.0800316038983617,-0.00249));
#12389=CARTESIAN_POINT('',(0.169299063977691,-0.0800316038983617,-0.00349));
#12390=CARTESIAN_POINT('',(0.16973466171329,-0.0800316038983617,-0.00249));
#12391=CARTESIAN_POINT('',(0.16973466171329,-0.0800316038983617,-0.00349));
#12392=CARTESIAN_POINT('',(0.170131140234768,-0.0800996219913798,-0.00249));
#12393=CARTESIAN_POINT('',(0.170131140234768,-0.0800996219913798,-0.00349));
#12394=CARTESIAN_POINT('',(0.170488499542127,-0.080235658177416,-0.00249));
#12395=CARTESIAN_POINT('',(0.170488499542127,-0.080235658177416,-0.00349));
#12396=CARTESIAN_POINT('',(0.169299063977691,-0.0800316038983617,-0.00249));
#12397=CARTESIAN_POINT('',(0.169299063977691,-0.0800316038983617,-0.00249));
#12398=CARTESIAN_POINT('',(0.169299063977691,-0.0800316038983617,-0.00249));
#12399=CARTESIAN_POINT('',(0.169952460581089,-0.0800316038983617,-0.00249));
#12400=CARTESIAN_POINT('',(0.170488499542127,-0.080235658177416,-0.00249));
#12401=CARTESIAN_POINT('',(0.167108387987016,-0.0811248273415851,-0.00249));
#12402=CARTESIAN_POINT('',(0.167108387987016,-0.0811248273415851,-0.00349));
#12403=CARTESIAN_POINT('',(0.167634206612834,-0.0803960117127695,-0.00249));
#12404=CARTESIAN_POINT('',(0.167634206612834,-0.0803960117127695,-0.00349));
#12405=CARTESIAN_POINT('',(0.16836443194306,-0.0800316038983617,-0.00249));
#12406=CARTESIAN_POINT('',(0.16836443194306,-0.0800316038983617,-0.00349));
#12407=CARTESIAN_POINT('',(0.169299063977691,-0.0800316038983617,-0.00249));
#12408=CARTESIAN_POINT('',(0.169299063977691,-0.0800316038983617,-0.00349));
#12409=CARTESIAN_POINT('',(0.167108387987016,-0.0811248273415851,-0.00249));
#12410=CARTESIAN_POINT('',(0.167108387987016,-0.0811248273415851,-0.00249));
#12411=CARTESIAN_POINT('',(0.167108387987016,-0.0811248273415851,-0.00249));
#12412=CARTESIAN_POINT('',(0.167897115925743,-0.0800316038983617,-0.00249));
#12413=CARTESIAN_POINT('',(0.169299063977691,-0.0800316038983617,-0.00249));
#12414=CARTESIAN_POINT('',(0.166319660048288,-0.0838906615074193,-0.00249));
#12415=CARTESIAN_POINT('',(0.166319660048288,-0.0838906615074193,-0.00349));
#12416=CARTESIAN_POINT('',(0.166319660048288,-0.0827755876923455,-0.00249));
#12417=CARTESIAN_POINT('',(0.166319660048288,-0.0827755876923455,-0.00349));
#12418=CARTESIAN_POINT('',(0.166582569361197,-0.0818536429704008,-0.00249));
#12419=CARTESIAN_POINT('',(0.166582569361197,-0.0818536429704008,-0.00349));
#12420=CARTESIAN_POINT('',(0.167108387987016,-0.0811248273415851,-0.00249));
#12421=CARTESIAN_POINT('',(0.167108387987016,-0.0811248273415851,-0.00349));
#12422=CARTESIAN_POINT('',(0.166319660048288,-0.0838906615074193,-0.00249));
#12423=CARTESIAN_POINT('',(0.166319660048288,-0.0838906615074193,-0.00249));
#12424=CARTESIAN_POINT('',(0.166319660048288,-0.0838906615074193,-0.00249));
#12425=CARTESIAN_POINT('',(0.166319660048288,-0.0822180507848086,-0.00249));
#12426=CARTESIAN_POINT('',(0.167108387987016,-0.0811248273415851,-0.00249));
#12427=CARTESIAN_POINT('',(0.166319660048288,-0.0839667853835432,-0.00249));
#12428=CARTESIAN_POINT('',(0.166319660048288,-0.084042909259667,-0.00249));
#12429=CARTESIAN_POINT('',(0.166319660048288,-0.084042909259667,-0.00249));
#12430=CARTESIAN_POINT('',(0.166319660048288,-0.0839667853835432,-0.00249));
#12431=CARTESIAN_POINT('',(0.167125304403932,-0.086800285217043,-0.00249));
#12432=CARTESIAN_POINT('',(0.167125304403932,-0.086800285217043,-0.00349));
#12433=CARTESIAN_POINT('',(0.166588208166836,-0.0860756986924565,-0.00249));
#12434=CARTESIAN_POINT('',(0.166588208166836,-0.0860756986924565,-0.00349));
#12435=CARTESIAN_POINT('',(0.166319660048288,-0.0851565733733311,-0.00249));
#12436=CARTESIAN_POINT('',(0.166319660048288,-0.0851565733733311,-0.00349));
#12437=CARTESIAN_POINT('',(0.166319660048288,-0.084042909259667,-0.00249));
#12438=CARTESIAN_POINT('',(0.166319660048288,-0.084042909259667,-0.00349));
#12439=CARTESIAN_POINT('',(0.167125304403932,-0.086800285217043,-0.00249));
#12440=CARTESIAN_POINT('',(0.167125304403932,-0.086800285217043,-0.00249));
#12441=CARTESIAN_POINT('',(0.167125304403932,-0.086800285217043,-0.00249));
#12442=CARTESIAN_POINT('',(0.166319660048288,-0.0857134054301632,-0.00249));
#12443=CARTESIAN_POINT('',(0.166319660048288,-0.084042909259667,-0.00249));
#12444=CARTESIAN_POINT('',(0.169430166208794,-0.0878871650039228,-0.00249));
#12445=CARTESIAN_POINT('',(0.169430166208794,-0.0878871650039228,-0.00349));
#12446=CARTESIAN_POINT('',(0.168430687909316,-0.0878871650039228,-0.00249));
#12447=CARTESIAN_POINT('',(0.168430687909316,-0.0878871650039228,-0.00349));
#12448=CARTESIAN_POINT('',(0.167662400641028,-0.0875248717416296,-0.00249));
#12449=CARTESIAN_POINT('',(0.167662400641028,-0.0875248717416296,-0.00349));
#12450=CARTESIAN_POINT('',(0.167125304403932,-0.086800285217043,-0.00249));
#12451=CARTESIAN_POINT('',(0.167125304403932,-0.086800285217043,-0.00349));
#12452=CARTESIAN_POINT('',(0.169430166208794,-0.0878871650039228,-0.00249));
#12453=CARTESIAN_POINT('',(0.169430166208794,-0.0878871650039228,-0.00249));
#12454=CARTESIAN_POINT('',(0.169430166208794,-0.0878871650039228,-0.00249));
#12455=CARTESIAN_POINT('',(0.167930948759577,-0.0878871650039228,-0.00249));
#12456=CARTESIAN_POINT('',(0.167125304403932,-0.086800285217043,-0.00249));
#12457=CARTESIAN_POINT('',(0.170535019688648,-0.0876894543812122,-0.00249));
#12458=CARTESIAN_POINT('',(0.170535019688648,-0.0876894543812122,-0.00349));
#12459=CARTESIAN_POINT('',(0.170226999930628,-0.0878212614630193,-0.00249));
#12460=CARTESIAN_POINT('',(0.170226999930628,-0.0878212614630193,-0.00349));
#12461=CARTESIAN_POINT('',(0.169858715437343,-0.0878871650039228,-0.00249));
#12462=CARTESIAN_POINT('',(0.169858715437343,-0.0878871650039228,-0.00349));
#12463=CARTESIAN_POINT('',(0.169430166208794,-0.0878871650039228,-0.00249));
#12464=CARTESIAN_POINT('',(0.169430166208794,-0.0878871650039228,-0.00349));
#12465=CARTESIAN_POINT('',(0.170535019688648,-0.0876894543812122,-0.00249));
#12466=CARTESIAN_POINT('',(0.170535019688648,-0.0876894543812122,-0.00249));
#12467=CARTESIAN_POINT('',(0.170535019688648,-0.0876894543812122,-0.00249));
#12468=CARTESIAN_POINT('',(0.170072990051618,-0.0878871650039228,-0.00249));
#12469=CARTESIAN_POINT('',(0.169430166208794,-0.0878871650039228,-0.00249));
#12470=CARTESIAN_POINT('',(0.169579931184019,-0.0853655774219222,-0.00249));
#12471=CARTESIAN_POINT('',(0.17131423214286,-0.0871809045976624,-0.00249));
#12472=CARTESIAN_POINT('',(0.171314527321418,-0.0871812424413314,-0.00249000024985883));
#12473=CARTESIAN_POINT('',(0.169579931184019,-0.0853655774219222,-0.00249));
#12474=CARTESIAN_POINT('',(0.171436876165504,-0.0865000188167766,-0.00249));
#12475=CARTESIAN_POINT('',(0.171436876165504,-0.0865000188167766,-0.00249));
#12476=CARTESIAN_POINT('',(0.22626232194276,-0.1035877,-0.00249));
#12477=CARTESIAN_POINT('',(0.16501075228938,-0.106217160008918,-0.00249));
#12478=CARTESIAN_POINT('',(0.16501075228938,-0.105797421414179,-0.00249));
#12479=CARTESIAN_POINT('',(0.16501075228938,-0.105797421414179,-0.00249));
#12480=CARTESIAN_POINT('',(0.16501075228938,-0.106217160008918,-0.00249));
#12481=CARTESIAN_POINT('',(0.16501075228938,-0.106636898603656,-0.00249));
#12482=CARTESIAN_POINT('',(0.16501075228938,-0.106636898603656,-0.00249));
#12483=CARTESIAN_POINT('',(0.165548905802534,-0.105705438397196,-0.00249));
#12484=CARTESIAN_POINT('',(0.166087059315687,-0.105613455380213,-0.00249));
#12485=CARTESIAN_POINT('',(0.166087059315687,-0.105613455380213,-0.00249));
#12486=CARTESIAN_POINT('',(0.165548905802534,-0.105705438397196,-0.00249));
#12487=CARTESIAN_POINT('',(0.166087059315687,-0.101823120714878,-0.00249));
#12488=CARTESIAN_POINT('',(0.166087059315687,-0.0980327860495438,-0.00249));
#12489=CARTESIAN_POINT('',(0.166087059315687,-0.0980327860495438,-0.00249));
#12490=CARTESIAN_POINT('',(0.166087059315687,-0.101823120714878,-0.00249));
#12491=CARTESIAN_POINT('',(0.165548905802534,-0.0979408030325608,-0.00249));
#12492=CARTESIAN_POINT('',(0.16501075228938,-0.0978488200155778,-0.00249));
#12493=CARTESIAN_POINT('',(0.16501075228938,-0.0978488200155778,-0.00249));
#12494=CARTESIAN_POINT('',(0.165548905802534,-0.0979408030325608,-0.00249));
#12495=CARTESIAN_POINT('',(0.16501075228938,-0.097432253249011,-0.00249));
#12496=CARTESIAN_POINT('',(0.16501075228938,-0.0970156864824443,-0.00249));
#12497=CARTESIAN_POINT('',(0.16501075228938,-0.0970156864824443,-0.00249));
#12498=CARTESIAN_POINT('',(0.16501075228938,-0.097432253249011,-0.00249));
#12499=CARTESIAN_POINT('',(0.166738341366969,-0.0970156864824443,-0.00249));
#12500=CARTESIAN_POINT('',(0.168465930444558,-0.0970156864824443,-0.00249));
#12501=CARTESIAN_POINT('',(0.168465930444558,-0.0970156864824443,-0.00249));
#12502=CARTESIAN_POINT('',(0.166738341366969,-0.0970156864824443,-0.00249));
#12503=CARTESIAN_POINT('',(0.168465930444558,-0.097432253249011,-0.00249));
#12504=CARTESIAN_POINT('',(0.168465930444558,-0.0978488200155778,-0.00249));
#12505=CARTESIAN_POINT('',(0.168465930444558,-0.0978488200155778,-0.00249));
#12506=CARTESIAN_POINT('',(0.168465930444558,-0.097432253249011,-0.00249));
#12507=CARTESIAN_POINT('',(0.167927776931404,-0.0979408030325608,-0.00249));
#12508=CARTESIAN_POINT('',(0.167389623418251,-0.0980327860495438,-0.00249));
#12509=CARTESIAN_POINT('',(0.167389623418251,-0.0980327860495438,-0.00249));
#12510=CARTESIAN_POINT('',(0.167927776931404,-0.0979408030325608,-0.00249));
#12511=CARTESIAN_POINT('',(0.167389623418251,-0.101823120714878,-0.00249));
#12512=CARTESIAN_POINT('',(0.167389623418251,-0.105613455380213,-0.00249));
#12513=CARTESIAN_POINT('',(0.167389623418251,-0.105613455380213,-0.00249));
#12514=CARTESIAN_POINT('',(0.167389623418251,-0.101823120714878,-0.00249));
#12515=CARTESIAN_POINT('',(0.167927776931404,-0.105705438397196,-0.00249));
#12516=CARTESIAN_POINT('',(0.168465930444558,-0.105797421414179,-0.00249));
#12517=CARTESIAN_POINT('',(0.168465930444558,-0.105797421414179,-0.00249));
#12518=CARTESIAN_POINT('',(0.167927776931404,-0.105705438397196,-0.00249));
#12519=CARTESIAN_POINT('',(0.168465930444558,-0.106217160008918,-0.00249));
#12520=CARTESIAN_POINT('',(0.168465930444558,-0.106636898603656,-0.00249));
#12521=CARTESIAN_POINT('',(0.168465930444558,-0.106636898603656,-0.00249));
#12522=CARTESIAN_POINT('',(0.168465930444558,-0.106217160008918,-0.00249));
#12523=CARTESIAN_POINT('',(0.166738341366969,-0.106636898603656,-0.00249));
#12524=CARTESIAN_POINT('',(0.166738341366969,-0.106636898603656,-0.00249));
#12525=CARTESIAN_POINT('',(0.22626232194276,-0.1035877,-0.00249));
#12526=CARTESIAN_POINT('',(0.18280682288545,-0.121608984850743,-0.00249));
#12527=CARTESIAN_POINT('',(0.18280682288545,-0.121189246256004,-0.00249));
#12528=CARTESIAN_POINT('',(0.18280682288545,-0.121189246256004,-0.00249));
#12529=CARTESIAN_POINT('',(0.18280682288545,-0.121608984850743,-0.00249));
#12530=CARTESIAN_POINT('',(0.18280682288545,-0.122028723445481,-0.00249));
#12531=CARTESIAN_POINT('',(0.18280682288545,-0.122028723445481,-0.00249));
#12532=CARTESIAN_POINT('',(0.183346033674662,-0.121097263239021,-0.00249));
#12533=CARTESIAN_POINT('',(0.183885244463872,-0.121005280222038,-0.00249));
#12534=CARTESIAN_POINT('',(0.183885244463872,-0.121005280222038,-0.00249));
#12535=CARTESIAN_POINT('',(0.183346033674662,-0.121097263239021,-0.00249));
#12536=CARTESIAN_POINT('',(0.183885244463872,-0.118450901267659,-0.00249));
#12537=CARTESIAN_POINT('',(0.183885244463872,-0.11589652231328,-0.00249));
#12538=CARTESIAN_POINT('',(0.183885244463872,-0.11589652231328,-0.00249));
#12539=CARTESIAN_POINT('',(0.183885244463872,-0.118450901267659,-0.00249));
#12540=CARTESIAN_POINT('',(0.183346033674662,-0.115804539296297,-0.00249));
#12541=CARTESIAN_POINT('',(0.18280682288545,-0.115712556279314,-0.00249));
#12542=CARTESIAN_POINT('',(0.18280682288545,-0.115712556279314,-0.00249));
#12543=CARTESIAN_POINT('',(0.183346033674662,-0.115804539296297,-0.00249));
#12544=CARTESIAN_POINT('',(0.18280682288545,-0.115295989512747,-0.00249));
#12545=CARTESIAN_POINT('',(0.18280682288545,-0.11487942274618,-0.00249));
#12546=CARTESIAN_POINT('',(0.18280682288545,-0.11487942274618,-0.00249));
#12547=CARTESIAN_POINT('',(0.18280682288545,-0.115295989512747,-0.00249));
#12548=CARTESIAN_POINT('',(0.184535469239097,-0.11487942274618,-0.00249));
#12549=CARTESIAN_POINT('',(0.186264115592744,-0.11487942274618,-0.00249));
#12550=CARTESIAN_POINT('',(0.186264115592744,-0.11487942274618,-0.00249));
#12551=CARTESIAN_POINT('',(0.184535469239097,-0.11487942274618,-0.00249));
#12552=CARTESIAN_POINT('',(0.186264115592744,-0.115295989512747,-0.00249));
#12553=CARTESIAN_POINT('',(0.186264115592744,-0.115712556279314,-0.00249));
#12554=CARTESIAN_POINT('',(0.186264115592744,-0.115712556279314,-0.00249));
#12555=CARTESIAN_POINT('',(0.186264115592744,-0.115295989512747,-0.00249));
#12556=CARTESIAN_POINT('',(0.185724904803533,-0.115804539296297,-0.00249));
#12557=CARTESIAN_POINT('',(0.185185694014322,-0.11589652231328,-0.00249));
#12558=CARTESIAN_POINT('',(0.185185694014322,-0.11589652231328,-0.00249));
#12559=CARTESIAN_POINT('',(0.185724904803533,-0.115804539296297,-0.00249));
#12560=CARTESIAN_POINT('',(0.185185694014322,-0.117948695140453,-0.00249));
#12561=CARTESIAN_POINT('',(0.185185694014322,-0.120000867967626,-0.00249));
#12562=CARTESIAN_POINT('',(0.185185694014322,-0.120000867967626,-0.00249));
#12563=CARTESIAN_POINT('',(0.185185694014322,-0.117948695140453,-0.00249));
#12564=CARTESIAN_POINT('',(0.185728076631705,-0.120677524644282,-0.00249));
#12565=CARTESIAN_POINT('',(0.185728076631705,-0.120677524644282,-0.00349));
#12566=CARTESIAN_POINT('',(0.185494771048399,-0.120516818683576,-0.00249));
#12567=CARTESIAN_POINT('',(0.185494771048399,-0.120516818683576,-0.00349));
#12568=CARTESIAN_POINT('',(0.185313976842605,-0.120291266458024,-0.00249));
#12569=CARTESIAN_POINT('',(0.185313976842605,-0.120291266458024,-0.00349));
#12570=CARTESIAN_POINT('',(0.185185694014322,-0.120000867967626,-0.00249));
#12571=CARTESIAN_POINT('',(0.185185694014322,-0.120000867967626,-0.00349));
#12572=CARTESIAN_POINT('',(0.185728076631705,-0.120677524644282,-0.00249));
#12573=CARTESIAN_POINT('',(0.185728076631705,-0.120677524644282,-0.00249));
#12574=CARTESIAN_POINT('',(0.185728076631705,-0.120677524644282,-0.00249));
#12575=CARTESIAN_POINT('',(0.185378118256746,-0.120436465703223,-0.00249));
#12576=CARTESIAN_POINT('',(0.185185694014322,-0.120000867967626,-0.00249));
#12577=CARTESIAN_POINT('',(0.186593985722613,-0.120918583585341,-0.00249));
#12578=CARTESIAN_POINT('',(0.186593985722613,-0.120918583585341,-0.00349));
#12579=CARTESIAN_POINT('',(0.186250018578647,-0.120918583585341,-0.00249));
#12580=CARTESIAN_POINT('',(0.186250018578647,-0.120918583585341,-0.00349));
#12581=CARTESIAN_POINT('',(0.18596138221501,-0.120838230604988,-0.00249));
#12582=CARTESIAN_POINT('',(0.18596138221501,-0.120838230604988,-0.00349));
#12583=CARTESIAN_POINT('',(0.185728076631705,-0.120677524644282,-0.00249));
#12584=CARTESIAN_POINT('',(0.185728076631705,-0.120677524644282,-0.00349));
#12585=CARTESIAN_POINT('',(0.186593985722613,-0.120918583585341,-0.00249));
#12586=CARTESIAN_POINT('',(0.186593985722613,-0.120918583585341,-0.00249));
#12587=CARTESIAN_POINT('',(0.186593985722613,-0.120918583585341,-0.00249));
#12588=CARTESIAN_POINT('',(0.186078035006663,-0.120918583585341,-0.00249));
#12589=CARTESIAN_POINT('',(0.185728076631705,-0.120677524644282,-0.00249));
#12590=CARTESIAN_POINT('',(0.18696403234266,-0.12089955261631,-0.00249));
#12591=CARTESIAN_POINT('',(0.187334078962707,-0.120880521647279,-0.00249));
#12592=CARTESIAN_POINT('',(0.187334078962707,-0.120880521647279,-0.00249));
#12593=CARTESIAN_POINT('',(0.18696403234266,-0.12089955261631,-0.00249));
#12594=CARTESIAN_POINT('',(0.187419718323346,-0.121484226275984,-0.00249));
#12595=CARTESIAN_POINT('',(0.187505430559327,-0.122088444630865,-0.00249));
#12596=CARTESIAN_POINT('',(0.187505430559327,-0.122088444630865,-0.00249));
#12597=CARTESIAN_POINT('',(0.187419718323346,-0.121484226275984,-0.00249));
#12598=CARTESIAN_POINT('',(0.18704685630649,-0.120445669695905,-0.00249));
#12599=CARTESIAN_POINT('',(0.187256897810525,-0.122138680155438,-0.00249));
#12600=CARTESIAN_POINT('',(0.187256873811179,-0.122138476014203,-0.00249));
#12601=CARTESIAN_POINT('',(0.18704685630649,-0.120445669695905,-0.00249));
#12602=CARTESIAN_POINT('',(0.186936327099551,-0.119955042126164,-0.00249));
#12603=CARTESIAN_POINT('',(0.186942886821515,-0.122161940228698,-0.00249));
#12604=CARTESIAN_POINT('',(0.186942886821515,-0.122161940228698,-0.00249));
#12605=CARTESIAN_POINT('',(0.186936327099551,-0.119955042126164,-0.00249));
#12606=CARTESIAN_POINT('',(0.1859236727023,-0.121851101067859,-0.00249));
#12607=CARTESIAN_POINT('',(0.1859236727023,-0.121851101067859,-0.00349));
#12608=CARTESIAN_POINT('',(0.186221119699748,-0.122058327175085,-0.00249));
#12609=CARTESIAN_POINT('',(0.186221119699748,-0.122058327175085,-0.00349));
#12610=CARTESIAN_POINT('',(0.186560857739485,-0.122161940228698,-0.00249));
#12611=CARTESIAN_POINT('',(0.186560857739485,-0.122161940228698,-0.00349));
#12612=CARTESIAN_POINT('',(0.186942886821515,-0.122161940228698,-0.00249));
#12613=CARTESIAN_POINT('',(0.186942886821515,-0.122161940228698,-0.00349));
#12614=CARTESIAN_POINT('',(0.1859236727023,-0.121851101067859,-0.00249));
#12615=CARTESIAN_POINT('',(0.1859236727023,-0.121851101067859,-0.00249));
#12616=CARTESIAN_POINT('',(0.1859236727023,-0.121851101067859,-0.00249));
#12617=CARTESIAN_POINT('',(0.186369843198471,-0.122161940228698,-0.00249));
#12618=CARTESIAN_POINT('',(0.186942886821515,-0.122161940228698,-0.00249));
#12619=CARTESIAN_POINT('',(0.185173006701635,-0.120992592909351,-0.00249));
#12620=CARTESIAN_POINT('',(0.185173006701635,-0.120992592909351,-0.00349));
#12621=CARTESIAN_POINT('',(0.185376003704632,-0.121357705574463,-0.00249));
#12622=CARTESIAN_POINT('',(0.185376003704632,-0.121357705574463,-0.00349));
#12623=CARTESIAN_POINT('',(0.185626225704854,-0.121643874960633,-0.00249));
#12624=CARTESIAN_POINT('',(0.185626225704854,-0.121643874960633,-0.00349));
#12625=CARTESIAN_POINT('',(0.1859236727023,-0.121851101067859,-0.00249));
#12626=CARTESIAN_POINT('',(0.1859236727023,-0.121851101067859,-0.00349));
#12627=CARTESIAN_POINT('',(0.185173006701635,-0.120992592909351,-0.00249));
#12628=CARTESIAN_POINT('',(0.185173006701635,-0.120992592909351,-0.00249));
#12629=CARTESIAN_POINT('',(0.185173006701635,-0.120992592909351,-0.00249));
#12630=CARTESIAN_POINT('',(0.18547750220613,-0.12154026190702,-0.00249));
#12631=CARTESIAN_POINT('',(0.1859236727023,-0.121851101067859,-0.00249));
#12632=CARTESIAN_POINT('',(0.185110627414255,-0.121510658177416,-0.00249));
#12633=CARTESIAN_POINT('',(0.185048248126876,-0.122028723445481,-0.00249));
#12634=CARTESIAN_POINT('',(0.185048248126876,-0.122028723445481,-0.00249));
#12635=CARTESIAN_POINT('',(0.185110627414255,-0.121510658177416,-0.00249));
#12636=CARTESIAN_POINT('',(0.183927535506163,-0.122028723445481,-0.00249));
#12637=CARTESIAN_POINT('',(0.183927535506163,-0.122028723445481,-0.00249));
#12638=CARTESIAN_POINT('',(0.22626232194276,-0.1035877,-0.00249));
#12639=CARTESIAN_POINT('',(0.185179350357978,-0.140755196971955,-0.00249));
#12640=CARTESIAN_POINT('',(0.185179350357978,-0.141617934234692,-0.00249));
#12641=CARTESIAN_POINT('',(0.185179350357978,-0.141617934234692,-0.00249));
#12642=CARTESIAN_POINT('',(0.185179350357978,-0.140755196971955,-0.00249));
#12643=CARTESIAN_POINT('',(0.185179350357978,-0.139892459709217,-0.00249));
#12644=CARTESIAN_POINT('',(0.185179350357978,-0.139892459709217,-0.00249));
#12645=CARTESIAN_POINT('',(0.184529125582754,-0.141617934234692,-0.00249));
#12646=CARTESIAN_POINT('',(0.183878900807529,-0.141617934234692,-0.00249));
#12647=CARTESIAN_POINT('',(0.183878900807529,-0.141617934234692,-0.00249));
#12648=CARTESIAN_POINT('',(0.184529125582754,-0.141617934234692,-0.00249));
#12649=CARTESIAN_POINT('',(0.183878900807529,-0.140755196971955,-0.00249));
#12650=CARTESIAN_POINT('',(0.183878900807529,-0.139892459709217,-0.00249));
#12651=CARTESIAN_POINT('',(0.183878900807529,-0.139892459709217,-0.00249));
#12652=CARTESIAN_POINT('',(0.183878900807529,-0.140755196971955,-0.00249));
#12653=CARTESIAN_POINT('',(0.183313258116886,-0.139892459709217,-0.00249));
#12654=CARTESIAN_POINT('',(0.182747615426243,-0.139892459709217,-0.00249));
#12655=CARTESIAN_POINT('',(0.182747615426243,-0.139892459709217,-0.00249));
#12656=CARTESIAN_POINT('',(0.183313258116886,-0.139892459709217,-0.00249));
#12657=CARTESIAN_POINT('',(0.182747615426243,-0.1394103418271,-0.00249));
#12658=CARTESIAN_POINT('',(0.182747615426243,-0.138928223944982,-0.00249));
#12659=CARTESIAN_POINT('',(0.182747615426243,-0.138928223944982,-0.00249));
#12660=CARTESIAN_POINT('',(0.182747615426243,-0.1394103418271,-0.00249));
#12661=CARTESIAN_POINT('',(0.183313258116886,-0.138928223944982,-0.00249));
#12662=CARTESIAN_POINT('',(0.183878900807529,-0.138928223944982,-0.00249));
#12663=CARTESIAN_POINT('',(0.183878900807529,-0.138928223944982,-0.00249));
#12664=CARTESIAN_POINT('',(0.183313258116886,-0.138928223944982,-0.00249));
#12665=CARTESIAN_POINT('',(0.183878900807529,-0.136757636199394,-0.00249));
#12666=CARTESIAN_POINT('',(0.183878900807529,-0.134587048453806,-0.00249));
#12667=CARTESIAN_POINT('',(0.183878900807529,-0.134587048453806,-0.00249));
#12668=CARTESIAN_POINT('',(0.183878900807529,-0.136757636199394,-0.00249));
#12669=CARTESIAN_POINT('',(0.184347274100902,-0.13308360190036,-0.00249));
#12670=CARTESIAN_POINT('',(0.184347274100902,-0.13308360190036,-0.00349));
#12671=CARTESIAN_POINT('',(0.184035025238653,-0.133403604120362,-0.00249));
#12672=CARTESIAN_POINT('',(0.184035025238653,-0.133403604120362,-0.00349));
#12673=CARTESIAN_POINT('',(0.183878900807528,-0.133904752971511,-0.00249));
#12674=CARTESIAN_POINT('',(0.183878900807528,-0.133904752971511,-0.00349));
#12675=CARTESIAN_POINT('',(0.183878900807529,-0.134587048453806,-0.00249));
#12676=CARTESIAN_POINT('',(0.183878900807529,-0.134587048453806,-0.00349));
#12677=CARTESIAN_POINT('',(0.184347274100902,-0.13308360190036,-0.00249));
#12678=CARTESIAN_POINT('',(0.184347274100902,-0.13308360190036,-0.00249));
#12679=CARTESIAN_POINT('',(0.184347274100902,-0.13308360190036,-0.00249));
#12680=CARTESIAN_POINT('',(0.183878900807529,-0.133563605230363,-0.00249));
#12681=CARTESIAN_POINT('',(0.183878900807529,-0.134587048453806,-0.00249));
#12682=CARTESIAN_POINT('',(0.185608604437232,-0.132603598570356,-0.00249));
#12683=CARTESIAN_POINT('',(0.185608604437232,-0.132603598570356,-0.00349));
#12684=CARTESIAN_POINT('',(0.185079966408594,-0.132603598570356,-0.00249));
#12685=CARTESIAN_POINT('',(0.185079966408594,-0.132603598570356,-0.00349));
#12686=CARTESIAN_POINT('',(0.184659522963151,-0.132763599680357,-0.00249));
#12687=CARTESIAN_POINT('',(0.184659522963151,-0.132763599680357,-0.00349));
#12688=CARTESIAN_POINT('',(0.184347274100902,-0.13308360190036,-0.00249));
#12689=CARTESIAN_POINT('',(0.184347274100902,-0.13308360190036,-0.00349));
#12690=CARTESIAN_POINT('',(0.185608604437232,-0.132603598570356,-0.00249));
#12691=CARTESIAN_POINT('',(0.185608604437232,-0.132603598570356,-0.00249));
#12692=CARTESIAN_POINT('',(0.185608604437232,-0.132603598570356,-0.00249));
#12693=CARTESIAN_POINT('',(0.184815647394275,-0.132603598570356,-0.00249));
#12694=CARTESIAN_POINT('',(0.184347274100902,-0.13308360190036,-0.00249));
#12695=CARTESIAN_POINT('',(0.185604925276935,-0.1360249578432,-0.00249));
#12696=CARTESIAN_POINT('',(0.186323323051951,-0.13267972244648,-0.00249));
#12697=CARTESIAN_POINT('',(0.186323323051951,-0.13267972244648,-0.00249));
#12698=CARTESIAN_POINT('',(0.185604925276935,-0.1360249578432,-0.00249));
#12699=CARTESIAN_POINT('',(0.186864648393276,-0.132876375793134,-0.00249));
#12700=CARTESIAN_POINT('',(0.186864648393276,-0.132876375793134,-0.00349));
#12701=CARTESIAN_POINT('',(0.186742004370632,-0.132796022812781,-0.00249));
#12702=CARTESIAN_POINT('',(0.186742004370632,-0.132796022812781,-0.00349));
#12703=CARTESIAN_POINT('',(0.18656156259019,-0.132730471697229,-0.00249));
#12704=CARTESIAN_POINT('',(0.18656156259019,-0.132730471697229,-0.00349));
#12705=CARTESIAN_POINT('',(0.186323323051951,-0.13267972244648,-0.00249));
#12706=CARTESIAN_POINT('',(0.186323323051951,-0.13267972244648,-0.00349));
#12707=CARTESIAN_POINT('',(0.186864648393276,-0.132876375793134,-0.00249));
#12708=CARTESIAN_POINT('',(0.186864648393276,-0.132876375793134,-0.00249));
#12709=CARTESIAN_POINT('',(0.186864648393276,-0.132876375793134,-0.00249));
#12710=CARTESIAN_POINT('',(0.18668068235931,-0.132755846322604,-0.00249));
#12711=CARTESIAN_POINT('',(0.186323323051951,-0.13267972244648,-0.00249));
#12712=CARTESIAN_POINT('',(0.186775837204465,-0.133321489013247,-0.00249));
#12713=CARTESIAN_POINT('',(0.186687070517275,-0.133766379195471,-0.00249));
#12714=CARTESIAN_POINT('',(0.186687070517275,-0.133766379195471,-0.00249));
#12715=CARTESIAN_POINT('',(0.186775837204465,-0.133321489013247,-0.00249));
#12716=CARTESIAN_POINT('',(0.185683558393837,-0.138610010226599,-0.00249));
#12717=CARTESIAN_POINT('',(0.186326494880122,-0.133705280222038,-0.00249));
#12718=CARTESIAN_POINT('',(0.18632647802416,-0.133705403905219,-0.00249));
#12719=CARTESIAN_POINT('',(0.185683558393837,-0.138610010226599,-0.00249));
#12720=CARTESIAN_POINT('',(0.185910755595834,-0.136544167127385,-0.00249));
#12721=CARTESIAN_POINT('',(0.185940589119217,-0.133675676492434,-0.00249));
#12722=CARTESIAN_POINT('',(0.185940589119217,-0.133675676492434,-0.00249));
#12723=CARTESIAN_POINT('',(0.185910755595834,-0.136544167127385,-0.00249));
#12724=CARTESIAN_POINT('',(0.185387633741261,-0.133879730771489,-0.00249));
#12725=CARTESIAN_POINT('',(0.185387633741261,-0.133879730771489,-0.00349));
#12726=CARTESIAN_POINT('',(0.185526489330117,-0.133743694585452,-0.00249));
#12727=CARTESIAN_POINT('',(0.185526489330117,-0.133743694585452,-0.00349));
#12728=CARTESIAN_POINT('',(0.185710807789436,-0.133675676492434,-0.00249));
#12729=CARTESIAN_POINT('',(0.185710807789436,-0.133675676492434,-0.00349));
#12730=CARTESIAN_POINT('',(0.185940589119217,-0.133675676492434,-0.00249));
#12731=CARTESIAN_POINT('',(0.185940589119217,-0.133675676492434,-0.00349));
#12732=CARTESIAN_POINT('',(0.185387633741261,-0.133879730771489,-0.00249));
#12733=CARTESIAN_POINT('',(0.185387633741261,-0.133879730771489,-0.00249));
#12734=CARTESIAN_POINT('',(0.185387633741261,-0.133879730771489,-0.00249));
#12735=CARTESIAN_POINT('',(0.185595917124545,-0.133675676492434,-0.00249));
#12736=CARTESIAN_POINT('',(0.185940589119217,-0.133675676492434,-0.00249));
#12737=CARTESIAN_POINT('',(0.185179350357978,-0.134587048453806,-0.00249));
#12738=CARTESIAN_POINT('',(0.185179350357978,-0.134587048453806,-0.00349));
#12739=CARTESIAN_POINT('',(0.185179350357978,-0.134251539518297,-0.00249));
#12740=CARTESIAN_POINT('',(0.185179350357978,-0.134251539518297,-0.00349));
#12741=CARTESIAN_POINT('',(0.185248778152406,-0.134015766957525,-0.00249));
#12742=CARTESIAN_POINT('',(0.185248778152406,-0.134015766957525,-0.00349));
#12743=CARTESIAN_POINT('',(0.185387633741261,-0.133879730771489,-0.00249));
#12744=CARTESIAN_POINT('',(0.185387633741261,-0.133879730771489,-0.00349));
#12745=CARTESIAN_POINT('',(0.185179350357978,-0.134587048453806,-0.00249));
#12746=CARTESIAN_POINT('',(0.185179350357978,-0.134587048453806,-0.00249));
#12747=CARTESIAN_POINT('',(0.185179350357978,-0.134587048453806,-0.00249));
#12748=CARTESIAN_POINT('',(0.185179350357978,-0.134083785050543,-0.00249));
#12749=CARTESIAN_POINT('',(0.185387633741261,-0.133879730771489,-0.00249));
#12750=CARTESIAN_POINT('',(0.185179350357978,-0.136757636199394,-0.00249));
#12751=CARTESIAN_POINT('',(0.185179350357978,-0.138928223944982,-0.00249));
#12752=CARTESIAN_POINT('',(0.185179350357978,-0.138928223944982,-0.00249));
#12753=CARTESIAN_POINT('',(0.185179350357978,-0.136757636199394,-0.00249));
#12754=CARTESIAN_POINT('',(0.185857064310692,-0.138928223944982,-0.00249));
#12755=CARTESIAN_POINT('',(0.186534778263406,-0.138928223944982,-0.00249));
#12756=CARTESIAN_POINT('',(0.186534778263406,-0.138928223944982,-0.00249));
#12757=CARTESIAN_POINT('',(0.185857064310692,-0.138928223944982,-0.00249));
#12758=CARTESIAN_POINT('',(0.186534778263406,-0.1394103418271,-0.00249));
#12759=CARTESIAN_POINT('',(0.186534778263406,-0.139892459709217,-0.00249));
#12760=CARTESIAN_POINT('',(0.186534778263406,-0.139892459709217,-0.00249));
#12761=CARTESIAN_POINT('',(0.186534778263406,-0.1394103418271,-0.00249));
#12762=CARTESIAN_POINT('',(0.185857064310692,-0.139892459709217,-0.00249));
#12763=CARTESIAN_POINT('',(0.185857064310692,-0.139892459709217,-0.00249));
#12764=CARTESIAN_POINT('',(0.22626232194276,-0.1035877,-0.00249));
#12765=CARTESIAN_POINT('',(0.208632905136533,-0.137646805363563,-0.00249));
#12766=CARTESIAN_POINT('',(0.209122423951051,-0.137646805363563,-0.00249));
#12767=CARTESIAN_POINT('',(0.209122423951051,-0.137646805363563,-0.00249));
#12768=CARTESIAN_POINT('',(0.208632905136533,-0.137646805363563,-0.00249));
#12769=CARTESIAN_POINT('',(0.208143386322014,-0.137646805363563,-0.00249));
#12770=CARTESIAN_POINT('',(0.208143386322014,-0.137646805363563,-0.00249));
#12771=CARTESIAN_POINT('',(0.209088591117219,-0.138436590578348,-0.00249));
#12772=CARTESIAN_POINT('',(0.209054758283386,-0.139226375793134,-0.00249));
#12773=CARTESIAN_POINT('',(0.209054758283386,-0.139226375793134,-0.00249));
#12774=CARTESIAN_POINT('',(0.209088591117219,-0.138436590578348,-0.00249));
#12775=CARTESIAN_POINT('',(0.207978451257079,-0.139814221280979,-0.00249));
#12776=CARTESIAN_POINT('',(0.207978451257079,-0.139814221280979,-0.00349));
#12777=CARTESIAN_POINT('',(0.208409819888448,-0.139673251140009,-0.00249));
#12778=CARTESIAN_POINT('',(0.208409819888448,-0.139673251140009,-0.00349));
#12779=CARTESIAN_POINT('',(0.208768588897217,-0.139477302644061,-0.00249));
#12780=CARTESIAN_POINT('',(0.208768588897217,-0.139477302644061,-0.00349));
#12781=CARTESIAN_POINT('',(0.209054758283386,-0.139226375793134,-0.00249));
#12782=CARTESIAN_POINT('',(0.209054758283386,-0.139226375793134,-0.00349));
#12783=CARTESIAN_POINT('',(0.207978451257079,-0.139814221280979,-0.00249));
#12784=CARTESIAN_POINT('',(0.207978451257079,-0.139814221280979,-0.00249));
#12785=CARTESIAN_POINT('',(0.207978451257079,-0.139814221280979,-0.00249));
#12786=CARTESIAN_POINT('',(0.208625504204132,-0.139602766069524,-0.00249));
#12787=CARTESIAN_POINT('',(0.209054758283386,-0.139226375793134,-0.00249));
#12788=CARTESIAN_POINT('',(0.206517295745923,-0.140025676492434,-0.00249));
#12789=CARTESIAN_POINT('',(0.206517295745923,-0.140025676492434,-0.00349));
#12790=CARTESIAN_POINT('',(0.207060030788659,-0.140025676492434,-0.00249));
#12791=CARTESIAN_POINT('',(0.207060030788659,-0.140025676492434,-0.00349));
#12792=CARTESIAN_POINT('',(0.20754708262571,-0.139955191421949,-0.00249));
#12793=CARTESIAN_POINT('',(0.20754708262571,-0.139955191421949,-0.00349));
#12794=CARTESIAN_POINT('',(0.207978451257079,-0.139814221280979,-0.00249));
#12795=CARTESIAN_POINT('',(0.207978451257079,-0.139814221280979,-0.00349));
#12796=CARTESIAN_POINT('',(0.206517295745923,-0.140025676492434,-0.00249));
#12797=CARTESIAN_POINT('',(0.206517295745923,-0.140025676492434,-0.00249));
#12798=CARTESIAN_POINT('',(0.206517295745923,-0.140025676492434,-0.00249));
#12799=CARTESIAN_POINT('',(0.207331398310026,-0.140025676492434,-0.00249));
#12800=CARTESIAN_POINT('',(0.207978451257079,-0.139814221280979,-0.00249));
#12801=CARTESIAN_POINT('',(0.20458565238928,-0.139411399103157,-0.00249));
#12802=CARTESIAN_POINT('',(0.20458565238928,-0.139411399103157,-0.00349));
#12803=CARTESIAN_POINT('',(0.20508116243479,-0.139820917362675,-0.00249));
#12804=CARTESIAN_POINT('',(0.20508116243479,-0.139820917362675,-0.00349));
#12805=CARTESIAN_POINT('',(0.205725043553671,-0.140025676492434,-0.00249));
#12806=CARTESIAN_POINT('',(0.205725043553671,-0.140025676492434,-0.00349));
#12807=CARTESIAN_POINT('',(0.206517295745923,-0.140025676492434,-0.00249));
#12808=CARTESIAN_POINT('',(0.206517295745923,-0.140025676492434,-0.00349));
#12809=CARTESIAN_POINT('',(0.20458565238928,-0.139411399103157,-0.00249));
#12810=CARTESIAN_POINT('',(0.20458565238928,-0.139411399103157,-0.00249));
#12811=CARTESIAN_POINT('',(0.20458565238928,-0.139411399103157,-0.00249));
#12812=CARTESIAN_POINT('',(0.205328917457545,-0.140025676492434,-0.00249));
#12813=CARTESIAN_POINT('',(0.206517295745923,-0.140025676492434,-0.00249));
#12814=CARTESIAN_POINT('',(0.203842387321015,-0.137923811690569,-0.00249));
#12815=CARTESIAN_POINT('',(0.203842387321015,-0.137923811690569,-0.00349));
#12816=CARTESIAN_POINT('',(0.203842387321015,-0.138506018372776,-0.00249));
#12817=CARTESIAN_POINT('',(0.203842387321015,-0.138506018372776,-0.00349));
#12818=CARTESIAN_POINT('',(0.20409014234377,-0.139001880843639,-0.00249));
#12819=CARTESIAN_POINT('',(0.20409014234377,-0.139001880843639,-0.00349));
#12820=CARTESIAN_POINT('',(0.20458565238928,-0.139411399103157,-0.00249));
#12821=CARTESIAN_POINT('',(0.20458565238928,-0.139411399103157,-0.00349));
#12822=CARTESIAN_POINT('',(0.203842387321015,-0.137923811690569,-0.00249));
#12823=CARTESIAN_POINT('',(0.203842387321015,-0.137923811690569,-0.00249));
#12824=CARTESIAN_POINT('',(0.203842387321015,-0.137923811690569,-0.00249));
#12825=CARTESIAN_POINT('',(0.203842387321015,-0.138797121713879,-0.00249));
#12826=CARTESIAN_POINT('',(0.20458565238928,-0.139411399103157,-0.00249));
#12827=CARTESIAN_POINT('',(0.204503184856812,-0.136602216618974,-0.00249));
#12828=CARTESIAN_POINT('',(0.204503184856812,-0.136602216618974,-0.00349));
#12829=CARTESIAN_POINT('',(0.204062653166281,-0.136927857644615,-0.00249));
#12830=CARTESIAN_POINT('',(0.204062653166281,-0.136927857644615,-0.00349));
#12831=CARTESIAN_POINT('',(0.203842387321015,-0.137368389335147,-0.00249));
#12832=CARTESIAN_POINT('',(0.203842387321015,-0.137368389335147,-0.00349));
#12833=CARTESIAN_POINT('',(0.203842387321015,-0.137923811690569,-0.00249));
#12834=CARTESIAN_POINT('',(0.203842387321015,-0.137923811690569,-0.00349));
#12835=CARTESIAN_POINT('',(0.204503184856812,-0.136602216618974,-0.00249));
#12836=CARTESIAN_POINT('',(0.204503184856812,-0.136602216618974,-0.00249));
#12837=CARTESIAN_POINT('',(0.204503184856812,-0.136602216618974,-0.00249));
#12838=CARTESIAN_POINT('',(0.203842387321015,-0.137090678157436,-0.00249));
#12839=CARTESIAN_POINT('',(0.203842387321015,-0.137923811690569,-0.00249));
#12840=CARTESIAN_POINT('',(0.206464431943059,-0.135828290545048,-0.00249));
#12841=CARTESIAN_POINT('',(0.206464431943059,-0.135828290545048,-0.00349));
#12842=CARTESIAN_POINT('',(0.205597465576093,-0.136018600235358,-0.00249));
#12843=CARTESIAN_POINT('',(0.205597465576093,-0.136018600235358,-0.00349));
#12844=CARTESIAN_POINT('',(0.204943716547344,-0.136276575593333,-0.00249));
#12845=CARTESIAN_POINT('',(0.204943716547344,-0.136276575593333,-0.00349));
#12846=CARTESIAN_POINT('',(0.204503184856812,-0.136602216618974,-0.00249));
#12847=CARTESIAN_POINT('',(0.204503184856812,-0.136602216618974,-0.00349));
#12848=CARTESIAN_POINT('',(0.206464431943059,-0.135828290545048,-0.00249));
#12849=CARTESIAN_POINT('',(0.206464431943059,-0.135828290545048,-0.00249));
#12850=CARTESIAN_POINT('',(0.206464431943059,-0.135828290545048,-0.00249));
#12851=CARTESIAN_POINT('',(0.20516398239261,-0.136113755080513,-0.00249));
#12852=CARTESIAN_POINT('',(0.204503184856812,-0.136602216618974,-0.00249));
#12853=CARTESIAN_POINT('',(0.207704616758245,-0.135347229938988,-0.00249));
#12854=CARTESIAN_POINT('',(0.207704616758245,-0.135347229938988,-0.00349));
#12855=CARTESIAN_POINT('',(0.207486817890446,-0.135532605674363,-0.00249));
#12856=CARTESIAN_POINT('',(0.207486817890446,-0.135532605674363,-0.00349));
#12857=CARTESIAN_POINT('',(0.207073422952051,-0.135692959209717,-0.00249));
#12858=CARTESIAN_POINT('',(0.207073422952051,-0.135692959209717,-0.00349));
#12859=CARTESIAN_POINT('',(0.206464431943059,-0.135828290545048,-0.00249));
#12860=CARTESIAN_POINT('',(0.206464431943059,-0.135828290545048,-0.00349));
#12861=CARTESIAN_POINT('',(0.207704616758245,-0.135347229938988,-0.00249));
#12862=CARTESIAN_POINT('',(0.207704616758245,-0.135347229938988,-0.00249));
#12863=CARTESIAN_POINT('',(0.207704616758245,-0.135347229938988,-0.00249));
#12864=CARTESIAN_POINT('',(0.207377918456546,-0.135625293542051,-0.00249));
#12865=CARTESIAN_POINT('',(0.206464431943059,-0.135828290545048,-0.00249));
#12866=CARTESIAN_POINT('',(0.207145707925799,-0.134659997062411,-0.00249));
#12867=CARTESIAN_POINT('',(0.208031315059943,-0.13463991225667,-0.00249));
#12868=CARTESIAN_POINT('',(0.208031315059943,-0.13463991225667,-0.00249));
#12869=CARTESIAN_POINT('',(0.207145707925799,-0.134659997062411,-0.00249));
#12870=CARTESIAN_POINT('',(0.207638008366636,-0.133902990844749,-0.00249));
#12871=CARTESIAN_POINT('',(0.207638008366636,-0.133902990844749,-0.00349));
#12872=CARTESIAN_POINT('',(0.207900212828841,-0.134089776281534,-0.00249));
#12873=CARTESIAN_POINT('',(0.207900212828841,-0.134089776281534,-0.00349));
#12874=CARTESIAN_POINT('',(0.208031315059943,-0.134335416752175,-0.00249));
#12875=CARTESIAN_POINT('',(0.208031315059943,-0.134335416752175,-0.00349));
#12876=CARTESIAN_POINT('',(0.208031315059943,-0.13463991225667,-0.00249));
#12877=CARTESIAN_POINT('',(0.208031315059943,-0.13463991225667,-0.00349));
#12878=CARTESIAN_POINT('',(0.207638008366636,-0.133902990844749,-0.00249));
#12879=CARTESIAN_POINT('',(0.207638008366636,-0.133902990844749,-0.00249));
#12880=CARTESIAN_POINT('',(0.207638008366636,-0.133902990844749,-0.00249));
#12881=CARTESIAN_POINT('',(0.208031315059943,-0.134183168999927,-0.00249));
#12882=CARTESIAN_POINT('',(0.208031315059943,-0.13463991225667,-0.00249));
#12883=CARTESIAN_POINT('',(0.206551128579756,-0.13362281268957,-0.00249));
#12884=CARTESIAN_POINT('',(0.206551128579756,-0.13362281268957,-0.00349));
#12885=CARTESIAN_POINT('',(0.207013510642138,-0.13362281268957,-0.00249));
#12886=CARTESIAN_POINT('',(0.207013510642138,-0.13362281268957,-0.00349));
#12887=CARTESIAN_POINT('',(0.207375803904432,-0.133716205407963,-0.00249));
#12888=CARTESIAN_POINT('',(0.207375803904432,-0.133716205407963,-0.00349));
#12889=CARTESIAN_POINT('',(0.207638008366636,-0.133902990844749,-0.00249));
#12890=CARTESIAN_POINT('',(0.207638008366636,-0.133902990844749,-0.00349));
#12891=CARTESIAN_POINT('',(0.206551128579756,-0.13362281268957,-0.00249));
#12892=CARTESIAN_POINT('',(0.206551128579756,-0.13362281268957,-0.00249));
#12893=CARTESIAN_POINT('',(0.206551128579756,-0.13362281268957,-0.00249));
#12894=CARTESIAN_POINT('',(0.20724470167333,-0.13362281268957,-0.00249));
#12895=CARTESIAN_POINT('',(0.207638008366636,-0.133902990844749,-0.00249));
#12896=CARTESIAN_POINT('',(0.206545544826957,-0.137016775109502,-0.00249));
#12897=CARTESIAN_POINT('',(0.205761343364971,-0.133714795706553,-0.00249));
#12898=CARTESIAN_POINT('',(0.205761343364971,-0.133714795706553,-0.00249));
#12899=CARTESIAN_POINT('',(0.206545544826957,-0.137016775109502,-0.00249));
#12900=CARTESIAN_POINT('',(0.205151295079923,-0.134011890278648,-0.00249));
#12901=CARTESIAN_POINT('',(0.205151295079923,-0.134011890278648,-0.00349));
#12902=CARTESIAN_POINT('',(0.205300723429351,-0.133875149241907,-0.00249));
#12903=CARTESIAN_POINT('',(0.205300723429351,-0.133875149241907,-0.00349));
#12904=CARTESIAN_POINT('',(0.205504072857701,-0.133776117717875,-0.00249));
#12905=CARTESIAN_POINT('',(0.205504072857701,-0.133776117717875,-0.00349));
#12906=CARTESIAN_POINT('',(0.205761343364971,-0.133714795706553,-0.00249));
#12907=CARTESIAN_POINT('',(0.205761343364971,-0.133714795706553,-0.00349));
#12908=CARTESIAN_POINT('',(0.205151295079923,-0.134011890278648,-0.00249));
#12909=CARTESIAN_POINT('',(0.205151295079923,-0.134011890278648,-0.00249));
#12910=CARTESIAN_POINT('',(0.205151295079923,-0.134011890278648,-0.00249));
#12911=CARTESIAN_POINT('',(0.205375437604065,-0.133806778723536,-0.00249));
#12912=CARTESIAN_POINT('',(0.205761343364971,-0.133714795706553,-0.00249));
#12913=CARTESIAN_POINT('',(0.205028651057279,-0.134490836332594,-0.00249));
#12914=CARTESIAN_POINT('',(0.204906007034635,-0.13496978238654,-0.00249));
#12915=CARTESIAN_POINT('',(0.204906007034635,-0.13496978238654,-0.00249));
#12916=CARTESIAN_POINT('',(0.205028651057279,-0.134490836332594,-0.00249));
#12917=CARTESIAN_POINT('',(0.204416488220116,-0.13496978238654,-0.00249));
#12918=CARTESIAN_POINT('',(0.203926969405597,-0.13496978238654,-0.00249));
#12919=CARTESIAN_POINT('',(0.203926969405597,-0.13496978238654,-0.00249));
#12920=CARTESIAN_POINT('',(0.204416488220116,-0.13496978238654,-0.00249));
#12921=CARTESIAN_POINT('',(0.203931198509826,-0.134153565270323,-0.00249));
#12922=CARTESIAN_POINT('',(0.20393543227422,-0.133336448742407,-0.00249));
#12923=CARTESIAN_POINT('',(0.20393543227422,-0.133336448742407,-0.00249));
#12924=CARTESIAN_POINT('',(0.203931198509826,-0.134153565270323,-0.00249));
#12925=CARTESIAN_POINT('',(0.206152986201887,-0.13655643506996,-0.00249));
#12926=CARTESIAN_POINT('',(0.205091030344658,-0.132792850984609,-0.00249));
#12927=CARTESIAN_POINT('',(0.205091030344658,-0.132792850984609,-0.00249));
#12928=CARTESIAN_POINT('',(0.206152986201887,-0.13655643506996,-0.00249));
#12929=CARTESIAN_POINT('',(0.206551128579756,-0.132603598570356,-0.00249));
#12930=CARTESIAN_POINT('',(0.206551128579756,-0.132603598570356,-0.00349));
#12931=CARTESIAN_POINT('',(0.206009803238431,-0.132603598570356,-0.00249));
#12932=CARTESIAN_POINT('',(0.206009803238431,-0.132603598570356,-0.00349));
#12933=CARTESIAN_POINT('',(0.205523103826732,-0.132666682708441,-0.00249));
#12934=CARTESIAN_POINT('',(0.205523103826732,-0.132666682708441,-0.00349));
#12935=CARTESIAN_POINT('',(0.205091030344658,-0.132792850984609,-0.00249));
#12936=CARTESIAN_POINT('',(0.205091030344658,-0.132792850984609,-0.00349));
#12937=CARTESIAN_POINT('',(0.206551128579756,-0.132603598570356,-0.00249));
#12938=CARTESIAN_POINT('',(0.206551128579756,-0.132603598570356,-0.00249));
#12939=CARTESIAN_POINT('',(0.206551128579756,-0.132603598570356,-0.00249));
#12940=CARTESIAN_POINT('',(0.205739140567769,-0.132603598570356,-0.00249));
#12941=CARTESIAN_POINT('',(0.205091030344658,-0.132792850984609,-0.00249));
#12942=CARTESIAN_POINT('',(0.20856418219281,-0.133192501334259,-0.00249));
#12943=CARTESIAN_POINT('',(0.20856418219281,-0.133192501334259,-0.00349));
#12944=CARTESIAN_POINT('',(0.208051050879679,-0.132799899491657,-0.00249));
#12945=CARTESIAN_POINT('',(0.208051050879679,-0.132799899491657,-0.00349));
#12946=CARTESIAN_POINT('',(0.207380033008661,-0.132603598570356,-0.00249));
#12947=CARTESIAN_POINT('',(0.207380033008661,-0.132603598570356,-0.00349));
#12948=CARTESIAN_POINT('',(0.206551128579756,-0.132603598570356,-0.00249));
#12949=CARTESIAN_POINT('',(0.206551128579756,-0.132603598570356,-0.00349));
#12950=CARTESIAN_POINT('',(0.20856418219281,-0.133192501334259,-0.00249));
#12951=CARTESIAN_POINT('',(0.20856418219281,-0.133192501334259,-0.00249));
#12952=CARTESIAN_POINT('',(0.20856418219281,-0.133192501334259,-0.00249));
#12953=CARTESIAN_POINT('',(0.207794485223113,-0.132603598570356,-0.00249));
#12954=CARTESIAN_POINT('',(0.206551128579756,-0.132603598570356,-0.00249));
#12955=CARTESIAN_POINT('',(0.209333879162507,-0.13473295254971,-0.00249));
#12956=CARTESIAN_POINT('',(0.209333879162507,-0.13473295254971,-0.00349));
#12957=CARTESIAN_POINT('',(0.209333879162507,-0.134098586915345,-0.00249));
#12958=CARTESIAN_POINT('',(0.209333879162507,-0.134098586915345,-0.00349));
#12959=CARTESIAN_POINT('',(0.209077313505941,-0.133585103176861,-0.00249));
#12960=CARTESIAN_POINT('',(0.209077313505941,-0.133585103176861,-0.00349));
#12961=CARTESIAN_POINT('',(0.20856418219281,-0.133192501334259,-0.00249));
#12962=CARTESIAN_POINT('',(0.20856418219281,-0.133192501334259,-0.00349));
#12963=CARTESIAN_POINT('',(0.209333879162507,-0.13473295254971,-0.00249));
#12964=CARTESIAN_POINT('',(0.209333879162507,-0.13473295254971,-0.00249));
#12965=CARTESIAN_POINT('',(0.209333879162507,-0.13473295254971,-0.00249));
#12966=CARTESIAN_POINT('',(0.209333879162507,-0.133781404098162,-0.00249));
#12967=CARTESIAN_POINT('',(0.20856418219281,-0.133192501334259,-0.00249));
#12968=CARTESIAN_POINT('',(0.20867308162671,-0.136070406762164,-0.00249));
#12969=CARTESIAN_POINT('',(0.20867308162671,-0.136070406762164,-0.00349));
#12970=CARTESIAN_POINT('',(0.209113613317241,-0.13573842208018,-0.00249));
#12971=CARTESIAN_POINT('',(0.209113613317241,-0.13573842208018,-0.00349));
#12972=CARTESIAN_POINT('',(0.209333879162507,-0.135292604009362,-0.00249));
#12973=CARTESIAN_POINT('',(0.209333879162507,-0.135292604009362,-0.00349));
#12974=CARTESIAN_POINT('',(0.209333879162507,-0.13473295254971,-0.00249));
#12975=CARTESIAN_POINT('',(0.209333879162507,-0.13473295254971,-0.00349));
#12976=CARTESIAN_POINT('',(0.20867308162671,-0.136070406762164,-0.00249));
#12977=CARTESIAN_POINT('',(0.20867308162671,-0.136070406762164,-0.00249));
#12978=CARTESIAN_POINT('',(0.20867308162671,-0.136070406762164,-0.00249));
#12979=CARTESIAN_POINT('',(0.209333879162507,-0.135572429739187,-0.00249));
#12980=CARTESIAN_POINT('',(0.209333879162507,-0.13473295254971,-0.00249));
#12981=CARTESIAN_POINT('',(0.206656856185484,-0.13686019197695,-0.00249));
#12982=CARTESIAN_POINT('',(0.206656856185484,-0.13686019197695,-0.00349));
#12983=CARTESIAN_POINT('',(0.207560474789103,-0.136665653182411,-0.00249));
#12984=CARTESIAN_POINT('',(0.207560474789103,-0.136665653182411,-0.00349));
#12985=CARTESIAN_POINT('',(0.208232549936178,-0.136402391444149,-0.00249));
#12986=CARTESIAN_POINT('',(0.208232549936178,-0.136402391444149,-0.00349));
#12987=CARTESIAN_POINT('',(0.20867308162671,-0.136070406762164,-0.00249));
#12988=CARTESIAN_POINT('',(0.20867308162671,-0.136070406762164,-0.00349));
#12989=CARTESIAN_POINT('',(0.206656856185484,-0.13686019197695,-0.00249));
#12990=CARTESIAN_POINT('',(0.206656856185484,-0.13686019197695,-0.00249));
#12991=CARTESIAN_POINT('',(0.206656856185484,-0.13686019197695,-0.00249));
#12992=CARTESIAN_POINT('',(0.208012284090912,-0.136568383785142,-0.00249));
#12993=CARTESIAN_POINT('',(0.20867308162671,-0.136070406762164,-0.00249));
#12994=CARTESIAN_POINT('',(0.205448389652018,-0.137296846988605,-0.00249));
#12995=CARTESIAN_POINT('',(0.205448389652018,-0.137296846988605,-0.00349));
#12996=CARTESIAN_POINT('',(0.205646452700081,-0.137134026475784,-0.00249));
#12997=CARTESIAN_POINT('',(0.205646452700081,-0.137134026475784,-0.00349));
#12998=CARTESIAN_POINT('',(0.206049274877903,-0.136988474805233,-0.00249));
#12999=CARTESIAN_POINT('',(0.206049274877903,-0.136988474805233,-0.00349));
#13000=CARTESIAN_POINT('',(0.206656856185484,-0.13686019197695,-0.00249));
#13001=CARTESIAN_POINT('',(0.206656856185484,-0.13686019197695,-0.00349));
#13002=CARTESIAN_POINT('',(0.205448389652018,-0.137296846988605,-0.00249));
#13003=CARTESIAN_POINT('',(0.205448389652018,-0.137296846988605,-0.00249));
#13004=CARTESIAN_POINT('',(0.205448389652018,-0.137296846988605,-0.00249));
#13005=CARTESIAN_POINT('',(0.205745484224112,-0.137052616219374,-0.00249));
#13006=CARTESIAN_POINT('',(0.206656856185484,-0.13686019197695,-0.00249));
#13007=CARTESIAN_POINT('',(0.205151295079923,-0.137963988180746,-0.00249));
#13008=CARTESIAN_POINT('',(0.205151295079923,-0.137963988180746,-0.00349));
#13009=CARTESIAN_POINT('',(0.205151295079923,-0.137682047898806,-0.00249));
#13010=CARTESIAN_POINT('',(0.205151295079923,-0.137682047898806,-0.00349));
#13011=CARTESIAN_POINT('',(0.205250326603955,-0.137459667501425,-0.00249));
#13012=CARTESIAN_POINT('',(0.205250326603955,-0.137459667501425,-0.00349));
#13013=CARTESIAN_POINT('',(0.205448389652018,-0.137296846988605,-0.00249));
#13014=CARTESIAN_POINT('',(0.205448389652018,-0.137296846988605,-0.00349));
#13015=CARTESIAN_POINT('',(0.205151295079923,-0.137963988180746,-0.00249));
#13016=CARTESIAN_POINT('',(0.205151295079923,-0.137963988180746,-0.00249));
#13017=CARTESIAN_POINT('',(0.205151295079923,-0.137963988180746,-0.00249));
#13018=CARTESIAN_POINT('',(0.205151295079923,-0.137541077757835,-0.00249));
#13019=CARTESIAN_POINT('',(0.205448389652018,-0.137296846988605,-0.00249));
#13020=CARTESIAN_POINT('',(0.205487508866137,-0.138696680488438,-0.00249));
#13021=CARTESIAN_POINT('',(0.205487508866137,-0.138696680488438,-0.00349));
#13022=CARTESIAN_POINT('',(0.205263366341994,-0.138494388336146,-0.00249));
#13023=CARTESIAN_POINT('',(0.205263366341994,-0.138494388336146,-0.00349));
#13024=CARTESIAN_POINT('',(0.205151295079923,-0.138250157566915,-0.00249));
#13025=CARTESIAN_POINT('',(0.205151295079923,-0.138250157566915,-0.00349));
#13026=CARTESIAN_POINT('',(0.205151295079923,-0.137963988180746,-0.00249));
#13027=CARTESIAN_POINT('',(0.205151295079923,-0.137963988180746,-0.00349));
#13028=CARTESIAN_POINT('',(0.205487508866137,-0.138696680488438,-0.00249));
#13029=CARTESIAN_POINT('',(0.205487508866137,-0.138696680488438,-0.00249));
#13030=CARTESIAN_POINT('',(0.205487508866137,-0.138696680488438,-0.00249));
#13031=CARTESIAN_POINT('',(0.205151295079923,-0.13839324226,-0.00249));
#13032=CARTESIAN_POINT('',(0.205151295079923,-0.137963988180746,-0.00249));
#13033=CARTESIAN_POINT('',(0.206517295745923,-0.139000118716876,-0.00249));
#13034=CARTESIAN_POINT('',(0.206517295745923,-0.139000118716876,-0.00349));
#13035=CARTESIAN_POINT('',(0.206054913683542,-0.139000118716876,-0.00249));
#13036=CARTESIAN_POINT('',(0.206054913683542,-0.139000118716876,-0.00349));
#13037=CARTESIAN_POINT('',(0.205711651390279,-0.13889897264073,-0.00249));
#13038=CARTESIAN_POINT('',(0.205711651390279,-0.13889897264073,-0.00349));
#13039=CARTESIAN_POINT('',(0.205487508866137,-0.138696680488438,-0.00249));
#13040=CARTESIAN_POINT('',(0.205487508866137,-0.138696680488438,-0.00349));
#13041=CARTESIAN_POINT('',(0.206517295745923,-0.139000118716876,-0.00249));
#13042=CARTESIAN_POINT('',(0.206517295745923,-0.139000118716876,-0.00249));
#13043=CARTESIAN_POINT('',(0.206517295745923,-0.139000118716876,-0.00249));
#13044=CARTESIAN_POINT('',(0.205823722652351,-0.139000118716876,-0.00249));
#13045=CARTESIAN_POINT('',(0.205487508866137,-0.138696680488438,-0.00249));
#13046=CARTESIAN_POINT('',(0.207334570138198,-0.138864787381545,-0.00249));
#13047=CARTESIAN_POINT('',(0.207334570138198,-0.138864787381545,-0.00349));
#13048=CARTESIAN_POINT('',(0.207094216047844,-0.138955008271766,-0.00249));
#13049=CARTESIAN_POINT('',(0.207094216047844,-0.138955008271766,-0.00349));
#13050=CARTESIAN_POINT('',(0.206821791250419,-0.139000118716876,-0.00249));
#13051=CARTESIAN_POINT('',(0.206821791250419,-0.139000118716876,-0.00349));
#13052=CARTESIAN_POINT('',(0.206517295745923,-0.139000118716876,-0.00249));
#13053=CARTESIAN_POINT('',(0.206517295745923,-0.139000118716876,-0.00349));
#13054=CARTESIAN_POINT('',(0.207334570138198,-0.138864787381545,-0.00249));
#13055=CARTESIAN_POINT('',(0.207334570138198,-0.138864787381545,-0.00249));
#13056=CARTESIAN_POINT('',(0.207334570138198,-0.138864787381545,-0.00249));
#13057=CARTESIAN_POINT('',(0.206974039002667,-0.139000118716876,-0.00249));
#13058=CARTESIAN_POINT('',(0.206517295745923,-0.139000118716876,-0.00249));
#13059=CARTESIAN_POINT('',(0.207931931110559,-0.138505313522071,-0.00249));
#13060=CARTESIAN_POINT('',(0.207931931110559,-0.138505313522071,-0.00349));
#13061=CARTESIAN_POINT('',(0.207774044552672,-0.1386547418715,-0.00249));
#13062=CARTESIAN_POINT('',(0.207774044552672,-0.1386547418715,-0.00349));
#13063=CARTESIAN_POINT('',(0.207574924228552,-0.138774566491324,-0.00249));
#13064=CARTESIAN_POINT('',(0.207574924228552,-0.138774566491324,-0.00349));
#13065=CARTESIAN_POINT('',(0.207334570138198,-0.138864787381545,-0.00249));
#13066=CARTESIAN_POINT('',(0.207334570138198,-0.138864787381545,-0.00349));
#13067=CARTESIAN_POINT('',(0.207931931110559,-0.138505313522071,-0.00249));
#13068=CARTESIAN_POINT('',(0.207931931110559,-0.138505313522071,-0.00249));
#13069=CARTESIAN_POINT('',(0.207931931110559,-0.138505313522071,-0.00249));
#13070=CARTESIAN_POINT('',(0.207695101273729,-0.138729456046214,-0.00249));
#13071=CARTESIAN_POINT('',(0.207334570138198,-0.138864787381545,-0.00249));
#13072=CARTESIAN_POINT('',(0.208037658716286,-0.138076059442817,-0.00249));
#13073=CARTESIAN_POINT('',(0.208037658716286,-0.138076059442817,-0.00249));
#13074=CARTESIAN_POINT('',(0.22626232194276,-0.1035877,-0.00249));
#13075=CARTESIAN_POINT('',(0.212822890151518,-0.140755196971955,-0.00249));
#13076=CARTESIAN_POINT('',(0.212822890151518,-0.141617934234692,-0.00249));
#13077=CARTESIAN_POINT('',(0.212822890151518,-0.141617934234692,-0.00249));
#13078=CARTESIAN_POINT('',(0.212822890151518,-0.140755196971955,-0.00249));
#13079=CARTESIAN_POINT('',(0.212822890151518,-0.139892459709217,-0.00249));
#13080=CARTESIAN_POINT('',(0.212822890151518,-0.139892459709217,-0.00249));
#13081=CARTESIAN_POINT('',(0.212172665376293,-0.141617934234692,-0.00249));
#13082=CARTESIAN_POINT('',(0.211522440601069,-0.141617934234692,-0.00249));
#13083=CARTESIAN_POINT('',(0.211522440601069,-0.141617934234692,-0.00249));
#13084=CARTESIAN_POINT('',(0.212172665376293,-0.141617934234692,-0.00249));
#13085=CARTESIAN_POINT('',(0.211522440601069,-0.140755196971955,-0.00249));
#13086=CARTESIAN_POINT('',(0.211522440601069,-0.139892459709217,-0.00249));
#13087=CARTESIAN_POINT('',(0.211522440601069,-0.139892459709217,-0.00249));
#13088=CARTESIAN_POINT('',(0.211522440601069,-0.140755196971955,-0.00249));
#13089=CARTESIAN_POINT('',(0.210956797910425,-0.139892459709217,-0.00249));
#13090=CARTESIAN_POINT('',(0.210391155219783,-0.139892459709217,-0.00249));
#13091=CARTESIAN_POINT('',(0.210391155219783,-0.139892459709217,-0.00249));
#13092=CARTESIAN_POINT('',(0.210956797910425,-0.139892459709217,-0.00249));
#13093=CARTESIAN_POINT('',(0.210391155219783,-0.1394103418271,-0.00249));
#13094=CARTESIAN_POINT('',(0.210391155219783,-0.138928223944982,-0.00249));
#13095=CARTESIAN_POINT('',(0.210391155219783,-0.138928223944982,-0.00249));
#13096=CARTESIAN_POINT('',(0.210391155219783,-0.1394103418271,-0.00249));
#13097=CARTESIAN_POINT('',(0.210956797910425,-0.138928223944982,-0.00249));
#13098=CARTESIAN_POINT('',(0.211522440601069,-0.138928223944982,-0.00249));
#13099=CARTESIAN_POINT('',(0.211522440601069,-0.138928223944982,-0.00249));
#13100=CARTESIAN_POINT('',(0.210956797910425,-0.138928223944982,-0.00249));
#13101=CARTESIAN_POINT('',(0.211522440601069,-0.136757636199394,-0.00249));
#13102=CARTESIAN_POINT('',(0.211522440601069,-0.134587048453806,-0.00249));
#13103=CARTESIAN_POINT('',(0.211522440601069,-0.134587048453806,-0.00249));
#13104=CARTESIAN_POINT('',(0.211522440601069,-0.136757636199394,-0.00249));
#13105=CARTESIAN_POINT('',(0.211990813894442,-0.13308360190036,-0.00249));
#13106=CARTESIAN_POINT('',(0.211990813894442,-0.13308360190036,-0.00349));
#13107=CARTESIAN_POINT('',(0.211678565032193,-0.133403604120362,-0.00249));
#13108=CARTESIAN_POINT('',(0.211678565032193,-0.133403604120362,-0.00349));
#13109=CARTESIAN_POINT('',(0.211522440601069,-0.133904752971511,-0.00249));
#13110=CARTESIAN_POINT('',(0.211522440601069,-0.133904752971511,-0.00349));
#13111=CARTESIAN_POINT('',(0.211522440601069,-0.134587048453806,-0.00249));
#13112=CARTESIAN_POINT('',(0.211522440601069,-0.134587048453806,-0.00349));
#13113=CARTESIAN_POINT('',(0.211990813894442,-0.13308360190036,-0.00249));
#13114=CARTESIAN_POINT('',(0.211990813894442,-0.13308360190036,-0.00249));
#13115=CARTESIAN_POINT('',(0.211990813894442,-0.13308360190036,-0.00249));
#13116=CARTESIAN_POINT('',(0.211522440601069,-0.133563605230363,-0.00249));
#13117=CARTESIAN_POINT('',(0.211522440601069,-0.134587048453806,-0.00249));
#13118=CARTESIAN_POINT('',(0.213252144230772,-0.132603598570356,-0.00249));
#13119=CARTESIAN_POINT('',(0.213252144230772,-0.132603598570356,-0.00349));
#13120=CARTESIAN_POINT('',(0.212723506202134,-0.132603598570356,-0.00249));
#13121=CARTESIAN_POINT('',(0.212723506202134,-0.132603598570356,-0.00349));
#13122=CARTESIAN_POINT('',(0.212303062756691,-0.132763599680357,-0.00249));
#13123=CARTESIAN_POINT('',(0.212303062756691,-0.132763599680357,-0.00349));
#13124=CARTESIAN_POINT('',(0.211990813894442,-0.13308360190036,-0.00249));
#13125=CARTESIAN_POINT('',(0.211990813894442,-0.13308360190036,-0.00349));
#13126=CARTESIAN_POINT('',(0.213252144230772,-0.132603598570356,-0.00249));
#13127=CARTESIAN_POINT('',(0.213252144230772,-0.132603598570356,-0.00249));
#13128=CARTESIAN_POINT('',(0.213252144230772,-0.132603598570356,-0.00249));
#13129=CARTESIAN_POINT('',(0.212459187187815,-0.132603598570356,-0.00249));
#13130=CARTESIAN_POINT('',(0.211990813894442,-0.13308360190036,-0.00249));
#13131=CARTESIAN_POINT('',(0.213248465070651,-0.136024957841551,-0.00249));
#13132=CARTESIAN_POINT('',(0.21396686284549,-0.13267972244648,-0.00249));
#13133=CARTESIAN_POINT('',(0.21396686284549,-0.13267972244648,-0.00249));
#13134=CARTESIAN_POINT('',(0.213248465070651,-0.136024957841551,-0.00249));
#13135=CARTESIAN_POINT('',(0.214508188186816,-0.132876375793134,-0.00249));
#13136=CARTESIAN_POINT('',(0.214508188186816,-0.132876375793134,-0.00349));
#13137=CARTESIAN_POINT('',(0.214385544164172,-0.132796022812781,-0.00249));
#13138=CARTESIAN_POINT('',(0.214385544164172,-0.132796022812781,-0.00349));
#13139=CARTESIAN_POINT('',(0.21420510238373,-0.132730471697229,-0.00249));
#13140=CARTESIAN_POINT('',(0.21420510238373,-0.132730471697229,-0.00349));
#13141=CARTESIAN_POINT('',(0.21396686284549,-0.13267972244648,-0.00249));
#13142=CARTESIAN_POINT('',(0.21396686284549,-0.13267972244648,-0.00349));
#13143=CARTESIAN_POINT('',(0.214508188186816,-0.132876375793134,-0.00249));
#13144=CARTESIAN_POINT('',(0.214508188186816,-0.132876375793134,-0.00249));
#13145=CARTESIAN_POINT('',(0.214508188186816,-0.132876375793134,-0.00249));
#13146=CARTESIAN_POINT('',(0.21432422215285,-0.132755846322604,-0.00249));
#13147=CARTESIAN_POINT('',(0.21396686284549,-0.13267972244648,-0.00249));
#13148=CARTESIAN_POINT('',(0.214419376998005,-0.133321489013247,-0.00249));
#13149=CARTESIAN_POINT('',(0.214330610310815,-0.133766379195471,-0.00249));
#13150=CARTESIAN_POINT('',(0.214330610310815,-0.133766379195471,-0.00249));
#13151=CARTESIAN_POINT('',(0.214419376998005,-0.133321489013247,-0.00249));
#13152=CARTESIAN_POINT('',(0.213327098187384,-0.138610010226549,-0.00249));
#13153=CARTESIAN_POINT('',(0.213970034673662,-0.133705280222038,-0.00249));
#13154=CARTESIAN_POINT('',(0.2139700178177,-0.133705403905219,-0.00249));
#13155=CARTESIAN_POINT('',(0.213327098187384,-0.138610010226549,-0.00249));
#13156=CARTESIAN_POINT('',(0.213554295389374,-0.136544167127388,-0.00249));
#13157=CARTESIAN_POINT('',(0.213584128912756,-0.133675676492434,-0.00249));
#13158=CARTESIAN_POINT('',(0.213584128912756,-0.133675676492434,-0.00249));
#13159=CARTESIAN_POINT('',(0.213554295389374,-0.136544167127388,-0.00249));
#13160=CARTESIAN_POINT('',(0.213031173534801,-0.133879730771489,-0.00249));
#13161=CARTESIAN_POINT('',(0.213031173534801,-0.133879730771489,-0.00349));
#13162=CARTESIAN_POINT('',(0.213170029123657,-0.133743694585452,-0.00249));
#13163=CARTESIAN_POINT('',(0.213170029123657,-0.133743694585452,-0.00349));
#13164=CARTESIAN_POINT('',(0.213354347582975,-0.133675676492434,-0.00249));
#13165=CARTESIAN_POINT('',(0.213354347582975,-0.133675676492434,-0.00349));
#13166=CARTESIAN_POINT('',(0.213584128912756,-0.133675676492434,-0.00249));
#13167=CARTESIAN_POINT('',(0.213584128912756,-0.133675676492434,-0.00349));
#13168=CARTESIAN_POINT('',(0.213031173534801,-0.133879730771489,-0.00249));
#13169=CARTESIAN_POINT('',(0.213031173534801,-0.133879730771489,-0.00249));
#13170=CARTESIAN_POINT('',(0.213031173534801,-0.133879730771489,-0.00249));
#13171=CARTESIAN_POINT('',(0.213239456918085,-0.133675676492434,-0.00249));
#13172=CARTESIAN_POINT('',(0.213584128912756,-0.133675676492434,-0.00249));
#13173=CARTESIAN_POINT('',(0.212822890151518,-0.134587048453806,-0.00249));
#13174=CARTESIAN_POINT('',(0.212822890151518,-0.134587048453806,-0.00349));
#13175=CARTESIAN_POINT('',(0.212822890151518,-0.134251539518297,-0.00249));
#13176=CARTESIAN_POINT('',(0.212822890151518,-0.134251539518297,-0.00349));
#13177=CARTESIAN_POINT('',(0.212892317945946,-0.134015766957525,-0.00249));
#13178=CARTESIAN_POINT('',(0.212892317945946,-0.134015766957525,-0.00349));
#13179=CARTESIAN_POINT('',(0.213031173534801,-0.133879730771489,-0.00249));
#13180=CARTESIAN_POINT('',(0.213031173534801,-0.133879730771489,-0.00349));
#13181=CARTESIAN_POINT('',(0.212822890151518,-0.134587048453806,-0.00249));
#13182=CARTESIAN_POINT('',(0.212822890151518,-0.134587048453806,-0.00249));
#13183=CARTESIAN_POINT('',(0.212822890151518,-0.134587048453806,-0.00249));
#13184=CARTESIAN_POINT('',(0.212822890151518,-0.134083785050543,-0.00249));
#13185=CARTESIAN_POINT('',(0.213031173534801,-0.133879730771489,-0.00249));
#13186=CARTESIAN_POINT('',(0.212822890151518,-0.136757636199394,-0.00249));
#13187=CARTESIAN_POINT('',(0.212822890151518,-0.138928223944982,-0.00249));
#13188=CARTESIAN_POINT('',(0.212822890151518,-0.138928223944982,-0.00249));
#13189=CARTESIAN_POINT('',(0.212822890151518,-0.136757636199394,-0.00249));
#13190=CARTESIAN_POINT('',(0.213500604104232,-0.138928223944982,-0.00249));
#13191=CARTESIAN_POINT('',(0.214178318056946,-0.138928223944982,-0.00249));
#13192=CARTESIAN_POINT('',(0.214178318056946,-0.138928223944982,-0.00249));
#13193=CARTESIAN_POINT('',(0.213500604104232,-0.138928223944982,-0.00249));
#13194=CARTESIAN_POINT('',(0.214178318056946,-0.1394103418271,-0.00249));
#13195=CARTESIAN_POINT('',(0.214178318056946,-0.139892459709217,-0.00249));
#13196=CARTESIAN_POINT('',(0.214178318056946,-0.139892459709217,-0.00249));
#13197=CARTESIAN_POINT('',(0.214178318056946,-0.1394103418271,-0.00249));
#13198=CARTESIAN_POINT('',(0.213500604104232,-0.139892459709217,-0.00249));
#13199=CARTESIAN_POINT('',(0.213500604104232,-0.139892459709217,-0.00249));
#13200=CARTESIAN_POINT('',(0.22626232194276,-0.1035877,-0.00249));
#13201=CARTESIAN_POINT('',(0.165017095945724,-0.124080896272654,-0.00249));
#13202=CARTESIAN_POINT('',(0.165017095945724,-0.123661157677915,-0.00249));
#13203=CARTESIAN_POINT('',(0.165017095945724,-0.123661157677915,-0.00249));
#13204=CARTESIAN_POINT('',(0.165017095945724,-0.124080896272654,-0.00249));
#13205=CARTESIAN_POINT('',(0.165017095945724,-0.124500634867393,-0.00249));
#13206=CARTESIAN_POINT('',(0.165017095945724,-0.124500634867393,-0.00249));
#13207=CARTESIAN_POINT('',(0.165555249458877,-0.123569174660932,-0.00249));
#13208=CARTESIAN_POINT('',(0.16609340297203,-0.123477191643949,-0.00249));
#13209=CARTESIAN_POINT('',(0.16609340297203,-0.123477191643949,-0.00249));
#13210=CARTESIAN_POINT('',(0.165555249458877,-0.123569174660932,-0.00249));
#13211=CARTESIAN_POINT('',(0.16609340297203,-0.119686856978615,-0.00249));
#13212=CARTESIAN_POINT('',(0.16609340297203,-0.11589652231328,-0.00249));
#13213=CARTESIAN_POINT('',(0.16609340297203,-0.11589652231328,-0.00249));
#13214=CARTESIAN_POINT('',(0.16609340297203,-0.119686856978615,-0.00249));
#13215=CARTESIAN_POINT('',(0.165555249458877,-0.115804539296297,-0.00249));
#13216=CARTESIAN_POINT('',(0.165017095945724,-0.115712556279314,-0.00249));
#13217=CARTESIAN_POINT('',(0.165017095945724,-0.115712556279314,-0.00249));
#13218=CARTESIAN_POINT('',(0.165555249458877,-0.115804539296297,-0.00249));
#13219=CARTESIAN_POINT('',(0.165017095945724,-0.115295989512747,-0.00249));
#13220=CARTESIAN_POINT('',(0.165017095945724,-0.11487942274618,-0.00249));
#13221=CARTESIAN_POINT('',(0.165017095945724,-0.11487942274618,-0.00249));
#13222=CARTESIAN_POINT('',(0.165017095945724,-0.115295989512747,-0.00249));
#13223=CARTESIAN_POINT('',(0.166744685023313,-0.11487942274618,-0.00249));
#13224=CARTESIAN_POINT('',(0.168472274100902,-0.11487942274618,-0.00249));
#13225=CARTESIAN_POINT('',(0.168472274100902,-0.11487942274618,-0.00249));
#13226=CARTESIAN_POINT('',(0.166744685023313,-0.11487942274618,-0.00249));
#13227=CARTESIAN_POINT('',(0.168472274100902,-0.115295989512747,-0.00249));
#13228=CARTESIAN_POINT('',(0.168472274100902,-0.115712556279314,-0.00249));
#13229=CARTESIAN_POINT('',(0.168472274100902,-0.115712556279314,-0.00249));
#13230=CARTESIAN_POINT('',(0.168472274100902,-0.115295989512747,-0.00249));
#13231=CARTESIAN_POINT('',(0.167934120587749,-0.115804539296297,-0.00249));
#13232=CARTESIAN_POINT('',(0.167395967074595,-0.11589652231328,-0.00249));
#13233=CARTESIAN_POINT('',(0.167395967074595,-0.11589652231328,-0.00249));
#13234=CARTESIAN_POINT('',(0.167934120587749,-0.115804539296297,-0.00249));
#13235=CARTESIAN_POINT('',(0.167395967074595,-0.117512040128798,-0.00249));
#13236=CARTESIAN_POINT('',(0.167395967074595,-0.119127557944316,-0.00249));
#13237=CARTESIAN_POINT('',(0.167395967074595,-0.119127557944316,-0.00249));
#13238=CARTESIAN_POINT('',(0.167395967074595,-0.117512040128798,-0.00249));
#13239=CARTESIAN_POINT('',(0.169728318056946,-0.119127557944316,-0.00249));
#13240=CARTESIAN_POINT('',(0.172060669039297,-0.119127557944316,-0.00249));
#13241=CARTESIAN_POINT('',(0.172060669039297,-0.119127557944316,-0.00249));
#13242=CARTESIAN_POINT('',(0.169728318056946,-0.119127557944316,-0.00249));
#13243=CARTESIAN_POINT('',(0.172060669039297,-0.117512040128798,-0.00249));
#13244=CARTESIAN_POINT('',(0.172060669039297,-0.11589652231328,-0.00249));
#13245=CARTESIAN_POINT('',(0.172060669039297,-0.11589652231328,-0.00249));
#13246=CARTESIAN_POINT('',(0.172060669039297,-0.117512040128798,-0.00249));
#13247=CARTESIAN_POINT('',(0.171522515526144,-0.115804539296297,-0.00249));
#13248=CARTESIAN_POINT('',(0.17098436201299,-0.115712556279314,-0.00249));
#13249=CARTESIAN_POINT('',(0.17098436201299,-0.115712556279314,-0.00249));
#13250=CARTESIAN_POINT('',(0.171522515526144,-0.115804539296297,-0.00249));
#13251=CARTESIAN_POINT('',(0.17098436201299,-0.115295989512747,-0.00249));
#13252=CARTESIAN_POINT('',(0.17098436201299,-0.11487942274618,-0.00249));
#13253=CARTESIAN_POINT('',(0.17098436201299,-0.11487942274618,-0.00249));
#13254=CARTESIAN_POINT('',(0.17098436201299,-0.115295989512747,-0.00249));
#13255=CARTESIAN_POINT('',(0.172711951090579,-0.11487942274618,-0.00249));
#13256=CARTESIAN_POINT('',(0.174439540168168,-0.11487942274618,-0.00249));
#13257=CARTESIAN_POINT('',(0.174439540168168,-0.11487942274618,-0.00249));
#13258=CARTESIAN_POINT('',(0.172711951090579,-0.11487942274618,-0.00249));
#13259=CARTESIAN_POINT('',(0.174439540168168,-0.115295989512747,-0.00249));
#13260=CARTESIAN_POINT('',(0.174439540168168,-0.115712556279314,-0.00249));
#13261=CARTESIAN_POINT('',(0.174439540168168,-0.115712556279314,-0.00249));
#13262=CARTESIAN_POINT('',(0.174439540168168,-0.115295989512747,-0.00249));
#13263=CARTESIAN_POINT('',(0.173901386655015,-0.115804539296297,-0.00249));
#13264=CARTESIAN_POINT('',(0.173363233141861,-0.11589652231328,-0.00249));
#13265=CARTESIAN_POINT('',(0.173363233141861,-0.11589652231328,-0.00249));
#13266=CARTESIAN_POINT('',(0.173901386655015,-0.115804539296297,-0.00249));
#13267=CARTESIAN_POINT('',(0.173363233141861,-0.119686856978615,-0.00249));
#13268=CARTESIAN_POINT('',(0.173363233141861,-0.123477191643949,-0.00249));
#13269=CARTESIAN_POINT('',(0.173363233141861,-0.123477191643949,-0.00249));
#13270=CARTESIAN_POINT('',(0.173363233141861,-0.119686856978615,-0.00249));
#13271=CARTESIAN_POINT('',(0.173901386655015,-0.123569174660932,-0.00249));
#13272=CARTESIAN_POINT('',(0.174439540168168,-0.123661157677915,-0.00249));
#13273=CARTESIAN_POINT('',(0.174439540168168,-0.123661157677915,-0.00249));
#13274=CARTESIAN_POINT('',(0.173901386655015,-0.123569174660932,-0.00249));
#13275=CARTESIAN_POINT('',(0.174439540168168,-0.124080896272654,-0.00249));
#13276=CARTESIAN_POINT('',(0.174439540168168,-0.124500634867393,-0.00249));
#13277=CARTESIAN_POINT('',(0.174439540168168,-0.124500634867393,-0.00249));
#13278=CARTESIAN_POINT('',(0.174439540168168,-0.124080896272654,-0.00249));
#13279=CARTESIAN_POINT('',(0.173901386655015,-0.124500634867393,-0.00249));
#13280=CARTESIAN_POINT('',(0.17098436201299,-0.124500634867393,-0.00249));
#13281=CARTESIAN_POINT('',(0.17098436201299,-0.124500634867393,-0.00249));
#13282=CARTESIAN_POINT('',(0.173901386655015,-0.124500634867393,-0.00249));
#13283=CARTESIAN_POINT('',(0.17098436201299,-0.124080896272654,-0.00249));
#13284=CARTESIAN_POINT('',(0.17098436201299,-0.123661157677915,-0.00249));
#13285=CARTESIAN_POINT('',(0.17098436201299,-0.123661157677915,-0.00249));
#13286=CARTESIAN_POINT('',(0.17098436201299,-0.124080896272654,-0.00249));
#13287=CARTESIAN_POINT('',(0.171522515526144,-0.123569174660932,-0.00249));
#13288=CARTESIAN_POINT('',(0.172060669039297,-0.123477191643949,-0.00249));
#13289=CARTESIAN_POINT('',(0.172060669039297,-0.123477191643949,-0.00249));
#13290=CARTESIAN_POINT('',(0.171522515526144,-0.123569174660932,-0.00249));
#13291=CARTESIAN_POINT('',(0.172060669039297,-0.121815153681911,-0.00249));
#13292=CARTESIAN_POINT('',(0.172060669039297,-0.120153115719873,-0.00249));
#13293=CARTESIAN_POINT('',(0.172060669039297,-0.120153115719873,-0.00249));
#13294=CARTESIAN_POINT('',(0.172060669039297,-0.121815153681911,-0.00249));
#13295=CARTESIAN_POINT('',(0.169728318056946,-0.120153115719873,-0.00249));
#13296=CARTESIAN_POINT('',(0.167395967074595,-0.120153115719873,-0.00249));
#13297=CARTESIAN_POINT('',(0.167395967074595,-0.120153115719873,-0.00249));
#13298=CARTESIAN_POINT('',(0.169728318056946,-0.120153115719873,-0.00249));
#13299=CARTESIAN_POINT('',(0.167395967074595,-0.121815153681911,-0.00249));
#13300=CARTESIAN_POINT('',(0.167395967074595,-0.123477191643949,-0.00249));
#13301=CARTESIAN_POINT('',(0.167395967074595,-0.123477191643949,-0.00249));
#13302=CARTESIAN_POINT('',(0.167395967074595,-0.121815153681911,-0.00249));
#13303=CARTESIAN_POINT('',(0.167934120587749,-0.123569174660932,-0.00249));
#13304=CARTESIAN_POINT('',(0.168472274100902,-0.123661157677915,-0.00249));
#13305=CARTESIAN_POINT('',(0.168472274100902,-0.123661157677915,-0.00249));
#13306=CARTESIAN_POINT('',(0.167934120587749,-0.123569174660932,-0.00249));
#13307=CARTESIAN_POINT('',(0.168472274100902,-0.124080896272654,-0.00249));
#13308=CARTESIAN_POINT('',(0.168472274100902,-0.124500634867393,-0.00249));
#13309=CARTESIAN_POINT('',(0.168472274100902,-0.124500634867393,-0.00249));
#13310=CARTESIAN_POINT('',(0.168472274100902,-0.124080896272654,-0.00249));
#13311=CARTESIAN_POINT('',(0.166744685023313,-0.124500634867393,-0.00249));
#13312=CARTESIAN_POINT('',(0.166744685023313,-0.124500634867393,-0.00249));
#13313=CARTESIAN_POINT('',(0.22626232194276,-0.1035877,-0.00249));
#13314=CARTESIAN_POINT('',(0.197365514194142,-0.136238513655271,-0.00249));
#13315=CARTESIAN_POINT('',(0.197365514194142,-0.136238513655271,-0.00349));
#13316=CARTESIAN_POINT('',(0.197365514194142,-0.135481503998262,-0.00249));
#13317=CARTESIAN_POINT('',(0.197365514194142,-0.135481503998262,-0.00349));
#13318=CARTESIAN_POINT('',(0.197525162878791,-0.134856301423059,-0.00249));
#13319=CARTESIAN_POINT('',(0.197525162878791,-0.134856301423059,-0.00349));
#13320=CARTESIAN_POINT('',(0.197844460248088,-0.134362905929664,-0.00249));
#13321=CARTESIAN_POINT('',(0.197844460248088,-0.134362905929664,-0.00349));
#13322=CARTESIAN_POINT('',(0.197365514194142,-0.136238513655271,-0.00349));
#13323=CARTESIAN_POINT('',(0.197365514194142,-0.135102999169757,-0.00349));
#13324=CARTESIAN_POINT('',(0.197844460248088,-0.134362905929664,-0.00349));
#13325=CARTESIAN_POINT('',(0.197365514194142,-0.136238513655271,-0.00349));
#13326=CARTESIAN_POINT('',(0.197844460248088,-0.134362905929664,-0.00349));
#13327=CARTESIAN_POINT('',(0.197365514194142,-0.136238513655271,-0.00249));
#13328=CARTESIAN_POINT('',(0.197365514194142,-0.136238513655271,-0.00249));
#13329=CARTESIAN_POINT('',(0.197365514194142,-0.136238513655271,-0.00249));
#13330=CARTESIAN_POINT('',(0.197365514194142,-0.135102999169757,-0.00249));
#13331=CARTESIAN_POINT('',(0.197844460248088,-0.134362905929664,-0.00249));
#13332=CARTESIAN_POINT('',(0.197844460248088,-0.134362905929664,-0.00249));
#13333=CARTESIAN_POINT('',(0.197844460248088,-0.134362905929664,-0.00249));
#13334=CARTESIAN_POINT('',(0.197365514194142,-0.136311465703223,-0.00249));
#13335=CARTESIAN_POINT('',(0.197365514194142,-0.136311465703223,-0.00349));
#13336=CARTESIAN_POINT('',(0.197365514194142,-0.136384417751175,-0.00349));
#13337=CARTESIAN_POINT('',(0.197365514194142,-0.136384417751175,-0.00249));
#13338=CARTESIAN_POINT('',(0.197365514194142,-0.136384417751175,-0.00249));
#13339=CARTESIAN_POINT('',(0.197365514194142,-0.136311465703223,-0.00249));
#13340=CARTESIAN_POINT('',(0.197841288419916,-0.13825368182044,-0.00249));
#13341=CARTESIAN_POINT('',(0.197841288419916,-0.13825368182044,-0.00349));
#13342=CARTESIAN_POINT('',(0.197524105602733,-0.137756057222815,-0.00249));
#13343=CARTESIAN_POINT('',(0.197524105602733,-0.137756057222815,-0.00349));
#13344=CARTESIAN_POINT('',(0.197365514194142,-0.137132969199727,-0.00249));
#13345=CARTESIAN_POINT('',(0.197365514194142,-0.137132969199727,-0.00349));
#13346=CARTESIAN_POINT('',(0.197365514194142,-0.136384417751175,-0.00249));
#13347=CARTESIAN_POINT('',(0.197365514194142,-0.136384417751175,-0.00349));
#13348=CARTESIAN_POINT('',(0.197841288419916,-0.13825368182044,-0.00349));
#13349=CARTESIAN_POINT('',(0.197365514194142,-0.137507244924003,-0.00349));
#13350=CARTESIAN_POINT('',(0.197365514194142,-0.136384417751175,-0.00349));
#13351=CARTESIAN_POINT('',(0.197841288419916,-0.13825368182044,-0.00349));
#13352=CARTESIAN_POINT('',(0.197841288419916,-0.13825368182044,-0.00249));
#13353=CARTESIAN_POINT('',(0.197841288419916,-0.13825368182044,-0.00249));
#13354=CARTESIAN_POINT('',(0.197841288419916,-0.13825368182044,-0.00249));
#13355=CARTESIAN_POINT('',(0.197365514194142,-0.137507244924003,-0.00249));
#13356=CARTESIAN_POINT('',(0.197365514194142,-0.136384417751175,-0.00249));
#13357=CARTESIAN_POINT('',(0.199255923784552,-0.139000118716876,-0.00249));
#13358=CARTESIAN_POINT('',(0.199255923784552,-0.139000118716876,-0.00349));
#13359=CARTESIAN_POINT('',(0.198630016358644,-0.139000118716876,-0.00249));
#13360=CARTESIAN_POINT('',(0.198630016358644,-0.139000118716876,-0.00349));
#13361=CARTESIAN_POINT('',(0.198158471237099,-0.138751306418064,-0.00249));
#13362=CARTESIAN_POINT('',(0.198158471237099,-0.138751306418064,-0.00349));
#13363=CARTESIAN_POINT('',(0.197841288419916,-0.13825368182044,-0.00249));
#13364=CARTESIAN_POINT('',(0.197841288419916,-0.13825368182044,-0.00349));
#13365=CARTESIAN_POINT('',(0.199255923784552,-0.139000118716876,-0.00349));
#13366=CARTESIAN_POINT('',(0.198317062645691,-0.139000118716876,-0.00349));
#13367=CARTESIAN_POINT('',(0.197841288419916,-0.13825368182044,-0.00349));
#13368=CARTESIAN_POINT('',(0.199255923784552,-0.139000118716876,-0.00349));
#13369=CARTESIAN_POINT('',(0.199255923784552,-0.139000118716876,-0.00249));
#13370=CARTESIAN_POINT('',(0.199255923784552,-0.139000118716876,-0.00249));
#13371=CARTESIAN_POINT('',(0.199255923784552,-0.139000118716876,-0.00249));
#13372=CARTESIAN_POINT('',(0.198317062645691,-0.139000118716876,-0.00249));
#13373=CARTESIAN_POINT('',(0.197841288419916,-0.13825368182044,-0.00249));
#13374=CARTESIAN_POINT('',(0.200675845529474,-0.13825368182044,-0.00249));
#13375=CARTESIAN_POINT('',(0.200675845529474,-0.13825368182044,-0.00349));
#13376=CARTESIAN_POINT('',(0.200353728757356,-0.138751306418064,-0.00249));
#13377=CARTESIAN_POINT('',(0.200353728757356,-0.138751306418064,-0.00349));
#13378=CARTESIAN_POINT('',(0.199880421509049,-0.139000118716876,-0.00249));
#13379=CARTESIAN_POINT('',(0.199880421509049,-0.139000118716876,-0.00349));
#13380=CARTESIAN_POINT('',(0.199255923784552,-0.139000118716876,-0.00249));
#13381=CARTESIAN_POINT('',(0.199255923784552,-0.139000118716876,-0.00349));
#13382=CARTESIAN_POINT('',(0.200675845529474,-0.13825368182044,-0.00349));
#13383=CARTESIAN_POINT('',(0.200192670371298,-0.139000118716876,-0.00349));
#13384=CARTESIAN_POINT('',(0.199255923784552,-0.139000118716876,-0.00349));
#13385=CARTESIAN_POINT('',(0.200675845529474,-0.13825368182044,-0.00349));
#13386=CARTESIAN_POINT('',(0.200675845529474,-0.13825368182044,-0.00249));
#13387=CARTESIAN_POINT('',(0.200675845529474,-0.13825368182044,-0.00249));
#13388=CARTESIAN_POINT('',(0.200675845529474,-0.13825368182044,-0.00249));
#13389=CARTESIAN_POINT('',(0.200192670371298,-0.139000118716876,-0.00249));
#13390=CARTESIAN_POINT('',(0.199255923784552,-0.139000118716876,-0.00249));
#13391=CARTESIAN_POINT('',(0.201159020687648,-0.136384417751175,-0.00249));
#13392=CARTESIAN_POINT('',(0.201159020687648,-0.136384417751175,-0.00349));
#13393=CARTESIAN_POINT('',(0.201159020687648,-0.137132969199727,-0.00249));
#13394=CARTESIAN_POINT('',(0.201159020687648,-0.137132969199727,-0.00349));
#13395=CARTESIAN_POINT('',(0.20099796230159,-0.137756057222815,-0.00249));
#13396=CARTESIAN_POINT('',(0.20099796230159,-0.137756057222815,-0.00349));
#13397=CARTESIAN_POINT('',(0.200675845529474,-0.13825368182044,-0.00249));
#13398=CARTESIAN_POINT('',(0.200675845529474,-0.13825368182044,-0.00349));
#13399=CARTESIAN_POINT('',(0.201159020687648,-0.136384417751175,-0.00349));
#13400=CARTESIAN_POINT('',(0.201159020687648,-0.137507244924003,-0.00349));
#13401=CARTESIAN_POINT('',(0.200675845529474,-0.13825368182044,-0.00349));
#13402=CARTESIAN_POINT('',(0.201159020687648,-0.136384417751175,-0.00349));
#13403=CARTESIAN_POINT('',(0.201159020687648,-0.136384417751175,-0.00249));
#13404=CARTESIAN_POINT('',(0.201159020687648,-0.136384417751175,-0.00249));
#13405=CARTESIAN_POINT('',(0.201159020687648,-0.136384417751175,-0.00249));
#13406=CARTESIAN_POINT('',(0.201159020687648,-0.137507244924003,-0.00249));
#13407=CARTESIAN_POINT('',(0.200675845529474,-0.13825368182044,-0.00249));
#13408=CARTESIAN_POINT('',(0.201159020687648,-0.136311465703223,-0.00249));
#13409=CARTESIAN_POINT('',(0.201159020687648,-0.136311465703223,-0.00349));
#13410=CARTESIAN_POINT('',(0.201159020687648,-0.136238513655271,-0.00349));
#13411=CARTESIAN_POINT('',(0.201159020687648,-0.136238513655271,-0.00249));
#13412=CARTESIAN_POINT('',(0.201159020687648,-0.136238513655271,-0.00249));
#13413=CARTESIAN_POINT('',(0.201159020687648,-0.136311465703223,-0.00249));
#13414=CARTESIAN_POINT('',(0.200675845529474,-0.134362905929664,-0.00249));
#13415=CARTESIAN_POINT('',(0.200675845529474,-0.134362905929664,-0.00349));
#13416=CARTESIAN_POINT('',(0.20099796230159,-0.134856301423059,-0.00249));
#13417=CARTESIAN_POINT('',(0.20099796230159,-0.134856301423059,-0.00349));
#13418=CARTESIAN_POINT('',(0.201159020687648,-0.135481503998262,-0.00249));
#13419=CARTESIAN_POINT('',(0.201159020687648,-0.135481503998262,-0.00349));
#13420=CARTESIAN_POINT('',(0.201159020687648,-0.136238513655271,-0.00249));
#13421=CARTESIAN_POINT('',(0.201159020687648,-0.136238513655271,-0.00349));
#13422=CARTESIAN_POINT('',(0.200675845529474,-0.134362905929664,-0.00349));
#13423=CARTESIAN_POINT('',(0.201159020687648,-0.135102999169757,-0.00349));
#13424=CARTESIAN_POINT('',(0.201159020687648,-0.136238513655271,-0.00349));
#13425=CARTESIAN_POINT('',(0.200675845529474,-0.134362905929664,-0.00349));
#13426=CARTESIAN_POINT('',(0.200675845529474,-0.134362905929664,-0.00249));
#13427=CARTESIAN_POINT('',(0.200675845529474,-0.134362905929664,-0.00249));
#13428=CARTESIAN_POINT('',(0.200675845529474,-0.134362905929664,-0.00249));
#13429=CARTESIAN_POINT('',(0.201159020687648,-0.135102999169757,-0.00249));
#13430=CARTESIAN_POINT('',(0.201159020687648,-0.136238513655271,-0.00249));
#13431=CARTESIAN_POINT('',(0.199268611097239,-0.13362281268957,-0.00249));
#13432=CARTESIAN_POINT('',(0.199268611097239,-0.13362281268957,-0.00349));
#13433=CARTESIAN_POINT('',(0.199884650613278,-0.13362281268957,-0.00249));
#13434=CARTESIAN_POINT('',(0.199884650613278,-0.13362281268957,-0.00349));
#13435=CARTESIAN_POINT('',(0.200353728757356,-0.133869510436268,-0.00249));
#13436=CARTESIAN_POINT('',(0.200353728757356,-0.133869510436268,-0.00349));
#13437=CARTESIAN_POINT('',(0.200675845529474,-0.134362905929664,-0.00249));
#13438=CARTESIAN_POINT('',(0.200675845529474,-0.134362905929664,-0.00349));
#13439=CARTESIAN_POINT('',(0.199268611097239,-0.13362281268957,-0.00349));
#13440=CARTESIAN_POINT('',(0.200192670371298,-0.13362281268957,-0.00349));
#13441=CARTESIAN_POINT('',(0.200675845529474,-0.134362905929664,-0.00349));
#13442=CARTESIAN_POINT('',(0.199268611097239,-0.13362281268957,-0.00349));
#13443=CARTESIAN_POINT('',(0.199268611097239,-0.13362281268957,-0.00249));
#13444=CARTESIAN_POINT('',(0.199268611097239,-0.13362281268957,-0.00249));
#13445=CARTESIAN_POINT('',(0.199268611097239,-0.13362281268957,-0.00249));
#13446=CARTESIAN_POINT('',(0.200192670371298,-0.13362281268957,-0.00249));
#13447=CARTESIAN_POINT('',(0.200675845529474,-0.134362905929664,-0.00249));
#13448=CARTESIAN_POINT('',(0.196062950091578,-0.136384417751175,-0.00249));
#13449=CARTESIAN_POINT('',(0.196062950091578,-0.136384417751175,-0.00349));
#13450=CARTESIAN_POINT('',(0.196062950091578,-0.137441693808452,-0.00249));
#13451=CARTESIAN_POINT('',(0.196062950091578,-0.137441693808452,-0.00349));
#13452=CARTESIAN_POINT('',(0.1963494719031,-0.138312889279647,-0.00249));
#13453=CARTESIAN_POINT('',(0.1963494719031,-0.138312889279647,-0.00349));
#13454=CARTESIAN_POINT('',(0.196922515526144,-0.138998004164762,-0.00249));
#13455=CARTESIAN_POINT('',(0.196922515526144,-0.138998004164762,-0.00349));
#13456=CARTESIAN_POINT('',(0.196062950091578,-0.136384417751175,-0.00249));
#13457=CARTESIAN_POINT('',(0.196062950091578,-0.136384417751175,-0.00249));
#13458=CARTESIAN_POINT('',(0.196062950091578,-0.136384417751175,-0.00249));
#13459=CARTESIAN_POINT('',(0.196062950091578,-0.13797033183709,-0.00249));
#13460=CARTESIAN_POINT('',(0.196922515526144,-0.138998004164762,-0.00249));
#13461=CARTESIAN_POINT('',(0.196922515526144,-0.138998004164762,-0.00249));
#13462=CARTESIAN_POINT('',(0.196922515526144,-0.138998004164762,-0.00249));
#13463=CARTESIAN_POINT('',(0.196062950091578,-0.136311465703223,-0.00249));
#13464=CARTESIAN_POINT('',(0.196062950091578,-0.136238513655271,-0.00249));
#13465=CARTESIAN_POINT('',(0.196062950091578,-0.136238513655271,-0.00249));
#13466=CARTESIAN_POINT('',(0.196062950091578,-0.136311465703223,-0.00249));
#13467=CARTESIAN_POINT('',(0.196922515526144,-0.133624927241685,-0.00249));
#13468=CARTESIAN_POINT('',(0.196922515526144,-0.133624927241685,-0.00349));
#13469=CARTESIAN_POINT('',(0.1963494719031,-0.134305813022571,-0.00249));
#13470=CARTESIAN_POINT('',(0.1963494719031,-0.134305813022571,-0.00349));
#13471=CARTESIAN_POINT('',(0.196062950091578,-0.135177008493766,-0.00249));
#13472=CARTESIAN_POINT('',(0.196062950091578,-0.135177008493766,-0.00349));
#13473=CARTESIAN_POINT('',(0.196062950091578,-0.136238513655271,-0.00249));
#13474=CARTESIAN_POINT('',(0.196062950091578,-0.136238513655271,-0.00349));
#13475=CARTESIAN_POINT('',(0.196922515526144,-0.133624927241685,-0.00249));
#13476=CARTESIAN_POINT('',(0.196922515526144,-0.133624927241685,-0.00249));
#13477=CARTESIAN_POINT('',(0.196922515526144,-0.133624927241685,-0.00249));
#13478=CARTESIAN_POINT('',(0.196062950091578,-0.134646255913014,-0.00249));
#13479=CARTESIAN_POINT('',(0.196062950091578,-0.136238513655271,-0.00249));
#13480=CARTESIAN_POINT('',(0.199268611097239,-0.132603598570356,-0.00249));
#13481=CARTESIAN_POINT('',(0.199268611097239,-0.132603598570356,-0.00349));
#13482=CARTESIAN_POINT('',(0.198277591006219,-0.132603598570356,-0.00249));
#13483=CARTESIAN_POINT('',(0.198277591006219,-0.132603598570356,-0.00349));
#13484=CARTESIAN_POINT('',(0.197495559149187,-0.132944041460799,-0.00249));
#13485=CARTESIAN_POINT('',(0.197495559149187,-0.132944041460799,-0.00349));
#13486=CARTESIAN_POINT('',(0.196922515526144,-0.133624927241685,-0.00249));
#13487=CARTESIAN_POINT('',(0.196922515526144,-0.133624927241685,-0.00349));
#13488=CARTESIAN_POINT('',(0.199268611097239,-0.132603598570356,-0.00249));
#13489=CARTESIAN_POINT('',(0.199268611097239,-0.132603598570356,-0.00249));
#13490=CARTESIAN_POINT('',(0.199268611097239,-0.132603598570356,-0.00249));
#13491=CARTESIAN_POINT('',(0.197782080960708,-0.132603598570356,-0.00249));
#13492=CARTESIAN_POINT('',(0.196922515526144,-0.133624927241685,-0.00249));
#13493=CARTESIAN_POINT('',(0.20160096207959,-0.133621755413513,-0.00249));
#13494=CARTESIAN_POINT('',(0.20160096207959,-0.133621755413513,-0.00349));
#13495=CARTESIAN_POINT('',(0.201028623307251,-0.132942984184742,-0.00249));
#13496=CARTESIAN_POINT('',(0.201028623307251,-0.132942984184742,-0.00349));
#13497=CARTESIAN_POINT('',(0.200251172979801,-0.132603598570356,-0.00249));
#13498=CARTESIAN_POINT('',(0.200251172979801,-0.132603598570356,-0.00349));
#13499=CARTESIAN_POINT('',(0.199268611097239,-0.132603598570356,-0.00249));
#13500=CARTESIAN_POINT('',(0.199268611097239,-0.132603598570356,-0.00349));
#13501=CARTESIAN_POINT('',(0.20160096207959,-0.133621755413513,-0.00249));
#13502=CARTESIAN_POINT('',(0.20160096207959,-0.133621755413513,-0.00249));
#13503=CARTESIAN_POINT('',(0.20160096207959,-0.133621755413513,-0.00249));
#13504=CARTESIAN_POINT('',(0.200742453921082,-0.132603598570356,-0.00249));
#13505=CARTESIAN_POINT('',(0.199268611097239,-0.132603598570356,-0.00249));
#13506=CARTESIAN_POINT('',(0.202459470238098,-0.136238513655271,-0.00249));
#13507=CARTESIAN_POINT('',(0.202459470238098,-0.136238513655271,-0.00349));
#13508=CARTESIAN_POINT('',(0.202459470238098,-0.135172779389537,-0.00249));
#13509=CARTESIAN_POINT('',(0.202459470238098,-0.135172779389537,-0.00349));
#13510=CARTESIAN_POINT('',(0.202173300851929,-0.134300526642284,-0.00249));
#13511=CARTESIAN_POINT('',(0.202173300851929,-0.134300526642284,-0.00349));
#13512=CARTESIAN_POINT('',(0.20160096207959,-0.133621755413513,-0.00249));
#13513=CARTESIAN_POINT('',(0.20160096207959,-0.133621755413513,-0.00349));
#13514=CARTESIAN_POINT('',(0.202459470238098,-0.136238513655271,-0.00249));
#13515=CARTESIAN_POINT('',(0.202459470238098,-0.136238513655271,-0.00249));
#13516=CARTESIAN_POINT('',(0.202459470238098,-0.136238513655271,-0.00249));
#13517=CARTESIAN_POINT('',(0.202459470238098,-0.13463991225667,-0.00249));
#13518=CARTESIAN_POINT('',(0.20160096207959,-0.133621755413513,-0.00249));
#13519=CARTESIAN_POINT('',(0.202459470238098,-0.136311465703223,-0.00249));
#13520=CARTESIAN_POINT('',(0.202459470238098,-0.136384417751175,-0.00249));
#13521=CARTESIAN_POINT('',(0.202459470238098,-0.136384417751175,-0.00249));
#13522=CARTESIAN_POINT('',(0.202459470238098,-0.136311465703223,-0.00249));
#13523=CARTESIAN_POINT('',(0.201597790251418,-0.139001175992934,-0.00249));
#13524=CARTESIAN_POINT('',(0.201597790251418,-0.139001175992934,-0.00349));
#13525=CARTESIAN_POINT('',(0.202172243575871,-0.138318175659933,-0.00249));
#13526=CARTESIAN_POINT('',(0.202172243575871,-0.138318175659933,-0.00349));
#13527=CARTESIAN_POINT('',(0.202459470238098,-0.137445922912681,-0.00249));
#13528=CARTESIAN_POINT('',(0.202459470238098,-0.137445922912681,-0.00349));
#13529=CARTESIAN_POINT('',(0.202459470238098,-0.136384417751175,-0.00249));
#13530=CARTESIAN_POINT('',(0.202459470238098,-0.136384417751175,-0.00349));
#13531=CARTESIAN_POINT('',(0.201597790251418,-0.139001175992934,-0.00249));
#13532=CARTESIAN_POINT('',(0.201597790251418,-0.139001175992934,-0.00249));
#13533=CARTESIAN_POINT('',(0.201597790251418,-0.139001175992934,-0.00249));
#13534=CARTESIAN_POINT('',(0.202459470238098,-0.137976675493433,-0.00249));
#13535=CARTESIAN_POINT('',(0.202459470238098,-0.136384417751175,-0.00249));
#13536=CARTESIAN_POINT('',(0.199255923784552,-0.140025676492434,-0.00249));
#13537=CARTESIAN_POINT('',(0.199255923784552,-0.140025676492434,-0.00349));
#13538=CARTESIAN_POINT('',(0.200242714771343,-0.140025676492434,-0.00249));
#13539=CARTESIAN_POINT('',(0.200242714771343,-0.140025676492434,-0.00349));
#13540=CARTESIAN_POINT('',(0.201023336926965,-0.139684176325934,-0.00249));
#13541=CARTESIAN_POINT('',(0.201023336926965,-0.139684176325934,-0.00349));
#13542=CARTESIAN_POINT('',(0.201597790251418,-0.139001175992934,-0.00249));
#13543=CARTESIAN_POINT('',(0.201597790251418,-0.139001175992934,-0.00349));
#13544=CARTESIAN_POINT('',(0.199255923784552,-0.140025676492434,-0.00249));
#13545=CARTESIAN_POINT('',(0.199255923784552,-0.140025676492434,-0.00249));
#13546=CARTESIAN_POINT('',(0.199255923784552,-0.140025676492434,-0.00249));
#13547=CARTESIAN_POINT('',(0.200736110264738,-0.140025676492434,-0.00249));
#13548=CARTESIAN_POINT('',(0.201597790251418,-0.139001175992934,-0.00249));
#13549=CARTESIAN_POINT('',(0.196922515526144,-0.138998004164762,-0.00249));
#13550=CARTESIAN_POINT('',(0.196922515526144,-0.138998004164762,-0.00349));
#13551=CARTESIAN_POINT('',(0.197495559149187,-0.139683119049877,-0.00249));
#13552=CARTESIAN_POINT('',(0.197495559149187,-0.139683119049877,-0.00349));
#13553=CARTESIAN_POINT('',(0.198273361901989,-0.140025676492434,-0.00249));
#13554=CARTESIAN_POINT('',(0.198273361901989,-0.140025676492434,-0.00349));
#13555=CARTESIAN_POINT('',(0.199255923784552,-0.140025676492434,-0.00249));
#13556=CARTESIAN_POINT('',(0.199255923784552,-0.140025676492434,-0.00349));
#13557=CARTESIAN_POINT('',(0.196922515526144,-0.138998004164762,-0.00249));
#13558=CARTESIAN_POINT('',(0.197782080960708,-0.140025676492434,-0.00249));
#13559=CARTESIAN_POINT('',(0.199255923784552,-0.140025676492434,-0.00249));
#13560=CARTESIAN_POINT('',(0.197844460248088,-0.134362905929664,-0.00249));
#13561=CARTESIAN_POINT('',(0.197844460248088,-0.134362905929664,-0.00349));
#13562=CARTESIAN_POINT('',(0.198163757617385,-0.133869510436268,-0.00249));
#13563=CARTESIAN_POINT('',(0.198163757617385,-0.133869510436268,-0.00349));
#13564=CARTESIAN_POINT('',(0.198638474567102,-0.13362281268957,-0.00249));
#13565=CARTESIAN_POINT('',(0.198638474567102,-0.13362281268957,-0.00349));
#13566=CARTESIAN_POINT('',(0.199268611097239,-0.13362281268957,-0.00249));
#13567=CARTESIAN_POINT('',(0.199268611097239,-0.13362281268957,-0.00349));
#13568=CARTESIAN_POINT('',(0.197844460248088,-0.134362905929664,-0.00349));
#13569=CARTESIAN_POINT('',(0.198323406302034,-0.13362281268957,-0.00349));
#13570=CARTESIAN_POINT('',(0.199268611097239,-0.13362281268957,-0.00349));
#13571=CARTESIAN_POINT('',(0.197844460248088,-0.134362905929664,-0.00249));
#13572=CARTESIAN_POINT('',(0.198323406302034,-0.13362281268957,-0.00249));
#13573=CARTESIAN_POINT('',(0.199268611097239,-0.13362281268957,-0.00249));
#13574=CARTESIAN_POINT('',(0.22626232194276,-0.1035877,-0.00249));
#13575=CARTESIAN_POINT('',(0.178596749625377,-0.12113638245314,-0.00249));
#13576=CARTESIAN_POINT('',(0.178596749625377,-0.12113638245314,-0.00349));
#13577=CARTESIAN_POINT('',(0.17816115188978,-0.12113638245314,-0.00249));
#13578=CARTESIAN_POINT('',(0.17816115188978,-0.12113638245314,-0.00349));
#13579=CARTESIAN_POINT('',(0.177788990717619,-0.120952768844527,-0.00249));
#13580=CARTESIAN_POINT('',(0.177788990717619,-0.120952768844527,-0.00349));
#13581=CARTESIAN_POINT('',(0.177480266108894,-0.120585541627299,-0.00249));
#13582=CARTESIAN_POINT('',(0.177480266108894,-0.120585541627299,-0.00349));
#13583=CARTESIAN_POINT('',(0.178596749625377,-0.12113638245314,-0.00349));
#13584=CARTESIAN_POINT('',(0.177943353021981,-0.12113638245314,-0.00349));
#13585=CARTESIAN_POINT('',(0.177480266108894,-0.120585541627299,-0.00349));
#13586=CARTESIAN_POINT('',(0.178596749625377,-0.12113638245314,-0.00349));
#13587=CARTESIAN_POINT('',(0.177480266108894,-0.120585541627299,-0.00349));
#13588=CARTESIAN_POINT('',(0.178596749625377,-0.12113638245314,-0.00249));
#13589=CARTESIAN_POINT('',(0.178596749625377,-0.12113638245314,-0.00249));
#13590=CARTESIAN_POINT('',(0.178596749625377,-0.12113638245314,-0.00249));
#13591=CARTESIAN_POINT('',(0.177943353021981,-0.12113638245314,-0.00249));
#13592=CARTESIAN_POINT('',(0.177480266108894,-0.120585541627299,-0.00249));
#13593=CARTESIAN_POINT('',(0.177480266108894,-0.120585541627299,-0.00249));
#13594=CARTESIAN_POINT('',(0.177480266108894,-0.120585541627299,-0.00249));
#13595=CARTESIAN_POINT('',(0.179812617091245,-0.120621489013247,-0.00249));
#13596=CARTESIAN_POINT('',(0.179812617091245,-0.120621489013247,-0.00349));
#13597=CARTESIAN_POINT('',(0.179539135017763,-0.120964751306509,-0.00249));
#13598=CARTESIAN_POINT('',(0.179539135017763,-0.120964751306509,-0.00349));
#13599=CARTESIAN_POINT('',(0.179133845862474,-0.12113638245314,-0.00249));
#13600=CARTESIAN_POINT('',(0.179133845862474,-0.12113638245314,-0.00349));
#13601=CARTESIAN_POINT('',(0.178596749625377,-0.12113638245314,-0.00249));
#13602=CARTESIAN_POINT('',(0.178596749625377,-0.12113638245314,-0.00349));
#13603=CARTESIAN_POINT('',(0.179812617091245,-0.120621489013247,-0.00349));
#13604=CARTESIAN_POINT('',(0.179402393981022,-0.12113638245314,-0.00349));
#13605=CARTESIAN_POINT('',(0.178596749625377,-0.12113638245314,-0.00349));
#13606=CARTESIAN_POINT('',(0.179812617091245,-0.120621489013247,-0.00349));
#13607=CARTESIAN_POINT('',(0.179812617091245,-0.120621489013247,-0.00249));
#13608=CARTESIAN_POINT('',(0.179812617091245,-0.120621489013247,-0.00249));
#13609=CARTESIAN_POINT('',(0.179812617091245,-0.120621489013247,-0.00249));
#13610=CARTESIAN_POINT('',(0.179402393981022,-0.12113638245314,-0.00249));
#13611=CARTESIAN_POINT('',(0.178596749625377,-0.12113638245314,-0.00249));
#13612=CARTESIAN_POINT('',(0.180222840201468,-0.119339013155771,-0.00249));
#13613=CARTESIAN_POINT('',(0.180222840201468,-0.119339013155771,-0.00349));
#13614=CARTESIAN_POINT('',(0.180222840201468,-0.119850734767493,-0.00249));
#13615=CARTESIAN_POINT('',(0.180222840201468,-0.119850734767493,-0.00349));
#13616=CARTESIAN_POINT('',(0.180086099164727,-0.120278226719985,-0.00249));
#13617=CARTESIAN_POINT('',(0.180086099164727,-0.120278226719985,-0.00349));
#13618=CARTESIAN_POINT('',(0.179812617091245,-0.120621489013247,-0.00249));
#13619=CARTESIAN_POINT('',(0.179812617091245,-0.120621489013247,-0.00349));
#13620=CARTESIAN_POINT('',(0.180222840201468,-0.119339013155771,-0.00349));
#13621=CARTESIAN_POINT('',(0.180222840201468,-0.120106595573353,-0.00349));
#13622=CARTESIAN_POINT('',(0.179812617091245,-0.120621489013247,-0.00349));
#13623=CARTESIAN_POINT('',(0.180222840201468,-0.119339013155771,-0.00349));
#13624=CARTESIAN_POINT('',(0.180222840201468,-0.119339013155771,-0.00249));
#13625=CARTESIAN_POINT('',(0.180222840201468,-0.119339013155771,-0.00249));
#13626=CARTESIAN_POINT('',(0.180222840201468,-0.119339013155771,-0.00249));
#13627=CARTESIAN_POINT('',(0.180222840201468,-0.120106595573353,-0.00249));
#13628=CARTESIAN_POINT('',(0.179812617091245,-0.120621489013247,-0.00249));
#13629=CARTESIAN_POINT('',(0.180222840201468,-0.119253373795132,-0.00249));
#13630=CARTESIAN_POINT('',(0.180222840201468,-0.119253373795132,-0.00349));
#13631=CARTESIAN_POINT('',(0.180222840201468,-0.119167734434492,-0.00349));
#13632=CARTESIAN_POINT('',(0.180222840201468,-0.119167734434492,-0.00249));
#13633=CARTESIAN_POINT('',(0.180222840201468,-0.119167734434492,-0.00249));
#13634=CARTESIAN_POINT('',(0.180222840201468,-0.119253373795132,-0.00249));
#13635=CARTESIAN_POINT('',(0.178574546828175,-0.119167734434492,-0.00249));
#13636=CARTESIAN_POINT('',(0.178574546828175,-0.119167734434492,-0.00349));
#13637=CARTESIAN_POINT('',(0.176926253454881,-0.119167734434492,-0.00349));
#13638=CARTESIAN_POINT('',(0.176926253454881,-0.119167734434492,-0.00249));
#13639=CARTESIAN_POINT('',(0.176926253454881,-0.119167734434492,-0.00249));
#13640=CARTESIAN_POINT('',(0.178574546828175,-0.119167734434492,-0.00249));
#13641=CARTESIAN_POINT('',(0.17691885252248,-0.119184650851409,-0.00249));
#13642=CARTESIAN_POINT('',(0.17691885252248,-0.119184650851409,-0.00349));
#13643=CARTESIAN_POINT('',(0.17691145159008,-0.119201567268325,-0.00349));
#13644=CARTESIAN_POINT('',(0.17691145159008,-0.119201567268325,-0.00249));
#13645=CARTESIAN_POINT('',(0.17691145159008,-0.119201567268325,-0.00249));
#13646=CARTESIAN_POINT('',(0.17691885252248,-0.119184650851409,-0.00249));
#13647=CARTESIAN_POINT('',(0.178795517524145,-0.11473986230662,-0.00249));
#13648=CARTESIAN_POINT('',(0.178795517524145,-0.11473986230662,-0.00349));
#13649=CARTESIAN_POINT('',(0.177800268328896,-0.11473986230662,-0.00249));
#13650=CARTESIAN_POINT('',(0.177800268328896,-0.11473986230662,-0.00349));
#13651=CARTESIAN_POINT('',(0.177008368561996,-0.115071494563252,-0.00249));
#13652=CARTESIAN_POINT('',(0.177008368561996,-0.115071494563252,-0.00349));
#13653=CARTESIAN_POINT('',(0.176419818223446,-0.115734759076517,-0.00249));
#13654=CARTESIAN_POINT('',(0.176419818223446,-0.115734759076517,-0.00349));
#13655=CARTESIAN_POINT('',(0.178795517524145,-0.11473986230662,-0.00249));
#13656=CARTESIAN_POINT('',(0.178795517524145,-0.11473986230662,-0.00249));
#13657=CARTESIAN_POINT('',(0.178795517524145,-0.11473986230662,-0.00249));
#13658=CARTESIAN_POINT('',(0.177302643731272,-0.11473986230662,-0.00249));
#13659=CARTESIAN_POINT('',(0.176419818223446,-0.115734759076517,-0.00249));
#13660=CARTESIAN_POINT('',(0.176419818223446,-0.115734759076517,-0.00249));
#13661=CARTESIAN_POINT('',(0.176419818223446,-0.115734759076517,-0.00249));
#13662=CARTESIAN_POINT('',(0.180312708666337,-0.114994665836424,-0.00249));
#13663=CARTESIAN_POINT('',(0.180312708666337,-0.114994665836424,-0.00349));
#13664=CARTESIAN_POINT('',(0.179891912795541,-0.114824796816555,-0.00249));
#13665=CARTESIAN_POINT('',(0.179891912795541,-0.114824796816555,-0.00349));
#13666=CARTESIAN_POINT('',(0.17938618241481,-0.11473986230662,-0.00249));
#13667=CARTESIAN_POINT('',(0.17938618241481,-0.11473986230662,-0.00349));
#13668=CARTESIAN_POINT('',(0.178795517524145,-0.11473986230662,-0.00249));
#13669=CARTESIAN_POINT('',(0.178795517524145,-0.11473986230662,-0.00349));
#13670=CARTESIAN_POINT('',(0.180312708666337,-0.114994665836424,-0.00249));
#13671=CARTESIAN_POINT('',(0.180312708666337,-0.114994665836424,-0.00249));
#13672=CARTESIAN_POINT('',(0.180312708666337,-0.114994665836424,-0.00249));
#13673=CARTESIAN_POINT('',(0.179681514860142,-0.11473986230662,-0.00249));
#13674=CARTESIAN_POINT('',(0.178795517524145,-0.11473986230662,-0.00249));
#13675=CARTESIAN_POINT('',(0.181326636405264,-0.115619515986274,-0.00249));
#13676=CARTESIAN_POINT('',(0.181326636405264,-0.115619515986274,-0.00349));
#13677=CARTESIAN_POINT('',(0.181071480450108,-0.115372818239576,-0.00249));
#13678=CARTESIAN_POINT('',(0.181071480450108,-0.115372818239576,-0.00349));
#13679=CARTESIAN_POINT('',(0.180733504537132,-0.115164534856293,-0.00249));
#13680=CARTESIAN_POINT('',(0.180733504537132,-0.115164534856293,-0.00349));
#13681=CARTESIAN_POINT('',(0.180312708666337,-0.114994665836424,-0.00249));
#13682=CARTESIAN_POINT('',(0.180312708666337,-0.114994665836424,-0.00349));
#13683=CARTESIAN_POINT('',(0.181326636405264,-0.115619515986274,-0.00249));
#13684=CARTESIAN_POINT('',(0.181326636405264,-0.115619515986274,-0.00249));
#13685=CARTESIAN_POINT('',(0.181326636405264,-0.115619515986274,-0.00249));
#13686=CARTESIAN_POINT('',(0.18094390247253,-0.115249469366227,-0.00249));
#13687=CARTESIAN_POINT('',(0.180312708666337,-0.114994665836424,-0.00249));
#13688=CARTESIAN_POINT('',(0.18107183287546,-0.116042426409184,-0.00249));
#13689=CARTESIAN_POINT('',(0.180817360079356,-0.116464787896495,-0.00249));
#13690=CARTESIAN_POINT('',(0.180817360079356,-0.116464787896495,-0.00249));
#13691=CARTESIAN_POINT('',(0.18107183287546,-0.116042426409184,-0.00249));
#13692=CARTESIAN_POINT('',(0.179037517952673,-0.118458470538367,-0.00249));
#13693=CARTESIAN_POINT('',(0.17995429208292,-0.115947271564029,-0.00249));
#13694=CARTESIAN_POINT('',(0.17995429208292,-0.115947271564029,-0.00249));
#13695=CARTESIAN_POINT('',(0.179037517952673,-0.118458470538367,-0.00249));
#13696=CARTESIAN_POINT('',(0.178795517524145,-0.115759076425834,-0.00249));
#13697=CARTESIAN_POINT('',(0.178795517524145,-0.115759076425834,-0.00349));
#13698=CARTESIAN_POINT('',(0.179235344363972,-0.115759076425834,-0.00249));
#13699=CARTESIAN_POINT('',(0.179235344363972,-0.115759076425834,-0.00349));
#13700=CARTESIAN_POINT('',(0.17962160255023,-0.115821808138566,-0.00249));
#13701=CARTESIAN_POINT('',(0.17962160255023,-0.115821808138566,-0.00349));
#13702=CARTESIAN_POINT('',(0.17995429208292,-0.115947271564029,-0.00249));
#13703=CARTESIAN_POINT('',(0.17995429208292,-0.115947271564029,-0.00349));
#13704=CARTESIAN_POINT('',(0.178795517524145,-0.115759076425834,-0.00249));
#13705=CARTESIAN_POINT('',(0.178795517524145,-0.115759076425834,-0.00249));
#13706=CARTESIAN_POINT('',(0.178795517524145,-0.115759076425834,-0.00249));
#13707=CARTESIAN_POINT('',(0.179455257783886,-0.115759076425834,-0.00249));
#13708=CARTESIAN_POINT('',(0.17995429208292,-0.115947271564029,-0.00249));
#13709=CARTESIAN_POINT('',(0.177388283091911,-0.116423045789804,-0.00249));
#13710=CARTESIAN_POINT('',(0.177388283091911,-0.116423045789804,-0.00349));
#13711=CARTESIAN_POINT('',(0.177723087176715,-0.115980399547157,-0.00249));
#13712=CARTESIAN_POINT('',(0.177723087176715,-0.115980399547157,-0.00349));
#13713=CARTESIAN_POINT('',(0.178192165320793,-0.115759076425834,-0.00249));
#13714=CARTESIAN_POINT('',(0.178192165320793,-0.115759076425834,-0.00349));
#13715=CARTESIAN_POINT('',(0.178795517524145,-0.115759076425834,-0.00249));
#13716=CARTESIAN_POINT('',(0.178795517524145,-0.115759076425834,-0.00349));
#13717=CARTESIAN_POINT('',(0.177388283091911,-0.116423045789804,-0.00249));
#13718=CARTESIAN_POINT('',(0.177388283091911,-0.116423045789804,-0.00249));
#13719=CARTESIAN_POINT('',(0.177388283091911,-0.116423045789804,-0.00249));
#13720=CARTESIAN_POINT('',(0.177890489219117,-0.115759076425834,-0.00249));
#13721=CARTESIAN_POINT('',(0.178795517524145,-0.115759076425834,-0.00249));
#13722=CARTESIAN_POINT('',(0.176864931443559,-0.11811680203356,-0.00249));
#13723=CARTESIAN_POINT('',(0.176864931443559,-0.11811680203356,-0.00349));
#13724=CARTESIAN_POINT('',(0.176879028457656,-0.117430277447035,-0.00249));
#13725=CARTESIAN_POINT('',(0.176879028457656,-0.117430277447035,-0.00349));
#13726=CARTESIAN_POINT('',(0.177053479007107,-0.11686569203245,-0.00249));
#13727=CARTESIAN_POINT('',(0.177053479007107,-0.11686569203245,-0.00349));
#13728=CARTESIAN_POINT('',(0.177388283091911,-0.116423045789804,-0.00249));
#13729=CARTESIAN_POINT('',(0.177388283091911,-0.116423045789804,-0.00349));
#13730=CARTESIAN_POINT('',(0.176864931443559,-0.11811680203356,-0.00249));
#13731=CARTESIAN_POINT('',(0.176864931443559,-0.11811680203356,-0.00249));
#13732=CARTESIAN_POINT('',(0.176864931443559,-0.11811680203356,-0.00249));
#13733=CARTESIAN_POINT('',(0.176886076964704,-0.117087015153773,-0.00249));
#13734=CARTESIAN_POINT('',(0.177388283091911,-0.116423045789804,-0.00249));
#13735=CARTESIAN_POINT('',(0.176875504204132,-0.118133718450476,-0.00249));
#13736=CARTESIAN_POINT('',(0.176886076964704,-0.118150634867393,-0.00249));
#13737=CARTESIAN_POINT('',(0.176886076964704,-0.118150634867393,-0.00249));
#13738=CARTESIAN_POINT('',(0.176875504204132,-0.118133718450476,-0.00249));
#13739=CARTESIAN_POINT('',(0.179205740634369,-0.118150634867393,-0.00249));
#13740=CARTESIAN_POINT('',(0.181525404304032,-0.118150634867393,-0.00249));
#13741=CARTESIAN_POINT('',(0.181525404304032,-0.118150634867393,-0.00249));
#13742=CARTESIAN_POINT('',(0.179205740634369,-0.118150634867393,-0.00249));
#13743=CARTESIAN_POINT('',(0.181525404304032,-0.118556628873387,-0.00249));
#13744=CARTESIAN_POINT('',(0.181525404304032,-0.118962622879381,-0.00249));
#13745=CARTESIAN_POINT('',(0.181525404304032,-0.118962622879381,-0.00249));
#13746=CARTESIAN_POINT('',(0.181525404304032,-0.118556628873387,-0.00249));
#13747=CARTESIAN_POINT('',(0.18078108195971,-0.121289687481445,-0.00249));
#13748=CARTESIAN_POINT('',(0.18078108195971,-0.121289687481445,-0.00349));
#13749=CARTESIAN_POINT('',(0.181277296855925,-0.120708185649943,-0.00249));
#13750=CARTESIAN_POINT('',(0.181277296855925,-0.120708185649943,-0.00349));
#13751=CARTESIAN_POINT('',(0.181525404304032,-0.119932497449255,-0.00249));
#13752=CARTESIAN_POINT('',(0.181525404304032,-0.119932497449255,-0.00349));
#13753=CARTESIAN_POINT('',(0.181525404304032,-0.118962622879381,-0.00249));
#13754=CARTESIAN_POINT('',(0.181525404304032,-0.118962622879381,-0.00349));
#13755=CARTESIAN_POINT('',(0.18078108195971,-0.121289687481445,-0.00249));
#13756=CARTESIAN_POINT('',(0.18078108195971,-0.121289687481445,-0.00249));
#13757=CARTESIAN_POINT('',(0.18078108195971,-0.121289687481445,-0.00249));
#13758=CARTESIAN_POINT('',(0.181525404304032,-0.120417434734192,-0.00249));
#13759=CARTESIAN_POINT('',(0.181525404304032,-0.118962622879381,-0.00249));
#13760=CARTESIAN_POINT('',(0.178596749625377,-0.122161940228698,-0.00249));
#13761=CARTESIAN_POINT('',(0.178596749625377,-0.122161940228698,-0.00349));
#13762=CARTESIAN_POINT('',(0.179556756285384,-0.122161940228698,-0.00249));
#13763=CARTESIAN_POINT('',(0.179556756285384,-0.122161940228698,-0.00349));
#13764=CARTESIAN_POINT('',(0.180284867063495,-0.121871189312947,-0.00249));
#13765=CARTESIAN_POINT('',(0.180284867063495,-0.121871189312947,-0.00349));
#13766=CARTESIAN_POINT('',(0.18078108195971,-0.121289687481445,-0.00249));
#13767=CARTESIAN_POINT('',(0.18078108195971,-0.121289687481445,-0.00349));
#13768=CARTESIAN_POINT('',(0.178596749625377,-0.122161940228698,-0.00249));
#13769=CARTESIAN_POINT('',(0.178596749625377,-0.122161940228698,-0.00249));
#13770=CARTESIAN_POINT('',(0.178596749625377,-0.122161940228698,-0.00249));
#13771=CARTESIAN_POINT('',(0.180036759615388,-0.122161940228698,-0.00249));
#13772=CARTESIAN_POINT('',(0.18078108195971,-0.121289687481445,-0.00249));
#13773=CARTESIAN_POINT('',(0.176446250124878,-0.121146955213713,-0.00249));
#13774=CARTESIAN_POINT('',(0.176446250124878,-0.121146955213713,-0.00349));
#13775=CARTESIAN_POINT('',(0.17705242173105,-0.12182361189037,-0.00249));
#13776=CARTESIAN_POINT('',(0.17705242173105,-0.12182361189037,-0.00349));
#13777=CARTESIAN_POINT('',(0.177769254897883,-0.122161940228698,-0.00249));
#13778=CARTESIAN_POINT('',(0.177769254897883,-0.122161940228698,-0.00349));
#13779=CARTESIAN_POINT('',(0.178596749625377,-0.122161940228698,-0.00249));
#13780=CARTESIAN_POINT('',(0.178596749625377,-0.122161940228698,-0.00349));
#13781=CARTESIAN_POINT('',(0.176446250124878,-0.121146955213713,-0.00249));
#13782=CARTESIAN_POINT('',(0.176446250124878,-0.121146955213713,-0.00249));
#13783=CARTESIAN_POINT('',(0.176446250124878,-0.121146955213713,-0.00249));
#13784=CARTESIAN_POINT('',(0.177355507534136,-0.122161940228698,-0.00249));
#13785=CARTESIAN_POINT('',(0.178596749625377,-0.122161940228698,-0.00249));
#13786=CARTESIAN_POINT('',(0.175536992715621,-0.118607378124136,-0.00249));
#13787=CARTESIAN_POINT('',(0.175536992715621,-0.118607378124136,-0.00349));
#13788=CARTESIAN_POINT('',(0.175536992715621,-0.119623772840531,-0.00249));
#13789=CARTESIAN_POINT('',(0.175536992715621,-0.119623772840531,-0.00349));
#13790=CARTESIAN_POINT('',(0.175840078518706,-0.120470298537056,-0.00249));
#13791=CARTESIAN_POINT('',(0.175840078518706,-0.120470298537056,-0.00349));
#13792=CARTESIAN_POINT('',(0.176446250124878,-0.121146955213713,-0.00249));
#13793=CARTESIAN_POINT('',(0.176446250124878,-0.121146955213713,-0.00349));
#13794=CARTESIAN_POINT('',(0.175536992715621,-0.118607378124136,-0.00249));
#13795=CARTESIAN_POINT('',(0.175536992715621,-0.118607378124136,-0.00249));
#13796=CARTESIAN_POINT('',(0.175536992715621,-0.118607378124136,-0.00249));
#13797=CARTESIAN_POINT('',(0.175536992715621,-0.120131970198728,-0.00249));
#13798=CARTESIAN_POINT('',(0.176446250124878,-0.121146955213713,-0.00249));
#13799=CARTESIAN_POINT('',(0.175536992715621,-0.118461474028232,-0.00249));
#13800=CARTESIAN_POINT('',(0.175536992715621,-0.118315569932328,-0.00249));
#13801=CARTESIAN_POINT('',(0.175536992715621,-0.118315569932328,-0.00249));
#13802=CARTESIAN_POINT('',(0.175536992715621,-0.118461474028232,-0.00249));
#13803=CARTESIAN_POINT('',(0.176419818223446,-0.115734759076517,-0.00249));
#13804=CARTESIAN_POINT('',(0.176419818223446,-0.115734759076517,-0.00349));
#13805=CARTESIAN_POINT('',(0.175831267884896,-0.116398023589781,-0.00249));
#13806=CARTESIAN_POINT('',(0.175831267884896,-0.116398023589781,-0.00349));
#13807=CARTESIAN_POINT('',(0.175536992715621,-0.117258293875052,-0.00249));
#13808=CARTESIAN_POINT('',(0.175536992715621,-0.117258293875052,-0.00349));
#13809=CARTESIAN_POINT('',(0.175536992715621,-0.118315569932328,-0.00249));
#13810=CARTESIAN_POINT('',(0.175536992715621,-0.118315569932328,-0.00349));
#13811=CARTESIAN_POINT('',(0.176419818223446,-0.115734759076517,-0.00249));
#13812=CARTESIAN_POINT('',(0.175536992715621,-0.116729655846414,-0.00249));
#13813=CARTESIAN_POINT('',(0.175536992715621,-0.118315569932328,-0.00249));
#13814=CARTESIAN_POINT('',(0.177480266108894,-0.120585541627299,-0.00249));
#13815=CARTESIAN_POINT('',(0.177480266108894,-0.120585541627299,-0.00349));
#13816=CARTESIAN_POINT('',(0.177171541500169,-0.120218314410072,-0.00249));
#13817=CARTESIAN_POINT('',(0.177171541500169,-0.120218314410072,-0.00349));
#13818=CARTESIAN_POINT('',(0.176981936660564,-0.119756989623747,-0.00249));
#13819=CARTESIAN_POINT('',(0.176981936660564,-0.119756989623747,-0.00349));
#13820=CARTESIAN_POINT('',(0.17691145159008,-0.119201567268325,-0.00249));
#13821=CARTESIAN_POINT('',(0.17691145159008,-0.119201567268325,-0.00349));
#13822=CARTESIAN_POINT('',(0.177480266108894,-0.120585541627299,-0.00349));
#13823=CARTESIAN_POINT('',(0.177017179195807,-0.120034700801459,-0.00349));
#13824=CARTESIAN_POINT('',(0.17691145159008,-0.119201567268325,-0.00349));
#13825=CARTESIAN_POINT('',(0.177480266108894,-0.120585541627299,-0.00249));
#13826=CARTESIAN_POINT('',(0.177017179195807,-0.120034700801459,-0.00249));
#13827=CARTESIAN_POINT('',(0.17691145159008,-0.119201567268325,-0.00249));
#13828=CARTESIAN_POINT('',(0.22626232194276,-0.1035877,-0.00249));
#13829=CARTESIAN_POINT('',(0.19147014289877,-0.12113638245314,-0.00249));
#13830=CARTESIAN_POINT('',(0.19147014289877,-0.12113638245314,-0.00349));
#13831=CARTESIAN_POINT('',(0.191034545163173,-0.12113638245314,-0.00249));
#13832=CARTESIAN_POINT('',(0.191034545163173,-0.12113638245314,-0.00349));
#13833=CARTESIAN_POINT('',(0.190662383991012,-0.120952768844527,-0.00249));
#13834=CARTESIAN_POINT('',(0.190662383991012,-0.120952768844527,-0.00349));
#13835=CARTESIAN_POINT('',(0.190353659382287,-0.120585541627299,-0.00249));
#13836=CARTESIAN_POINT('',(0.190353659382287,-0.120585541627299,-0.00349));
#13837=CARTESIAN_POINT('',(0.19147014289877,-0.12113638245314,-0.00349));
#13838=CARTESIAN_POINT('',(0.190816746295374,-0.12113638245314,-0.00349));
#13839=CARTESIAN_POINT('',(0.190353659382287,-0.120585541627299,-0.00349));
#13840=CARTESIAN_POINT('',(0.19147014289877,-0.12113638245314,-0.00349));
#13841=CARTESIAN_POINT('',(0.190353659382287,-0.120585541627299,-0.00349));
#13842=CARTESIAN_POINT('',(0.19147014289877,-0.12113638245314,-0.00249));
#13843=CARTESIAN_POINT('',(0.19147014289877,-0.12113638245314,-0.00249));
#13844=CARTESIAN_POINT('',(0.19147014289877,-0.12113638245314,-0.00249));
#13845=CARTESIAN_POINT('',(0.190816746295374,-0.12113638245314,-0.00249));
#13846=CARTESIAN_POINT('',(0.190353659382287,-0.120585541627299,-0.00249));
#13847=CARTESIAN_POINT('',(0.190353659382287,-0.120585541627299,-0.00249));
#13848=CARTESIAN_POINT('',(0.190353659382287,-0.120585541627299,-0.00249));
#13849=CARTESIAN_POINT('',(0.192686010364638,-0.120621489013247,-0.00249));
#13850=CARTESIAN_POINT('',(0.192686010364638,-0.120621489013247,-0.00349));
#13851=CARTESIAN_POINT('',(0.192412528291156,-0.120964751306509,-0.00249));
#13852=CARTESIAN_POINT('',(0.192412528291156,-0.120964751306509,-0.00349));
#13853=CARTESIAN_POINT('',(0.192007239135867,-0.12113638245314,-0.00249));
#13854=CARTESIAN_POINT('',(0.192007239135867,-0.12113638245314,-0.00349));
#13855=CARTESIAN_POINT('',(0.19147014289877,-0.12113638245314,-0.00249));
#13856=CARTESIAN_POINT('',(0.19147014289877,-0.12113638245314,-0.00349));
#13857=CARTESIAN_POINT('',(0.192686010364638,-0.120621489013247,-0.00349));
#13858=CARTESIAN_POINT('',(0.192275787254415,-0.12113638245314,-0.00349));
#13859=CARTESIAN_POINT('',(0.19147014289877,-0.12113638245314,-0.00349));
#13860=CARTESIAN_POINT('',(0.192686010364638,-0.120621489013247,-0.00349));
#13861=CARTESIAN_POINT('',(0.192686010364638,-0.120621489013247,-0.00249));
#13862=CARTESIAN_POINT('',(0.192686010364638,-0.120621489013247,-0.00249));
#13863=CARTESIAN_POINT('',(0.192686010364638,-0.120621489013247,-0.00249));
#13864=CARTESIAN_POINT('',(0.192275787254415,-0.12113638245314,-0.00249));
#13865=CARTESIAN_POINT('',(0.19147014289877,-0.12113638245314,-0.00249));
#13866=CARTESIAN_POINT('',(0.193096233474862,-0.119339013155771,-0.00249));
#13867=CARTESIAN_POINT('',(0.193096233474862,-0.119339013155771,-0.00349));
#13868=CARTESIAN_POINT('',(0.193096233474862,-0.119850734767493,-0.00249));
#13869=CARTESIAN_POINT('',(0.193096233474862,-0.119850734767493,-0.00349));
#13870=CARTESIAN_POINT('',(0.19295949243812,-0.120278226719985,-0.00249));
#13871=CARTESIAN_POINT('',(0.19295949243812,-0.120278226719985,-0.00349));
#13872=CARTESIAN_POINT('',(0.192686010364638,-0.120621489013247,-0.00249));
#13873=CARTESIAN_POINT('',(0.192686010364638,-0.120621489013247,-0.00349));
#13874=CARTESIAN_POINT('',(0.193096233474862,-0.119339013155771,-0.00349));
#13875=CARTESIAN_POINT('',(0.193096233474862,-0.120106595573353,-0.00349));
#13876=CARTESIAN_POINT('',(0.192686010364638,-0.120621489013247,-0.00349));
#13877=CARTESIAN_POINT('',(0.193096233474862,-0.119339013155771,-0.00349));
#13878=CARTESIAN_POINT('',(0.193096233474862,-0.119339013155771,-0.00249));
#13879=CARTESIAN_POINT('',(0.193096233474862,-0.119339013155771,-0.00249));
#13880=CARTESIAN_POINT('',(0.193096233474862,-0.119339013155771,-0.00249));
#13881=CARTESIAN_POINT('',(0.193096233474862,-0.120106595573353,-0.00249));
#13882=CARTESIAN_POINT('',(0.192686010364638,-0.120621489013247,-0.00249));
#13883=CARTESIAN_POINT('',(0.193096233474862,-0.119253373795132,-0.00249));
#13884=CARTESIAN_POINT('',(0.193096233474862,-0.119253373795132,-0.00349));
#13885=CARTESIAN_POINT('',(0.193096233474862,-0.119167734434492,-0.00349));
#13886=CARTESIAN_POINT('',(0.193096233474862,-0.119167734434492,-0.00249));
#13887=CARTESIAN_POINT('',(0.193096233474862,-0.119167734434492,-0.00249));
#13888=CARTESIAN_POINT('',(0.193096233474862,-0.119253373795132,-0.00249));
#13889=CARTESIAN_POINT('',(0.191447940101568,-0.119167734434492,-0.00249));
#13890=CARTESIAN_POINT('',(0.191447940101568,-0.119167734434492,-0.00349));
#13891=CARTESIAN_POINT('',(0.189799646728274,-0.119167734434492,-0.00349));
#13892=CARTESIAN_POINT('',(0.189799646728274,-0.119167734434492,-0.00249));
#13893=CARTESIAN_POINT('',(0.189799646728274,-0.119167734434492,-0.00249));
#13894=CARTESIAN_POINT('',(0.191447940101568,-0.119167734434492,-0.00249));
#13895=CARTESIAN_POINT('',(0.189792245795874,-0.119184650851409,-0.00249));
#13896=CARTESIAN_POINT('',(0.189792245795874,-0.119184650851409,-0.00349));
#13897=CARTESIAN_POINT('',(0.189784844863472,-0.119201567268325,-0.00349));
#13898=CARTESIAN_POINT('',(0.189784844863472,-0.119201567268325,-0.00249));
#13899=CARTESIAN_POINT('',(0.189784844863472,-0.119201567268325,-0.00249));
#13900=CARTESIAN_POINT('',(0.189792245795874,-0.119184650851409,-0.00249));
#13901=CARTESIAN_POINT('',(0.191668910797539,-0.11473986230662,-0.00249));
#13902=CARTESIAN_POINT('',(0.191668910797539,-0.11473986230662,-0.00349));
#13903=CARTESIAN_POINT('',(0.190673661602289,-0.11473986230662,-0.00249));
#13904=CARTESIAN_POINT('',(0.190673661602289,-0.11473986230662,-0.00349));
#13905=CARTESIAN_POINT('',(0.18988176183539,-0.115071494563252,-0.00249));
#13906=CARTESIAN_POINT('',(0.18988176183539,-0.115071494563252,-0.00349));
#13907=CARTESIAN_POINT('',(0.18929321149684,-0.115734759076517,-0.00249));
#13908=CARTESIAN_POINT('',(0.18929321149684,-0.115734759076517,-0.00349));
#13909=CARTESIAN_POINT('',(0.191668910797539,-0.11473986230662,-0.00249));
#13910=CARTESIAN_POINT('',(0.191668910797539,-0.11473986230662,-0.00249));
#13911=CARTESIAN_POINT('',(0.191668910797539,-0.11473986230662,-0.00249));
#13912=CARTESIAN_POINT('',(0.190176037004665,-0.11473986230662,-0.00249));
#13913=CARTESIAN_POINT('',(0.18929321149684,-0.115734759076517,-0.00249));
#13914=CARTESIAN_POINT('',(0.18929321149684,-0.115734759076517,-0.00249));
#13915=CARTESIAN_POINT('',(0.18929321149684,-0.115734759076517,-0.00249));
#13916=CARTESIAN_POINT('',(0.193186101939729,-0.114994665836424,-0.00249));
#13917=CARTESIAN_POINT('',(0.193186101939729,-0.114994665836424,-0.00349));
#13918=CARTESIAN_POINT('',(0.192765306068934,-0.114824796816555,-0.00249));
#13919=CARTESIAN_POINT('',(0.192765306068934,-0.114824796816555,-0.00349));
#13920=CARTESIAN_POINT('',(0.192259575688204,-0.11473986230662,-0.00249));
#13921=CARTESIAN_POINT('',(0.192259575688204,-0.11473986230662,-0.00349));
#13922=CARTESIAN_POINT('',(0.191668910797539,-0.11473986230662,-0.00249));
#13923=CARTESIAN_POINT('',(0.191668910797539,-0.11473986230662,-0.00349));
#13924=CARTESIAN_POINT('',(0.193186101939729,-0.114994665836424,-0.00249));
#13925=CARTESIAN_POINT('',(0.193186101939729,-0.114994665836424,-0.00249));
#13926=CARTESIAN_POINT('',(0.193186101939729,-0.114994665836424,-0.00249));
#13927=CARTESIAN_POINT('',(0.192554908133536,-0.11473986230662,-0.00249));
#13928=CARTESIAN_POINT('',(0.191668910797539,-0.11473986230662,-0.00249));
#13929=CARTESIAN_POINT('',(0.194200029678657,-0.115619515986274,-0.00249));
#13930=CARTESIAN_POINT('',(0.194200029678657,-0.115619515986274,-0.00349));
#13931=CARTESIAN_POINT('',(0.193944873723502,-0.115372818239576,-0.00249));
#13932=CARTESIAN_POINT('',(0.193944873723502,-0.115372818239576,-0.00349));
#13933=CARTESIAN_POINT('',(0.193606897810526,-0.115164534856293,-0.00249));
#13934=CARTESIAN_POINT('',(0.193606897810526,-0.115164534856293,-0.00349));
#13935=CARTESIAN_POINT('',(0.193186101939729,-0.114994665836424,-0.00249));
#13936=CARTESIAN_POINT('',(0.193186101939729,-0.114994665836424,-0.00349));
#13937=CARTESIAN_POINT('',(0.194200029678657,-0.115619515986274,-0.00249));
#13938=CARTESIAN_POINT('',(0.194200029678657,-0.115619515986274,-0.00249));
#13939=CARTESIAN_POINT('',(0.194200029678657,-0.115619515986274,-0.00249));
#13940=CARTESIAN_POINT('',(0.193817295745923,-0.115249469366227,-0.00249));
#13941=CARTESIAN_POINT('',(0.193186101939729,-0.114994665836424,-0.00249));
#13942=CARTESIAN_POINT('',(0.193945226148854,-0.116042426409184,-0.00249));
#13943=CARTESIAN_POINT('',(0.193690753352749,-0.116464787896495,-0.00249));
#13944=CARTESIAN_POINT('',(0.193690753352749,-0.116464787896495,-0.00249));
#13945=CARTESIAN_POINT('',(0.193945226148854,-0.116042426409184,-0.00249));
#13946=CARTESIAN_POINT('',(0.191910911226067,-0.118458470538366,-0.00249));
#13947=CARTESIAN_POINT('',(0.192827685356313,-0.115947271564029,-0.00249));
#13948=CARTESIAN_POINT('',(0.192827685356313,-0.115947271564029,-0.00249));
#13949=CARTESIAN_POINT('',(0.191910911226067,-0.118458470538366,-0.00249));
#13950=CARTESIAN_POINT('',(0.191668910797539,-0.115759076425834,-0.00249));
#13951=CARTESIAN_POINT('',(0.191668910797539,-0.115759076425834,-0.00349));
#13952=CARTESIAN_POINT('',(0.192108737637365,-0.115759076425834,-0.00249));
#13953=CARTESIAN_POINT('',(0.192108737637365,-0.115759076425834,-0.00349));
#13954=CARTESIAN_POINT('',(0.192494995823624,-0.115821808138566,-0.00249));
#13955=CARTESIAN_POINT('',(0.192494995823624,-0.115821808138566,-0.00349));
#13956=CARTESIAN_POINT('',(0.192827685356313,-0.115947271564029,-0.00249));
#13957=CARTESIAN_POINT('',(0.192827685356313,-0.115947271564029,-0.00349));
#13958=CARTESIAN_POINT('',(0.191668910797539,-0.115759076425834,-0.00249));
#13959=CARTESIAN_POINT('',(0.191668910797539,-0.115759076425834,-0.00249));
#13960=CARTESIAN_POINT('',(0.191668910797539,-0.115759076425834,-0.00249));
#13961=CARTESIAN_POINT('',(0.192328651057279,-0.115759076425834,-0.00249));
#13962=CARTESIAN_POINT('',(0.192827685356313,-0.115947271564029,-0.00249));
#13963=CARTESIAN_POINT('',(0.190261676365304,-0.116423045789804,-0.00249));
#13964=CARTESIAN_POINT('',(0.190261676365304,-0.116423045789804,-0.00349));
#13965=CARTESIAN_POINT('',(0.190596480450108,-0.115980399547157,-0.00249));
#13966=CARTESIAN_POINT('',(0.190596480450108,-0.115980399547157,-0.00349));
#13967=CARTESIAN_POINT('',(0.191065558594187,-0.115759076425834,-0.00249));
#13968=CARTESIAN_POINT('',(0.191065558594187,-0.115759076425834,-0.00349));
#13969=CARTESIAN_POINT('',(0.191668910797539,-0.115759076425834,-0.00249));
#13970=CARTESIAN_POINT('',(0.191668910797539,-0.115759076425834,-0.00349));
#13971=CARTESIAN_POINT('',(0.190261676365304,-0.116423045789804,-0.00249));
#13972=CARTESIAN_POINT('',(0.190261676365304,-0.116423045789804,-0.00249));
#13973=CARTESIAN_POINT('',(0.190261676365304,-0.116423045789804,-0.00249));
#13974=CARTESIAN_POINT('',(0.190763882492511,-0.115759076425834,-0.00249));
#13975=CARTESIAN_POINT('',(0.191668910797539,-0.115759076425834,-0.00249));
#13976=CARTESIAN_POINT('',(0.189738324716952,-0.11811680203356,-0.00249));
#13977=CARTESIAN_POINT('',(0.189738324716952,-0.11811680203356,-0.00349));
#13978=CARTESIAN_POINT('',(0.189752421731049,-0.117430277447035,-0.00249));
#13979=CARTESIAN_POINT('',(0.189752421731049,-0.117430277447035,-0.00349));
#13980=CARTESIAN_POINT('',(0.1899268722805,-0.11686569203245,-0.00249));
#13981=CARTESIAN_POINT('',(0.1899268722805,-0.11686569203245,-0.00349));
#13982=CARTESIAN_POINT('',(0.190261676365304,-0.116423045789804,-0.00249));
#13983=CARTESIAN_POINT('',(0.190261676365304,-0.116423045789804,-0.00349));
#13984=CARTESIAN_POINT('',(0.189738324716952,-0.11811680203356,-0.00249));
#13985=CARTESIAN_POINT('',(0.189738324716952,-0.11811680203356,-0.00249));
#13986=CARTESIAN_POINT('',(0.189738324716952,-0.11811680203356,-0.00249));
#13987=CARTESIAN_POINT('',(0.189759470238098,-0.117087015153773,-0.00249));
#13988=CARTESIAN_POINT('',(0.190261676365304,-0.116423045789804,-0.00249));
#13989=CARTESIAN_POINT('',(0.189748897477526,-0.118133718450476,-0.00249));
#13990=CARTESIAN_POINT('',(0.189759470238098,-0.118150634867393,-0.00249));
#13991=CARTESIAN_POINT('',(0.189759470238098,-0.118150634867393,-0.00249));
#13992=CARTESIAN_POINT('',(0.189748897477526,-0.118133718450476,-0.00249));
#13993=CARTESIAN_POINT('',(0.192079133907762,-0.118150634867393,-0.00249));
#13994=CARTESIAN_POINT('',(0.194398797577426,-0.118150634867393,-0.00249));
#13995=CARTESIAN_POINT('',(0.194398797577426,-0.118150634867393,-0.00249));
#13996=CARTESIAN_POINT('',(0.192079133907762,-0.118150634867393,-0.00249));
#13997=CARTESIAN_POINT('',(0.194398797577426,-0.118556628873387,-0.00249));
#13998=CARTESIAN_POINT('',(0.194398797577426,-0.118962622879381,-0.00249));
#13999=CARTESIAN_POINT('',(0.194398797577426,-0.118962622879381,-0.00249));
#14000=CARTESIAN_POINT('',(0.194398797577426,-0.118556628873387,-0.00249));
#14001=CARTESIAN_POINT('',(0.193654475233103,-0.121289687481445,-0.00249));
#14002=CARTESIAN_POINT('',(0.193654475233103,-0.121289687481445,-0.00349));
#14003=CARTESIAN_POINT('',(0.194150690129318,-0.120708185649943,-0.00249));
#14004=CARTESIAN_POINT('',(0.194150690129318,-0.120708185649943,-0.00349));
#14005=CARTESIAN_POINT('',(0.194398797577426,-0.119932497449255,-0.00249));
#14006=CARTESIAN_POINT('',(0.194398797577426,-0.119932497449255,-0.00349));
#14007=CARTESIAN_POINT('',(0.194398797577426,-0.118962622879381,-0.00249));
#14008=CARTESIAN_POINT('',(0.194398797577426,-0.118962622879381,-0.00349));
#14009=CARTESIAN_POINT('',(0.193654475233103,-0.121289687481445,-0.00249));
#14010=CARTESIAN_POINT('',(0.193654475233103,-0.121289687481445,-0.00249));
#14011=CARTESIAN_POINT('',(0.193654475233103,-0.121289687481445,-0.00249));
#14012=CARTESIAN_POINT('',(0.194398797577426,-0.120417434734192,-0.00249));
#14013=CARTESIAN_POINT('',(0.194398797577426,-0.118962622879381,-0.00249));
#14014=CARTESIAN_POINT('',(0.19147014289877,-0.122161940228698,-0.00249));
#14015=CARTESIAN_POINT('',(0.19147014289877,-0.122161940228698,-0.00349));
#14016=CARTESIAN_POINT('',(0.192430149558777,-0.122161940228698,-0.00249));
#14017=CARTESIAN_POINT('',(0.192430149558777,-0.122161940228698,-0.00349));
#14018=CARTESIAN_POINT('',(0.193158260336888,-0.121871189312947,-0.00249));
#14019=CARTESIAN_POINT('',(0.193158260336888,-0.121871189312947,-0.00349));
#14020=CARTESIAN_POINT('',(0.193654475233103,-0.121289687481445,-0.00249));
#14021=CARTESIAN_POINT('',(0.193654475233103,-0.121289687481445,-0.00349));
#14022=CARTESIAN_POINT('',(0.19147014289877,-0.122161940228698,-0.00249));
#14023=CARTESIAN_POINT('',(0.19147014289877,-0.122161940228698,-0.00249));
#14024=CARTESIAN_POINT('',(0.19147014289877,-0.122161940228698,-0.00249));
#14025=CARTESIAN_POINT('',(0.192910152888781,-0.122161940228698,-0.00249));
#14026=CARTESIAN_POINT('',(0.193654475233103,-0.121289687481445,-0.00249));
#14027=CARTESIAN_POINT('',(0.189319643398271,-0.121146955213713,-0.00249));
#14028=CARTESIAN_POINT('',(0.189319643398271,-0.121146955213713,-0.00349));
#14029=CARTESIAN_POINT('',(0.189925815004443,-0.12182361189037,-0.00249));
#14030=CARTESIAN_POINT('',(0.189925815004443,-0.12182361189037,-0.00349));
#14031=CARTESIAN_POINT('',(0.190642648171276,-0.122161940228698,-0.00249));
#14032=CARTESIAN_POINT('',(0.190642648171276,-0.122161940228698,-0.00349));
#14033=CARTESIAN_POINT('',(0.19147014289877,-0.122161940228698,-0.00249));
#14034=CARTESIAN_POINT('',(0.19147014289877,-0.122161940228698,-0.00349));
#14035=CARTESIAN_POINT('',(0.189319643398271,-0.121146955213713,-0.00249));
#14036=CARTESIAN_POINT('',(0.189319643398271,-0.121146955213713,-0.00249));
#14037=CARTESIAN_POINT('',(0.189319643398271,-0.121146955213713,-0.00249));
#14038=CARTESIAN_POINT('',(0.190228900807528,-0.122161940228698,-0.00249));
#14039=CARTESIAN_POINT('',(0.19147014289877,-0.122161940228698,-0.00249));
#14040=CARTESIAN_POINT('',(0.188410385989014,-0.118607378124136,-0.00249));
#14041=CARTESIAN_POINT('',(0.188410385989014,-0.118607378124136,-0.00349));
#14042=CARTESIAN_POINT('',(0.188410385989014,-0.119623772840531,-0.00249));
#14043=CARTESIAN_POINT('',(0.188410385989014,-0.119623772840531,-0.00349));
#14044=CARTESIAN_POINT('',(0.1887134717921,-0.120470298537056,-0.00249));
#14045=CARTESIAN_POINT('',(0.1887134717921,-0.120470298537056,-0.00349));
#14046=CARTESIAN_POINT('',(0.189319643398271,-0.121146955213713,-0.00249));
#14047=CARTESIAN_POINT('',(0.189319643398271,-0.121146955213713,-0.00349));
#14048=CARTESIAN_POINT('',(0.188410385989014,-0.118607378124136,-0.00249));
#14049=CARTESIAN_POINT('',(0.188410385989014,-0.118607378124136,-0.00249));
#14050=CARTESIAN_POINT('',(0.188410385989014,-0.118607378124136,-0.00249));
#14051=CARTESIAN_POINT('',(0.188410385989014,-0.120131970198728,-0.00249));
#14052=CARTESIAN_POINT('',(0.189319643398271,-0.121146955213713,-0.00249));
#14053=CARTESIAN_POINT('',(0.188410385989014,-0.118461474028232,-0.00249));
#14054=CARTESIAN_POINT('',(0.188410385989014,-0.118315569932328,-0.00249));
#14055=CARTESIAN_POINT('',(0.188410385989014,-0.118315569932328,-0.00249));
#14056=CARTESIAN_POINT('',(0.188410385989014,-0.118461474028232,-0.00249));
#14057=CARTESIAN_POINT('',(0.18929321149684,-0.115734759076517,-0.00249));
#14058=CARTESIAN_POINT('',(0.18929321149684,-0.115734759076517,-0.00349));
#14059=CARTESIAN_POINT('',(0.188704661158289,-0.116398023589781,-0.00249));
#14060=CARTESIAN_POINT('',(0.188704661158289,-0.116398023589781,-0.00349));
#14061=CARTESIAN_POINT('',(0.188410385989014,-0.117258293875052,-0.00249));
#14062=CARTESIAN_POINT('',(0.188410385989014,-0.117258293875052,-0.00349));
#14063=CARTESIAN_POINT('',(0.188410385989014,-0.118315569932328,-0.00249));
#14064=CARTESIAN_POINT('',(0.188410385989014,-0.118315569932328,-0.00349));
#14065=CARTESIAN_POINT('',(0.18929321149684,-0.115734759076517,-0.00249));
#14066=CARTESIAN_POINT('',(0.188410385989014,-0.116729655846414,-0.00249));
#14067=CARTESIAN_POINT('',(0.188410385989014,-0.118315569932328,-0.00249));
#14068=CARTESIAN_POINT('',(0.190353659382287,-0.120585541627299,-0.00249));
#14069=CARTESIAN_POINT('',(0.190353659382287,-0.120585541627299,-0.00349));
#14070=CARTESIAN_POINT('',(0.190044934773563,-0.120218314410072,-0.00249));
#14071=CARTESIAN_POINT('',(0.190044934773563,-0.120218314410072,-0.00349));
#14072=CARTESIAN_POINT('',(0.189855329933958,-0.119756989623747,-0.00249));
#14073=CARTESIAN_POINT('',(0.189855329933958,-0.119756989623747,-0.00349));
#14074=CARTESIAN_POINT('',(0.189784844863472,-0.119201567268325,-0.00249));
#14075=CARTESIAN_POINT('',(0.189784844863472,-0.119201567268325,-0.00349));
#14076=CARTESIAN_POINT('',(0.190353659382287,-0.120585541627299,-0.00349));
#14077=CARTESIAN_POINT('',(0.189890572469201,-0.120034700801459,-0.00349));
#14078=CARTESIAN_POINT('',(0.189784844863472,-0.119201567268325,-0.00349));
#14079=CARTESIAN_POINT('',(0.190353659382287,-0.120585541627299,-0.00249));
#14080=CARTESIAN_POINT('',(0.189890572469201,-0.120034700801459,-0.00249));
#14081=CARTESIAN_POINT('',(0.189784844863472,-0.119201567268325,-0.00249));
#14082=CARTESIAN_POINT('',(0.22626232194276,-0.1035877,-0.00249));
#14083=CARTESIAN_POINT('',(0.175173289751918,-0.0826473048640627,-0.00249));
#14084=CARTESIAN_POINT('',(0.175173289751918,-0.0826473048640627,-0.00349));
#14085=CARTESIAN_POINT('',(0.175173289751918,-0.081890295207053,-0.00249));
#14086=CARTESIAN_POINT('',(0.175173289751918,-0.081890295207053,-0.00349));
#14087=CARTESIAN_POINT('',(0.175332938436566,-0.0812650926318504,-0.00249));
#14088=CARTESIAN_POINT('',(0.175332938436566,-0.0812650926318504,-0.00349));
#14089=CARTESIAN_POINT('',(0.175652235805864,-0.0807716971384549,-0.00249));
#14090=CARTESIAN_POINT('',(0.175652235805864,-0.0807716971384549,-0.00349));
#14091=CARTESIAN_POINT('',(0.175173289751918,-0.0826473048640627,-0.00349));
#14092=CARTESIAN_POINT('',(0.175173289751918,-0.0815117903785482,-0.00349));
#14093=CARTESIAN_POINT('',(0.175652235805864,-0.0807716971384549,-0.00349));
#14094=CARTESIAN_POINT('',(0.175173289751918,-0.0826473048640627,-0.00349));
#14095=CARTESIAN_POINT('',(0.175652235805864,-0.0807716971384549,-0.00349));
#14096=CARTESIAN_POINT('',(0.175173289751918,-0.0826473048640627,-0.00249));
#14097=CARTESIAN_POINT('',(0.175173289751918,-0.0826473048640627,-0.00249));
#14098=CARTESIAN_POINT('',(0.175173289751918,-0.0826473048640627,-0.00249));
#14099=CARTESIAN_POINT('',(0.175173289751918,-0.0815117903785482,-0.00249));
#14100=CARTESIAN_POINT('',(0.175652235805864,-0.0807716971384549,-0.00249));
#14101=CARTESIAN_POINT('',(0.175652235805864,-0.0807716971384549,-0.00249));
#14102=CARTESIAN_POINT('',(0.175652235805864,-0.0807716971384549,-0.00249));
#14103=CARTESIAN_POINT('',(0.175173289751918,-0.0827202569120147,-0.00249));
#14104=CARTESIAN_POINT('',(0.175173289751918,-0.0827202569120147,-0.00349));
#14105=CARTESIAN_POINT('',(0.175173289751918,-0.0827932089599667,-0.00349));
#14106=CARTESIAN_POINT('',(0.175173289751918,-0.0827932089599667,-0.00249));
#14107=CARTESIAN_POINT('',(0.175173289751918,-0.0827932089599667,-0.00249));
#14108=CARTESIAN_POINT('',(0.175173289751918,-0.0827202569120147,-0.00249));
#14109=CARTESIAN_POINT('',(0.175649063977692,-0.0846624730292308,-0.00249));
#14110=CARTESIAN_POINT('',(0.175649063977692,-0.0846624730292308,-0.00349));
#14111=CARTESIAN_POINT('',(0.175331881160509,-0.0841648484316062,-0.00249));
#14112=CARTESIAN_POINT('',(0.175331881160509,-0.0841648484316062,-0.00349));
#14113=CARTESIAN_POINT('',(0.175173289751918,-0.0835417604085182,-0.00249));
#14114=CARTESIAN_POINT('',(0.175173289751918,-0.0835417604085182,-0.00349));
#14115=CARTESIAN_POINT('',(0.175173289751918,-0.0827932089599667,-0.00249));
#14116=CARTESIAN_POINT('',(0.175173289751918,-0.0827932089599667,-0.00349));
#14117=CARTESIAN_POINT('',(0.175649063977692,-0.0846624730292308,-0.00349));
#14118=CARTESIAN_POINT('',(0.175173289751918,-0.0839160361327939,-0.00349));
#14119=CARTESIAN_POINT('',(0.175173289751918,-0.0827932089599667,-0.00349));
#14120=CARTESIAN_POINT('',(0.175649063977692,-0.0846624730292308,-0.00349));
#14121=CARTESIAN_POINT('',(0.175649063977692,-0.0846624730292308,-0.00249));
#14122=CARTESIAN_POINT('',(0.175649063977692,-0.0846624730292308,-0.00249));
#14123=CARTESIAN_POINT('',(0.175649063977692,-0.0846624730292308,-0.00249));
#14124=CARTESIAN_POINT('',(0.175173289751918,-0.0839160361327939,-0.00249));
#14125=CARTESIAN_POINT('',(0.175173289751918,-0.0827932089599667,-0.00249));
#14126=CARTESIAN_POINT('',(0.177063699342327,-0.0854089099256677,-0.00249));
#14127=CARTESIAN_POINT('',(0.177063699342327,-0.0854089099256677,-0.00349));
#14128=CARTESIAN_POINT('',(0.17643779191642,-0.0854089099256677,-0.00249));
#14129=CARTESIAN_POINT('',(0.17643779191642,-0.0854089099256677,-0.00349));
#14130=CARTESIAN_POINT('',(0.175966246794875,-0.0851600976268554,-0.00249));
#14131=CARTESIAN_POINT('',(0.175966246794875,-0.0851600976268554,-0.00349));
#14132=CARTESIAN_POINT('',(0.175649063977692,-0.0846624730292308,-0.00249));
#14133=CARTESIAN_POINT('',(0.175649063977692,-0.0846624730292308,-0.00349));
#14134=CARTESIAN_POINT('',(0.177063699342327,-0.0854089099256677,-0.00349));
#14135=CARTESIAN_POINT('',(0.176124838203466,-0.0854089099256677,-0.00349));
#14136=CARTESIAN_POINT('',(0.175649063977692,-0.0846624730292308,-0.00349));
#14137=CARTESIAN_POINT('',(0.177063699342327,-0.0854089099256677,-0.00349));
#14138=CARTESIAN_POINT('',(0.177063699342327,-0.0854089099256677,-0.00249));
#14139=CARTESIAN_POINT('',(0.177063699342327,-0.0854089099256677,-0.00249));
#14140=CARTESIAN_POINT('',(0.177063699342327,-0.0854089099256677,-0.00249));
#14141=CARTESIAN_POINT('',(0.176124838203466,-0.0854089099256677,-0.00249));
#14142=CARTESIAN_POINT('',(0.175649063977692,-0.0846624730292308,-0.00249));
#14143=CARTESIAN_POINT('',(0.178483621087249,-0.0846624730292308,-0.00249));
#14144=CARTESIAN_POINT('',(0.178483621087249,-0.0846624730292308,-0.00349));
#14145=CARTESIAN_POINT('',(0.178161504315132,-0.0851600976268554,-0.00249));
#14146=CARTESIAN_POINT('',(0.178161504315132,-0.0851600976268554,-0.00349));
#14147=CARTESIAN_POINT('',(0.177688197066825,-0.0854089099256677,-0.00249));
#14148=CARTESIAN_POINT('',(0.177688197066825,-0.0854089099256677,-0.00349));
#14149=CARTESIAN_POINT('',(0.177063699342327,-0.0854089099256677,-0.00249));
#14150=CARTESIAN_POINT('',(0.177063699342327,-0.0854089099256677,-0.00349));
#14151=CARTESIAN_POINT('',(0.178483621087249,-0.0846624730292308,-0.00349));
#14152=CARTESIAN_POINT('',(0.178000445929073,-0.0854089099256677,-0.00349));
#14153=CARTESIAN_POINT('',(0.177063699342327,-0.0854089099256677,-0.00349));
#14154=CARTESIAN_POINT('',(0.178483621087249,-0.0846624730292308,-0.00349));
#14155=CARTESIAN_POINT('',(0.178483621087249,-0.0846624730292308,-0.00249));
#14156=CARTESIAN_POINT('',(0.178483621087249,-0.0846624730292308,-0.00249));
#14157=CARTESIAN_POINT('',(0.178483621087249,-0.0846624730292308,-0.00249));
#14158=CARTESIAN_POINT('',(0.178000445929073,-0.0854089099256677,-0.00249));
#14159=CARTESIAN_POINT('',(0.177063699342327,-0.0854089099256677,-0.00249));
#14160=CARTESIAN_POINT('',(0.178966796245424,-0.0827932089599667,-0.00249));
#14161=CARTESIAN_POINT('',(0.178966796245424,-0.0827932089599667,-0.00349));
#14162=CARTESIAN_POINT('',(0.178966796245424,-0.0835417604085182,-0.00249));
#14163=CARTESIAN_POINT('',(0.178966796245424,-0.0835417604085182,-0.00349));
#14164=CARTESIAN_POINT('',(0.178805737859366,-0.0841648484316062,-0.00249));
#14165=CARTESIAN_POINT('',(0.178805737859366,-0.0841648484316062,-0.00349));
#14166=CARTESIAN_POINT('',(0.178483621087249,-0.0846624730292308,-0.00249));
#14167=CARTESIAN_POINT('',(0.178483621087249,-0.0846624730292308,-0.00349));
#14168=CARTESIAN_POINT('',(0.178966796245424,-0.0827932089599667,-0.00349));
#14169=CARTESIAN_POINT('',(0.178966796245424,-0.0839160361327939,-0.00349));
#14170=CARTESIAN_POINT('',(0.178483621087249,-0.0846624730292308,-0.00349));
#14171=CARTESIAN_POINT('',(0.178966796245424,-0.0827932089599667,-0.00349));
#14172=CARTESIAN_POINT('',(0.178966796245424,-0.0827932089599667,-0.00249));
#14173=CARTESIAN_POINT('',(0.178966796245424,-0.0827932089599667,-0.00249));
#14174=CARTESIAN_POINT('',(0.178966796245424,-0.0827932089599667,-0.00249));
#14175=CARTESIAN_POINT('',(0.178966796245424,-0.0839160361327939,-0.00249));
#14176=CARTESIAN_POINT('',(0.178483621087249,-0.0846624730292308,-0.00249));
#14177=CARTESIAN_POINT('',(0.178966796245424,-0.0827202569120147,-0.00249));
#14178=CARTESIAN_POINT('',(0.178966796245424,-0.0827202569120147,-0.00349));
#14179=CARTESIAN_POINT('',(0.178966796245424,-0.0826473048640627,-0.00349));
#14180=CARTESIAN_POINT('',(0.178966796245424,-0.0826473048640627,-0.00249));
#14181=CARTESIAN_POINT('',(0.178966796245424,-0.0826473048640627,-0.00249));
#14182=CARTESIAN_POINT('',(0.178966796245424,-0.0827202569120147,-0.00249));
#14183=CARTESIAN_POINT('',(0.178483621087249,-0.0807716971384549,-0.00249));
#14184=CARTESIAN_POINT('',(0.178483621087249,-0.0807716971384549,-0.00349));
#14185=CARTESIAN_POINT('',(0.178805737859366,-0.0812650926318504,-0.00249));
#14186=CARTESIAN_POINT('',(0.178805737859366,-0.0812650926318504,-0.00349));
#14187=CARTESIAN_POINT('',(0.178966796245424,-0.081890295207053,-0.00249));
#14188=CARTESIAN_POINT('',(0.178966796245424,-0.081890295207053,-0.00349));
#14189=CARTESIAN_POINT('',(0.178966796245424,-0.0826473048640627,-0.00249));
#14190=CARTESIAN_POINT('',(0.178966796245424,-0.0826473048640627,-0.00349));
#14191=CARTESIAN_POINT('',(0.178483621087249,-0.0807716971384549,-0.00349));
#14192=CARTESIAN_POINT('',(0.178966796245424,-0.0815117903785482,-0.00349));
#14193=CARTESIAN_POINT('',(0.178966796245424,-0.0826473048640627,-0.00349));
#14194=CARTESIAN_POINT('',(0.178483621087249,-0.0807716971384549,-0.00349));
#14195=CARTESIAN_POINT('',(0.178483621087249,-0.0807716971384549,-0.00249));
#14196=CARTESIAN_POINT('',(0.178483621087249,-0.0807716971384549,-0.00249));
#14197=CARTESIAN_POINT('',(0.178483621087249,-0.0807716971384549,-0.00249));
#14198=CARTESIAN_POINT('',(0.178966796245424,-0.0815117903785482,-0.00249));
#14199=CARTESIAN_POINT('',(0.178966796245424,-0.0826473048640627,-0.00249));
#14200=CARTESIAN_POINT('',(0.177076386655014,-0.0800316038983617,-0.00249));
#14201=CARTESIAN_POINT('',(0.177076386655014,-0.0800316038983617,-0.00349));
#14202=CARTESIAN_POINT('',(0.177692426171054,-0.0800316038983617,-0.00249));
#14203=CARTESIAN_POINT('',(0.177692426171054,-0.0800316038983617,-0.00349));
#14204=CARTESIAN_POINT('',(0.178161504315132,-0.0802783016450594,-0.00249));
#14205=CARTESIAN_POINT('',(0.178161504315132,-0.0802783016450594,-0.00349));
#14206=CARTESIAN_POINT('',(0.178483621087249,-0.0807716971384549,-0.00249));
#14207=CARTESIAN_POINT('',(0.178483621087249,-0.0807716971384549,-0.00349));
#14208=CARTESIAN_POINT('',(0.177076386655014,-0.0800316038983617,-0.00349));
#14209=CARTESIAN_POINT('',(0.178000445929073,-0.0800316038983617,-0.00349));
#14210=CARTESIAN_POINT('',(0.178483621087249,-0.0807716971384549,-0.00349));
#14211=CARTESIAN_POINT('',(0.177076386655014,-0.0800316038983617,-0.00349));
#14212=CARTESIAN_POINT('',(0.177076386655014,-0.0800316038983617,-0.00249));
#14213=CARTESIAN_POINT('',(0.177076386655014,-0.0800316038983617,-0.00249));
#14214=CARTESIAN_POINT('',(0.177076386655014,-0.0800316038983617,-0.00249));
#14215=CARTESIAN_POINT('',(0.178000445929073,-0.0800316038983617,-0.00249));
#14216=CARTESIAN_POINT('',(0.178483621087249,-0.0807716971384549,-0.00249));
#14217=CARTESIAN_POINT('',(0.173870725649353,-0.0827932089599667,-0.00249));
#14218=CARTESIAN_POINT('',(0.173870725649353,-0.0827932089599667,-0.00349));
#14219=CARTESIAN_POINT('',(0.173870725649353,-0.0838504850172428,-0.00249));
#14220=CARTESIAN_POINT('',(0.173870725649353,-0.0838504850172428,-0.00349));
#14221=CARTESIAN_POINT('',(0.174157247460875,-0.0847216804884383,-0.00249));
#14222=CARTESIAN_POINT('',(0.174157247460875,-0.0847216804884383,-0.00349));
#14223=CARTESIAN_POINT('',(0.174730291083919,-0.0854067953735532,-0.00249));
#14224=CARTESIAN_POINT('',(0.174730291083919,-0.0854067953735532,-0.00349));
#14225=CARTESIAN_POINT('',(0.173870725649353,-0.0827932089599667,-0.00249));
#14226=CARTESIAN_POINT('',(0.173870725649353,-0.0827932089599667,-0.00249));
#14227=CARTESIAN_POINT('',(0.173870725649353,-0.0827932089599667,-0.00249));
#14228=CARTESIAN_POINT('',(0.173870725649353,-0.0843791230458808,-0.00249));
#14229=CARTESIAN_POINT('',(0.174730291083919,-0.0854067953735532,-0.00249));
#14230=CARTESIAN_POINT('',(0.174730291083919,-0.0854067953735532,-0.00249));
#14231=CARTESIAN_POINT('',(0.174730291083919,-0.0854067953735532,-0.00249));
#14232=CARTESIAN_POINT('',(0.173870725649353,-0.0827202569120147,-0.00249));
#14233=CARTESIAN_POINT('',(0.173870725649353,-0.0826473048640627,-0.00249));
#14234=CARTESIAN_POINT('',(0.173870725649353,-0.0826473048640627,-0.00249));
#14235=CARTESIAN_POINT('',(0.173870725649353,-0.0827202569120147,-0.00249));
#14236=CARTESIAN_POINT('',(0.174730291083919,-0.0800337184504762,-0.00249));
#14237=CARTESIAN_POINT('',(0.174730291083919,-0.0800337184504762,-0.00349));
#14238=CARTESIAN_POINT('',(0.174157247460875,-0.080714604231362,-0.00249));
#14239=CARTESIAN_POINT('',(0.174157247460875,-0.080714604231362,-0.00349));
#14240=CARTESIAN_POINT('',(0.173870725649353,-0.0815857997025575,-0.00249));
#14241=CARTESIAN_POINT('',(0.173870725649353,-0.0815857997025575,-0.00349));
#14242=CARTESIAN_POINT('',(0.173870725649353,-0.0826473048640627,-0.00249));
#14243=CARTESIAN_POINT('',(0.173870725649353,-0.0826473048640627,-0.00349));
#14244=CARTESIAN_POINT('',(0.174730291083919,-0.0800337184504762,-0.00249));
#14245=CARTESIAN_POINT('',(0.174730291083919,-0.0800337184504762,-0.00249));
#14246=CARTESIAN_POINT('',(0.174730291083919,-0.0800337184504762,-0.00249));
#14247=CARTESIAN_POINT('',(0.173870725649353,-0.0810550471218049,-0.00249));
#14248=CARTESIAN_POINT('',(0.173870725649353,-0.0826473048640627,-0.00249));
#14249=CARTESIAN_POINT('',(0.177076386655014,-0.0790123897791476,-0.00249));
#14250=CARTESIAN_POINT('',(0.177076386655014,-0.0790123897791476,-0.00349));
#14251=CARTESIAN_POINT('',(0.176085366563995,-0.0790123897791476,-0.00249));
#14252=CARTESIAN_POINT('',(0.176085366563995,-0.0790123897791476,-0.00349));
#14253=CARTESIAN_POINT('',(0.175303334706963,-0.0793528326695905,-0.00249));
#14254=CARTESIAN_POINT('',(0.175303334706963,-0.0793528326695905,-0.00349));
#14255=CARTESIAN_POINT('',(0.174730291083919,-0.0800337184504762,-0.00249));
#14256=CARTESIAN_POINT('',(0.174730291083919,-0.0800337184504762,-0.00349));
#14257=CARTESIAN_POINT('',(0.177076386655014,-0.0790123897791476,-0.00249));
#14258=CARTESIAN_POINT('',(0.177076386655014,-0.0790123897791476,-0.00249));
#14259=CARTESIAN_POINT('',(0.177076386655014,-0.0790123897791476,-0.00249));
#14260=CARTESIAN_POINT('',(0.175589856518484,-0.0790123897791476,-0.00249));
#14261=CARTESIAN_POINT('',(0.174730291083919,-0.0800337184504762,-0.00249));
#14262=CARTESIAN_POINT('',(0.179408737637366,-0.0800305466223044,-0.00249));
#14263=CARTESIAN_POINT('',(0.179408737637366,-0.0800305466223044,-0.00349));
#14264=CARTESIAN_POINT('',(0.178836398865026,-0.0793517753935332,-0.00249));
#14265=CARTESIAN_POINT('',(0.178836398865026,-0.0793517753935332,-0.00349));
#14266=CARTESIAN_POINT('',(0.178058948537576,-0.0790123897791476,-0.00249));
#14267=CARTESIAN_POINT('',(0.178058948537576,-0.0790123897791476,-0.00349));
#14268=CARTESIAN_POINT('',(0.177076386655014,-0.0790123897791476,-0.00249));
#14269=CARTESIAN_POINT('',(0.177076386655014,-0.0790123897791476,-0.00349));
#14270=CARTESIAN_POINT('',(0.179408737637366,-0.0800305466223044,-0.00249));
#14271=CARTESIAN_POINT('',(0.179408737637366,-0.0800305466223044,-0.00249));
#14272=CARTESIAN_POINT('',(0.179408737637366,-0.0800305466223044,-0.00249));
#14273=CARTESIAN_POINT('',(0.178550229478857,-0.0790123897791476,-0.00249));
#14274=CARTESIAN_POINT('',(0.177076386655014,-0.0790123897791476,-0.00249));
#14275=CARTESIAN_POINT('',(0.180267245795873,-0.0826473048640627,-0.00249));
#14276=CARTESIAN_POINT('',(0.180267245795873,-0.0826473048640627,-0.00349));
#14277=CARTESIAN_POINT('',(0.180267245795873,-0.0815815705983284,-0.00249));
#14278=CARTESIAN_POINT('',(0.180267245795873,-0.0815815705983284,-0.00349));
#14279=CARTESIAN_POINT('',(0.179981076409704,-0.0807093178510757,-0.00249));
#14280=CARTESIAN_POINT('',(0.179981076409704,-0.0807093178510757,-0.00349));
#14281=CARTESIAN_POINT('',(0.179408737637366,-0.0800305466223044,-0.00249));
#14282=CARTESIAN_POINT('',(0.179408737637366,-0.0800305466223044,-0.00349));
#14283=CARTESIAN_POINT('',(0.180267245795873,-0.0826473048640627,-0.00249));
#14284=CARTESIAN_POINT('',(0.180267245795873,-0.0826473048640627,-0.00249));
#14285=CARTESIAN_POINT('',(0.180267245795873,-0.0826473048640627,-0.00249));
#14286=CARTESIAN_POINT('',(0.180267245795873,-0.0810487034654613,-0.00249));
#14287=CARTESIAN_POINT('',(0.179408737637366,-0.0800305466223044,-0.00249));
#14288=CARTESIAN_POINT('',(0.180267245795873,-0.0827202569120147,-0.00249));
#14289=CARTESIAN_POINT('',(0.180267245795873,-0.0827932089599667,-0.00249));
#14290=CARTESIAN_POINT('',(0.180267245795873,-0.0827932089599667,-0.00249));
#14291=CARTESIAN_POINT('',(0.180267245795873,-0.0827202569120147,-0.00249));
#14292=CARTESIAN_POINT('',(0.179405565809194,-0.085409967201725,-0.00249));
#14293=CARTESIAN_POINT('',(0.179405565809194,-0.085409967201725,-0.00349));
#14294=CARTESIAN_POINT('',(0.179980019133647,-0.0847269668687247,-0.00249));
#14295=CARTESIAN_POINT('',(0.179980019133647,-0.0847269668687247,-0.00349));
#14296=CARTESIAN_POINT('',(0.180267245795873,-0.0838547141214719,-0.00249));
#14297=CARTESIAN_POINT('',(0.180267245795873,-0.0838547141214719,-0.00349));
#14298=CARTESIAN_POINT('',(0.180267245795873,-0.0827932089599667,-0.00249));
#14299=CARTESIAN_POINT('',(0.180267245795873,-0.0827932089599667,-0.00349));
#14300=CARTESIAN_POINT('',(0.179405565809194,-0.085409967201725,-0.00249));
#14301=CARTESIAN_POINT('',(0.179405565809194,-0.085409967201725,-0.00249));
#14302=CARTESIAN_POINT('',(0.179405565809194,-0.085409967201725,-0.00249));
#14303=CARTESIAN_POINT('',(0.180267245795873,-0.0843854667022245,-0.00249));
#14304=CARTESIAN_POINT('',(0.180267245795873,-0.0827932089599667,-0.00249));
#14305=CARTESIAN_POINT('',(0.177063699342327,-0.0864344677012255,-0.00249));
#14306=CARTESIAN_POINT('',(0.177063699342327,-0.0864344677012255,-0.00349));
#14307=CARTESIAN_POINT('',(0.178050490329118,-0.0864344677012255,-0.00249));
#14308=CARTESIAN_POINT('',(0.178050490329118,-0.0864344677012255,-0.00349));
#14309=CARTESIAN_POINT('',(0.17883111248474,-0.0860929675347253,-0.00249));
#14310=CARTESIAN_POINT('',(0.17883111248474,-0.0860929675347253,-0.00349));
#14311=CARTESIAN_POINT('',(0.179405565809194,-0.085409967201725,-0.00249));
#14312=CARTESIAN_POINT('',(0.179405565809194,-0.085409967201725,-0.00349));
#14313=CARTESIAN_POINT('',(0.177063699342327,-0.0864344677012255,-0.00249));
#14314=CARTESIAN_POINT('',(0.177063699342327,-0.0864344677012255,-0.00249));
#14315=CARTESIAN_POINT('',(0.177063699342327,-0.0864344677012255,-0.00249));
#14316=CARTESIAN_POINT('',(0.178543885822513,-0.0864344677012255,-0.00249));
#14317=CARTESIAN_POINT('',(0.179405565809194,-0.085409967201725,-0.00249));
#14318=CARTESIAN_POINT('',(0.174730291083919,-0.0854067953735532,-0.00249));
#14319=CARTESIAN_POINT('',(0.174730291083919,-0.0854067953735532,-0.00349));
#14320=CARTESIAN_POINT('',(0.175303334706963,-0.0860919102586681,-0.00249));
#14321=CARTESIAN_POINT('',(0.175303334706963,-0.0860919102586681,-0.00349));
#14322=CARTESIAN_POINT('',(0.176081137459765,-0.0864344677012255,-0.00249));
#14323=CARTESIAN_POINT('',(0.176081137459765,-0.0864344677012255,-0.00349));
#14324=CARTESIAN_POINT('',(0.177063699342327,-0.0864344677012255,-0.00249));
#14325=CARTESIAN_POINT('',(0.177063699342327,-0.0864344677012255,-0.00349));
#14326=CARTESIAN_POINT('',(0.174730291083919,-0.0854067953735532,-0.00249));
#14327=CARTESIAN_POINT('',(0.175589856518484,-0.0864344677012255,-0.00249));
#14328=CARTESIAN_POINT('',(0.177063699342327,-0.0864344677012255,-0.00249));
#14329=CARTESIAN_POINT('',(0.175652235805864,-0.0807716971384549,-0.00249));
#14330=CARTESIAN_POINT('',(0.175652235805864,-0.0807716971384549,-0.00349));
#14331=CARTESIAN_POINT('',(0.175971533175161,-0.0802783016450594,-0.00249));
#14332=CARTESIAN_POINT('',(0.175971533175161,-0.0802783016450594,-0.00349));
#14333=CARTESIAN_POINT('',(0.176446250124878,-0.0800316038983617,-0.00249));
#14334=CARTESIAN_POINT('',(0.176446250124878,-0.0800316038983617,-0.00349));
#14335=CARTESIAN_POINT('',(0.177076386655014,-0.0800316038983617,-0.00249));
#14336=CARTESIAN_POINT('',(0.177076386655014,-0.0800316038983617,-0.00349));
#14337=CARTESIAN_POINT('',(0.175652235805864,-0.0807716971384549,-0.00349));
#14338=CARTESIAN_POINT('',(0.176131181859809,-0.0800316038983617,-0.00349));
#14339=CARTESIAN_POINT('',(0.177076386655014,-0.0800316038983617,-0.00349));
#14340=CARTESIAN_POINT('',(0.175652235805864,-0.0807716971384549,-0.00249));
#14341=CARTESIAN_POINT('',(0.176131181859809,-0.0800316038983617,-0.00249));
#14342=CARTESIAN_POINT('',(0.177076386655014,-0.0800316038983617,-0.00249));
#14343=CARTESIAN_POINT('',(0.22626232194276,-0.1035877,-0.00249));
#14344=CARTESIAN_POINT('',(0.193565664044292,-0.136185649852408,-0.00249));
#14345=CARTESIAN_POINT('',(0.193565664044292,-0.136185649852408,-0.00349));
#14346=CARTESIAN_POINT('',(0.193565664044292,-0.137000457267215,-0.00249));
#14347=CARTESIAN_POINT('',(0.193565664044292,-0.137000457267215,-0.00349));
#14348=CARTESIAN_POINT('',(0.1934070726357,-0.137667950884709,-0.00249));
#14349=CARTESIAN_POINT('',(0.1934070726357,-0.137667950884709,-0.00349));
#14350=CARTESIAN_POINT('',(0.193089889818517,-0.138188130704888,-0.00249));
#14351=CARTESIAN_POINT('',(0.193089889818517,-0.138188130704888,-0.00349));
#14352=CARTESIAN_POINT('',(0.193565664044292,-0.136185649852408,-0.00349));
#14353=CARTESIAN_POINT('',(0.193565664044292,-0.137407860974619,-0.00349));
#14354=CARTESIAN_POINT('',(0.193089889818517,-0.138188130704888,-0.00349));
#14355=CARTESIAN_POINT('',(0.193565664044292,-0.136185649852408,-0.00349));
#14356=CARTESIAN_POINT('',(0.193089889818517,-0.138188130704888,-0.00349));
#14357=CARTESIAN_POINT('',(0.193565664044292,-0.136185649852408,-0.00249));
#14358=CARTESIAN_POINT('',(0.193565664044292,-0.136185649852408,-0.00249));
#14359=CARTESIAN_POINT('',(0.193565664044292,-0.136185649852408,-0.00249));
#14360=CARTESIAN_POINT('',(0.193565664044292,-0.137407860974619,-0.00249));
#14361=CARTESIAN_POINT('',(0.193089889818517,-0.138188130704888,-0.00249));
#14362=CARTESIAN_POINT('',(0.193089889818517,-0.138188130704888,-0.00249));
#14363=CARTESIAN_POINT('',(0.193089889818517,-0.138188130704888,-0.00249));
#14364=CARTESIAN_POINT('',(0.193565664044292,-0.136116926908685,-0.00249));
#14365=CARTESIAN_POINT('',(0.193565664044292,-0.136116926908685,-0.00349));
#14366=CARTESIAN_POINT('',(0.193565664044292,-0.136048203964962,-0.00349));
#14367=CARTESIAN_POINT('',(0.193565664044292,-0.136048203964962,-0.00249));
#14368=CARTESIAN_POINT('',(0.193565664044292,-0.136048203964962,-0.00249));
#14369=CARTESIAN_POINT('',(0.193565664044292,-0.136116926908685,-0.00249));
#14370=CARTESIAN_POINT('',(0.193089889818517,-0.134296297538055,-0.00249));
#14371=CARTESIAN_POINT('',(0.193089889818517,-0.134296297538055,-0.00349));
#14372=CARTESIAN_POINT('',(0.1934070726357,-0.134745287437045,-0.00249));
#14373=CARTESIAN_POINT('',(0.1934070726357,-0.134745287437045,-0.00349));
#14374=CARTESIAN_POINT('',(0.193565664044292,-0.135329256246014,-0.00249));
#14375=CARTESIAN_POINT('',(0.193565664044292,-0.135329256246014,-0.00349));
#14376=CARTESIAN_POINT('',(0.193565664044292,-0.136048203964962,-0.00249));
#14377=CARTESIAN_POINT('',(0.193565664044292,-0.136048203964962,-0.00349));
#14378=CARTESIAN_POINT('',(0.193089889818517,-0.134296297538055,-0.00349));
#14379=CARTESIAN_POINT('',(0.193565664044292,-0.13496978238654,-0.00349));
#14380=CARTESIAN_POINT('',(0.193565664044292,-0.136048203964962,-0.00349));
#14381=CARTESIAN_POINT('',(0.193089889818517,-0.134296297538055,-0.00349));
#14382=CARTESIAN_POINT('',(0.193089889818517,-0.134296297538055,-0.00249));
#14383=CARTESIAN_POINT('',(0.193089889818517,-0.134296297538055,-0.00249));
#14384=CARTESIAN_POINT('',(0.193089889818517,-0.134296297538055,-0.00249));
#14385=CARTESIAN_POINT('',(0.193565664044292,-0.13496978238654,-0.00249));
#14386=CARTESIAN_POINT('',(0.193565664044292,-0.136048203964962,-0.00249));
#14387=CARTESIAN_POINT('',(0.191690056318684,-0.13362281268957,-0.00249));
#14388=CARTESIAN_POINT('',(0.191690056318684,-0.13362281268957,-0.00349));
#14389=CARTESIAN_POINT('',(0.192306095834724,-0.13362281268957,-0.00249));
#14390=CARTESIAN_POINT('',(0.192306095834724,-0.13362281268957,-0.00349));
#14391=CARTESIAN_POINT('',(0.192772707001335,-0.133847307639065,-0.00249));
#14392=CARTESIAN_POINT('',(0.192772707001335,-0.133847307639065,-0.00349));
#14393=CARTESIAN_POINT('',(0.193089889818517,-0.134296297538055,-0.00249));
#14394=CARTESIAN_POINT('',(0.193089889818517,-0.134296297538055,-0.00349));
#14395=CARTESIAN_POINT('',(0.191690056318684,-0.13362281268957,-0.00349));
#14396=CARTESIAN_POINT('',(0.192614115592743,-0.13362281268957,-0.00349));
#14397=CARTESIAN_POINT('',(0.193089889818517,-0.134296297538055,-0.00349));
#14398=CARTESIAN_POINT('',(0.191690056318684,-0.13362281268957,-0.00349));
#14399=CARTESIAN_POINT('',(0.191690056318684,-0.13362281268957,-0.00249));
#14400=CARTESIAN_POINT('',(0.191690056318684,-0.13362281268957,-0.00249));
#14401=CARTESIAN_POINT('',(0.191690056318684,-0.13362281268957,-0.00249));
#14402=CARTESIAN_POINT('',(0.192614115592743,-0.13362281268957,-0.00249));
#14403=CARTESIAN_POINT('',(0.193089889818517,-0.134296297538055,-0.00249));
#14404=CARTESIAN_POINT('',(0.190721591450219,-0.133863871630629,-0.00249));
#14405=CARTESIAN_POINT('',(0.190721591450219,-0.133863871630629,-0.00349));
#14406=CARTESIAN_POINT('',(0.190983795912424,-0.133703165669923,-0.00249));
#14407=CARTESIAN_POINT('',(0.190983795912424,-0.133703165669923,-0.00349));
#14408=CARTESIAN_POINT('',(0.191306617535245,-0.13362281268957,-0.00249));
#14409=CARTESIAN_POINT('',(0.191306617535245,-0.13362281268957,-0.00349));
#14410=CARTESIAN_POINT('',(0.191690056318684,-0.13362281268957,-0.00249));
#14411=CARTESIAN_POINT('',(0.191690056318684,-0.13362281268957,-0.00349));
#14412=CARTESIAN_POINT('',(0.190721591450219,-0.133863871630629,-0.00349));
#14413=CARTESIAN_POINT('',(0.191114898143526,-0.13362281268957,-0.00349));
#14414=CARTESIAN_POINT('',(0.191690056318684,-0.13362281268957,-0.00349));
#14415=CARTESIAN_POINT('',(0.190721591450219,-0.133863871630629,-0.00349));
#14416=CARTESIAN_POINT('',(0.190721591450219,-0.133863871630629,-0.00249));
#14417=CARTESIAN_POINT('',(0.190721591450219,-0.133863871630629,-0.00249));
#14418=CARTESIAN_POINT('',(0.190721591450219,-0.133863871630629,-0.00249));
#14419=CARTESIAN_POINT('',(0.191114898143526,-0.13362281268957,-0.00249));
#14420=CARTESIAN_POINT('',(0.191690056318684,-0.13362281268957,-0.00249));
#14421=CARTESIAN_POINT('',(0.190082996711625,-0.13454687196363,-0.00249));
#14422=CARTESIAN_POINT('',(0.190082996711625,-0.13454687196363,-0.00349));
#14423=CARTESIAN_POINT('',(0.19024652207515,-0.134252244369002,-0.00249));
#14424=CARTESIAN_POINT('',(0.19024652207515,-0.134252244369002,-0.00349));
#14425=CARTESIAN_POINT('',(0.190459386988015,-0.134024577591335,-0.00249));
#14426=CARTESIAN_POINT('',(0.190459386988015,-0.134024577591335,-0.00349));
#14427=CARTESIAN_POINT('',(0.190721591450219,-0.133863871630629,-0.00249));
#14428=CARTESIAN_POINT('',(0.190721591450219,-0.133863871630629,-0.00349));
#14429=CARTESIAN_POINT('',(0.190082996711625,-0.13454687196363,-0.00349));
#14430=CARTESIAN_POINT('',(0.190328284756912,-0.134104930571688,-0.00349));
#14431=CARTESIAN_POINT('',(0.190721591450219,-0.133863871630629,-0.00349));
#14432=CARTESIAN_POINT('',(0.190082996711625,-0.13454687196363,-0.00349));
#14433=CARTESIAN_POINT('',(0.190082996711625,-0.13454687196363,-0.00249));
#14434=CARTESIAN_POINT('',(0.190082996711625,-0.13454687196363,-0.00249));
#14435=CARTESIAN_POINT('',(0.190082996711625,-0.13454687196363,-0.00249));
#14436=CARTESIAN_POINT('',(0.190328284756912,-0.134104930571688,-0.00249));
#14437=CARTESIAN_POINT('',(0.190721591450219,-0.133863871630629,-0.00249));
#14438=CARTESIAN_POINT('',(0.190082996711625,-0.136288205629963,-0.00249));
#14439=CARTESIAN_POINT('',(0.190082996711625,-0.136288205629963,-0.00349));
#14440=CARTESIAN_POINT('',(0.190083346008009,-0.138029348507803,-0.00349));
#14441=CARTESIAN_POINT('',(0.190082996711625,-0.138029539296297,-0.00249));
#14442=CARTESIAN_POINT('',(0.190083346008009,-0.138029348507803,-0.00249));
#14443=CARTESIAN_POINT('',(0.190082996711625,-0.136288205629963,-0.00249));
#14444=CARTESIAN_POINT('',(0.191751813935567,-0.137118017909648,-0.00249));
#14445=CARTESIAN_POINT('',(0.191751813935567,-0.137118017909648,-0.00349));
#14446=CARTESIAN_POINT('',(0.190724763278391,-0.138716768733526,-0.00349));
#14447=CARTESIAN_POINT('',(0.190724763278391,-0.138716768733526,-0.00249));
#14448=CARTESIAN_POINT('',(0.190724763278391,-0.138716768733526,-0.00249));
#14449=CARTESIAN_POINT('',(0.191751813935567,-0.137118017909648,-0.00249));
#14450=CARTESIAN_POINT('',(0.191675254453882,-0.138968400435158,-0.00249));
#14451=CARTESIAN_POINT('',(0.191675254453882,-0.138968400435158,-0.00349));
#14452=CARTESIAN_POINT('',(0.19130591268454,-0.138968400435158,-0.00249));
#14453=CARTESIAN_POINT('',(0.19130591268454,-0.138968400435158,-0.00349));
#14454=CARTESIAN_POINT('',(0.19098908229271,-0.138884523201281,-0.00249));
#14455=CARTESIAN_POINT('',(0.19098908229271,-0.138884523201281,-0.00349));
#14456=CARTESIAN_POINT('',(0.190724763278391,-0.138716768733526,-0.00249));
#14457=CARTESIAN_POINT('',(0.190724763278391,-0.138716768733526,-0.00349));
#14458=CARTESIAN_POINT('',(0.191675254453882,-0.138968400435158,-0.00349));
#14459=CARTESIAN_POINT('',(0.19112124179987,-0.138968400435158,-0.00349));
#14460=CARTESIAN_POINT('',(0.190724763278391,-0.138716768733526,-0.00349));
#14461=CARTESIAN_POINT('',(0.191675254453882,-0.138968400435158,-0.00349));
#14462=CARTESIAN_POINT('',(0.191675254453882,-0.138968400435158,-0.00249));
#14463=CARTESIAN_POINT('',(0.191675254453882,-0.138968400435158,-0.00249));
#14464=CARTESIAN_POINT('',(0.191675254453882,-0.138968400435158,-0.00249));
#14465=CARTESIAN_POINT('',(0.19112124179987,-0.138968400435158,-0.00249));
#14466=CARTESIAN_POINT('',(0.190724763278391,-0.138716768733526,-0.00249));
#14467=CARTESIAN_POINT('',(0.188243336371964,-0.130925701467459,-0.00249));
#14468=CARTESIAN_POINT('',(0.187704125582754,-0.130833718450476,-0.00249));
#14469=CARTESIAN_POINT('',(0.187704125582754,-0.130833718450476,-0.00249));
#14470=CARTESIAN_POINT('',(0.188243336371964,-0.130925701467459,-0.00249));
#14471=CARTESIAN_POINT('',(0.188782547161175,-0.131017684484442,-0.00249));
#14472=CARTESIAN_POINT('',(0.188782547161175,-0.131017684484442,-0.00249));
#14473=CARTESIAN_POINT('',(0.187704125582754,-0.130413979855738,-0.00249));
#14474=CARTESIAN_POINT('',(0.187704125582754,-0.129994241260999,-0.00249));
#14475=CARTESIAN_POINT('',(0.187704125582754,-0.129994241260999,-0.00249));
#14476=CARTESIAN_POINT('',(0.187704125582754,-0.130413979855738,-0.00249));
#14477=CARTESIAN_POINT('',(0.189432771936399,-0.129994241260999,-0.00249));
#14478=CARTESIAN_POINT('',(0.191161418290046,-0.129994241260999,-0.00249));
#14479=CARTESIAN_POINT('',(0.191161418290046,-0.129994241260999,-0.00249));
#14480=CARTESIAN_POINT('',(0.189432771936399,-0.129994241260999,-0.00249));
#14481=CARTESIAN_POINT('',(0.191161418290046,-0.130413979855738,-0.00249));
#14482=CARTESIAN_POINT('',(0.191161418290046,-0.130833718450476,-0.00249));
#14483=CARTESIAN_POINT('',(0.191161418290046,-0.130833718450476,-0.00249));
#14484=CARTESIAN_POINT('',(0.191161418290046,-0.130413979855738,-0.00249));
#14485=CARTESIAN_POINT('',(0.190622207500835,-0.130925701467459,-0.00249));
#14486=CARTESIAN_POINT('',(0.190082996711625,-0.131017684484442,-0.00249));
#14487=CARTESIAN_POINT('',(0.190082996711625,-0.131017684484442,-0.00249));
#14488=CARTESIAN_POINT('',(0.190622207500835,-0.130925701467459,-0.00249));
#14489=CARTESIAN_POINT('',(0.190082996711625,-0.132250468367226,-0.00249));
#14490=CARTESIAN_POINT('',(0.190082996711625,-0.133483935521517,-0.00249));
#14491=CARTESIAN_POINT('',(0.190082996711625,-0.13348325225001,-0.00249));
#14492=CARTESIAN_POINT('',(0.190082996711625,-0.132250468367226,-0.00249));
#14493=CARTESIAN_POINT('',(0.191849782232517,-0.134886919740397,-0.00249));
#14494=CARTESIAN_POINT('',(0.190933046661674,-0.132825626542384,-0.00249));
#14495=CARTESIAN_POINT('',(0.190933046661674,-0.132825626542384,-0.00249));
#14496=CARTESIAN_POINT('',(0.191849782232517,-0.134886919740397,-0.00249));
#14497=CARTESIAN_POINT('',(0.192091821220449,-0.132603598570356,-0.00249));
#14498=CARTESIAN_POINT('',(0.192091821220449,-0.132603598570356,-0.00349));
#14499=CARTESIAN_POINT('',(0.191651994380622,-0.132603598570356,-0.00249));
#14500=CARTESIAN_POINT('',(0.191651994380622,-0.132603598570356,-0.00349));
#14501=CARTESIAN_POINT('',(0.191265736194364,-0.132677607894366,-0.00249));
#14502=CARTESIAN_POINT('',(0.191265736194364,-0.132677607894366,-0.00349));
#14503=CARTESIAN_POINT('',(0.190933046661674,-0.132825626542384,-0.00249));
#14504=CARTESIAN_POINT('',(0.190933046661674,-0.132825626542384,-0.00349));
#14505=CARTESIAN_POINT('',(0.192091821220449,-0.132603598570356,-0.00249));
#14506=CARTESIAN_POINT('',(0.192091821220449,-0.132603598570356,-0.00249));
#14507=CARTESIAN_POINT('',(0.192091821220449,-0.132603598570356,-0.00249));
#14508=CARTESIAN_POINT('',(0.191432080960709,-0.132603598570356,-0.00249));
#14509=CARTESIAN_POINT('',(0.190933046661674,-0.132825626542384,-0.00249));
#14510=CARTESIAN_POINT('',(0.194134478563107,-0.133551975193733,-0.00249));
#14511=CARTESIAN_POINT('',(0.194134478563107,-0.133551975193733,-0.00349));
#14512=CARTESIAN_POINT('',(0.193641083069711,-0.132919724111482,-0.00249));
#14513=CARTESIAN_POINT('',(0.193641083069711,-0.132919724111482,-0.00349));
#14514=CARTESIAN_POINT('',(0.192960197288825,-0.132603598570356,-0.00249));
#14515=CARTESIAN_POINT('',(0.192960197288825,-0.132603598570356,-0.00349));
#14516=CARTESIAN_POINT('',(0.192091821220449,-0.132603598570356,-0.00249));
#14517=CARTESIAN_POINT('',(0.192091821220449,-0.132603598570356,-0.00349));
#14518=CARTESIAN_POINT('',(0.194134478563107,-0.133551975193733,-0.00249));
#14519=CARTESIAN_POINT('',(0.194134478563107,-0.133551975193733,-0.00249));
#14520=CARTESIAN_POINT('',(0.194134478563107,-0.133551975193733,-0.00249));
#14521=CARTESIAN_POINT('',(0.193394385323013,-0.132603598570356,-0.00249));
#14522=CARTESIAN_POINT('',(0.192091821220449,-0.132603598570356,-0.00249));
#14523=CARTESIAN_POINT('',(0.1948745718032,-0.136048203964962,-0.00249));
#14524=CARTESIAN_POINT('',(0.1948745718032,-0.136048203964962,-0.00349));
#14525=CARTESIAN_POINT('',(0.1948745718032,-0.13501630253306,-0.00249));
#14526=CARTESIAN_POINT('',(0.1948745718032,-0.13501630253306,-0.00349));
#14527=CARTESIAN_POINT('',(0.194627874056502,-0.134184226275984,-0.00249));
#14528=CARTESIAN_POINT('',(0.194627874056502,-0.134184226275984,-0.00349));
#14529=CARTESIAN_POINT('',(0.194134478563107,-0.133551975193733,-0.00249));
#14530=CARTESIAN_POINT('',(0.194134478563107,-0.133551975193733,-0.00349));
#14531=CARTESIAN_POINT('',(0.1948745718032,-0.136048203964962,-0.00249));
#14532=CARTESIAN_POINT('',(0.1948745718032,-0.136048203964962,-0.00249));
#14533=CARTESIAN_POINT('',(0.1948745718032,-0.136048203964962,-0.00249));
#14534=CARTESIAN_POINT('',(0.1948745718032,-0.13450035181711,-0.00249));
#14535=CARTESIAN_POINT('',(0.194134478563107,-0.133551975193733,-0.00249));
#14536=CARTESIAN_POINT('',(0.1948745718032,-0.136116926908685,-0.00249));
#14537=CARTESIAN_POINT('',(0.1948745718032,-0.136185649852408,-0.00249));
#14538=CARTESIAN_POINT('',(0.1948745718032,-0.136185649852408,-0.00249));
#14539=CARTESIAN_POINT('',(0.1948745718032,-0.136116926908685,-0.00249));
#14540=CARTESIAN_POINT('',(0.194137650391278,-0.13897157226333,-0.00249));
#14541=CARTESIAN_POINT('',(0.194137650391278,-0.13897157226333,-0.00349));
#14542=CARTESIAN_POINT('',(0.194628931332559,-0.138268836110594,-0.00249));
#14543=CARTESIAN_POINT('',(0.194628931332559,-0.138268836110594,-0.00349));
#14544=CARTESIAN_POINT('',(0.1948745718032,-0.137340195306953,-0.00249));
#14545=CARTESIAN_POINT('',(0.1948745718032,-0.137340195306953,-0.00349));
#14546=CARTESIAN_POINT('',(0.1948745718032,-0.136185649852408,-0.00249));
#14547=CARTESIAN_POINT('',(0.1948745718032,-0.136185649852408,-0.00349));
#14548=CARTESIAN_POINT('',(0.194137650391278,-0.13897157226333,-0.00249));
#14549=CARTESIAN_POINT('',(0.194137650391278,-0.13897157226333,-0.00249));
#14550=CARTESIAN_POINT('',(0.194137650391278,-0.13897157226333,-0.00249));
#14551=CARTESIAN_POINT('',(0.1948745718032,-0.137917468034226,-0.00249));
#14552=CARTESIAN_POINT('',(0.1948745718032,-0.136185649852408,-0.00249));
#14553=CARTESIAN_POINT('',(0.192072790251418,-0.140025676492434,-0.00249));
#14554=CARTESIAN_POINT('',(0.192072790251418,-0.140025676492434,-0.00349));
#14555=CARTESIAN_POINT('',(0.192958082736711,-0.140025676492434,-0.00249));
#14556=CARTESIAN_POINT('',(0.192958082736711,-0.140025676492434,-0.00349));
#14557=CARTESIAN_POINT('',(0.193646369449997,-0.139674308416066,-0.00249));
#14558=CARTESIAN_POINT('',(0.193646369449997,-0.139674308416066,-0.00349));
#14559=CARTESIAN_POINT('',(0.194137650391278,-0.13897157226333,-0.00249));
#14560=CARTESIAN_POINT('',(0.194137650391278,-0.13897157226333,-0.00349));
#14561=CARTESIAN_POINT('',(0.192072790251418,-0.140025676492434,-0.00249));
#14562=CARTESIAN_POINT('',(0.192072790251418,-0.140025676492434,-0.00249));
#14563=CARTESIAN_POINT('',(0.192072790251418,-0.140025676492434,-0.00249));
#14564=CARTESIAN_POINT('',(0.193400728979357,-0.140025676492434,-0.00249));
#14565=CARTESIAN_POINT('',(0.194137650391278,-0.13897157226333,-0.00249));
#14566=CARTESIAN_POINT('',(0.190886526515154,-0.139767701134459,-0.00249));
#14567=CARTESIAN_POINT('',(0.190886526515154,-0.139767701134459,-0.00349));
#14568=CARTESIAN_POINT('',(0.191227674256302,-0.139939684706442,-0.00249));
#14569=CARTESIAN_POINT('',(0.191227674256302,-0.139939684706442,-0.00349));
#14570=CARTESIAN_POINT('',(0.191623095501723,-0.140025676492434,-0.00249));
#14571=CARTESIAN_POINT('',(0.191623095501723,-0.140025676492434,-0.00349));
#14572=CARTESIAN_POINT('',(0.192072790251418,-0.140025676492434,-0.00249));
#14573=CARTESIAN_POINT('',(0.192072790251418,-0.140025676492434,-0.00349));
#14574=CARTESIAN_POINT('',(0.190886526515154,-0.139767701134459,-0.00249));
#14575=CARTESIAN_POINT('',(0.190886526515154,-0.139767701134459,-0.00249));
#14576=CARTESIAN_POINT('',(0.190886526515154,-0.139767701134459,-0.00249));
#14577=CARTESIAN_POINT('',(0.191398248126876,-0.140025676492434,-0.00249));
#14578=CARTESIAN_POINT('',(0.192072790251418,-0.140025676492434,-0.00249));
#14579=CARTESIAN_POINT('',(0.191982988134123,-0.137616231381235,-0.00249));
#14580=CARTESIAN_POINT('',(0.190017445596074,-0.139021264238022,-0.00249));
#14581=CARTESIAN_POINT('',(0.190017777925148,-0.139021026678539,-0.00249000025));
#14582=CARTESIAN_POINT('',(0.191982988134123,-0.137616231381235,-0.00249));
#14583=CARTESIAN_POINT('',(0.189958238136866,-0.13945686197362,-0.00249));
#14584=CARTESIAN_POINT('',(0.189899030677658,-0.139892459709217,-0.00249));
#14585=CARTESIAN_POINT('',(0.189899030677658,-0.139892459709217,-0.00249));
#14586=CARTESIAN_POINT('',(0.189958238136866,-0.13945686197362,-0.00249));
#14587=CARTESIAN_POINT('',(0.188801578130206,-0.139892459709217,-0.00249));
#14588=CARTESIAN_POINT('',(0.187704125582754,-0.139892459709217,-0.00249));
#14589=CARTESIAN_POINT('',(0.187704125582754,-0.139892459709217,-0.00249));
#14590=CARTESIAN_POINT('',(0.188801578130206,-0.139892459709217,-0.00249));
#14591=CARTESIAN_POINT('',(0.187704125582754,-0.139472721114479,-0.00249));
#14592=CARTESIAN_POINT('',(0.187704125582754,-0.13905298251974,-0.00249));
#14593=CARTESIAN_POINT('',(0.187704125582754,-0.13905298251974,-0.00249));
#14594=CARTESIAN_POINT('',(0.187704125582754,-0.139472721114479,-0.00249));
#14595=CARTESIAN_POINT('',(0.188243336371964,-0.138960999502757,-0.00249));
#14596=CARTESIAN_POINT('',(0.188782547161175,-0.138869016485774,-0.00249));
#14597=CARTESIAN_POINT('',(0.188782547161175,-0.138869016485774,-0.00249));
#14598=CARTESIAN_POINT('',(0.188243336371964,-0.138960999502757,-0.00249));
#14599=CARTESIAN_POINT('',(0.188782547161175,-0.134943350485108,-0.00249));
#14600=CARTESIAN_POINT('',(0.188782547161175,-0.134943350485108,-0.00249));
#14601=CARTESIAN_POINT('',(0.193089889818517,-0.138188130704888,-0.00249));
#14602=CARTESIAN_POINT('',(0.193089889818517,-0.138188130704888,-0.00349));
#14603=CARTESIAN_POINT('',(0.192772707001335,-0.138708310525068,-0.00249));
#14604=CARTESIAN_POINT('',(0.192772707001335,-0.138708310525068,-0.00349));
#14605=CARTESIAN_POINT('',(0.19230116187979,-0.138968400435158,-0.00249));
#14606=CARTESIAN_POINT('',(0.19230116187979,-0.138968400435158,-0.00349));
#14607=CARTESIAN_POINT('',(0.191675254453882,-0.138968400435158,-0.00249));
#14608=CARTESIAN_POINT('',(0.191675254453882,-0.138968400435158,-0.00349));
#14609=CARTESIAN_POINT('',(0.193089889818517,-0.138188130704888,-0.00349));
#14610=CARTESIAN_POINT('',(0.192614115592743,-0.138968400435158,-0.00349));
#14611=CARTESIAN_POINT('',(0.191675254453882,-0.138968400435158,-0.00349));
#14612=CARTESIAN_POINT('',(0.193089889818517,-0.138188130704888,-0.00249));
#14613=CARTESIAN_POINT('',(0.192614115592743,-0.138968400435158,-0.00249));
#14614=CARTESIAN_POINT('',(0.191675254453882,-0.138968400435158,-0.00249));
#14615=CARTESIAN_POINT('',(0.22626232194276,-0.1035877,-0.00249));
#14616=CARTESIAN_POINT('',(0.172284811563439,-0.137634118050876,-0.00249));
#14617=CARTESIAN_POINT('',(0.172284811563439,-0.137634118050876,-0.00349));
#14618=CARTESIAN_POINT('',(0.17228481156344,-0.138752011268769,-0.00249));
#14619=CARTESIAN_POINT('',(0.17228481156344,-0.138752011268769,-0.00349));
#14620=CARTESIAN_POINT('',(0.172017320720949,-0.139664440506198,-0.00249));
#14621=CARTESIAN_POINT('',(0.172017320720949,-0.139664440506198,-0.00349));
#14622=CARTESIAN_POINT('',(0.171482339035967,-0.140371405763163,-0.00249));
#14623=CARTESIAN_POINT('',(0.171482339035967,-0.140371405763163,-0.00349));
#14624=CARTESIAN_POINT('',(0.172284811563439,-0.137634118050876,-0.00349));
#14625=CARTESIAN_POINT('',(0.172284811563439,-0.139310957877716,-0.00349));
#14626=CARTESIAN_POINT('',(0.171482339035967,-0.140371405763163,-0.00349));
#14627=CARTESIAN_POINT('',(0.172284811563439,-0.137634118050876,-0.00349));
#14628=CARTESIAN_POINT('',(0.171482339035967,-0.140371405763163,-0.00349));
#14629=CARTESIAN_POINT('',(0.172284811563439,-0.137634118050876,-0.00249));
#14630=CARTESIAN_POINT('',(0.172284811563439,-0.137634118050876,-0.00249));
#14631=CARTESIAN_POINT('',(0.172284811563439,-0.137634118050876,-0.00249));
#14632=CARTESIAN_POINT('',(0.172284811563439,-0.139310957877716,-0.00249));
#14633=CARTESIAN_POINT('',(0.171482339035967,-0.140371405763163,-0.00249));
#14634=CARTESIAN_POINT('',(0.171482339035967,-0.140371405763163,-0.00249));
#14635=CARTESIAN_POINT('',(0.171482339035967,-0.140371405763163,-0.00249));
#14636=CARTESIAN_POINT('',(0.172284811563439,-0.137557994174752,-0.00249));
#14637=CARTESIAN_POINT('',(0.172284811563439,-0.137557994174752,-0.00349));
#14638=CARTESIAN_POINT('',(0.172284811563439,-0.137481870298628,-0.00349));
#14639=CARTESIAN_POINT('',(0.172284811563439,-0.137481870298628,-0.00249));
#14640=CARTESIAN_POINT('',(0.172284811563439,-0.137481870298628,-0.00249));
#14641=CARTESIAN_POINT('',(0.172284811563439,-0.137557994174752,-0.00249));
#14642=CARTESIAN_POINT('',(0.171491854520483,-0.134726608893367,-0.00249));
#14643=CARTESIAN_POINT('',(0.171491854520483,-0.134726608893367,-0.00349));
#14644=CARTESIAN_POINT('',(0.172020492549121,-0.135431459598217,-0.00249));
#14645=CARTESIAN_POINT('',(0.172020492549121,-0.135431459598217,-0.00349));
#14646=CARTESIAN_POINT('',(0.17228481156344,-0.136349880066638,-0.00249));
#14647=CARTESIAN_POINT('',(0.17228481156344,-0.136349880066638,-0.00349));
#14648=CARTESIAN_POINT('',(0.172284811563439,-0.137481870298628,-0.00249));
#14649=CARTESIAN_POINT('',(0.172284811563439,-0.137481870298628,-0.00349));
#14650=CARTESIAN_POINT('',(0.171491854520483,-0.134726608893367,-0.00349));
#14651=CARTESIAN_POINT('',(0.172284811563439,-0.135783884950643,-0.00349));
#14652=CARTESIAN_POINT('',(0.172284811563439,-0.137481870298628,-0.00349));
#14653=CARTESIAN_POINT('',(0.171491854520483,-0.134726608893367,-0.00349));
#14654=CARTESIAN_POINT('',(0.171491854520483,-0.134726608893367,-0.00249));
#14655=CARTESIAN_POINT('',(0.171491854520483,-0.134726608893367,-0.00249));
#14656=CARTESIAN_POINT('',(0.171491854520483,-0.134726608893367,-0.00249));
#14657=CARTESIAN_POINT('',(0.172284811563439,-0.135783884950643,-0.00249));
#14658=CARTESIAN_POINT('',(0.172284811563439,-0.137481870298628,-0.00249));
#14659=CARTESIAN_POINT('',(0.169258887487515,-0.133669332836091,-0.00249));
#14660=CARTESIAN_POINT('',(0.169258887487515,-0.133669332836091,-0.00349));
#14661=CARTESIAN_POINT('',(0.170218894147522,-0.133669332836091,-0.00249));
#14662=CARTESIAN_POINT('',(0.170218894147522,-0.133669332836091,-0.00349));
#14663=CARTESIAN_POINT('',(0.170963216491845,-0.134021758188516,-0.00249));
#14664=CARTESIAN_POINT('',(0.170963216491845,-0.134021758188516,-0.00349));
#14665=CARTESIAN_POINT('',(0.171491854520483,-0.134726608893367,-0.00249));
#14666=CARTESIAN_POINT('',(0.171491854520483,-0.134726608893367,-0.00349));
#14667=CARTESIAN_POINT('',(0.169258887487515,-0.133669332836091,-0.00349));
#14668=CARTESIAN_POINT('',(0.170698897477526,-0.133669332836091,-0.00349));
#14669=CARTESIAN_POINT('',(0.171491854520483,-0.134726608893367,-0.00349));
#14670=CARTESIAN_POINT('',(0.169258887487515,-0.133669332836091,-0.00349));
#14671=CARTESIAN_POINT('',(0.169258887487515,-0.133669332836091,-0.00249));
#14672=CARTESIAN_POINT('',(0.169258887487515,-0.133669332836091,-0.00249));
#14673=CARTESIAN_POINT('',(0.169258887487515,-0.133669332836091,-0.00249));
#14674=CARTESIAN_POINT('',(0.170698897477526,-0.133669332836091,-0.00249));
#14675=CARTESIAN_POINT('',(0.171491854520483,-0.134726608893367,-0.00249));
#14676=CARTESIAN_POINT('',(0.167134819888448,-0.134729780721538,-0.00249));
#14677=CARTESIAN_POINT('',(0.167134819888448,-0.134729780721538,-0.00349));
#14678=CARTESIAN_POINT('',(0.167643017246645,-0.134022815464573,-0.00249));
#14679=CARTESIAN_POINT('',(0.167643017246645,-0.134022815464573,-0.00349));
#14680=CARTESIAN_POINT('',(0.168351039779667,-0.133669332836091,-0.00249));
#14681=CARTESIAN_POINT('',(0.168351039779667,-0.133669332836091,-0.00349));
#14682=CARTESIAN_POINT('',(0.169258887487515,-0.133669332836091,-0.00249));
#14683=CARTESIAN_POINT('',(0.169258887487515,-0.133669332836091,-0.00349));
#14684=CARTESIAN_POINT('',(0.167134819888448,-0.134729780721538,-0.00349));
#14685=CARTESIAN_POINT('',(0.167897115925743,-0.133669332836091,-0.00349));
#14686=CARTESIAN_POINT('',(0.169258887487515,-0.133669332836091,-0.00349));
#14687=CARTESIAN_POINT('',(0.167134819888448,-0.134729780721538,-0.00349));
#14688=CARTESIAN_POINT('',(0.167134819888448,-0.134729780721538,-0.00249));
#14689=CARTESIAN_POINT('',(0.167134819888448,-0.134729780721538,-0.00249));
#14690=CARTESIAN_POINT('',(0.167134819888448,-0.134729780721538,-0.00249));
#14691=CARTESIAN_POINT('',(0.167897115925743,-0.133669332836091,-0.00249));
#14692=CARTESIAN_POINT('',(0.169258887487515,-0.133669332836091,-0.00249));
#14693=CARTESIAN_POINT('',(0.166372523851152,-0.137481870298628,-0.00249));
#14694=CARTESIAN_POINT('',(0.166372523851152,-0.137481870298628,-0.00349));
#14695=CARTESIAN_POINT('',(0.166372523851152,-0.136354109170867,-0.00249));
#14696=CARTESIAN_POINT('',(0.166372523851152,-0.136354109170867,-0.00349));
#14697=CARTESIAN_POINT('',(0.16662662253025,-0.135436745978504,-0.00249));
#14698=CARTESIAN_POINT('',(0.16662662253025,-0.135436745978504,-0.00349));
#14699=CARTESIAN_POINT('',(0.167134819888448,-0.134729780721538,-0.00249));
#14700=CARTESIAN_POINT('',(0.167134819888448,-0.134729780721538,-0.00349));
#14701=CARTESIAN_POINT('',(0.166372523851152,-0.137481870298628,-0.00349));
#14702=CARTESIAN_POINT('',(0.166372523851152,-0.135790228606986,-0.00349));
#14703=CARTESIAN_POINT('',(0.167134819888448,-0.134729780721538,-0.00349));
#14704=CARTESIAN_POINT('',(0.166372523851152,-0.137481870298628,-0.00349));
#14705=CARTESIAN_POINT('',(0.166372523851152,-0.137481870298628,-0.00249));
#14706=CARTESIAN_POINT('',(0.166372523851152,-0.137481870298628,-0.00249));
#14707=CARTESIAN_POINT('',(0.166372523851152,-0.137481870298628,-0.00249));
#14708=CARTESIAN_POINT('',(0.166372523851152,-0.135790228606986,-0.00249));
#14709=CARTESIAN_POINT('',(0.167134819888448,-0.134729780721538,-0.00249));
#14710=CARTESIAN_POINT('',(0.166372523851152,-0.137557994174752,-0.00249));
#14711=CARTESIAN_POINT('',(0.166372523851152,-0.137557994174752,-0.00349));
#14712=CARTESIAN_POINT('',(0.166372523851152,-0.137634118050876,-0.00349));
#14713=CARTESIAN_POINT('',(0.166372523851152,-0.137634118050876,-0.00249));
#14714=CARTESIAN_POINT('',(0.166372523851152,-0.137634118050876,-0.00249));
#14715=CARTESIAN_POINT('',(0.166372523851152,-0.137557994174752,-0.00249));
#14716=CARTESIAN_POINT('',(0.167134819888448,-0.140368233934992,-0.00249));
#14717=CARTESIAN_POINT('',(0.167134819888448,-0.140368233934992,-0.00349));
#14718=CARTESIAN_POINT('',(0.16662662253025,-0.139659154125912,-0.00249));
#14719=CARTESIAN_POINT('',(0.16662662253025,-0.139659154125912,-0.00349));
#14720=CARTESIAN_POINT('',(0.166372523851152,-0.13874778216454,-0.00249));
#14721=CARTESIAN_POINT('',(0.166372523851152,-0.13874778216454,-0.00349));
#14722=CARTESIAN_POINT('',(0.166372523851152,-0.137634118050876,-0.00249));
#14723=CARTESIAN_POINT('',(0.166372523851152,-0.137634118050876,-0.00349));
#14724=CARTESIAN_POINT('',(0.167134819888448,-0.140368233934992,-0.00349));
#14725=CARTESIAN_POINT('',(0.166372523851152,-0.139304614221372,-0.00349));
#14726=CARTESIAN_POINT('',(0.166372523851152,-0.137634118050876,-0.00349));
#14727=CARTESIAN_POINT('',(0.167134819888448,-0.140368233934992,-0.00349));
#14728=CARTESIAN_POINT('',(0.167134819888448,-0.140368233934992,-0.00249));
#14729=CARTESIAN_POINT('',(0.167134819888448,-0.140368233934992,-0.00249));
#14730=CARTESIAN_POINT('',(0.167134819888448,-0.140368233934992,-0.00249));
#14731=CARTESIAN_POINT('',(0.166372523851152,-0.139304614221372,-0.00249));
#14732=CARTESIAN_POINT('',(0.166372523851152,-0.137634118050876,-0.00249));
#14733=CARTESIAN_POINT('',(0.169258887487515,-0.141431853648611,-0.00249));
#14734=CARTESIAN_POINT('',(0.169258887487515,-0.141431853648611,-0.00349));
#14735=CARTESIAN_POINT('',(0.168351039779667,-0.141431853648611,-0.00249));
#14736=CARTESIAN_POINT('',(0.168351039779667,-0.141431853648611,-0.00349));
#14737=CARTESIAN_POINT('',(0.167643017246645,-0.141077313744071,-0.00249));
#14738=CARTESIAN_POINT('',(0.167643017246645,-0.141077313744071,-0.00349));
#14739=CARTESIAN_POINT('',(0.167134819888448,-0.140368233934992,-0.00249));
#14740=CARTESIAN_POINT('',(0.167134819888448,-0.140368233934992,-0.00349));
#14741=CARTESIAN_POINT('',(0.169258887487515,-0.141431853648611,-0.00349));
#14742=CARTESIAN_POINT('',(0.167897115925743,-0.141431853648611,-0.00349));
#14743=CARTESIAN_POINT('',(0.167134819888448,-0.140368233934992,-0.00349));
#14744=CARTESIAN_POINT('',(0.169258887487515,-0.141431853648611,-0.00349));
#14745=CARTESIAN_POINT('',(0.169258887487515,-0.141431853648611,-0.00249));
#14746=CARTESIAN_POINT('',(0.169258887487515,-0.141431853648611,-0.00249));
#14747=CARTESIAN_POINT('',(0.169258887487515,-0.141431853648611,-0.00249));
#14748=CARTESIAN_POINT('',(0.167897115925743,-0.141431853648611,-0.00249));
#14749=CARTESIAN_POINT('',(0.167134819888448,-0.140368233934992,-0.00249));
#14750=CARTESIAN_POINT('',(0.173587375666004,-0.137481870298628,-0.00249));
#14751=CARTESIAN_POINT('',(0.173587375666004,-0.137481870298628,-0.00349));
#14752=CARTESIAN_POINT('',(0.173587375666003,-0.136080627097385,-0.00249));
#14753=CARTESIAN_POINT('',(0.173587375666003,-0.136080627097385,-0.00349));
#14754=CARTESIAN_POINT('',(0.173185258338886,-0.134917271009029,-0.00249));
#14755=CARTESIAN_POINT('',(0.173185258338886,-0.134917271009029,-0.00349));
#14756=CARTESIAN_POINT('',(0.172381023684651,-0.13399180203356,-0.00249));
#14757=CARTESIAN_POINT('',(0.172381023684651,-0.13399180203356,-0.00349));
#14758=CARTESIAN_POINT('',(0.173587375666004,-0.137481870298628,-0.00249));
#14759=CARTESIAN_POINT('',(0.173587375666004,-0.137481870298628,-0.00249));
#14760=CARTESIAN_POINT('',(0.173587375666004,-0.137481870298628,-0.00249));
#14761=CARTESIAN_POINT('',(0.173587375666004,-0.135380005496763,-0.00249));
#14762=CARTESIAN_POINT('',(0.172381023684651,-0.13399180203356,-0.00249));
#14763=CARTESIAN_POINT('',(0.172381023684651,-0.13399180203356,-0.00249));
#14764=CARTESIAN_POINT('',(0.172381023684651,-0.13399180203356,-0.00249));
#14765=CARTESIAN_POINT('',(0.173587375666004,-0.137550593242351,-0.00249));
#14766=CARTESIAN_POINT('',(0.173587375666004,-0.137619316186074,-0.00249));
#14767=CARTESIAN_POINT('',(0.173587375666004,-0.137619316186074,-0.00249));
#14768=CARTESIAN_POINT('',(0.173587375666004,-0.137550593242351,-0.00249));
#14769=CARTESIAN_POINT('',(0.172381023684651,-0.141109384451142,-0.00249));
#14770=CARTESIAN_POINT('',(0.172381023684651,-0.141109384451142,-0.00349));
#14771=CARTESIAN_POINT('',(0.173185258338886,-0.140179686371444,-0.00249));
#14772=CARTESIAN_POINT('',(0.173185258338886,-0.140179686371444,-0.00349));
#14773=CARTESIAN_POINT('',(0.173587375666003,-0.139016330283088,-0.00249));
#14774=CARTESIAN_POINT('',(0.173587375666003,-0.139016330283088,-0.00349));
#14775=CARTESIAN_POINT('',(0.173587375666004,-0.137619316186074,-0.00249));
#14776=CARTESIAN_POINT('',(0.173587375666004,-0.137619316186074,-0.00349));
#14777=CARTESIAN_POINT('',(0.172381023684651,-0.141109384451142,-0.00249));
#14778=CARTESIAN_POINT('',(0.172381023684651,-0.141109384451142,-0.00249));
#14779=CARTESIAN_POINT('',(0.172381023684651,-0.141109384451142,-0.00249));
#14780=CARTESIAN_POINT('',(0.173587375666004,-0.139714837331595,-0.00249));
#14781=CARTESIAN_POINT('',(0.173587375666004,-0.137619316186074,-0.00249));
#14782=CARTESIAN_POINT('',(0.169258887487515,-0.142503931570689,-0.00249));
#14783=CARTESIAN_POINT('',(0.169258887487515,-0.142503931570689,-0.00349));
#14784=CARTESIAN_POINT('',(0.170536076964705,-0.142503931570689,-0.00249));
#14785=CARTESIAN_POINT('',(0.170536076964705,-0.142503931570689,-0.00349));
#14786=CARTESIAN_POINT('',(0.171576789030417,-0.14203908253084,-0.00249));
#14787=CARTESIAN_POINT('',(0.171576789030417,-0.14203908253084,-0.00349));
#14788=CARTESIAN_POINT('',(0.172381023684651,-0.141109384451142,-0.00249));
#14789=CARTESIAN_POINT('',(0.172381023684651,-0.141109384451142,-0.00349));
#14790=CARTESIAN_POINT('',(0.169258887487515,-0.142503931570689,-0.00249));
#14791=CARTESIAN_POINT('',(0.169258887487515,-0.142503931570689,-0.00249));
#14792=CARTESIAN_POINT('',(0.169258887487515,-0.142503931570689,-0.00249));
#14793=CARTESIAN_POINT('',(0.1711746717033,-0.142503931570689,-0.00249));
#14794=CARTESIAN_POINT('',(0.172381023684651,-0.141109384451142,-0.00249));
#14795=CARTESIAN_POINT('',(0.166232963411591,-0.141109384451142,-0.00249));
#14796=CARTESIAN_POINT('',(0.166232963411591,-0.141109384451142,-0.00349));
#14797=CARTESIAN_POINT('',(0.167008299186927,-0.14203908253084,-0.00249));
#14798=CARTESIAN_POINT('',(0.167008299186927,-0.14203908253084,-0.00349));
#14799=CARTESIAN_POINT('',(0.168016940545568,-0.142503931570689,-0.00249));
#14800=CARTESIAN_POINT('',(0.168016940545568,-0.142503931570689,-0.00349));
#14801=CARTESIAN_POINT('',(0.169258887487515,-0.142503931570689,-0.00249));
#14802=CARTESIAN_POINT('',(0.169258887487515,-0.142503931570689,-0.00349));
#14803=CARTESIAN_POINT('',(0.166232963411591,-0.141109384451142,-0.00249));
#14804=CARTESIAN_POINT('',(0.166232963411591,-0.141109384451142,-0.00249));
#14805=CARTESIAN_POINT('',(0.166232963411591,-0.141109384451142,-0.00249));
#14806=CARTESIAN_POINT('',(0.167395967074595,-0.142503931570689,-0.00249));
#14807=CARTESIAN_POINT('',(0.169258887487515,-0.142503931570689,-0.00249));
#14808=CARTESIAN_POINT('',(0.165069959748587,-0.137619316186074,-0.00249));
#14809=CARTESIAN_POINT('',(0.165069959748587,-0.137619316186074,-0.00349));
#14810=CARTESIAN_POINT('',(0.165069959748587,-0.139016330283088,-0.00249));
#14811=CARTESIAN_POINT('',(0.165069959748587,-0.139016330283088,-0.00349));
#14812=CARTESIAN_POINT('',(0.165457627636255,-0.140179686371444,-0.00249));
#14813=CARTESIAN_POINT('',(0.165457627636255,-0.140179686371444,-0.00349));
#14814=CARTESIAN_POINT('',(0.166232963411591,-0.141109384451142,-0.00249));
#14815=CARTESIAN_POINT('',(0.166232963411591,-0.141109384451142,-0.00349));
#14816=CARTESIAN_POINT('',(0.165069959748587,-0.137619316186074,-0.00249));
#14817=CARTESIAN_POINT('',(0.165069959748587,-0.137619316186074,-0.00249));
#14818=CARTESIAN_POINT('',(0.165069959748587,-0.137619316186074,-0.00249));
#14819=CARTESIAN_POINT('',(0.165069959748587,-0.139714837331595,-0.00249));
#14820=CARTESIAN_POINT('',(0.166232963411591,-0.141109384451142,-0.00249));
#14821=CARTESIAN_POINT('',(0.165069959748587,-0.137550593242351,-0.00249));
#14822=CARTESIAN_POINT('',(0.165069959748587,-0.137481870298628,-0.00249));
#14823=CARTESIAN_POINT('',(0.165069959748587,-0.137481870298628,-0.00249));
#14824=CARTESIAN_POINT('',(0.165069959748587,-0.137550593242351,-0.00249));
#14825=CARTESIAN_POINT('',(0.166232963411591,-0.13399180203356,-0.00249));
#14826=CARTESIAN_POINT('',(0.166232963411591,-0.13399180203356,-0.00349));
#14827=CARTESIAN_POINT('',(0.165457627636255,-0.134917271009029,-0.00249));
#14828=CARTESIAN_POINT('',(0.165457627636255,-0.134917271009029,-0.00349));
#14829=CARTESIAN_POINT('',(0.165069959748587,-0.136080627097385,-0.00249));
#14830=CARTESIAN_POINT('',(0.165069959748587,-0.136080627097385,-0.00349));
#14831=CARTESIAN_POINT('',(0.165069959748587,-0.137481870298628,-0.00249));
#14832=CARTESIAN_POINT('',(0.165069959748587,-0.137481870298628,-0.00349));
#14833=CARTESIAN_POINT('',(0.166232963411591,-0.13399180203356,-0.00249));
#14834=CARTESIAN_POINT('',(0.166232963411591,-0.13399180203356,-0.00249));
#14835=CARTESIAN_POINT('',(0.166232963411591,-0.13399180203356,-0.00249));
#14836=CARTESIAN_POINT('',(0.165069959748587,-0.135380005496763,-0.00249));
#14837=CARTESIAN_POINT('',(0.165069959748587,-0.137481870298628,-0.00249));
#14838=CARTESIAN_POINT('',(0.169258887487515,-0.132603598570356,-0.00249));
#14839=CARTESIAN_POINT('',(0.169258887487515,-0.132603598570356,-0.00349));
#14840=CARTESIAN_POINT('',(0.168016940545568,-0.132603598570356,-0.00249));
#14841=CARTESIAN_POINT('',(0.168016940545568,-0.132603598570356,-0.00349));
#14842=CARTESIAN_POINT('',(0.167008299186927,-0.133066333058091,-0.00249));
#14843=CARTESIAN_POINT('',(0.167008299186927,-0.133066333058091,-0.00349));
#14844=CARTESIAN_POINT('',(0.166232963411591,-0.13399180203356,-0.00249));
#14845=CARTESIAN_POINT('',(0.166232963411591,-0.13399180203356,-0.00349));
#14846=CARTESIAN_POINT('',(0.169258887487515,-0.132603598570356,-0.00249));
#14847=CARTESIAN_POINT('',(0.169258887487515,-0.132603598570356,-0.00249));
#14848=CARTESIAN_POINT('',(0.169258887487515,-0.132603598570356,-0.00249));
#14849=CARTESIAN_POINT('',(0.167395967074595,-0.132603598570356,-0.00249));
#14850=CARTESIAN_POINT('',(0.166232963411591,-0.13399180203356,-0.00249));
#14851=CARTESIAN_POINT('',(0.172381023684651,-0.13399180203356,-0.00249));
#14852=CARTESIAN_POINT('',(0.172381023684651,-0.13399180203356,-0.00349));
#14853=CARTESIAN_POINT('',(0.171576789030417,-0.133066333058091,-0.00249));
#14854=CARTESIAN_POINT('',(0.171576789030417,-0.133066333058091,-0.00349));
#14855=CARTESIAN_POINT('',(0.170536076964705,-0.132603598570356,-0.00249));
#14856=CARTESIAN_POINT('',(0.170536076964705,-0.132603598570356,-0.00349));
#14857=CARTESIAN_POINT('',(0.169258887487515,-0.132603598570356,-0.00249));
#14858=CARTESIAN_POINT('',(0.169258887487515,-0.132603598570356,-0.00349));
#14859=CARTESIAN_POINT('',(0.172381023684651,-0.13399180203356,-0.00249));
#14860=CARTESIAN_POINT('',(0.1711746717033,-0.132603598570356,-0.00249));
#14861=CARTESIAN_POINT('',(0.169258887487515,-0.132603598570356,-0.00249));
#14862=CARTESIAN_POINT('',(0.171482339035967,-0.140371405763163,-0.00249));
#14863=CARTESIAN_POINT('',(0.171482339035967,-0.140371405763163,-0.00349));
#14864=CARTESIAN_POINT('',(0.170947357350985,-0.141078371020129,-0.00249));
#14865=CARTESIAN_POINT('',(0.170947357350985,-0.141078371020129,-0.00349));
#14866=CARTESIAN_POINT('',(0.170206206834835,-0.141431853648611,-0.00249));
#14867=CARTESIAN_POINT('',(0.170206206834835,-0.141431853648611,-0.00349));
#14868=CARTESIAN_POINT('',(0.169258887487515,-0.141431853648611,-0.00249));
#14869=CARTESIAN_POINT('',(0.169258887487515,-0.141431853648611,-0.00349));
#14870=CARTESIAN_POINT('',(0.171482339035967,-0.140371405763163,-0.00349));
#14871=CARTESIAN_POINT('',(0.170679866508495,-0.141431853648611,-0.00349));
#14872=CARTESIAN_POINT('',(0.169258887487515,-0.141431853648611,-0.00349));
#14873=CARTESIAN_POINT('',(0.171482339035967,-0.140371405763163,-0.00249));
#14874=CARTESIAN_POINT('',(0.170679866508495,-0.141431853648611,-0.00249));
#14875=CARTESIAN_POINT('',(0.169258887487515,-0.141431853648611,-0.00249));
#14876=CARTESIAN_POINT('',(0.22626232194276,-0.1035877,-0.00249));
#14877=CARTESIAN_POINT('',(0.202529250457878,-0.079151950218708,-0.00249));
#14878=CARTESIAN_POINT('',(0.203180532509161,-0.079151950218708,-0.00249));
#14879=CARTESIAN_POINT('',(0.203180532509161,-0.079151950218708,-0.00249));
#14880=CARTESIAN_POINT('',(0.202529250457878,-0.079151950218708,-0.00249));
#14881=CARTESIAN_POINT('',(0.201877968406596,-0.079151950218708,-0.00249));
#14882=CARTESIAN_POINT('',(0.201877968406596,-0.079151950218708,-0.00249));
#14883=CARTESIAN_POINT('',(0.203180532509161,-0.0798264923432501,-0.00249));
#14884=CARTESIAN_POINT('',(0.203180532509161,-0.0805010344677923,-0.00249));
#14885=CARTESIAN_POINT('',(0.203180532509161,-0.0805010344677923,-0.00249));
#14886=CARTESIAN_POINT('',(0.203180532509161,-0.0798264923432501,-0.00249));
#14887=CARTESIAN_POINT('',(0.202529250457878,-0.0805010344677923,-0.00249));
#14888=CARTESIAN_POINT('',(0.201877968406596,-0.0805010344677923,-0.00249));
#14889=CARTESIAN_POINT('',(0.201877968406596,-0.0805010344677923,-0.00249));
#14890=CARTESIAN_POINT('',(0.202529250457878,-0.0805010344677923,-0.00249));
#14891=CARTESIAN_POINT('',(0.201877968406596,-0.0798264923432501,-0.00249));
#14892=CARTESIAN_POINT('',(0.201877968406596,-0.0798264923432501,-0.00249));
#14893=CARTESIAN_POINT('',(0.22626232194276,-0.1035877,-0.00249));
#14894=CARTESIAN_POINT('',(0.202529250457878,-0.0823110910778489,-0.00249));
#14895=CARTESIAN_POINT('',(0.203180532509161,-0.0823110910778489,-0.00249));
#14896=CARTESIAN_POINT('',(0.203180532509161,-0.0823110910778489,-0.00249));
#14897=CARTESIAN_POINT('',(0.202529250457878,-0.0823110910778489,-0.00249));
#14898=CARTESIAN_POINT('',(0.201877968406596,-0.0823110910778489,-0.00249));
#14899=CARTESIAN_POINT('',(0.201877968406596,-0.0823110910778489,-0.00249));
#14900=CARTESIAN_POINT('',(0.203180532509161,-0.0855421267088845,-0.00249));
#14901=CARTESIAN_POINT('',(0.203180532509161,-0.0887731623399201,-0.00249));
#14902=CARTESIAN_POINT('',(0.203180532509161,-0.0887731623399201,-0.00249));
#14903=CARTESIAN_POINT('',(0.203180532509161,-0.0855421267088845,-0.00249));
#14904=CARTESIAN_POINT('',(0.202529250457878,-0.0887731623399201,-0.00249));
#14905=CARTESIAN_POINT('',(0.201877968406596,-0.0887731623399201,-0.00249));
#14906=CARTESIAN_POINT('',(0.201877968406596,-0.0887731623399201,-0.00249));
#14907=CARTESIAN_POINT('',(0.202529250457878,-0.0887731623399201,-0.00249));
#14908=CARTESIAN_POINT('',(0.201877968406596,-0.0855421267088845,-0.00249));
#14909=CARTESIAN_POINT('',(0.201877968406596,-0.0855421267088845,-0.00249));
#14910=CARTESIAN_POINT('',(0.22626232194276,-0.1035877,-0.00249));
#14911=CARTESIAN_POINT('',(0.226258534681358,-0.1035877,-0.00349));
#14912=CARTESIAN_POINT('',(0.226258534681358,-0.1035877,-0.00349));
#14913=CARTESIAN_POINT('',(0.226258534681358,-0.1035877,-0.00349));
#14914=CARTESIAN_POINT('',(0.226258534681358,-0.1035877,-0.00349));
#14915=CARTESIAN_POINT('',(0.226258534681358,-0.1035877,-0.00349));
#14916=CARTESIAN_POINT('',(0.226258534681358,-0.1035877,-0.00349));
#14917=CARTESIAN_POINT('',(0.226258534681358,-0.1035877,-0.00349));
#14918=MECHANICAL_DESIGN_GEOMETRIC_PRESENTATION_REPRESENTATION('',(#8553),
#14919);
#14919=(
GEOMETRIC_REPRESENTATION_CONTEXT(3)
GLOBAL_UNCERTAINTY_ASSIGNED_CONTEXT((#14920))
GLOBAL_UNIT_ASSIGNED_CONTEXT((#14923,#14922,#14921))
REPRESENTATION_CONTEXT('RBottom','TOP_LEVEL_ASSEMBLY_PART')
);
#14920=UNCERTAINTY_MEASURE_WITH_UNIT(LENGTH_MEASURE(2.E-5),#14923,
'DISTANCE_ACCURACY_VALUE','Maximum Tolerance applied to model');
#14921=(
NAMED_UNIT(*)
SI_UNIT($,.STERADIAN.)
SOLID_ANGLE_UNIT()
);
#14922=(
NAMED_UNIT(*)
PLANE_ANGLE_UNIT()
SI_UNIT($,.RADIAN.)
);
#14923=(
LENGTH_UNIT()
NAMED_UNIT(*)
SI_UNIT($,.METRE.)
);
#14924=PRODUCT_DEFINITION_SHAPE('','',#14925);
#14925=PRODUCT_DEFINITION('','',#14927,#14926);
#14926=PRODUCT_DEFINITION_CONTEXT('',#14933,'design');
#14927=PRODUCT_DEFINITION_FORMATION_WITH_SPECIFIED_SOURCE('','',#14929,
 .NOT_KNOWN.);
#14928=PRODUCT_RELATED_PRODUCT_CATEGORY('','',(#14929));
#14929=PRODUCT('RBottom','RBottom','RBottom',(#14931));
#14930=PRODUCT_CATEGORY('','');
#14931=PRODUCT_CONTEXT('',#14933,'mechanical');
#14932=APPLICATION_PROTOCOL_DEFINITION('international standard',
'ap242_managed_model_based_3d_engineering',2020,#14933);
#14933=APPLICATION_CONTEXT('managed model based 3d engineering');
ENDSEC;
END-ISO-10303-21;
