ISO-10303-21;
HEADER;
/* Generated by software containing ST-Developer
 * from STEP Tools, Inc. (www.steptools.com) 
 */
/* OPTION: using custom renumber hook */

FILE_DESCRIPTION(
/* description */ ('STEP AP242 Edition 2',
'CAx-IF Rec.Pracs.---Representation and Presentation of Product Manufa
cturing Information (PMI)---4.0---2014-10-13',
'CAx-IF Rec.Pracs.---3D Tessellated Geometry---0.4---2014-09-14','2;1',
'CAx-IF Rec.Pracs.---User Defined Attributes---1.5---2016-08-15'),
/* implementation_level */ '2;1');

FILE_NAME(
/* name */ 'splitkeyboard (1) - RTop',
/* time_stamp */ '2026-07-01T22:18:52Z',
/* author */ (''),
/* organization */ (''),
/* preprocessor_version */ 'ST-DEVELOPER v20',
/* originating_system */ 'ONSHAPE BY PTC INC, 1.217',
/* authorisation */ '  ');

FILE_SCHEMA (('AP242_MANAGED_MODEL_BASED_3D_ENGINEERING_MIM_LF { 1 0 10303 442 3 1 4 }'));
ENDSEC;

DATA;
#10=SHAPE_REPRESENTATION_RELATIONSHIP('','',#2149,#11);
#11=ADVANCED_BREP_SHAPE_REPRESENTATION('',(#2147),#3333);
#12=CYLINDRICAL_SURFACE('',#2229,0.00174999999999998);
#13=CYLINDRICAL_SURFACE('',#2230,0.00175);
#14=CYLINDRICAL_SURFACE('',#2253,0.00175);
#15=CIRCLE('',#2154,0.00175);
#16=CIRCLE('',#2155,0.00174999999999998);
#17=CIRCLE('',#2156,0.00175);
#18=CIRCLE('',#2158,0.00175);
#19=CIRCLE('',#2159,0.00174999999999998);
#20=CIRCLE('',#2160,0.00175);
#21=ORIENTED_EDGE('',*,*,#597,.F.);
#22=ORIENTED_EDGE('',*,*,#598,.T.);
#23=ORIENTED_EDGE('',*,*,#599,.T.);
#24=ORIENTED_EDGE('',*,*,#600,.T.);
#25=ORIENTED_EDGE('',*,*,#601,.F.);
#26=ORIENTED_EDGE('',*,*,#602,.T.);
#27=ORIENTED_EDGE('',*,*,#603,.F.);
#28=ORIENTED_EDGE('',*,*,#604,.F.);
#29=ORIENTED_EDGE('',*,*,#605,.F.);
#30=ORIENTED_EDGE('',*,*,#606,.T.);
#31=ORIENTED_EDGE('',*,*,#607,.T.);
#32=ORIENTED_EDGE('',*,*,#608,.F.);
#33=ORIENTED_EDGE('',*,*,#609,.F.);
#34=ORIENTED_EDGE('',*,*,#610,.F.);
#35=ORIENTED_EDGE('',*,*,#611,.T.);
#36=ORIENTED_EDGE('',*,*,#612,.T.);
#37=ORIENTED_EDGE('',*,*,#613,.F.);
#38=ORIENTED_EDGE('',*,*,#614,.F.);
#39=ORIENTED_EDGE('',*,*,#615,.T.);
#40=ORIENTED_EDGE('',*,*,#616,.T.);
#41=ORIENTED_EDGE('',*,*,#617,.F.);
#42=ORIENTED_EDGE('',*,*,#618,.F.);
#43=ORIENTED_EDGE('',*,*,#619,.T.);
#44=ORIENTED_EDGE('',*,*,#620,.T.);
#45=ORIENTED_EDGE('',*,*,#621,.F.);
#46=ORIENTED_EDGE('',*,*,#622,.F.);
#47=ORIENTED_EDGE('',*,*,#623,.T.);
#48=ORIENTED_EDGE('',*,*,#624,.T.);
#49=ORIENTED_EDGE('',*,*,#625,.F.);
#50=ORIENTED_EDGE('',*,*,#626,.F.);
#51=ORIENTED_EDGE('',*,*,#627,.T.);
#52=ORIENTED_EDGE('',*,*,#628,.T.);
#53=ORIENTED_EDGE('',*,*,#629,.F.);
#54=ORIENTED_EDGE('',*,*,#630,.F.);
#55=ORIENTED_EDGE('',*,*,#631,.T.);
#56=ORIENTED_EDGE('',*,*,#632,.T.);
#57=ORIENTED_EDGE('',*,*,#633,.F.);
#58=ORIENTED_EDGE('',*,*,#634,.F.);
#59=ORIENTED_EDGE('',*,*,#635,.T.);
#60=ORIENTED_EDGE('',*,*,#636,.T.);
#61=ORIENTED_EDGE('',*,*,#637,.F.);
#62=ORIENTED_EDGE('',*,*,#638,.F.);
#63=ORIENTED_EDGE('',*,*,#639,.T.);
#64=ORIENTED_EDGE('',*,*,#640,.T.);
#65=ORIENTED_EDGE('',*,*,#641,.F.);
#66=ORIENTED_EDGE('',*,*,#642,.F.);
#67=ORIENTED_EDGE('',*,*,#643,.T.);
#68=ORIENTED_EDGE('',*,*,#644,.T.);
#69=ORIENTED_EDGE('',*,*,#645,.F.);
#70=ORIENTED_EDGE('',*,*,#646,.F.);
#71=ORIENTED_EDGE('',*,*,#647,.T.);
#72=ORIENTED_EDGE('',*,*,#648,.T.);
#73=ORIENTED_EDGE('',*,*,#649,.F.);
#74=ORIENTED_EDGE('',*,*,#650,.F.);
#75=ORIENTED_EDGE('',*,*,#651,.T.);
#76=ORIENTED_EDGE('',*,*,#652,.T.);
#77=ORIENTED_EDGE('',*,*,#653,.F.);
#78=ORIENTED_EDGE('',*,*,#654,.F.);
#79=ORIENTED_EDGE('',*,*,#655,.T.);
#80=ORIENTED_EDGE('',*,*,#656,.T.);
#81=ORIENTED_EDGE('',*,*,#657,.F.);
#82=ORIENTED_EDGE('',*,*,#658,.F.);
#83=ORIENTED_EDGE('',*,*,#659,.T.);
#84=ORIENTED_EDGE('',*,*,#660,.T.);
#85=ORIENTED_EDGE('',*,*,#661,.F.);
#86=ORIENTED_EDGE('',*,*,#662,.F.);
#87=ORIENTED_EDGE('',*,*,#663,.T.);
#88=ORIENTED_EDGE('',*,*,#664,.T.);
#89=ORIENTED_EDGE('',*,*,#665,.F.);
#90=ORIENTED_EDGE('',*,*,#666,.F.);
#91=ORIENTED_EDGE('',*,*,#667,.T.);
#92=ORIENTED_EDGE('',*,*,#668,.T.);
#93=ORIENTED_EDGE('',*,*,#669,.F.);
#94=ORIENTED_EDGE('',*,*,#670,.F.);
#95=ORIENTED_EDGE('',*,*,#671,.T.);
#96=ORIENTED_EDGE('',*,*,#672,.T.);
#97=ORIENTED_EDGE('',*,*,#673,.F.);
#98=ORIENTED_EDGE('',*,*,#674,.F.);
#99=ORIENTED_EDGE('',*,*,#675,.T.);
#100=ORIENTED_EDGE('',*,*,#676,.T.);
#101=ORIENTED_EDGE('',*,*,#677,.F.);
#102=ORIENTED_EDGE('',*,*,#678,.F.);
#103=ORIENTED_EDGE('',*,*,#679,.T.);
#104=ORIENTED_EDGE('',*,*,#680,.T.);
#105=ORIENTED_EDGE('',*,*,#681,.F.);
#106=ORIENTED_EDGE('',*,*,#682,.F.);
#107=ORIENTED_EDGE('',*,*,#683,.T.);
#108=ORIENTED_EDGE('',*,*,#684,.T.);
#109=ORIENTED_EDGE('',*,*,#685,.F.);
#110=ORIENTED_EDGE('',*,*,#686,.T.);
#111=ORIENTED_EDGE('',*,*,#687,.T.);
#112=ORIENTED_EDGE('',*,*,#688,.F.);
#113=ORIENTED_EDGE('',*,*,#689,.F.);
#114=ORIENTED_EDGE('',*,*,#690,.F.);
#115=ORIENTED_EDGE('',*,*,#691,.F.);
#116=ORIENTED_EDGE('',*,*,#599,.F.);
#117=ORIENTED_EDGE('',*,*,#692,.T.);
#118=ORIENTED_EDGE('',*,*,#693,.T.);
#119=ORIENTED_EDGE('',*,*,#604,.T.);
#120=ORIENTED_EDGE('',*,*,#694,.F.);
#121=ORIENTED_EDGE('',*,*,#695,.F.);
#122=ORIENTED_EDGE('',*,*,#696,.F.);
#123=ORIENTED_EDGE('',*,*,#697,.F.);
#124=ORIENTED_EDGE('',*,*,#698,.F.);
#125=ORIENTED_EDGE('',*,*,#699,.F.);
#126=ORIENTED_EDGE('',*,*,#700,.T.);
#127=ORIENTED_EDGE('',*,*,#701,.T.);
#128=ORIENTED_EDGE('',*,*,#702,.T.);
#129=ORIENTED_EDGE('',*,*,#703,.T.);
#130=ORIENTED_EDGE('',*,*,#704,.T.);
#131=ORIENTED_EDGE('',*,*,#705,.F.);
#132=ORIENTED_EDGE('',*,*,#706,.F.);
#133=ORIENTED_EDGE('',*,*,#707,.T.);
#134=ORIENTED_EDGE('',*,*,#708,.F.);
#135=ORIENTED_EDGE('',*,*,#709,.F.);
#136=ORIENTED_EDGE('',*,*,#710,.T.);
#137=ORIENTED_EDGE('',*,*,#711,.T.);
#138=ORIENTED_EDGE('',*,*,#712,.F.);
#139=ORIENTED_EDGE('',*,*,#713,.F.);
#140=ORIENTED_EDGE('',*,*,#714,.T.);
#141=ORIENTED_EDGE('',*,*,#715,.T.);
#142=ORIENTED_EDGE('',*,*,#716,.F.);
#143=ORIENTED_EDGE('',*,*,#717,.F.);
#144=ORIENTED_EDGE('',*,*,#718,.T.);
#145=ORIENTED_EDGE('',*,*,#719,.T.);
#146=ORIENTED_EDGE('',*,*,#720,.F.);
#147=ORIENTED_EDGE('',*,*,#721,.F.);
#148=ORIENTED_EDGE('',*,*,#722,.T.);
#149=ORIENTED_EDGE('',*,*,#723,.T.);
#150=ORIENTED_EDGE('',*,*,#724,.F.);
#151=ORIENTED_EDGE('',*,*,#725,.F.);
#152=ORIENTED_EDGE('',*,*,#726,.T.);
#153=ORIENTED_EDGE('',*,*,#727,.T.);
#154=ORIENTED_EDGE('',*,*,#728,.F.);
#155=ORIENTED_EDGE('',*,*,#729,.F.);
#156=ORIENTED_EDGE('',*,*,#730,.T.);
#157=ORIENTED_EDGE('',*,*,#731,.T.);
#158=ORIENTED_EDGE('',*,*,#732,.F.);
#159=ORIENTED_EDGE('',*,*,#733,.F.);
#160=ORIENTED_EDGE('',*,*,#734,.T.);
#161=ORIENTED_EDGE('',*,*,#735,.T.);
#162=ORIENTED_EDGE('',*,*,#736,.F.);
#163=ORIENTED_EDGE('',*,*,#737,.F.);
#164=ORIENTED_EDGE('',*,*,#738,.T.);
#165=ORIENTED_EDGE('',*,*,#739,.T.);
#166=ORIENTED_EDGE('',*,*,#740,.F.);
#167=ORIENTED_EDGE('',*,*,#741,.F.);
#168=ORIENTED_EDGE('',*,*,#742,.T.);
#169=ORIENTED_EDGE('',*,*,#743,.T.);
#170=ORIENTED_EDGE('',*,*,#744,.F.);
#171=ORIENTED_EDGE('',*,*,#745,.F.);
#172=ORIENTED_EDGE('',*,*,#746,.T.);
#173=ORIENTED_EDGE('',*,*,#747,.T.);
#174=ORIENTED_EDGE('',*,*,#748,.F.);
#175=ORIENTED_EDGE('',*,*,#749,.F.);
#176=ORIENTED_EDGE('',*,*,#750,.T.);
#177=ORIENTED_EDGE('',*,*,#751,.T.);
#178=ORIENTED_EDGE('',*,*,#752,.F.);
#179=ORIENTED_EDGE('',*,*,#753,.F.);
#180=ORIENTED_EDGE('',*,*,#754,.T.);
#181=ORIENTED_EDGE('',*,*,#755,.T.);
#182=ORIENTED_EDGE('',*,*,#756,.F.);
#183=ORIENTED_EDGE('',*,*,#757,.F.);
#184=ORIENTED_EDGE('',*,*,#758,.T.);
#185=ORIENTED_EDGE('',*,*,#759,.T.);
#186=ORIENTED_EDGE('',*,*,#760,.F.);
#187=ORIENTED_EDGE('',*,*,#761,.F.);
#188=ORIENTED_EDGE('',*,*,#762,.T.);
#189=ORIENTED_EDGE('',*,*,#763,.T.);
#190=ORIENTED_EDGE('',*,*,#764,.F.);
#191=ORIENTED_EDGE('',*,*,#765,.F.);
#192=ORIENTED_EDGE('',*,*,#766,.T.);
#193=ORIENTED_EDGE('',*,*,#767,.T.);
#194=ORIENTED_EDGE('',*,*,#768,.F.);
#195=ORIENTED_EDGE('',*,*,#769,.F.);
#196=ORIENTED_EDGE('',*,*,#770,.T.);
#197=ORIENTED_EDGE('',*,*,#771,.T.);
#198=ORIENTED_EDGE('',*,*,#772,.F.);
#199=ORIENTED_EDGE('',*,*,#773,.F.);
#200=ORIENTED_EDGE('',*,*,#774,.T.);
#201=ORIENTED_EDGE('',*,*,#775,.T.);
#202=ORIENTED_EDGE('',*,*,#776,.F.);
#203=ORIENTED_EDGE('',*,*,#777,.F.);
#204=ORIENTED_EDGE('',*,*,#778,.T.);
#205=ORIENTED_EDGE('',*,*,#779,.T.);
#206=ORIENTED_EDGE('',*,*,#780,.F.);
#207=ORIENTED_EDGE('',*,*,#781,.F.);
#208=ORIENTED_EDGE('',*,*,#782,.T.);
#209=ORIENTED_EDGE('',*,*,#783,.T.);
#210=ORIENTED_EDGE('',*,*,#784,.T.);
#211=ORIENTED_EDGE('',*,*,#785,.F.);
#212=ORIENTED_EDGE('',*,*,#786,.F.);
#213=ORIENTED_EDGE('',*,*,#787,.F.);
#214=ORIENTED_EDGE('',*,*,#597,.T.);
#215=ORIENTED_EDGE('',*,*,#788,.T.);
#216=ORIENTED_EDGE('',*,*,#789,.T.);
#217=ORIENTED_EDGE('',*,*,#790,.T.);
#218=ORIENTED_EDGE('',*,*,#791,.T.);
#219=ORIENTED_EDGE('',*,*,#792,.T.);
#220=ORIENTED_EDGE('',*,*,#793,.T.);
#221=ORIENTED_EDGE('',*,*,#602,.F.);
#222=ORIENTED_EDGE('',*,*,#794,.F.);
#223=ORIENTED_EDGE('',*,*,#703,.F.);
#224=ORIENTED_EDGE('',*,*,#795,.F.);
#225=ORIENTED_EDGE('',*,*,#685,.T.);
#226=ORIENTED_EDGE('',*,*,#796,.T.);
#227=ORIENTED_EDGE('',*,*,#706,.T.);
#228=ORIENTED_EDGE('',*,*,#797,.F.);
#229=ORIENTED_EDGE('',*,*,#686,.F.);
#230=ORIENTED_EDGE('',*,*,#795,.T.);
#231=ORIENTED_EDGE('',*,*,#705,.T.);
#232=ORIENTED_EDGE('',*,*,#798,.F.);
#233=ORIENTED_EDGE('',*,*,#687,.F.);
#234=ORIENTED_EDGE('',*,*,#797,.T.);
#235=ORIENTED_EDGE('',*,*,#707,.F.);
#236=ORIENTED_EDGE('',*,*,#799,.F.);
#237=ORIENTED_EDGE('',*,*,#681,.T.);
#238=ORIENTED_EDGE('',*,*,#800,.T.);
#239=ORIENTED_EDGE('',*,*,#710,.F.);
#240=ORIENTED_EDGE('',*,*,#801,.F.);
#241=ORIENTED_EDGE('',*,*,#682,.T.);
#242=ORIENTED_EDGE('',*,*,#799,.T.);
#243=ORIENTED_EDGE('',*,*,#709,.T.);
#244=ORIENTED_EDGE('',*,*,#802,.F.);
#245=ORIENTED_EDGE('',*,*,#683,.F.);
#246=ORIENTED_EDGE('',*,*,#801,.T.);
#247=ORIENTED_EDGE('',*,*,#711,.F.);
#248=ORIENTED_EDGE('',*,*,#803,.F.);
#249=ORIENTED_EDGE('',*,*,#677,.T.);
#250=ORIENTED_EDGE('',*,*,#804,.T.);
#251=ORIENTED_EDGE('',*,*,#714,.F.);
#252=ORIENTED_EDGE('',*,*,#805,.F.);
#253=ORIENTED_EDGE('',*,*,#678,.T.);
#254=ORIENTED_EDGE('',*,*,#803,.T.);
#255=ORIENTED_EDGE('',*,*,#713,.T.);
#256=ORIENTED_EDGE('',*,*,#806,.F.);
#257=ORIENTED_EDGE('',*,*,#679,.F.);
#258=ORIENTED_EDGE('',*,*,#805,.T.);
#259=ORIENTED_EDGE('',*,*,#715,.F.);
#260=ORIENTED_EDGE('',*,*,#807,.F.);
#261=ORIENTED_EDGE('',*,*,#673,.T.);
#262=ORIENTED_EDGE('',*,*,#808,.T.);
#263=ORIENTED_EDGE('',*,*,#718,.F.);
#264=ORIENTED_EDGE('',*,*,#809,.F.);
#265=ORIENTED_EDGE('',*,*,#674,.T.);
#266=ORIENTED_EDGE('',*,*,#807,.T.);
#267=ORIENTED_EDGE('',*,*,#717,.T.);
#268=ORIENTED_EDGE('',*,*,#810,.F.);
#269=ORIENTED_EDGE('',*,*,#675,.F.);
#270=ORIENTED_EDGE('',*,*,#809,.T.);
#271=ORIENTED_EDGE('',*,*,#719,.F.);
#272=ORIENTED_EDGE('',*,*,#811,.F.);
#273=ORIENTED_EDGE('',*,*,#669,.T.);
#274=ORIENTED_EDGE('',*,*,#812,.T.);
#275=ORIENTED_EDGE('',*,*,#722,.F.);
#276=ORIENTED_EDGE('',*,*,#813,.F.);
#277=ORIENTED_EDGE('',*,*,#670,.T.);
#278=ORIENTED_EDGE('',*,*,#811,.T.);
#279=ORIENTED_EDGE('',*,*,#721,.T.);
#280=ORIENTED_EDGE('',*,*,#814,.F.);
#281=ORIENTED_EDGE('',*,*,#671,.F.);
#282=ORIENTED_EDGE('',*,*,#813,.T.);
#283=ORIENTED_EDGE('',*,*,#723,.F.);
#284=ORIENTED_EDGE('',*,*,#815,.F.);
#285=ORIENTED_EDGE('',*,*,#665,.T.);
#286=ORIENTED_EDGE('',*,*,#816,.T.);
#287=ORIENTED_EDGE('',*,*,#726,.F.);
#288=ORIENTED_EDGE('',*,*,#817,.F.);
#289=ORIENTED_EDGE('',*,*,#666,.T.);
#290=ORIENTED_EDGE('',*,*,#815,.T.);
#291=ORIENTED_EDGE('',*,*,#725,.T.);
#292=ORIENTED_EDGE('',*,*,#818,.F.);
#293=ORIENTED_EDGE('',*,*,#667,.F.);
#294=ORIENTED_EDGE('',*,*,#817,.T.);
#295=ORIENTED_EDGE('',*,*,#727,.F.);
#296=ORIENTED_EDGE('',*,*,#819,.F.);
#297=ORIENTED_EDGE('',*,*,#661,.T.);
#298=ORIENTED_EDGE('',*,*,#820,.T.);
#299=ORIENTED_EDGE('',*,*,#730,.F.);
#300=ORIENTED_EDGE('',*,*,#821,.F.);
#301=ORIENTED_EDGE('',*,*,#662,.T.);
#302=ORIENTED_EDGE('',*,*,#819,.T.);
#303=ORIENTED_EDGE('',*,*,#729,.T.);
#304=ORIENTED_EDGE('',*,*,#822,.F.);
#305=ORIENTED_EDGE('',*,*,#663,.F.);
#306=ORIENTED_EDGE('',*,*,#821,.T.);
#307=ORIENTED_EDGE('',*,*,#731,.F.);
#308=ORIENTED_EDGE('',*,*,#823,.F.);
#309=ORIENTED_EDGE('',*,*,#657,.T.);
#310=ORIENTED_EDGE('',*,*,#824,.T.);
#311=ORIENTED_EDGE('',*,*,#734,.F.);
#312=ORIENTED_EDGE('',*,*,#825,.F.);
#313=ORIENTED_EDGE('',*,*,#658,.T.);
#314=ORIENTED_EDGE('',*,*,#823,.T.);
#315=ORIENTED_EDGE('',*,*,#733,.T.);
#316=ORIENTED_EDGE('',*,*,#826,.F.);
#317=ORIENTED_EDGE('',*,*,#659,.F.);
#318=ORIENTED_EDGE('',*,*,#825,.T.);
#319=ORIENTED_EDGE('',*,*,#735,.F.);
#320=ORIENTED_EDGE('',*,*,#827,.F.);
#321=ORIENTED_EDGE('',*,*,#653,.T.);
#322=ORIENTED_EDGE('',*,*,#828,.T.);
#323=ORIENTED_EDGE('',*,*,#738,.F.);
#324=ORIENTED_EDGE('',*,*,#829,.F.);
#325=ORIENTED_EDGE('',*,*,#654,.T.);
#326=ORIENTED_EDGE('',*,*,#827,.T.);
#327=ORIENTED_EDGE('',*,*,#737,.T.);
#328=ORIENTED_EDGE('',*,*,#830,.F.);
#329=ORIENTED_EDGE('',*,*,#655,.F.);
#330=ORIENTED_EDGE('',*,*,#829,.T.);
#331=ORIENTED_EDGE('',*,*,#739,.F.);
#332=ORIENTED_EDGE('',*,*,#831,.F.);
#333=ORIENTED_EDGE('',*,*,#649,.T.);
#334=ORIENTED_EDGE('',*,*,#832,.T.);
#335=ORIENTED_EDGE('',*,*,#742,.F.);
#336=ORIENTED_EDGE('',*,*,#833,.F.);
#337=ORIENTED_EDGE('',*,*,#650,.T.);
#338=ORIENTED_EDGE('',*,*,#831,.T.);
#339=ORIENTED_EDGE('',*,*,#741,.T.);
#340=ORIENTED_EDGE('',*,*,#834,.F.);
#341=ORIENTED_EDGE('',*,*,#651,.F.);
#342=ORIENTED_EDGE('',*,*,#833,.T.);
#343=ORIENTED_EDGE('',*,*,#743,.F.);
#344=ORIENTED_EDGE('',*,*,#835,.F.);
#345=ORIENTED_EDGE('',*,*,#645,.T.);
#346=ORIENTED_EDGE('',*,*,#836,.T.);
#347=ORIENTED_EDGE('',*,*,#746,.F.);
#348=ORIENTED_EDGE('',*,*,#837,.F.);
#349=ORIENTED_EDGE('',*,*,#646,.T.);
#350=ORIENTED_EDGE('',*,*,#835,.T.);
#351=ORIENTED_EDGE('',*,*,#745,.T.);
#352=ORIENTED_EDGE('',*,*,#838,.F.);
#353=ORIENTED_EDGE('',*,*,#647,.F.);
#354=ORIENTED_EDGE('',*,*,#837,.T.);
#355=ORIENTED_EDGE('',*,*,#747,.F.);
#356=ORIENTED_EDGE('',*,*,#839,.F.);
#357=ORIENTED_EDGE('',*,*,#641,.T.);
#358=ORIENTED_EDGE('',*,*,#840,.T.);
#359=ORIENTED_EDGE('',*,*,#750,.F.);
#360=ORIENTED_EDGE('',*,*,#841,.F.);
#361=ORIENTED_EDGE('',*,*,#642,.T.);
#362=ORIENTED_EDGE('',*,*,#839,.T.);
#363=ORIENTED_EDGE('',*,*,#749,.T.);
#364=ORIENTED_EDGE('',*,*,#842,.F.);
#365=ORIENTED_EDGE('',*,*,#643,.F.);
#366=ORIENTED_EDGE('',*,*,#841,.T.);
#367=ORIENTED_EDGE('',*,*,#751,.F.);
#368=ORIENTED_EDGE('',*,*,#843,.F.);
#369=ORIENTED_EDGE('',*,*,#637,.T.);
#370=ORIENTED_EDGE('',*,*,#844,.T.);
#371=ORIENTED_EDGE('',*,*,#754,.F.);
#372=ORIENTED_EDGE('',*,*,#845,.F.);
#373=ORIENTED_EDGE('',*,*,#638,.T.);
#374=ORIENTED_EDGE('',*,*,#843,.T.);
#375=ORIENTED_EDGE('',*,*,#753,.T.);
#376=ORIENTED_EDGE('',*,*,#846,.F.);
#377=ORIENTED_EDGE('',*,*,#639,.F.);
#378=ORIENTED_EDGE('',*,*,#845,.T.);
#379=ORIENTED_EDGE('',*,*,#755,.F.);
#380=ORIENTED_EDGE('',*,*,#847,.F.);
#381=ORIENTED_EDGE('',*,*,#633,.T.);
#382=ORIENTED_EDGE('',*,*,#848,.T.);
#383=ORIENTED_EDGE('',*,*,#758,.F.);
#384=ORIENTED_EDGE('',*,*,#849,.F.);
#385=ORIENTED_EDGE('',*,*,#634,.T.);
#386=ORIENTED_EDGE('',*,*,#847,.T.);
#387=ORIENTED_EDGE('',*,*,#757,.T.);
#388=ORIENTED_EDGE('',*,*,#850,.F.);
#389=ORIENTED_EDGE('',*,*,#635,.F.);
#390=ORIENTED_EDGE('',*,*,#849,.T.);
#391=ORIENTED_EDGE('',*,*,#759,.F.);
#392=ORIENTED_EDGE('',*,*,#851,.F.);
#393=ORIENTED_EDGE('',*,*,#629,.T.);
#394=ORIENTED_EDGE('',*,*,#852,.T.);
#395=ORIENTED_EDGE('',*,*,#762,.F.);
#396=ORIENTED_EDGE('',*,*,#853,.F.);
#397=ORIENTED_EDGE('',*,*,#630,.T.);
#398=ORIENTED_EDGE('',*,*,#851,.T.);
#399=ORIENTED_EDGE('',*,*,#761,.T.);
#400=ORIENTED_EDGE('',*,*,#854,.F.);
#401=ORIENTED_EDGE('',*,*,#631,.F.);
#402=ORIENTED_EDGE('',*,*,#853,.T.);
#403=ORIENTED_EDGE('',*,*,#763,.F.);
#404=ORIENTED_EDGE('',*,*,#855,.F.);
#405=ORIENTED_EDGE('',*,*,#625,.T.);
#406=ORIENTED_EDGE('',*,*,#856,.T.);
#407=ORIENTED_EDGE('',*,*,#766,.F.);
#408=ORIENTED_EDGE('',*,*,#857,.F.);
#409=ORIENTED_EDGE('',*,*,#626,.T.);
#410=ORIENTED_EDGE('',*,*,#855,.T.);
#411=ORIENTED_EDGE('',*,*,#765,.T.);
#412=ORIENTED_EDGE('',*,*,#858,.F.);
#413=ORIENTED_EDGE('',*,*,#627,.F.);
#414=ORIENTED_EDGE('',*,*,#857,.T.);
#415=ORIENTED_EDGE('',*,*,#767,.F.);
#416=ORIENTED_EDGE('',*,*,#859,.F.);
#417=ORIENTED_EDGE('',*,*,#621,.T.);
#418=ORIENTED_EDGE('',*,*,#860,.T.);
#419=ORIENTED_EDGE('',*,*,#770,.F.);
#420=ORIENTED_EDGE('',*,*,#861,.F.);
#421=ORIENTED_EDGE('',*,*,#622,.T.);
#422=ORIENTED_EDGE('',*,*,#859,.T.);
#423=ORIENTED_EDGE('',*,*,#769,.T.);
#424=ORIENTED_EDGE('',*,*,#862,.F.);
#425=ORIENTED_EDGE('',*,*,#623,.F.);
#426=ORIENTED_EDGE('',*,*,#861,.T.);
#427=ORIENTED_EDGE('',*,*,#771,.F.);
#428=ORIENTED_EDGE('',*,*,#863,.F.);
#429=ORIENTED_EDGE('',*,*,#617,.T.);
#430=ORIENTED_EDGE('',*,*,#864,.T.);
#431=ORIENTED_EDGE('',*,*,#774,.F.);
#432=ORIENTED_EDGE('',*,*,#865,.F.);
#433=ORIENTED_EDGE('',*,*,#618,.T.);
#434=ORIENTED_EDGE('',*,*,#863,.T.);
#435=ORIENTED_EDGE('',*,*,#773,.T.);
#436=ORIENTED_EDGE('',*,*,#866,.F.);
#437=ORIENTED_EDGE('',*,*,#619,.F.);
#438=ORIENTED_EDGE('',*,*,#865,.T.);
#439=ORIENTED_EDGE('',*,*,#775,.F.);
#440=ORIENTED_EDGE('',*,*,#867,.F.);
#441=ORIENTED_EDGE('',*,*,#613,.T.);
#442=ORIENTED_EDGE('',*,*,#868,.T.);
#443=ORIENTED_EDGE('',*,*,#778,.F.);
#444=ORIENTED_EDGE('',*,*,#869,.F.);
#445=ORIENTED_EDGE('',*,*,#614,.T.);
#446=ORIENTED_EDGE('',*,*,#867,.T.);
#447=ORIENTED_EDGE('',*,*,#777,.T.);
#448=ORIENTED_EDGE('',*,*,#870,.F.);
#449=ORIENTED_EDGE('',*,*,#615,.F.);
#450=ORIENTED_EDGE('',*,*,#869,.T.);
#451=ORIENTED_EDGE('',*,*,#779,.F.);
#452=ORIENTED_EDGE('',*,*,#871,.F.);
#453=ORIENTED_EDGE('',*,*,#609,.T.);
#454=ORIENTED_EDGE('',*,*,#872,.T.);
#455=ORIENTED_EDGE('',*,*,#782,.F.);
#456=ORIENTED_EDGE('',*,*,#873,.F.);
#457=ORIENTED_EDGE('',*,*,#610,.T.);
#458=ORIENTED_EDGE('',*,*,#871,.T.);
#459=ORIENTED_EDGE('',*,*,#781,.T.);
#460=ORIENTED_EDGE('',*,*,#874,.F.);
#461=ORIENTED_EDGE('',*,*,#611,.F.);
#462=ORIENTED_EDGE('',*,*,#873,.T.);
#463=ORIENTED_EDGE('',*,*,#783,.F.);
#464=ORIENTED_EDGE('',*,*,#875,.F.);
#465=ORIENTED_EDGE('',*,*,#605,.T.);
#466=ORIENTED_EDGE('',*,*,#876,.T.);
#467=ORIENTED_EDGE('',*,*,#786,.T.);
#468=ORIENTED_EDGE('',*,*,#877,.F.);
#469=ORIENTED_EDGE('',*,*,#606,.F.);
#470=ORIENTED_EDGE('',*,*,#875,.T.);
#471=ORIENTED_EDGE('',*,*,#785,.T.);
#472=ORIENTED_EDGE('',*,*,#878,.F.);
#473=ORIENTED_EDGE('',*,*,#607,.F.);
#474=ORIENTED_EDGE('',*,*,#877,.T.);
#475=ORIENTED_EDGE('',*,*,#788,.F.);
#476=ORIENTED_EDGE('',*,*,#600,.F.);
#477=ORIENTED_EDGE('',*,*,#699,.T.);
#478=ORIENTED_EDGE('',*,*,#879,.T.);
#479=ORIENTED_EDGE('',*,*,#793,.F.);
#480=ORIENTED_EDGE('',*,*,#880,.F.);
#481=ORIENTED_EDGE('',*,*,#694,.T.);
#482=ORIENTED_EDGE('',*,*,#603,.T.);
#483=ORIENTED_EDGE('',*,*,#792,.F.);
#484=ORIENTED_EDGE('',*,*,#881,.F.);
#485=ORIENTED_EDGE('',*,*,#695,.T.);
#486=ORIENTED_EDGE('',*,*,#880,.T.);
#487=ORIENTED_EDGE('',*,*,#791,.F.);
#488=ORIENTED_EDGE('',*,*,#882,.F.);
#489=ORIENTED_EDGE('',*,*,#696,.T.);
#490=ORIENTED_EDGE('',*,*,#881,.T.);
#491=ORIENTED_EDGE('',*,*,#790,.F.);
#492=ORIENTED_EDGE('',*,*,#883,.F.);
#493=ORIENTED_EDGE('',*,*,#697,.T.);
#494=ORIENTED_EDGE('',*,*,#882,.T.);
#495=ORIENTED_EDGE('',*,*,#690,.T.);
#496=ORIENTED_EDGE('',*,*,#701,.F.);
#497=ORIENTED_EDGE('',*,*,#689,.T.);
#498=ORIENTED_EDGE('',*,*,#702,.F.);
#499=ORIENTED_EDGE('',*,*,#704,.F.);
#500=ORIENTED_EDGE('',*,*,#796,.F.);
#501=ORIENTED_EDGE('',*,*,#688,.T.);
#502=ORIENTED_EDGE('',*,*,#798,.T.);
#503=ORIENTED_EDGE('',*,*,#708,.T.);
#504=ORIENTED_EDGE('',*,*,#800,.F.);
#505=ORIENTED_EDGE('',*,*,#684,.F.);
#506=ORIENTED_EDGE('',*,*,#802,.T.);
#507=ORIENTED_EDGE('',*,*,#712,.T.);
#508=ORIENTED_EDGE('',*,*,#804,.F.);
#509=ORIENTED_EDGE('',*,*,#680,.F.);
#510=ORIENTED_EDGE('',*,*,#806,.T.);
#511=ORIENTED_EDGE('',*,*,#716,.T.);
#512=ORIENTED_EDGE('',*,*,#808,.F.);
#513=ORIENTED_EDGE('',*,*,#676,.F.);
#514=ORIENTED_EDGE('',*,*,#810,.T.);
#515=ORIENTED_EDGE('',*,*,#720,.T.);
#516=ORIENTED_EDGE('',*,*,#812,.F.);
#517=ORIENTED_EDGE('',*,*,#672,.F.);
#518=ORIENTED_EDGE('',*,*,#814,.T.);
#519=ORIENTED_EDGE('',*,*,#724,.T.);
#520=ORIENTED_EDGE('',*,*,#816,.F.);
#521=ORIENTED_EDGE('',*,*,#668,.F.);
#522=ORIENTED_EDGE('',*,*,#818,.T.);
#523=ORIENTED_EDGE('',*,*,#728,.T.);
#524=ORIENTED_EDGE('',*,*,#820,.F.);
#525=ORIENTED_EDGE('',*,*,#664,.F.);
#526=ORIENTED_EDGE('',*,*,#822,.T.);
#527=ORIENTED_EDGE('',*,*,#732,.T.);
#528=ORIENTED_EDGE('',*,*,#824,.F.);
#529=ORIENTED_EDGE('',*,*,#660,.F.);
#530=ORIENTED_EDGE('',*,*,#826,.T.);
#531=ORIENTED_EDGE('',*,*,#736,.T.);
#532=ORIENTED_EDGE('',*,*,#828,.F.);
#533=ORIENTED_EDGE('',*,*,#656,.F.);
#534=ORIENTED_EDGE('',*,*,#830,.T.);
#535=ORIENTED_EDGE('',*,*,#740,.T.);
#536=ORIENTED_EDGE('',*,*,#832,.F.);
#537=ORIENTED_EDGE('',*,*,#652,.F.);
#538=ORIENTED_EDGE('',*,*,#834,.T.);
#539=ORIENTED_EDGE('',*,*,#744,.T.);
#540=ORIENTED_EDGE('',*,*,#836,.F.);
#541=ORIENTED_EDGE('',*,*,#648,.F.);
#542=ORIENTED_EDGE('',*,*,#838,.T.);
#543=ORIENTED_EDGE('',*,*,#748,.T.);
#544=ORIENTED_EDGE('',*,*,#840,.F.);
#545=ORIENTED_EDGE('',*,*,#644,.F.);
#546=ORIENTED_EDGE('',*,*,#842,.T.);
#547=ORIENTED_EDGE('',*,*,#752,.T.);
#548=ORIENTED_EDGE('',*,*,#844,.F.);
#549=ORIENTED_EDGE('',*,*,#640,.F.);
#550=ORIENTED_EDGE('',*,*,#846,.T.);
#551=ORIENTED_EDGE('',*,*,#756,.T.);
#552=ORIENTED_EDGE('',*,*,#848,.F.);
#553=ORIENTED_EDGE('',*,*,#636,.F.);
#554=ORIENTED_EDGE('',*,*,#850,.T.);
#555=ORIENTED_EDGE('',*,*,#760,.T.);
#556=ORIENTED_EDGE('',*,*,#852,.F.);
#557=ORIENTED_EDGE('',*,*,#632,.F.);
#558=ORIENTED_EDGE('',*,*,#854,.T.);
#559=ORIENTED_EDGE('',*,*,#764,.T.);
#560=ORIENTED_EDGE('',*,*,#856,.F.);
#561=ORIENTED_EDGE('',*,*,#628,.F.);
#562=ORIENTED_EDGE('',*,*,#858,.T.);
#563=ORIENTED_EDGE('',*,*,#768,.T.);
#564=ORIENTED_EDGE('',*,*,#860,.F.);
#565=ORIENTED_EDGE('',*,*,#624,.F.);
#566=ORIENTED_EDGE('',*,*,#862,.T.);
#567=ORIENTED_EDGE('',*,*,#772,.T.);
#568=ORIENTED_EDGE('',*,*,#864,.F.);
#569=ORIENTED_EDGE('',*,*,#620,.F.);
#570=ORIENTED_EDGE('',*,*,#866,.T.);
#571=ORIENTED_EDGE('',*,*,#776,.T.);
#572=ORIENTED_EDGE('',*,*,#868,.F.);
#573=ORIENTED_EDGE('',*,*,#616,.F.);
#574=ORIENTED_EDGE('',*,*,#870,.T.);
#575=ORIENTED_EDGE('',*,*,#780,.T.);
#576=ORIENTED_EDGE('',*,*,#872,.F.);
#577=ORIENTED_EDGE('',*,*,#612,.F.);
#578=ORIENTED_EDGE('',*,*,#874,.T.);
#579=ORIENTED_EDGE('',*,*,#784,.F.);
#580=ORIENTED_EDGE('',*,*,#876,.F.);
#581=ORIENTED_EDGE('',*,*,#608,.T.);
#582=ORIENTED_EDGE('',*,*,#878,.T.);
#583=ORIENTED_EDGE('',*,*,#789,.F.);
#584=ORIENTED_EDGE('',*,*,#879,.F.);
#585=ORIENTED_EDGE('',*,*,#698,.T.);
#586=ORIENTED_EDGE('',*,*,#883,.T.);
#587=ORIENTED_EDGE('',*,*,#691,.T.);
#588=ORIENTED_EDGE('',*,*,#700,.F.);
#589=ORIENTED_EDGE('',*,*,#692,.F.);
#590=ORIENTED_EDGE('',*,*,#598,.F.);
#591=ORIENTED_EDGE('',*,*,#787,.T.);
#592=ORIENTED_EDGE('',*,*,#884,.T.);
#593=ORIENTED_EDGE('',*,*,#693,.F.);
#594=ORIENTED_EDGE('',*,*,#884,.F.);
#595=ORIENTED_EDGE('',*,*,#794,.T.);
#596=ORIENTED_EDGE('',*,*,#601,.T.);
#597=EDGE_CURVE('',#885,#886,#1079,.T.);
#598=EDGE_CURVE('',#885,#887,#1080,.T.);
#599=EDGE_CURVE('',#887,#888,#1081,.T.);
#600=EDGE_CURVE('',#888,#886,#1082,.T.);
#601=EDGE_CURVE('',#889,#890,#1083,.T.);
#602=EDGE_CURVE('',#889,#891,#1084,.T.);
#603=EDGE_CURVE('',#892,#891,#1085,.T.);
#604=EDGE_CURVE('',#890,#892,#1086,.T.);
#605=EDGE_CURVE('',#893,#894,#1087,.T.);
#606=EDGE_CURVE('',#893,#895,#1088,.T.);
#607=EDGE_CURVE('',#895,#896,#1089,.T.);
#608=EDGE_CURVE('',#894,#896,#1090,.T.);
#609=EDGE_CURVE('',#897,#898,#1091,.T.);
#610=EDGE_CURVE('',#899,#897,#1092,.T.);
#611=EDGE_CURVE('',#899,#900,#1093,.T.);
#612=EDGE_CURVE('',#900,#898,#1094,.T.);
#613=EDGE_CURVE('',#901,#902,#1095,.T.);
#614=EDGE_CURVE('',#903,#901,#1096,.T.);
#615=EDGE_CURVE('',#903,#904,#1097,.T.);
#616=EDGE_CURVE('',#904,#902,#1098,.T.);
#617=EDGE_CURVE('',#905,#906,#1099,.T.);
#618=EDGE_CURVE('',#907,#905,#1100,.T.);
#619=EDGE_CURVE('',#907,#908,#1101,.T.);
#620=EDGE_CURVE('',#908,#906,#1102,.T.);
#621=EDGE_CURVE('',#909,#910,#1103,.T.);
#622=EDGE_CURVE('',#911,#909,#1104,.T.);
#623=EDGE_CURVE('',#911,#912,#1105,.T.);
#624=EDGE_CURVE('',#912,#910,#1106,.T.);
#625=EDGE_CURVE('',#913,#914,#1107,.T.);
#626=EDGE_CURVE('',#915,#913,#1108,.T.);
#627=EDGE_CURVE('',#915,#916,#1109,.T.);
#628=EDGE_CURVE('',#916,#914,#1110,.T.);
#629=EDGE_CURVE('',#917,#918,#1111,.T.);
#630=EDGE_CURVE('',#919,#917,#1112,.T.);
#631=EDGE_CURVE('',#919,#920,#1113,.T.);
#632=EDGE_CURVE('',#920,#918,#1114,.T.);
#633=EDGE_CURVE('',#921,#922,#1115,.T.);
#634=EDGE_CURVE('',#923,#921,#1116,.T.);
#635=EDGE_CURVE('',#923,#924,#1117,.T.);
#636=EDGE_CURVE('',#924,#922,#1118,.T.);
#637=EDGE_CURVE('',#925,#926,#1119,.T.);
#638=EDGE_CURVE('',#927,#925,#1120,.T.);
#639=EDGE_CURVE('',#927,#928,#1121,.T.);
#640=EDGE_CURVE('',#928,#926,#1122,.T.);
#641=EDGE_CURVE('',#929,#930,#1123,.T.);
#642=EDGE_CURVE('',#931,#929,#1124,.T.);
#643=EDGE_CURVE('',#931,#932,#1125,.T.);
#644=EDGE_CURVE('',#932,#930,#1126,.T.);
#645=EDGE_CURVE('',#933,#934,#1127,.T.);
#646=EDGE_CURVE('',#935,#933,#1128,.T.);
#647=EDGE_CURVE('',#935,#936,#1129,.T.);
#648=EDGE_CURVE('',#936,#934,#1130,.T.);
#649=EDGE_CURVE('',#937,#938,#1131,.T.);
#650=EDGE_CURVE('',#939,#937,#1132,.T.);
#651=EDGE_CURVE('',#939,#940,#1133,.T.);
#652=EDGE_CURVE('',#940,#938,#1134,.T.);
#653=EDGE_CURVE('',#941,#942,#1135,.T.);
#654=EDGE_CURVE('',#943,#941,#1136,.T.);
#655=EDGE_CURVE('',#943,#944,#1137,.T.);
#656=EDGE_CURVE('',#944,#942,#1138,.T.);
#657=EDGE_CURVE('',#945,#946,#1139,.T.);
#658=EDGE_CURVE('',#947,#945,#1140,.T.);
#659=EDGE_CURVE('',#947,#948,#1141,.T.);
#660=EDGE_CURVE('',#948,#946,#1142,.T.);
#661=EDGE_CURVE('',#949,#950,#1143,.T.);
#662=EDGE_CURVE('',#951,#949,#1144,.T.);
#663=EDGE_CURVE('',#951,#952,#1145,.T.);
#664=EDGE_CURVE('',#952,#950,#1146,.T.);
#665=EDGE_CURVE('',#953,#954,#1147,.T.);
#666=EDGE_CURVE('',#955,#953,#1148,.T.);
#667=EDGE_CURVE('',#955,#956,#1149,.T.);
#668=EDGE_CURVE('',#956,#954,#1150,.T.);
#669=EDGE_CURVE('',#957,#958,#1151,.T.);
#670=EDGE_CURVE('',#959,#957,#1152,.T.);
#671=EDGE_CURVE('',#959,#960,#1153,.T.);
#672=EDGE_CURVE('',#960,#958,#1154,.T.);
#673=EDGE_CURVE('',#961,#962,#1155,.T.);
#674=EDGE_CURVE('',#963,#961,#1156,.T.);
#675=EDGE_CURVE('',#963,#964,#1157,.T.);
#676=EDGE_CURVE('',#964,#962,#1158,.T.);
#677=EDGE_CURVE('',#965,#966,#1159,.T.);
#678=EDGE_CURVE('',#967,#965,#1160,.T.);
#679=EDGE_CURVE('',#967,#968,#1161,.T.);
#680=EDGE_CURVE('',#968,#966,#1162,.T.);
#681=EDGE_CURVE('',#969,#970,#1163,.T.);
#682=EDGE_CURVE('',#971,#969,#1164,.T.);
#683=EDGE_CURVE('',#971,#972,#1165,.T.);
#684=EDGE_CURVE('',#972,#970,#1166,.T.);
#685=EDGE_CURVE('',#973,#974,#1167,.T.);
#686=EDGE_CURVE('',#973,#975,#1168,.T.);
#687=EDGE_CURVE('',#975,#976,#1169,.T.);
#688=EDGE_CURVE('',#974,#976,#1170,.T.);
#689=EDGE_CURVE('',#977,#977,#15,.T.);
#690=EDGE_CURVE('',#978,#978,#16,.T.);
#691=EDGE_CURVE('',#979,#979,#17,.T.);
#692=EDGE_CURVE('',#887,#980,#1171,.T.);
#693=EDGE_CURVE('',#980,#890,#1172,.T.);
#694=EDGE_CURVE('',#981,#892,#1173,.T.);
#695=EDGE_CURVE('',#982,#981,#1174,.T.);
#696=EDGE_CURVE('',#983,#982,#1175,.T.);
#697=EDGE_CURVE('',#984,#983,#1176,.T.);
#698=EDGE_CURVE('',#985,#984,#1177,.T.);
#699=EDGE_CURVE('',#888,#985,#1178,.T.);
#700=EDGE_CURVE('',#986,#986,#18,.T.);
#701=EDGE_CURVE('',#987,#987,#19,.T.);
#702=EDGE_CURVE('',#988,#988,#20,.T.);
#703=EDGE_CURVE('',#989,#990,#1179,.T.);
#704=EDGE_CURVE('',#990,#991,#1180,.T.);
#705=EDGE_CURVE('',#992,#991,#1181,.T.);
#706=EDGE_CURVE('',#989,#992,#1182,.T.);
#707=EDGE_CURVE('',#993,#994,#1183,.T.);
#708=EDGE_CURVE('',#995,#994,#1184,.T.);
#709=EDGE_CURVE('',#996,#995,#1185,.T.);
#710=EDGE_CURVE('',#996,#993,#1186,.T.);
#711=EDGE_CURVE('',#997,#998,#1187,.T.);
#712=EDGE_CURVE('',#999,#998,#1188,.T.);
#713=EDGE_CURVE('',#1000,#999,#1189,.T.);
#714=EDGE_CURVE('',#1000,#997,#1190,.T.);
#715=EDGE_CURVE('',#1001,#1002,#1191,.T.);
#716=EDGE_CURVE('',#1003,#1002,#1192,.T.);
#717=EDGE_CURVE('',#1004,#1003,#1193,.T.);
#718=EDGE_CURVE('',#1004,#1001,#1194,.T.);
#719=EDGE_CURVE('',#1005,#1006,#1195,.T.);
#720=EDGE_CURVE('',#1007,#1006,#1196,.T.);
#721=EDGE_CURVE('',#1008,#1007,#1197,.T.);
#722=EDGE_CURVE('',#1008,#1005,#1198,.T.);
#723=EDGE_CURVE('',#1009,#1010,#1199,.T.);
#724=EDGE_CURVE('',#1011,#1010,#1200,.T.);
#725=EDGE_CURVE('',#1012,#1011,#1201,.T.);
#726=EDGE_CURVE('',#1012,#1009,#1202,.T.);
#727=EDGE_CURVE('',#1013,#1014,#1203,.T.);
#728=EDGE_CURVE('',#1015,#1014,#1204,.T.);
#729=EDGE_CURVE('',#1016,#1015,#1205,.T.);
#730=EDGE_CURVE('',#1016,#1013,#1206,.T.);
#731=EDGE_CURVE('',#1017,#1018,#1207,.T.);
#732=EDGE_CURVE('',#1019,#1018,#1208,.T.);
#733=EDGE_CURVE('',#1020,#1019,#1209,.T.);
#734=EDGE_CURVE('',#1020,#1017,#1210,.T.);
#735=EDGE_CURVE('',#1021,#1022,#1211,.T.);
#736=EDGE_CURVE('',#1023,#1022,#1212,.T.);
#737=EDGE_CURVE('',#1024,#1023,#1213,.T.);
#738=EDGE_CURVE('',#1024,#1021,#1214,.T.);
#739=EDGE_CURVE('',#1025,#1026,#1215,.T.);
#740=EDGE_CURVE('',#1027,#1026,#1216,.T.);
#741=EDGE_CURVE('',#1028,#1027,#1217,.T.);
#742=EDGE_CURVE('',#1028,#1025,#1218,.T.);
#743=EDGE_CURVE('',#1029,#1030,#1219,.T.);
#744=EDGE_CURVE('',#1031,#1030,#1220,.T.);
#745=EDGE_CURVE('',#1032,#1031,#1221,.T.);
#746=EDGE_CURVE('',#1032,#1029,#1222,.T.);
#747=EDGE_CURVE('',#1033,#1034,#1223,.T.);
#748=EDGE_CURVE('',#1035,#1034,#1224,.T.);
#749=EDGE_CURVE('',#1036,#1035,#1225,.T.);
#750=EDGE_CURVE('',#1036,#1033,#1226,.T.);
#751=EDGE_CURVE('',#1037,#1038,#1227,.T.);
#752=EDGE_CURVE('',#1039,#1038,#1228,.T.);
#753=EDGE_CURVE('',#1040,#1039,#1229,.T.);
#754=EDGE_CURVE('',#1040,#1037,#1230,.T.);
#755=EDGE_CURVE('',#1041,#1042,#1231,.T.);
#756=EDGE_CURVE('',#1043,#1042,#1232,.T.);
#757=EDGE_CURVE('',#1044,#1043,#1233,.T.);
#758=EDGE_CURVE('',#1044,#1041,#1234,.T.);
#759=EDGE_CURVE('',#1045,#1046,#1235,.T.);
#760=EDGE_CURVE('',#1047,#1046,#1236,.T.);
#761=EDGE_CURVE('',#1048,#1047,#1237,.T.);
#762=EDGE_CURVE('',#1048,#1045,#1238,.T.);
#763=EDGE_CURVE('',#1049,#1050,#1239,.T.);
#764=EDGE_CURVE('',#1051,#1050,#1240,.T.);
#765=EDGE_CURVE('',#1052,#1051,#1241,.T.);
#766=EDGE_CURVE('',#1052,#1049,#1242,.T.);
#767=EDGE_CURVE('',#1053,#1054,#1243,.T.);
#768=EDGE_CURVE('',#1055,#1054,#1244,.T.);
#769=EDGE_CURVE('',#1056,#1055,#1245,.T.);
#770=EDGE_CURVE('',#1056,#1053,#1246,.T.);
#771=EDGE_CURVE('',#1057,#1058,#1247,.T.);
#772=EDGE_CURVE('',#1059,#1058,#1248,.T.);
#773=EDGE_CURVE('',#1060,#1059,#1249,.T.);
#774=EDGE_CURVE('',#1060,#1057,#1250,.T.);
#775=EDGE_CURVE('',#1061,#1062,#1251,.T.);
#776=EDGE_CURVE('',#1063,#1062,#1252,.T.);
#777=EDGE_CURVE('',#1064,#1063,#1253,.T.);
#778=EDGE_CURVE('',#1064,#1061,#1254,.T.);
#779=EDGE_CURVE('',#1065,#1066,#1255,.T.);
#780=EDGE_CURVE('',#1067,#1066,#1256,.T.);
#781=EDGE_CURVE('',#1068,#1067,#1257,.T.);
#782=EDGE_CURVE('',#1068,#1065,#1258,.T.);
#783=EDGE_CURVE('',#1069,#1070,#1259,.T.);
#784=EDGE_CURVE('',#1070,#1071,#1260,.T.);
#785=EDGE_CURVE('',#1072,#1071,#1261,.T.);
#786=EDGE_CURVE('',#1069,#1072,#1262,.T.);
#787=EDGE_CURVE('',#885,#1073,#1263,.T.);
#788=EDGE_CURVE('',#886,#1074,#1264,.T.);
#789=EDGE_CURVE('',#1074,#1075,#1265,.T.);
#790=EDGE_CURVE('',#1075,#1076,#1266,.T.);
#791=EDGE_CURVE('',#1076,#1077,#1267,.T.);
#792=EDGE_CURVE('',#1077,#1078,#1268,.T.);
#793=EDGE_CURVE('',#1078,#891,#1269,.T.);
#794=EDGE_CURVE('',#1073,#889,#1270,.T.);
#795=EDGE_CURVE('',#973,#989,#1271,.T.);
#796=EDGE_CURVE('',#974,#990,#1272,.T.);
#797=EDGE_CURVE('',#975,#992,#1273,.T.);
#798=EDGE_CURVE('',#976,#991,#1274,.T.);
#799=EDGE_CURVE('',#969,#993,#1275,.T.);
#800=EDGE_CURVE('',#970,#994,#1276,.T.);
#801=EDGE_CURVE('',#971,#996,#1277,.T.);
#802=EDGE_CURVE('',#972,#995,#1278,.T.);
#803=EDGE_CURVE('',#965,#997,#1279,.T.);
#804=EDGE_CURVE('',#966,#998,#1280,.T.);
#805=EDGE_CURVE('',#967,#1000,#1281,.T.);
#806=EDGE_CURVE('',#968,#999,#1282,.T.);
#807=EDGE_CURVE('',#961,#1001,#1283,.T.);
#808=EDGE_CURVE('',#962,#1002,#1284,.T.);
#809=EDGE_CURVE('',#963,#1004,#1285,.T.);
#810=EDGE_CURVE('',#964,#1003,#1286,.T.);
#811=EDGE_CURVE('',#957,#1005,#1287,.T.);
#812=EDGE_CURVE('',#958,#1006,#1288,.T.);
#813=EDGE_CURVE('',#959,#1008,#1289,.T.);
#814=EDGE_CURVE('',#960,#1007,#1290,.T.);
#815=EDGE_CURVE('',#953,#1009,#1291,.T.);
#816=EDGE_CURVE('',#954,#1010,#1292,.T.);
#817=EDGE_CURVE('',#955,#1012,#1293,.T.);
#818=EDGE_CURVE('',#956,#1011,#1294,.T.);
#819=EDGE_CURVE('',#949,#1013,#1295,.T.);
#820=EDGE_CURVE('',#950,#1014,#1296,.T.);
#821=EDGE_CURVE('',#951,#1016,#1297,.T.);
#822=EDGE_CURVE('',#952,#1015,#1298,.T.);
#823=EDGE_CURVE('',#945,#1017,#1299,.T.);
#824=EDGE_CURVE('',#946,#1018,#1300,.T.);
#825=EDGE_CURVE('',#947,#1020,#1301,.T.);
#826=EDGE_CURVE('',#948,#1019,#1302,.T.);
#827=EDGE_CURVE('',#941,#1021,#1303,.T.);
#828=EDGE_CURVE('',#942,#1022,#1304,.T.);
#829=EDGE_CURVE('',#943,#1024,#1305,.T.);
#830=EDGE_CURVE('',#944,#1023,#1306,.T.);
#831=EDGE_CURVE('',#937,#1025,#1307,.T.);
#832=EDGE_CURVE('',#938,#1026,#1308,.T.);
#833=EDGE_CURVE('',#939,#1028,#1309,.T.);
#834=EDGE_CURVE('',#940,#1027,#1310,.T.);
#835=EDGE_CURVE('',#933,#1029,#1311,.T.);
#836=EDGE_CURVE('',#934,#1030,#1312,.T.);
#837=EDGE_CURVE('',#935,#1032,#1313,.T.);
#838=EDGE_CURVE('',#936,#1031,#1314,.T.);
#839=EDGE_CURVE('',#929,#1033,#1315,.T.);
#840=EDGE_CURVE('',#930,#1034,#1316,.T.);
#841=EDGE_CURVE('',#931,#1036,#1317,.T.);
#842=EDGE_CURVE('',#932,#1035,#1318,.T.);
#843=EDGE_CURVE('',#925,#1037,#1319,.T.);
#844=EDGE_CURVE('',#926,#1038,#1320,.T.);
#845=EDGE_CURVE('',#927,#1040,#1321,.T.);
#846=EDGE_CURVE('',#928,#1039,#1322,.T.);
#847=EDGE_CURVE('',#921,#1041,#1323,.T.);
#848=EDGE_CURVE('',#922,#1042,#1324,.T.);
#849=EDGE_CURVE('',#923,#1044,#1325,.T.);
#850=EDGE_CURVE('',#924,#1043,#1326,.T.);
#851=EDGE_CURVE('',#917,#1045,#1327,.T.);
#852=EDGE_CURVE('',#918,#1046,#1328,.T.);
#853=EDGE_CURVE('',#919,#1048,#1329,.T.);
#854=EDGE_CURVE('',#920,#1047,#1330,.T.);
#855=EDGE_CURVE('',#913,#1049,#1331,.T.);
#856=EDGE_CURVE('',#914,#1050,#1332,.T.);
#857=EDGE_CURVE('',#915,#1052,#1333,.T.);
#858=EDGE_CURVE('',#916,#1051,#1334,.T.);
#859=EDGE_CURVE('',#909,#1053,#1335,.T.);
#860=EDGE_CURVE('',#910,#1054,#1336,.T.);
#861=EDGE_CURVE('',#911,#1056,#1337,.T.);
#862=EDGE_CURVE('',#912,#1055,#1338,.T.);
#863=EDGE_CURVE('',#905,#1057,#1339,.T.);
#864=EDGE_CURVE('',#906,#1058,#1340,.T.);
#865=EDGE_CURVE('',#907,#1060,#1341,.T.);
#866=EDGE_CURVE('',#908,#1059,#1342,.T.);
#867=EDGE_CURVE('',#901,#1061,#1343,.T.);
#868=EDGE_CURVE('',#902,#1062,#1344,.T.);
#869=EDGE_CURVE('',#903,#1064,#1345,.T.);
#870=EDGE_CURVE('',#904,#1063,#1346,.T.);
#871=EDGE_CURVE('',#897,#1065,#1347,.T.);
#872=EDGE_CURVE('',#898,#1066,#1348,.T.);
#873=EDGE_CURVE('',#899,#1068,#1349,.T.);
#874=EDGE_CURVE('',#900,#1067,#1350,.T.);
#875=EDGE_CURVE('',#893,#1069,#1351,.T.);
#876=EDGE_CURVE('',#894,#1070,#1352,.T.);
#877=EDGE_CURVE('',#895,#1072,#1353,.T.);
#878=EDGE_CURVE('',#896,#1071,#1354,.T.);
#879=EDGE_CURVE('',#985,#1074,#1355,.T.);
#880=EDGE_CURVE('',#981,#1078,#1356,.T.);
#881=EDGE_CURVE('',#982,#1077,#1357,.T.);
#882=EDGE_CURVE('',#983,#1076,#1358,.T.);
#883=EDGE_CURVE('',#984,#1075,#1359,.T.);
#884=EDGE_CURVE('',#1073,#980,#1360,.T.);
#885=VERTEX_POINT('',#2753);
#886=VERTEX_POINT('',#2754);
#887=VERTEX_POINT('',#2756);
#888=VERTEX_POINT('',#2758);
#889=VERTEX_POINT('',#2762);
#890=VERTEX_POINT('',#2763);
#891=VERTEX_POINT('',#2765);
#892=VERTEX_POINT('',#2767);
#893=VERTEX_POINT('',#2771);
#894=VERTEX_POINT('',#2772);
#895=VERTEX_POINT('',#2774);
#896=VERTEX_POINT('',#2776);
#897=VERTEX_POINT('',#2779);
#898=VERTEX_POINT('',#2780);
#899=VERTEX_POINT('',#2782);
#900=VERTEX_POINT('',#2784);
#901=VERTEX_POINT('',#2787);
#902=VERTEX_POINT('',#2788);
#903=VERTEX_POINT('',#2790);
#904=VERTEX_POINT('',#2792);
#905=VERTEX_POINT('',#2795);
#906=VERTEX_POINT('',#2796);
#907=VERTEX_POINT('',#2798);
#908=VERTEX_POINT('',#2800);
#909=VERTEX_POINT('',#2803);
#910=VERTEX_POINT('',#2804);
#911=VERTEX_POINT('',#2806);
#912=VERTEX_POINT('',#2808);
#913=VERTEX_POINT('',#2811);
#914=VERTEX_POINT('',#2812);
#915=VERTEX_POINT('',#2814);
#916=VERTEX_POINT('',#2816);
#917=VERTEX_POINT('',#2819);
#918=VERTEX_POINT('',#2820);
#919=VERTEX_POINT('',#2822);
#920=VERTEX_POINT('',#2824);
#921=VERTEX_POINT('',#2827);
#922=VERTEX_POINT('',#2828);
#923=VERTEX_POINT('',#2830);
#924=VERTEX_POINT('',#2832);
#925=VERTEX_POINT('',#2835);
#926=VERTEX_POINT('',#2836);
#927=VERTEX_POINT('',#2838);
#928=VERTEX_POINT('',#2840);
#929=VERTEX_POINT('',#2843);
#930=VERTEX_POINT('',#2844);
#931=VERTEX_POINT('',#2846);
#932=VERTEX_POINT('',#2848);
#933=VERTEX_POINT('',#2851);
#934=VERTEX_POINT('',#2852);
#935=VERTEX_POINT('',#2854);
#936=VERTEX_POINT('',#2856);
#937=VERTEX_POINT('',#2859);
#938=VERTEX_POINT('',#2860);
#939=VERTEX_POINT('',#2862);
#940=VERTEX_POINT('',#2864);
#941=VERTEX_POINT('',#2867);
#942=VERTEX_POINT('',#2868);
#943=VERTEX_POINT('',#2870);
#944=VERTEX_POINT('',#2872);
#945=VERTEX_POINT('',#2875);
#946=VERTEX_POINT('',#2876);
#947=VERTEX_POINT('',#2878);
#948=VERTEX_POINT('',#2880);
#949=VERTEX_POINT('',#2883);
#950=VERTEX_POINT('',#2884);
#951=VERTEX_POINT('',#2886);
#952=VERTEX_POINT('',#2888);
#953=VERTEX_POINT('',#2891);
#954=VERTEX_POINT('',#2892);
#955=VERTEX_POINT('',#2894);
#956=VERTEX_POINT('',#2896);
#957=VERTEX_POINT('',#2899);
#958=VERTEX_POINT('',#2900);
#959=VERTEX_POINT('',#2902);
#960=VERTEX_POINT('',#2904);
#961=VERTEX_POINT('',#2907);
#962=VERTEX_POINT('',#2908);
#963=VERTEX_POINT('',#2910);
#964=VERTEX_POINT('',#2912);
#965=VERTEX_POINT('',#2915);
#966=VERTEX_POINT('',#2916);
#967=VERTEX_POINT('',#2918);
#968=VERTEX_POINT('',#2920);
#969=VERTEX_POINT('',#2923);
#970=VERTEX_POINT('',#2924);
#971=VERTEX_POINT('',#2926);
#972=VERTEX_POINT('',#2928);
#973=VERTEX_POINT('',#2931);
#974=VERTEX_POINT('',#2932);
#975=VERTEX_POINT('',#2934);
#976=VERTEX_POINT('',#2936);
#977=VERTEX_POINT('',#2939);
#978=VERTEX_POINT('',#2941);
#979=VERTEX_POINT('',#2943);
#980=VERTEX_POINT('',#2945);
#981=VERTEX_POINT('',#2948);
#982=VERTEX_POINT('',#2950);
#983=VERTEX_POINT('',#2952);
#984=VERTEX_POINT('',#2954);
#985=VERTEX_POINT('',#2956);
#986=VERTEX_POINT('',#2960);
#987=VERTEX_POINT('',#2962);
#988=VERTEX_POINT('',#2964);
#989=VERTEX_POINT('',#2966);
#990=VERTEX_POINT('',#2967);
#991=VERTEX_POINT('',#2969);
#992=VERTEX_POINT('',#2971);
#993=VERTEX_POINT('',#2974);
#994=VERTEX_POINT('',#2975);
#995=VERTEX_POINT('',#2977);
#996=VERTEX_POINT('',#2979);
#997=VERTEX_POINT('',#2982);
#998=VERTEX_POINT('',#2983);
#999=VERTEX_POINT('',#2985);
#1000=VERTEX_POINT('',#2987);
#1001=VERTEX_POINT('',#2990);
#1002=VERTEX_POINT('',#2991);
#1003=VERTEX_POINT('',#2993);
#1004=VERTEX_POINT('',#2995);
#1005=VERTEX_POINT('',#2998);
#1006=VERTEX_POINT('',#2999);
#1007=VERTEX_POINT('',#3001);
#1008=VERTEX_POINT('',#3003);
#1009=VERTEX_POINT('',#3006);
#1010=VERTEX_POINT('',#3007);
#1011=VERTEX_POINT('',#3009);
#1012=VERTEX_POINT('',#3011);
#1013=VERTEX_POINT('',#3014);
#1014=VERTEX_POINT('',#3015);
#1015=VERTEX_POINT('',#3017);
#1016=VERTEX_POINT('',#3019);
#1017=VERTEX_POINT('',#3022);
#1018=VERTEX_POINT('',#3023);
#1019=VERTEX_POINT('',#3025);
#1020=VERTEX_POINT('',#3027);
#1021=VERTEX_POINT('',#3030);
#1022=VERTEX_POINT('',#3031);
#1023=VERTEX_POINT('',#3033);
#1024=VERTEX_POINT('',#3035);
#1025=VERTEX_POINT('',#3038);
#1026=VERTEX_POINT('',#3039);
#1027=VERTEX_POINT('',#3041);
#1028=VERTEX_POINT('',#3043);
#1029=VERTEX_POINT('',#3046);
#1030=VERTEX_POINT('',#3047);
#1031=VERTEX_POINT('',#3049);
#1032=VERTEX_POINT('',#3051);
#1033=VERTEX_POINT('',#3054);
#1034=VERTEX_POINT('',#3055);
#1035=VERTEX_POINT('',#3057);
#1036=VERTEX_POINT('',#3059);
#1037=VERTEX_POINT('',#3062);
#1038=VERTEX_POINT('',#3063);
#1039=VERTEX_POINT('',#3065);
#1040=VERTEX_POINT('',#3067);
#1041=VERTEX_POINT('',#3070);
#1042=VERTEX_POINT('',#3071);
#1043=VERTEX_POINT('',#3073);
#1044=VERTEX_POINT('',#3075);
#1045=VERTEX_POINT('',#3078);
#1046=VERTEX_POINT('',#3079);
#1047=VERTEX_POINT('',#3081);
#1048=VERTEX_POINT('',#3083);
#1049=VERTEX_POINT('',#3086);
#1050=VERTEX_POINT('',#3087);
#1051=VERTEX_POINT('',#3089);
#1052=VERTEX_POINT('',#3091);
#1053=VERTEX_POINT('',#3094);
#1054=VERTEX_POINT('',#3095);
#1055=VERTEX_POINT('',#3097);
#1056=VERTEX_POINT('',#3099);
#1057=VERTEX_POINT('',#3102);
#1058=VERTEX_POINT('',#3103);
#1059=VERTEX_POINT('',#3105);
#1060=VERTEX_POINT('',#3107);
#1061=VERTEX_POINT('',#3110);
#1062=VERTEX_POINT('',#3111);
#1063=VERTEX_POINT('',#3113);
#1064=VERTEX_POINT('',#3115);
#1065=VERTEX_POINT('',#3118);
#1066=VERTEX_POINT('',#3119);
#1067=VERTEX_POINT('',#3121);
#1068=VERTEX_POINT('',#3123);
#1069=VERTEX_POINT('',#3126);
#1070=VERTEX_POINT('',#3127);
#1071=VERTEX_POINT('',#3129);
#1072=VERTEX_POINT('',#3131);
#1073=VERTEX_POINT('',#3134);
#1074=VERTEX_POINT('',#3136);
#1075=VERTEX_POINT('',#3138);
#1076=VERTEX_POINT('',#3140);
#1077=VERTEX_POINT('',#3142);
#1078=VERTEX_POINT('',#3144);
#1079=LINE('',#2752,#1361);
#1080=LINE('',#2755,#1362);
#1081=LINE('',#2757,#1363);
#1082=LINE('',#2759,#1364);
#1083=LINE('',#2761,#1365);
#1084=LINE('',#2764,#1366);
#1085=LINE('',#2766,#1367);
#1086=LINE('',#2768,#1368);
#1087=LINE('',#2770,#1369);
#1088=LINE('',#2773,#1370);
#1089=LINE('',#2775,#1371);
#1090=LINE('',#2777,#1372);
#1091=LINE('',#2778,#1373);
#1092=LINE('',#2781,#1374);
#1093=LINE('',#2783,#1375);
#1094=LINE('',#2785,#1376);
#1095=LINE('',#2786,#1377);
#1096=LINE('',#2789,#1378);
#1097=LINE('',#2791,#1379);
#1098=LINE('',#2793,#1380);
#1099=LINE('',#2794,#1381);
#1100=LINE('',#2797,#1382);
#1101=LINE('',#2799,#1383);
#1102=LINE('',#2801,#1384);
#1103=LINE('',#2802,#1385);
#1104=LINE('',#2805,#1386);
#1105=LINE('',#2807,#1387);
#1106=LINE('',#2809,#1388);
#1107=LINE('',#2810,#1389);
#1108=LINE('',#2813,#1390);
#1109=LINE('',#2815,#1391);
#1110=LINE('',#2817,#1392);
#1111=LINE('',#2818,#1393);
#1112=LINE('',#2821,#1394);
#1113=LINE('',#2823,#1395);
#1114=LINE('',#2825,#1396);
#1115=LINE('',#2826,#1397);
#1116=LINE('',#2829,#1398);
#1117=LINE('',#2831,#1399);
#1118=LINE('',#2833,#1400);
#1119=LINE('',#2834,#1401);
#1120=LINE('',#2837,#1402);
#1121=LINE('',#2839,#1403);
#1122=LINE('',#2841,#1404);
#1123=LINE('',#2842,#1405);
#1124=LINE('',#2845,#1406);
#1125=LINE('',#2847,#1407);
#1126=LINE('',#2849,#1408);
#1127=LINE('',#2850,#1409);
#1128=LINE('',#2853,#1410);
#1129=LINE('',#2855,#1411);
#1130=LINE('',#2857,#1412);
#1131=LINE('',#2858,#1413);
#1132=LINE('',#2861,#1414);
#1133=LINE('',#2863,#1415);
#1134=LINE('',#2865,#1416);
#1135=LINE('',#2866,#1417);
#1136=LINE('',#2869,#1418);
#1137=LINE('',#2871,#1419);
#1138=LINE('',#2873,#1420);
#1139=LINE('',#2874,#1421);
#1140=LINE('',#2877,#1422);
#1141=LINE('',#2879,#1423);
#1142=LINE('',#2881,#1424);
#1143=LINE('',#2882,#1425);
#1144=LINE('',#2885,#1426);
#1145=LINE('',#2887,#1427);
#1146=LINE('',#2889,#1428);
#1147=LINE('',#2890,#1429);
#1148=LINE('',#2893,#1430);
#1149=LINE('',#2895,#1431);
#1150=LINE('',#2897,#1432);
#1151=LINE('',#2898,#1433);
#1152=LINE('',#2901,#1434);
#1153=LINE('',#2903,#1435);
#1154=LINE('',#2905,#1436);
#1155=LINE('',#2906,#1437);
#1156=LINE('',#2909,#1438);
#1157=LINE('',#2911,#1439);
#1158=LINE('',#2913,#1440);
#1159=LINE('',#2914,#1441);
#1160=LINE('',#2917,#1442);
#1161=LINE('',#2919,#1443);
#1162=LINE('',#2921,#1444);
#1163=LINE('',#2922,#1445);
#1164=LINE('',#2925,#1446);
#1165=LINE('',#2927,#1447);
#1166=LINE('',#2929,#1448);
#1167=LINE('',#2930,#1449);
#1168=LINE('',#2933,#1450);
#1169=LINE('',#2935,#1451);
#1170=LINE('',#2937,#1452);
#1171=LINE('',#2944,#1453);
#1172=LINE('',#2946,#1454);
#1173=LINE('',#2947,#1455);
#1174=LINE('',#2949,#1456);
#1175=LINE('',#2951,#1457);
#1176=LINE('',#2953,#1458);
#1177=LINE('',#2955,#1459);
#1178=LINE('',#2957,#1460);
#1179=LINE('',#2965,#1461);
#1180=LINE('',#2968,#1462);
#1181=LINE('',#2970,#1463);
#1182=LINE('',#2972,#1464);
#1183=LINE('',#2973,#1465);
#1184=LINE('',#2976,#1466);
#1185=LINE('',#2978,#1467);
#1186=LINE('',#2980,#1468);
#1187=LINE('',#2981,#1469);
#1188=LINE('',#2984,#1470);
#1189=LINE('',#2986,#1471);
#1190=LINE('',#2988,#1472);
#1191=LINE('',#2989,#1473);
#1192=LINE('',#2992,#1474);
#1193=LINE('',#2994,#1475);
#1194=LINE('',#2996,#1476);
#1195=LINE('',#2997,#1477);
#1196=LINE('',#3000,#1478);
#1197=LINE('',#3002,#1479);
#1198=LINE('',#3004,#1480);
#1199=LINE('',#3005,#1481);
#1200=LINE('',#3008,#1482);
#1201=LINE('',#3010,#1483);
#1202=LINE('',#3012,#1484);
#1203=LINE('',#3013,#1485);
#1204=LINE('',#3016,#1486);
#1205=LINE('',#3018,#1487);
#1206=LINE('',#3020,#1488);
#1207=LINE('',#3021,#1489);
#1208=LINE('',#3024,#1490);
#1209=LINE('',#3026,#1491);
#1210=LINE('',#3028,#1492);
#1211=LINE('',#3029,#1493);
#1212=LINE('',#3032,#1494);
#1213=LINE('',#3034,#1495);
#1214=LINE('',#3036,#1496);
#1215=LINE('',#3037,#1497);
#1216=LINE('',#3040,#1498);
#1217=LINE('',#3042,#1499);
#1218=LINE('',#3044,#1500);
#1219=LINE('',#3045,#1501);
#1220=LINE('',#3048,#1502);
#1221=LINE('',#3050,#1503);
#1222=LINE('',#3052,#1504);
#1223=LINE('',#3053,#1505);
#1224=LINE('',#3056,#1506);
#1225=LINE('',#3058,#1507);
#1226=LINE('',#3060,#1508);
#1227=LINE('',#3061,#1509);
#1228=LINE('',#3064,#1510);
#1229=LINE('',#3066,#1511);
#1230=LINE('',#3068,#1512);
#1231=LINE('',#3069,#1513);
#1232=LINE('',#3072,#1514);
#1233=LINE('',#3074,#1515);
#1234=LINE('',#3076,#1516);
#1235=LINE('',#3077,#1517);
#1236=LINE('',#3080,#1518);
#1237=LINE('',#3082,#1519);
#1238=LINE('',#3084,#1520);
#1239=LINE('',#3085,#1521);
#1240=LINE('',#3088,#1522);
#1241=LINE('',#3090,#1523);
#1242=LINE('',#3092,#1524);
#1243=LINE('',#3093,#1525);
#1244=LINE('',#3096,#1526);
#1245=LINE('',#3098,#1527);
#1246=LINE('',#3100,#1528);
#1247=LINE('',#3101,#1529);
#1248=LINE('',#3104,#1530);
#1249=LINE('',#3106,#1531);
#1250=LINE('',#3108,#1532);
#1251=LINE('',#3109,#1533);
#1252=LINE('',#3112,#1534);
#1253=LINE('',#3114,#1535);
#1254=LINE('',#3116,#1536);
#1255=LINE('',#3117,#1537);
#1256=LINE('',#3120,#1538);
#1257=LINE('',#3122,#1539);
#1258=LINE('',#3124,#1540);
#1259=LINE('',#3125,#1541);
#1260=LINE('',#3128,#1542);
#1261=LINE('',#3130,#1543);
#1262=LINE('',#3132,#1544);
#1263=LINE('',#3133,#1545);
#1264=LINE('',#3135,#1546);
#1265=LINE('',#3137,#1547);
#1266=LINE('',#3139,#1548);
#1267=LINE('',#3141,#1549);
#1268=LINE('',#3143,#1550);
#1269=LINE('',#3145,#1551);
#1270=LINE('',#3146,#1552);
#1271=LINE('',#3148,#1553);
#1272=LINE('',#3149,#1554);
#1273=LINE('',#3151,#1555);
#1274=LINE('',#3153,#1556);
#1275=LINE('',#3155,#1557);
#1276=LINE('',#3156,#1558);
#1277=LINE('',#3158,#1559);
#1278=LINE('',#3160,#1560);
#1279=LINE('',#3162,#1561);
#1280=LINE('',#3163,#1562);
#1281=LINE('',#3165,#1563);
#1282=LINE('',#3167,#1564);
#1283=LINE('',#3169,#1565);
#1284=LINE('',#3170,#1566);
#1285=LINE('',#3172,#1567);
#1286=LINE('',#3174,#1568);
#1287=LINE('',#3176,#1569);
#1288=LINE('',#3177,#1570);
#1289=LINE('',#3179,#1571);
#1290=LINE('',#3181,#1572);
#1291=LINE('',#3183,#1573);
#1292=LINE('',#3184,#1574);
#1293=LINE('',#3186,#1575);
#1294=LINE('',#3188,#1576);
#1295=LINE('',#3190,#1577);
#1296=LINE('',#3191,#1578);
#1297=LINE('',#3193,#1579);
#1298=LINE('',#3195,#1580);
#1299=LINE('',#3197,#1581);
#1300=LINE('',#3198,#1582);
#1301=LINE('',#3200,#1583);
#1302=LINE('',#3202,#1584);
#1303=LINE('',#3204,#1585);
#1304=LINE('',#3205,#1586);
#1305=LINE('',#3207,#1587);
#1306=LINE('',#3209,#1588);
#1307=LINE('',#3211,#1589);
#1308=LINE('',#3212,#1590);
#1309=LINE('',#3214,#1591);
#1310=LINE('',#3216,#1592);
#1311=LINE('',#3218,#1593);
#1312=LINE('',#3219,#1594);
#1313=LINE('',#3221,#1595);
#1314=LINE('',#3223,#1596);
#1315=LINE('',#3225,#1597);
#1316=LINE('',#3226,#1598);
#1317=LINE('',#3228,#1599);
#1318=LINE('',#3230,#1600);
#1319=LINE('',#3232,#1601);
#1320=LINE('',#3233,#1602);
#1321=LINE('',#3235,#1603);
#1322=LINE('',#3237,#1604);
#1323=LINE('',#3239,#1605);
#1324=LINE('',#3240,#1606);
#1325=LINE('',#3242,#1607);
#1326=LINE('',#3244,#1608);
#1327=LINE('',#3246,#1609);
#1328=LINE('',#3247,#1610);
#1329=LINE('',#3249,#1611);
#1330=LINE('',#3251,#1612);
#1331=LINE('',#3253,#1613);
#1332=LINE('',#3254,#1614);
#1333=LINE('',#3256,#1615);
#1334=LINE('',#3258,#1616);
#1335=LINE('',#3260,#1617);
#1336=LINE('',#3261,#1618);
#1337=LINE('',#3263,#1619);
#1338=LINE('',#3265,#1620);
#1339=LINE('',#3267,#1621);
#1340=LINE('',#3268,#1622);
#1341=LINE('',#3270,#1623);
#1342=LINE('',#3272,#1624);
#1343=LINE('',#3274,#1625);
#1344=LINE('',#3275,#1626);
#1345=LINE('',#3277,#1627);
#1346=LINE('',#3279,#1628);
#1347=LINE('',#3281,#1629);
#1348=LINE('',#3282,#1630);
#1349=LINE('',#3284,#1631);
#1350=LINE('',#3286,#1632);
#1351=LINE('',#3288,#1633);
#1352=LINE('',#3289,#1634);
#1353=LINE('',#3291,#1635);
#1354=LINE('',#3293,#1636);
#1355=LINE('',#3295,#1637);
#1356=LINE('',#3297,#1638);
#1357=LINE('',#3299,#1639);
#1358=LINE('',#3301,#1640);
#1359=LINE('',#3303,#1641);
#1360=LINE('',#3330,#1642);
#1361=VECTOR('',#2260,1.);
#1362=VECTOR('',#2261,1.);
#1363=VECTOR('',#2262,1.);
#1364=VECTOR('',#2263,1.);
#1365=VECTOR('',#2266,1.);
#1366=VECTOR('',#2267,1.);
#1367=VECTOR('',#2268,1.);
#1368=VECTOR('',#2269,1.);
#1369=VECTOR('',#2272,1.);
#1370=VECTOR('',#2273,1.);
#1371=VECTOR('',#2274,1.);
#1372=VECTOR('',#2275,1.);
#1373=VECTOR('',#2276,1.);
#1374=VECTOR('',#2277,1.);
#1375=VECTOR('',#2278,1.);
#1376=VECTOR('',#2279,1.);
#1377=VECTOR('',#2280,1.);
#1378=VECTOR('',#2281,1.);
#1379=VECTOR('',#2282,1.);
#1380=VECTOR('',#2283,1.);
#1381=VECTOR('',#2284,1.);
#1382=VECTOR('',#2285,1.);
#1383=VECTOR('',#2286,1.);
#1384=VECTOR('',#2287,1.);
#1385=VECTOR('',#2288,1.);
#1386=VECTOR('',#2289,1.);
#1387=VECTOR('',#2290,1.);
#1388=VECTOR('',#2291,1.);
#1389=VECTOR('',#2292,1.);
#1390=VECTOR('',#2293,1.);
#1391=VECTOR('',#2294,1.);
#1392=VECTOR('',#2295,1.);
#1393=VECTOR('',#2296,1.);
#1394=VECTOR('',#2297,1.);
#1395=VECTOR('',#2298,1.);
#1396=VECTOR('',#2299,1.);
#1397=VECTOR('',#2300,1.);
#1398=VECTOR('',#2301,1.);
#1399=VECTOR('',#2302,1.);
#1400=VECTOR('',#2303,1.);
#1401=VECTOR('',#2304,1.);
#1402=VECTOR('',#2305,1.);
#1403=VECTOR('',#2306,1.);
#1404=VECTOR('',#2307,1.);
#1405=VECTOR('',#2308,1.);
#1406=VECTOR('',#2309,1.);
#1407=VECTOR('',#2310,1.);
#1408=VECTOR('',#2311,1.);
#1409=VECTOR('',#2312,1.);
#1410=VECTOR('',#2313,1.);
#1411=VECTOR('',#2314,1.);
#1412=VECTOR('',#2315,1.);
#1413=VECTOR('',#2316,1.);
#1414=VECTOR('',#2317,1.);
#1415=VECTOR('',#2318,1.);
#1416=VECTOR('',#2319,1.);
#1417=VECTOR('',#2320,1.);
#1418=VECTOR('',#2321,1.);
#1419=VECTOR('',#2322,1.);
#1420=VECTOR('',#2323,1.);
#1421=VECTOR('',#2324,1.);
#1422=VECTOR('',#2325,1.);
#1423=VECTOR('',#2326,1.);
#1424=VECTOR('',#2327,1.);
#1425=VECTOR('',#2328,1.);
#1426=VECTOR('',#2329,1.);
#1427=VECTOR('',#2330,1.);
#1428=VECTOR('',#2331,1.);
#1429=VECTOR('',#2332,1.);
#1430=VECTOR('',#2333,1.);
#1431=VECTOR('',#2334,1.);
#1432=VECTOR('',#2335,1.);
#1433=VECTOR('',#2336,1.);
#1434=VECTOR('',#2337,1.);
#1435=VECTOR('',#2338,1.);
#1436=VECTOR('',#2339,1.);
#1437=VECTOR('',#2340,1.);
#1438=VECTOR('',#2341,1.);
#1439=VECTOR('',#2342,1.);
#1440=VECTOR('',#2343,1.);
#1441=VECTOR('',#2344,1.);
#1442=VECTOR('',#2345,1.);
#1443=VECTOR('',#2346,1.);
#1444=VECTOR('',#2347,1.);
#1445=VECTOR('',#2348,1.);
#1446=VECTOR('',#2349,1.);
#1447=VECTOR('',#2350,1.);
#1448=VECTOR('',#2351,1.);
#1449=VECTOR('',#2352,1.);
#1450=VECTOR('',#2353,1.);
#1451=VECTOR('',#2354,1.);
#1452=VECTOR('',#2355,1.);
#1453=VECTOR('',#2362,1.);
#1454=VECTOR('',#2363,1.);
#1455=VECTOR('',#2364,1.);
#1456=VECTOR('',#2365,1.);
#1457=VECTOR('',#2366,1.);
#1458=VECTOR('',#2367,1.);
#1459=VECTOR('',#2368,1.);
#1460=VECTOR('',#2369,1.);
#1461=VECTOR('',#2378,1.);
#1462=VECTOR('',#2379,1.);
#1463=VECTOR('',#2380,1.);
#1464=VECTOR('',#2381,1.);
#1465=VECTOR('',#2382,1.);
#1466=VECTOR('',#2383,1.);
#1467=VECTOR('',#2384,1.);
#1468=VECTOR('',#2385,1.);
#1469=VECTOR('',#2386,1.);
#1470=VECTOR('',#2387,1.);
#1471=VECTOR('',#2388,1.);
#1472=VECTOR('',#2389,1.);
#1473=VECTOR('',#2390,1.);
#1474=VECTOR('',#2391,1.);
#1475=VECTOR('',#2392,1.);
#1476=VECTOR('',#2393,1.);
#1477=VECTOR('',#2394,1.);
#1478=VECTOR('',#2395,1.);
#1479=VECTOR('',#2396,1.);
#1480=VECTOR('',#2397,1.);
#1481=VECTOR('',#2398,1.);
#1482=VECTOR('',#2399,1.);
#1483=VECTOR('',#2400,1.);
#1484=VECTOR('',#2401,1.);
#1485=VECTOR('',#2402,1.);
#1486=VECTOR('',#2403,1.);
#1487=VECTOR('',#2404,1.);
#1488=VECTOR('',#2405,1.);
#1489=VECTOR('',#2406,1.);
#1490=VECTOR('',#2407,1.);
#1491=VECTOR('',#2408,1.);
#1492=VECTOR('',#2409,1.);
#1493=VECTOR('',#2410,1.);
#1494=VECTOR('',#2411,1.);
#1495=VECTOR('',#2412,1.);
#1496=VECTOR('',#2413,1.);
#1497=VECTOR('',#2414,1.);
#1498=VECTOR('',#2415,1.);
#1499=VECTOR('',#2416,1.);
#1500=VECTOR('',#2417,1.);
#1501=VECTOR('',#2418,1.);
#1502=VECTOR('',#2419,1.);
#1503=VECTOR('',#2420,1.);
#1504=VECTOR('',#2421,1.);
#1505=VECTOR('',#2422,1.);
#1506=VECTOR('',#2423,1.);
#1507=VECTOR('',#2424,1.);
#1508=VECTOR('',#2425,1.);
#1509=VECTOR('',#2426,1.);
#1510=VECTOR('',#2427,1.);
#1511=VECTOR('',#2428,1.);
#1512=VECTOR('',#2429,1.);
#1513=VECTOR('',#2430,1.);
#1514=VECTOR('',#2431,1.);
#1515=VECTOR('',#2432,1.);
#1516=VECTOR('',#2433,1.);
#1517=VECTOR('',#2434,1.);
#1518=VECTOR('',#2435,1.);
#1519=VECTOR('',#2436,1.);
#1520=VECTOR('',#2437,1.);
#1521=VECTOR('',#2438,1.);
#1522=VECTOR('',#2439,1.);
#1523=VECTOR('',#2440,1.);
#1524=VECTOR('',#2441,1.);
#1525=VECTOR('',#2442,1.);
#1526=VECTOR('',#2443,1.);
#1527=VECTOR('',#2444,1.);
#1528=VECTOR('',#2445,1.);
#1529=VECTOR('',#2446,1.);
#1530=VECTOR('',#2447,1.);
#1531=VECTOR('',#2448,1.);
#1532=VECTOR('',#2449,1.);
#1533=VECTOR('',#2450,1.);
#1534=VECTOR('',#2451,1.);
#1535=VECTOR('',#2452,1.);
#1536=VECTOR('',#2453,1.);
#1537=VECTOR('',#2454,1.);
#1538=VECTOR('',#2455,1.);
#1539=VECTOR('',#2456,1.);
#1540=VECTOR('',#2457,1.);
#1541=VECTOR('',#2458,1.);
#1542=VECTOR('',#2459,1.);
#1543=VECTOR('',#2460,1.);
#1544=VECTOR('',#2461,1.);
#1545=VECTOR('',#2462,1.);
#1546=VECTOR('',#2463,1.);
#1547=VECTOR('',#2464,1.);
#1548=VECTOR('',#2465,1.);
#1549=VECTOR('',#2466,1.);
#1550=VECTOR('',#2467,1.);
#1551=VECTOR('',#2468,1.);
#1552=VECTOR('',#2469,1.);
#1553=VECTOR('',#2472,1.);
#1554=VECTOR('',#2473,1.);
#1555=VECTOR('',#2476,1.);
#1556=VECTOR('',#2479,1.);
#1557=VECTOR('',#2482,1.);
#1558=VECTOR('',#2483,1.);
#1559=VECTOR('',#2486,1.);
#1560=VECTOR('',#2489,1.);
#1561=VECTOR('',#2492,1.);
#1562=VECTOR('',#2493,1.);
#1563=VECTOR('',#2496,1.);
#1564=VECTOR('',#2499,1.);
#1565=VECTOR('',#2502,1.);
#1566=VECTOR('',#2503,1.);
#1567=VECTOR('',#2506,1.);
#1568=VECTOR('',#2509,1.);
#1569=VECTOR('',#2512,1.);
#1570=VECTOR('',#2513,1.);
#1571=VECTOR('',#2516,1.);
#1572=VECTOR('',#2519,1.);
#1573=VECTOR('',#2522,1.);
#1574=VECTOR('',#2523,1.);
#1575=VECTOR('',#2526,1.);
#1576=VECTOR('',#2529,1.);
#1577=VECTOR('',#2532,1.);
#1578=VECTOR('',#2533,1.);
#1579=VECTOR('',#2536,1.);
#1580=VECTOR('',#2539,1.);
#1581=VECTOR('',#2542,1.);
#1582=VECTOR('',#2543,1.);
#1583=VECTOR('',#2546,1.);
#1584=VECTOR('',#2549,1.);
#1585=VECTOR('',#2552,1.);
#1586=VECTOR('',#2553,1.);
#1587=VECTOR('',#2556,1.);
#1588=VECTOR('',#2559,1.);
#1589=VECTOR('',#2562,1.);
#1590=VECTOR('',#2563,1.);
#1591=VECTOR('',#2566,1.);
#1592=VECTOR('',#2569,1.);
#1593=VECTOR('',#2572,1.);
#1594=VECTOR('',#2573,1.);
#1595=VECTOR('',#2576,1.);
#1596=VECTOR('',#2579,1.);
#1597=VECTOR('',#2582,1.);
#1598=VECTOR('',#2583,1.);
#1599=VECTOR('',#2586,1.);
#1600=VECTOR('',#2589,1.);
#1601=VECTOR('',#2592,1.);
#1602=VECTOR('',#2593,1.);
#1603=VECTOR('',#2596,1.);
#1604=VECTOR('',#2599,1.);
#1605=VECTOR('',#2602,1.);
#1606=VECTOR('',#2603,1.);
#1607=VECTOR('',#2606,1.);
#1608=VECTOR('',#2609,1.);
#1609=VECTOR('',#2612,1.);
#1610=VECTOR('',#2613,1.);
#1611=VECTOR('',#2616,1.);
#1612=VECTOR('',#2619,1.);
#1613=VECTOR('',#2622,1.);
#1614=VECTOR('',#2623,1.);
#1615=VECTOR('',#2626,1.);
#1616=VECTOR('',#2629,1.);
#1617=VECTOR('',#2632,1.);
#1618=VECTOR('',#2633,1.);
#1619=VECTOR('',#2636,1.);
#1620=VECTOR('',#2639,1.);
#1621=VECTOR('',#2642,1.);
#1622=VECTOR('',#2643,1.);
#1623=VECTOR('',#2646,1.);
#1624=VECTOR('',#2649,1.);
#1625=VECTOR('',#2652,1.);
#1626=VECTOR('',#2653,1.);
#1627=VECTOR('',#2656,1.);
#1628=VECTOR('',#2659,1.);
#1629=VECTOR('',#2662,1.);
#1630=VECTOR('',#2663,1.);
#1631=VECTOR('',#2666,1.);
#1632=VECTOR('',#2669,1.);
#1633=VECTOR('',#2672,1.);
#1634=VECTOR('',#2673,1.);
#1635=VECTOR('',#2676,1.);
#1636=VECTOR('',#2679,1.);
#1637=VECTOR('',#2682,1.);
#1638=VECTOR('',#2685,1.);
#1639=VECTOR('',#2688,1.);
#1640=VECTOR('',#2691,1.);
#1641=VECTOR('',#2694,1.);
#1642=VECTOR('',#2747,1.);
#1643=EDGE_LOOP('',(#21,#22,#23,#24));
#1644=EDGE_LOOP('',(#25,#26,#27,#28));
#1645=EDGE_LOOP('',(#29,#30,#31,#32));
#1646=EDGE_LOOP('',(#33,#34,#35,#36));
#1647=EDGE_LOOP('',(#37,#38,#39,#40));
#1648=EDGE_LOOP('',(#41,#42,#43,#44));
#1649=EDGE_LOOP('',(#45,#46,#47,#48));
#1650=EDGE_LOOP('',(#49,#50,#51,#52));
#1651=EDGE_LOOP('',(#53,#54,#55,#56));
#1652=EDGE_LOOP('',(#57,#58,#59,#60));
#1653=EDGE_LOOP('',(#61,#62,#63,#64));
#1654=EDGE_LOOP('',(#65,#66,#67,#68));
#1655=EDGE_LOOP('',(#69,#70,#71,#72));
#1656=EDGE_LOOP('',(#73,#74,#75,#76));
#1657=EDGE_LOOP('',(#77,#78,#79,#80));
#1658=EDGE_LOOP('',(#81,#82,#83,#84));
#1659=EDGE_LOOP('',(#85,#86,#87,#88));
#1660=EDGE_LOOP('',(#89,#90,#91,#92));
#1661=EDGE_LOOP('',(#93,#94,#95,#96));
#1662=EDGE_LOOP('',(#97,#98,#99,#100));
#1663=EDGE_LOOP('',(#101,#102,#103,#104));
#1664=EDGE_LOOP('',(#105,#106,#107,#108));
#1665=EDGE_LOOP('',(#109,#110,#111,#112));
#1666=EDGE_LOOP('',(#113));
#1667=EDGE_LOOP('',(#114));
#1668=EDGE_LOOP('',(#115));
#1669=EDGE_LOOP('',(#116,#117,#118,#119,#120,#121,#122,#123,#124,#125));
#1670=EDGE_LOOP('',(#126));
#1671=EDGE_LOOP('',(#127));
#1672=EDGE_LOOP('',(#128));
#1673=EDGE_LOOP('',(#129,#130,#131,#132));
#1674=EDGE_LOOP('',(#133,#134,#135,#136));
#1675=EDGE_LOOP('',(#137,#138,#139,#140));
#1676=EDGE_LOOP('',(#141,#142,#143,#144));
#1677=EDGE_LOOP('',(#145,#146,#147,#148));
#1678=EDGE_LOOP('',(#149,#150,#151,#152));
#1679=EDGE_LOOP('',(#153,#154,#155,#156));
#1680=EDGE_LOOP('',(#157,#158,#159,#160));
#1681=EDGE_LOOP('',(#161,#162,#163,#164));
#1682=EDGE_LOOP('',(#165,#166,#167,#168));
#1683=EDGE_LOOP('',(#169,#170,#171,#172));
#1684=EDGE_LOOP('',(#173,#174,#175,#176));
#1685=EDGE_LOOP('',(#177,#178,#179,#180));
#1686=EDGE_LOOP('',(#181,#182,#183,#184));
#1687=EDGE_LOOP('',(#185,#186,#187,#188));
#1688=EDGE_LOOP('',(#189,#190,#191,#192));
#1689=EDGE_LOOP('',(#193,#194,#195,#196));
#1690=EDGE_LOOP('',(#197,#198,#199,#200));
#1691=EDGE_LOOP('',(#201,#202,#203,#204));
#1692=EDGE_LOOP('',(#205,#206,#207,#208));
#1693=EDGE_LOOP('',(#209,#210,#211,#212));
#1694=EDGE_LOOP('',(#213,#214,#215,#216,#217,#218,#219,#220,#221,#222));
#1695=EDGE_LOOP('',(#223,#224,#225,#226));
#1696=EDGE_LOOP('',(#227,#228,#229,#230));
#1697=EDGE_LOOP('',(#231,#232,#233,#234));
#1698=EDGE_LOOP('',(#235,#236,#237,#238));
#1699=EDGE_LOOP('',(#239,#240,#241,#242));
#1700=EDGE_LOOP('',(#243,#244,#245,#246));
#1701=EDGE_LOOP('',(#247,#248,#249,#250));
#1702=EDGE_LOOP('',(#251,#252,#253,#254));
#1703=EDGE_LOOP('',(#255,#256,#257,#258));
#1704=EDGE_LOOP('',(#259,#260,#261,#262));
#1705=EDGE_LOOP('',(#263,#264,#265,#266));
#1706=EDGE_LOOP('',(#267,#268,#269,#270));
#1707=EDGE_LOOP('',(#271,#272,#273,#274));
#1708=EDGE_LOOP('',(#275,#276,#277,#278));
#1709=EDGE_LOOP('',(#279,#280,#281,#282));
#1710=EDGE_LOOP('',(#283,#284,#285,#286));
#1711=EDGE_LOOP('',(#287,#288,#289,#290));
#1712=EDGE_LOOP('',(#291,#292,#293,#294));
#1713=EDGE_LOOP('',(#295,#296,#297,#298));
#1714=EDGE_LOOP('',(#299,#300,#301,#302));
#1715=EDGE_LOOP('',(#303,#304,#305,#306));
#1716=EDGE_LOOP('',(#307,#308,#309,#310));
#1717=EDGE_LOOP('',(#311,#312,#313,#314));
#1718=EDGE_LOOP('',(#315,#316,#317,#318));
#1719=EDGE_LOOP('',(#319,#320,#321,#322));
#1720=EDGE_LOOP('',(#323,#324,#325,#326));
#1721=EDGE_LOOP('',(#327,#328,#329,#330));
#1722=EDGE_LOOP('',(#331,#332,#333,#334));
#1723=EDGE_LOOP('',(#335,#336,#337,#338));
#1724=EDGE_LOOP('',(#339,#340,#341,#342));
#1725=EDGE_LOOP('',(#343,#344,#345,#346));
#1726=EDGE_LOOP('',(#347,#348,#349,#350));
#1727=EDGE_LOOP('',(#351,#352,#353,#354));
#1728=EDGE_LOOP('',(#355,#356,#357,#358));
#1729=EDGE_LOOP('',(#359,#360,#361,#362));
#1730=EDGE_LOOP('',(#363,#364,#365,#366));
#1731=EDGE_LOOP('',(#367,#368,#369,#370));
#1732=EDGE_LOOP('',(#371,#372,#373,#374));
#1733=EDGE_LOOP('',(#375,#376,#377,#378));
#1734=EDGE_LOOP('',(#379,#380,#381,#382));
#1735=EDGE_LOOP('',(#383,#384,#385,#386));
#1736=EDGE_LOOP('',(#387,#388,#389,#390));
#1737=EDGE_LOOP('',(#391,#392,#393,#394));
#1738=EDGE_LOOP('',(#395,#396,#397,#398));
#1739=EDGE_LOOP('',(#399,#400,#401,#402));
#1740=EDGE_LOOP('',(#403,#404,#405,#406));
#1741=EDGE_LOOP('',(#407,#408,#409,#410));
#1742=EDGE_LOOP('',(#411,#412,#413,#414));
#1743=EDGE_LOOP('',(#415,#416,#417,#418));
#1744=EDGE_LOOP('',(#419,#420,#421,#422));
#1745=EDGE_LOOP('',(#423,#424,#425,#426));
#1746=EDGE_LOOP('',(#427,#428,#429,#430));
#1747=EDGE_LOOP('',(#431,#432,#433,#434));
#1748=EDGE_LOOP('',(#435,#436,#437,#438));
#1749=EDGE_LOOP('',(#439,#440,#441,#442));
#1750=EDGE_LOOP('',(#443,#444,#445,#446));
#1751=EDGE_LOOP('',(#447,#448,#449,#450));
#1752=EDGE_LOOP('',(#451,#452,#453,#454));
#1753=EDGE_LOOP('',(#455,#456,#457,#458));
#1754=EDGE_LOOP('',(#459,#460,#461,#462));
#1755=EDGE_LOOP('',(#463,#464,#465,#466));
#1756=EDGE_LOOP('',(#467,#468,#469,#470));
#1757=EDGE_LOOP('',(#471,#472,#473,#474));
#1758=EDGE_LOOP('',(#475,#476,#477,#478));
#1759=EDGE_LOOP('',(#479,#480,#481,#482));
#1760=EDGE_LOOP('',(#483,#484,#485,#486));
#1761=EDGE_LOOP('',(#487,#488,#489,#490));
#1762=EDGE_LOOP('',(#491,#492,#493,#494));
#1763=EDGE_LOOP('',(#495));
#1764=EDGE_LOOP('',(#496));
#1765=EDGE_LOOP('',(#497));
#1766=EDGE_LOOP('',(#498));
#1767=EDGE_LOOP('',(#499,#500,#501,#502));
#1768=EDGE_LOOP('',(#503,#504,#505,#506));
#1769=EDGE_LOOP('',(#507,#508,#509,#510));
#1770=EDGE_LOOP('',(#511,#512,#513,#514));
#1771=EDGE_LOOP('',(#515,#516,#517,#518));
#1772=EDGE_LOOP('',(#519,#520,#521,#522));
#1773=EDGE_LOOP('',(#523,#524,#525,#526));
#1774=EDGE_LOOP('',(#527,#528,#529,#530));
#1775=EDGE_LOOP('',(#531,#532,#533,#534));
#1776=EDGE_LOOP('',(#535,#536,#537,#538));
#1777=EDGE_LOOP('',(#539,#540,#541,#542));
#1778=EDGE_LOOP('',(#543,#544,#545,#546));
#1779=EDGE_LOOP('',(#547,#548,#549,#550));
#1780=EDGE_LOOP('',(#551,#552,#553,#554));
#1781=EDGE_LOOP('',(#555,#556,#557,#558));
#1782=EDGE_LOOP('',(#559,#560,#561,#562));
#1783=EDGE_LOOP('',(#563,#564,#565,#566));
#1784=EDGE_LOOP('',(#567,#568,#569,#570));
#1785=EDGE_LOOP('',(#571,#572,#573,#574));
#1786=EDGE_LOOP('',(#575,#576,#577,#578));
#1787=EDGE_LOOP('',(#579,#580,#581,#582));
#1788=EDGE_LOOP('',(#583,#584,#585,#586));
#1789=EDGE_LOOP('',(#587));
#1790=EDGE_LOOP('',(#588));
#1791=EDGE_LOOP('',(#589,#590,#591,#592));
#1792=EDGE_LOOP('',(#593,#594,#595,#596));
#1793=FACE_BOUND('',#1643,.T.);
#1794=FACE_BOUND('',#1644,.T.);
#1795=FACE_BOUND('',#1645,.T.);
#1796=FACE_BOUND('',#1646,.T.);
#1797=FACE_BOUND('',#1647,.T.);
#1798=FACE_BOUND('',#1648,.T.);
#1799=FACE_BOUND('',#1649,.T.);
#1800=FACE_BOUND('',#1650,.T.);
#1801=FACE_BOUND('',#1651,.T.);
#1802=FACE_BOUND('',#1652,.T.);
#1803=FACE_BOUND('',#1653,.T.);
#1804=FACE_BOUND('',#1654,.T.);
#1805=FACE_BOUND('',#1655,.T.);
#1806=FACE_BOUND('',#1656,.T.);
#1807=FACE_BOUND('',#1657,.T.);
#1808=FACE_BOUND('',#1658,.T.);
#1809=FACE_BOUND('',#1659,.T.);
#1810=FACE_BOUND('',#1660,.T.);
#1811=FACE_BOUND('',#1661,.T.);
#1812=FACE_BOUND('',#1662,.T.);
#1813=FACE_BOUND('',#1663,.T.);
#1814=FACE_BOUND('',#1664,.T.);
#1815=FACE_BOUND('',#1665,.T.);
#1816=FACE_BOUND('',#1666,.T.);
#1817=FACE_BOUND('',#1667,.T.);
#1818=FACE_BOUND('',#1668,.T.);
#1819=FACE_BOUND('',#1669,.T.);
#1820=FACE_BOUND('',#1670,.T.);
#1821=FACE_BOUND('',#1671,.T.);
#1822=FACE_BOUND('',#1672,.T.);
#1823=FACE_BOUND('',#1673,.T.);
#1824=FACE_BOUND('',#1674,.T.);
#1825=FACE_BOUND('',#1675,.T.);
#1826=FACE_BOUND('',#1676,.T.);
#1827=FACE_BOUND('',#1677,.T.);
#1828=FACE_BOUND('',#1678,.T.);
#1829=FACE_BOUND('',#1679,.T.);
#1830=FACE_BOUND('',#1680,.T.);
#1831=FACE_BOUND('',#1681,.T.);
#1832=FACE_BOUND('',#1682,.T.);
#1833=FACE_BOUND('',#1683,.T.);
#1834=FACE_BOUND('',#1684,.T.);
#1835=FACE_BOUND('',#1685,.T.);
#1836=FACE_BOUND('',#1686,.T.);
#1837=FACE_BOUND('',#1687,.T.);
#1838=FACE_BOUND('',#1688,.T.);
#1839=FACE_BOUND('',#1689,.T.);
#1840=FACE_BOUND('',#1690,.T.);
#1841=FACE_BOUND('',#1691,.T.);
#1842=FACE_BOUND('',#1692,.T.);
#1843=FACE_BOUND('',#1693,.T.);
#1844=FACE_BOUND('',#1694,.T.);
#1845=FACE_BOUND('',#1695,.T.);
#1846=FACE_BOUND('',#1696,.T.);
#1847=FACE_BOUND('',#1697,.T.);
#1848=FACE_BOUND('',#1698,.T.);
#1849=FACE_BOUND('',#1699,.T.);
#1850=FACE_BOUND('',#1700,.T.);
#1851=FACE_BOUND('',#1701,.T.);
#1852=FACE_BOUND('',#1702,.T.);
#1853=FACE_BOUND('',#1703,.T.);
#1854=FACE_BOUND('',#1704,.T.);
#1855=FACE_BOUND('',#1705,.T.);
#1856=FACE_BOUND('',#1706,.T.);
#1857=FACE_BOUND('',#1707,.T.);
#1858=FACE_BOUND('',#1708,.T.);
#1859=FACE_BOUND('',#1709,.T.);
#1860=FACE_BOUND('',#1710,.T.);
#1861=FACE_BOUND('',#1711,.T.);
#1862=FACE_BOUND('',#1712,.T.);
#1863=FACE_BOUND('',#1713,.T.);
#1864=FACE_BOUND('',#1714,.T.);
#1865=FACE_BOUND('',#1715,.T.);
#1866=FACE_BOUND('',#1716,.T.);
#1867=FACE_BOUND('',#1717,.T.);
#1868=FACE_BOUND('',#1718,.T.);
#1869=FACE_BOUND('',#1719,.T.);
#1870=FACE_BOUND('',#1720,.T.);
#1871=FACE_BOUND('',#1721,.T.);
#1872=FACE_BOUND('',#1722,.T.);
#1873=FACE_BOUND('',#1723,.T.);
#1874=FACE_BOUND('',#1724,.T.);
#1875=FACE_BOUND('',#1725,.T.);
#1876=FACE_BOUND('',#1726,.T.);
#1877=FACE_BOUND('',#1727,.T.);
#1878=FACE_BOUND('',#1728,.T.);
#1879=FACE_BOUND('',#1729,.T.);
#1880=FACE_BOUND('',#1730,.T.);
#1881=FACE_BOUND('',#1731,.T.);
#1882=FACE_BOUND('',#1732,.T.);
#1883=FACE_BOUND('',#1733,.T.);
#1884=FACE_BOUND('',#1734,.T.);
#1885=FACE_BOUND('',#1735,.T.);
#1886=FACE_BOUND('',#1736,.T.);
#1887=FACE_BOUND('',#1737,.T.);
#1888=FACE_BOUND('',#1738,.T.);
#1889=FACE_BOUND('',#1739,.T.);
#1890=FACE_BOUND('',#1740,.T.);
#1891=FACE_BOUND('',#1741,.T.);
#1892=FACE_BOUND('',#1742,.T.);
#1893=FACE_BOUND('',#1743,.T.);
#1894=FACE_BOUND('',#1744,.T.);
#1895=FACE_BOUND('',#1745,.T.);
#1896=FACE_BOUND('',#1746,.T.);
#1897=FACE_BOUND('',#1747,.T.);
#1898=FACE_BOUND('',#1748,.T.);
#1899=FACE_BOUND('',#1749,.T.);
#1900=FACE_BOUND('',#1750,.T.);
#1901=FACE_BOUND('',#1751,.T.);
#1902=FACE_BOUND('',#1752,.T.);
#1903=FACE_BOUND('',#1753,.T.);
#1904=FACE_BOUND('',#1754,.T.);
#1905=FACE_BOUND('',#1755,.T.);
#1906=FACE_BOUND('',#1756,.T.);
#1907=FACE_BOUND('',#1757,.T.);
#1908=FACE_BOUND('',#1758,.T.);
#1909=FACE_BOUND('',#1759,.T.);
#1910=FACE_BOUND('',#1760,.T.);
#1911=FACE_BOUND('',#1761,.T.);
#1912=FACE_BOUND('',#1762,.T.);
#1913=FACE_BOUND('',#1763,.T.);
#1914=FACE_BOUND('',#1764,.T.);
#1915=FACE_BOUND('',#1765,.T.);
#1916=FACE_BOUND('',#1766,.T.);
#1917=FACE_BOUND('',#1767,.T.);
#1918=FACE_BOUND('',#1768,.T.);
#1919=FACE_BOUND('',#1769,.T.);
#1920=FACE_BOUND('',#1770,.T.);
#1921=FACE_BOUND('',#1771,.T.);
#1922=FACE_BOUND('',#1772,.T.);
#1923=FACE_BOUND('',#1773,.T.);
#1924=FACE_BOUND('',#1774,.T.);
#1925=FACE_BOUND('',#1775,.T.);
#1926=FACE_BOUND('',#1776,.T.);
#1927=FACE_BOUND('',#1777,.T.);
#1928=FACE_BOUND('',#1778,.T.);
#1929=FACE_BOUND('',#1779,.T.);
#1930=FACE_BOUND('',#1780,.T.);
#1931=FACE_BOUND('',#1781,.T.);
#1932=FACE_BOUND('',#1782,.T.);
#1933=FACE_BOUND('',#1783,.T.);
#1934=FACE_BOUND('',#1784,.T.);
#1935=FACE_BOUND('',#1785,.T.);
#1936=FACE_BOUND('',#1786,.T.);
#1937=FACE_BOUND('',#1787,.T.);
#1938=FACE_BOUND('',#1788,.T.);
#1939=FACE_BOUND('',#1789,.T.);
#1940=FACE_BOUND('',#1790,.T.);
#1941=FACE_BOUND('',#1791,.T.);
#1942=FACE_BOUND('',#1792,.T.);
#1943=PLANE('',#2151);
#1944=PLANE('',#2152);
#1945=PLANE('',#2153);
#1946=PLANE('',#2157);
#1947=PLANE('',#2161);
#1948=PLANE('',#2162);
#1949=PLANE('',#2163);
#1950=PLANE('',#2164);
#1951=PLANE('',#2165);
#1952=PLANE('',#2166);
#1953=PLANE('',#2167);
#1954=PLANE('',#2168);
#1955=PLANE('',#2169);
#1956=PLANE('',#2170);
#1957=PLANE('',#2171);
#1958=PLANE('',#2172);
#1959=PLANE('',#2173);
#1960=PLANE('',#2174);
#1961=PLANE('',#2175);
#1962=PLANE('',#2176);
#1963=PLANE('',#2177);
#1964=PLANE('',#2178);
#1965=PLANE('',#2179);
#1966=PLANE('',#2180);
#1967=PLANE('',#2181);
#1968=PLANE('',#2182);
#1969=PLANE('',#2183);
#1970=PLANE('',#2184);
#1971=PLANE('',#2185);
#1972=PLANE('',#2186);
#1973=PLANE('',#2187);
#1974=PLANE('',#2188);
#1975=PLANE('',#2189);
#1976=PLANE('',#2190);
#1977=PLANE('',#2191);
#1978=PLANE('',#2192);
#1979=PLANE('',#2193);
#1980=PLANE('',#2194);
#1981=PLANE('',#2195);
#1982=PLANE('',#2196);
#1983=PLANE('',#2197);
#1984=PLANE('',#2198);
#1985=PLANE('',#2199);
#1986=PLANE('',#2200);
#1987=PLANE('',#2201);
#1988=PLANE('',#2202);
#1989=PLANE('',#2203);
#1990=PLANE('',#2204);
#1991=PLANE('',#2205);
#1992=PLANE('',#2206);
#1993=PLANE('',#2207);
#1994=PLANE('',#2208);
#1995=PLANE('',#2209);
#1996=PLANE('',#2210);
#1997=PLANE('',#2211);
#1998=PLANE('',#2212);
#1999=PLANE('',#2213);
#2000=PLANE('',#2214);
#2001=PLANE('',#2215);
#2002=PLANE('',#2216);
#2003=PLANE('',#2217);
#2004=PLANE('',#2218);
#2005=PLANE('',#2219);
#2006=PLANE('',#2220);
#2007=PLANE('',#2221);
#2008=PLANE('',#2222);
#2009=PLANE('',#2223);
#2010=PLANE('',#2224);
#2011=PLANE('',#2225);
#2012=PLANE('',#2226);
#2013=PLANE('',#2227);
#2014=PLANE('',#2228);
#2015=PLANE('',#2231);
#2016=PLANE('',#2232);
#2017=PLANE('',#2233);
#2018=PLANE('',#2234);
#2019=PLANE('',#2235);
#2020=PLANE('',#2236);
#2021=PLANE('',#2237);
#2022=PLANE('',#2238);
#2023=PLANE('',#2239);
#2024=PLANE('',#2240);
#2025=PLANE('',#2241);
#2026=PLANE('',#2242);
#2027=PLANE('',#2243);
#2028=PLANE('',#2244);
#2029=PLANE('',#2245);
#2030=PLANE('',#2246);
#2031=PLANE('',#2247);
#2032=PLANE('',#2248);
#2033=PLANE('',#2249);
#2034=PLANE('',#2250);
#2035=PLANE('',#2251);
#2036=PLANE('',#2252);
#2037=PLANE('',#2254);
#2038=PLANE('',#2255);
#2039=ADVANCED_FACE('',(#1793),#1943,.T.);
#2040=ADVANCED_FACE('',(#1794),#1944,.F.);
#2041=ADVANCED_FACE('',(#1795,#1796,#1797,#1798,#1799,#1800,#1801,#1802,
#1803,#1804,#1805,#1806,#1807,#1808,#1809,#1810,#1811,#1812,#1813,#1814,
#1815,#1816,#1817,#1818,#1819),#1945,.T.);
#2042=ADVANCED_FACE('',(#1820,#1821,#1822,#1823,#1824,#1825,#1826,#1827,
#1828,#1829,#1830,#1831,#1832,#1833,#1834,#1835,#1836,#1837,#1838,#1839,
#1840,#1841,#1842,#1843,#1844),#1946,.F.);
#2043=ADVANCED_FACE('',(#1845),#1947,.T.);
#2044=ADVANCED_FACE('',(#1846),#1948,.F.);
#2045=ADVANCED_FACE('',(#1847),#1949,.F.);
#2046=ADVANCED_FACE('',(#1848),#1950,.T.);
#2047=ADVANCED_FACE('',(#1849),#1951,.T.);
#2048=ADVANCED_FACE('',(#1850),#1952,.F.);
#2049=ADVANCED_FACE('',(#1851),#1953,.T.);
#2050=ADVANCED_FACE('',(#1852),#1954,.T.);
#2051=ADVANCED_FACE('',(#1853),#1955,.F.);
#2052=ADVANCED_FACE('',(#1854),#1956,.T.);
#2053=ADVANCED_FACE('',(#1855),#1957,.T.);
#2054=ADVANCED_FACE('',(#1856),#1958,.F.);
#2055=ADVANCED_FACE('',(#1857),#1959,.T.);
#2056=ADVANCED_FACE('',(#1858),#1960,.T.);
#2057=ADVANCED_FACE('',(#1859),#1961,.F.);
#2058=ADVANCED_FACE('',(#1860),#1962,.T.);
#2059=ADVANCED_FACE('',(#1861),#1963,.T.);
#2060=ADVANCED_FACE('',(#1862),#1964,.F.);
#2061=ADVANCED_FACE('',(#1863),#1965,.T.);
#2062=ADVANCED_FACE('',(#1864),#1966,.T.);
#2063=ADVANCED_FACE('',(#1865),#1967,.F.);
#2064=ADVANCED_FACE('',(#1866),#1968,.T.);
#2065=ADVANCED_FACE('',(#1867),#1969,.T.);
#2066=ADVANCED_FACE('',(#1868),#1970,.F.);
#2067=ADVANCED_FACE('',(#1869),#1971,.T.);
#2068=ADVANCED_FACE('',(#1870),#1972,.T.);
#2069=ADVANCED_FACE('',(#1871),#1973,.F.);
#2070=ADVANCED_FACE('',(#1872),#1974,.T.);
#2071=ADVANCED_FACE('',(#1873),#1975,.T.);
#2072=ADVANCED_FACE('',(#1874),#1976,.F.);
#2073=ADVANCED_FACE('',(#1875),#1977,.T.);
#2074=ADVANCED_FACE('',(#1876),#1978,.T.);
#2075=ADVANCED_FACE('',(#1877),#1979,.F.);
#2076=ADVANCED_FACE('',(#1878),#1980,.T.);
#2077=ADVANCED_FACE('',(#1879),#1981,.T.);
#2078=ADVANCED_FACE('',(#1880),#1982,.F.);
#2079=ADVANCED_FACE('',(#1881),#1983,.T.);
#2080=ADVANCED_FACE('',(#1882),#1984,.T.);
#2081=ADVANCED_FACE('',(#1883),#1985,.F.);
#2082=ADVANCED_FACE('',(#1884),#1986,.T.);
#2083=ADVANCED_FACE('',(#1885),#1987,.T.);
#2084=ADVANCED_FACE('',(#1886),#1988,.F.);
#2085=ADVANCED_FACE('',(#1887),#1989,.T.);
#2086=ADVANCED_FACE('',(#1888),#1990,.T.);
#2087=ADVANCED_FACE('',(#1889),#1991,.F.);
#2088=ADVANCED_FACE('',(#1890),#1992,.T.);
#2089=ADVANCED_FACE('',(#1891),#1993,.T.);
#2090=ADVANCED_FACE('',(#1892),#1994,.F.);
#2091=ADVANCED_FACE('',(#1893),#1995,.T.);
#2092=ADVANCED_FACE('',(#1894),#1996,.T.);
#2093=ADVANCED_FACE('',(#1895),#1997,.F.);
#2094=ADVANCED_FACE('',(#1896),#1998,.T.);
#2095=ADVANCED_FACE('',(#1897),#1999,.T.);
#2096=ADVANCED_FACE('',(#1898),#2000,.F.);
#2097=ADVANCED_FACE('',(#1899),#2001,.T.);
#2098=ADVANCED_FACE('',(#1900),#2002,.T.);
#2099=ADVANCED_FACE('',(#1901),#2003,.F.);
#2100=ADVANCED_FACE('',(#1902),#2004,.T.);
#2101=ADVANCED_FACE('',(#1903),#2005,.T.);
#2102=ADVANCED_FACE('',(#1904),#2006,.F.);
#2103=ADVANCED_FACE('',(#1905),#2007,.T.);
#2104=ADVANCED_FACE('',(#1906),#2008,.F.);
#2105=ADVANCED_FACE('',(#1907),#2009,.F.);
#2106=ADVANCED_FACE('',(#1908),#2010,.T.);
#2107=ADVANCED_FACE('',(#1909),#2011,.T.);
#2108=ADVANCED_FACE('',(#1910),#2012,.T.);
#2109=ADVANCED_FACE('',(#1911),#2013,.T.);
#2110=ADVANCED_FACE('',(#1912),#2014,.T.);
#2111=ADVANCED_FACE('',(#1913,#1914),#12,.F.);
#2112=ADVANCED_FACE('',(#1915,#1916),#13,.F.);
#2113=ADVANCED_FACE('',(#1917),#2015,.T.);
#2114=ADVANCED_FACE('',(#1918),#2016,.F.);
#2115=ADVANCED_FACE('',(#1919),#2017,.F.);
#2116=ADVANCED_FACE('',(#1920),#2018,.F.);
#2117=ADVANCED_FACE('',(#1921),#2019,.F.);
#2118=ADVANCED_FACE('',(#1922),#2020,.F.);
#2119=ADVANCED_FACE('',(#1923),#2021,.F.);
#2120=ADVANCED_FACE('',(#1924),#2022,.F.);
#2121=ADVANCED_FACE('',(#1925),#2023,.F.);
#2122=ADVANCED_FACE('',(#1926),#2024,.F.);
#2123=ADVANCED_FACE('',(#1927),#2025,.F.);
#2124=ADVANCED_FACE('',(#1928),#2026,.F.);
#2125=ADVANCED_FACE('',(#1929),#2027,.F.);
#2126=ADVANCED_FACE('',(#1930),#2028,.F.);
#2127=ADVANCED_FACE('',(#1931),#2029,.F.);
#2128=ADVANCED_FACE('',(#1932),#2030,.F.);
#2129=ADVANCED_FACE('',(#1933),#2031,.F.);
#2130=ADVANCED_FACE('',(#1934),#2032,.F.);
#2131=ADVANCED_FACE('',(#1935),#2033,.F.);
#2132=ADVANCED_FACE('',(#1936),#2034,.F.);
#2133=ADVANCED_FACE('',(#1937),#2035,.T.);
#2134=ADVANCED_FACE('',(#1938),#2036,.T.);
#2135=ADVANCED_FACE('',(#1939,#1940),#14,.F.);
#2136=ADVANCED_FACE('',(#1941),#2037,.T.);
#2137=ADVANCED_FACE('',(#1942),#2038,.T.);
#2138=CLOSED_SHELL('',(#2039,#2040,#2041,#2042,#2043,#2044,#2045,#2046,
#2047,#2048,#2049,#2050,#2051,#2052,#2053,#2054,#2055,#2056,#2057,#2058,
#2059,#2060,#2061,#2062,#2063,#2064,#2065,#2066,#2067,#2068,#2069,#2070,
#2071,#2072,#2073,#2074,#2075,#2076,#2077,#2078,#2079,#2080,#2081,#2082,
#2083,#2084,#2085,#2086,#2087,#2088,#2089,#2090,#2091,#2092,#2093,#2094,
#2095,#2096,#2097,#2098,#2099,#2100,#2101,#2102,#2103,#2104,#2105,#2106,
#2107,#2108,#2109,#2110,#2111,#2112,#2113,#2114,#2115,#2116,#2117,#2118,
#2119,#2120,#2121,#2122,#2123,#2124,#2125,#2126,#2127,#2128,#2129,#2130,
#2131,#2132,#2133,#2134,#2135,#2136,#2137));
#2139=STYLED_ITEM('',(#2140),#2147);
#2140=PRESENTATION_STYLE_ASSIGNMENT((#2141));
#2141=SURFACE_STYLE_USAGE(.BOTH.,#2142);
#2142=SURFACE_SIDE_STYLE('',(#2143));
#2143=SURFACE_STYLE_FILL_AREA(#2144);
#2144=FILL_AREA_STYLE('',(#2145));
#2145=FILL_AREA_STYLE_COLOUR('',#2146);
#2146=COLOUR_RGB('',0.231372549019608,0.380392156862745,0.705882352941177);
#2147=MANIFOLD_SOLID_BREP('RTop',#2138);
#2148=SHAPE_DEFINITION_REPRESENTATION(#3338,#2149);
#2149=SHAPE_REPRESENTATION('RTop',(#2150),#3333);
#2150=AXIS2_PLACEMENT_3D('',#2750,#2256,#2257);
#2151=AXIS2_PLACEMENT_3D('',#2751,#2258,#2259);
#2152=AXIS2_PLACEMENT_3D('',#2760,#2264,#2265);
#2153=AXIS2_PLACEMENT_3D('',#2769,#2270,#2271);
#2154=AXIS2_PLACEMENT_3D('',#2938,#2356,#2357);
#2155=AXIS2_PLACEMENT_3D('',#2940,#2358,#2359);
#2156=AXIS2_PLACEMENT_3D('',#2942,#2360,#2361);
#2157=AXIS2_PLACEMENT_3D('',#2958,#2370,#2371);
#2158=AXIS2_PLACEMENT_3D('',#2959,#2372,#2373);
#2159=AXIS2_PLACEMENT_3D('',#2961,#2374,#2375);
#2160=AXIS2_PLACEMENT_3D('',#2963,#2376,#2377);
#2161=AXIS2_PLACEMENT_3D('',#3147,#2470,#2471);
#2162=AXIS2_PLACEMENT_3D('',#3150,#2474,#2475);
#2163=AXIS2_PLACEMENT_3D('',#3152,#2477,#2478);
#2164=AXIS2_PLACEMENT_3D('',#3154,#2480,#2481);
#2165=AXIS2_PLACEMENT_3D('',#3157,#2484,#2485);
#2166=AXIS2_PLACEMENT_3D('',#3159,#2487,#2488);
#2167=AXIS2_PLACEMENT_3D('',#3161,#2490,#2491);
#2168=AXIS2_PLACEMENT_3D('',#3164,#2494,#2495);
#2169=AXIS2_PLACEMENT_3D('',#3166,#2497,#2498);
#2170=AXIS2_PLACEMENT_3D('',#3168,#2500,#2501);
#2171=AXIS2_PLACEMENT_3D('',#3171,#2504,#2505);
#2172=AXIS2_PLACEMENT_3D('',#3173,#2507,#2508);
#2173=AXIS2_PLACEMENT_3D('',#3175,#2510,#2511);
#2174=AXIS2_PLACEMENT_3D('',#3178,#2514,#2515);
#2175=AXIS2_PLACEMENT_3D('',#3180,#2517,#2518);
#2176=AXIS2_PLACEMENT_3D('',#3182,#2520,#2521);
#2177=AXIS2_PLACEMENT_3D('',#3185,#2524,#2525);
#2178=AXIS2_PLACEMENT_3D('',#3187,#2527,#2528);
#2179=AXIS2_PLACEMENT_3D('',#3189,#2530,#2531);
#2180=AXIS2_PLACEMENT_3D('',#3192,#2534,#2535);
#2181=AXIS2_PLACEMENT_3D('',#3194,#2537,#2538);
#2182=AXIS2_PLACEMENT_3D('',#3196,#2540,#2541);
#2183=AXIS2_PLACEMENT_3D('',#3199,#2544,#2545);
#2184=AXIS2_PLACEMENT_3D('',#3201,#2547,#2548);
#2185=AXIS2_PLACEMENT_3D('',#3203,#2550,#2551);
#2186=AXIS2_PLACEMENT_3D('',#3206,#2554,#2555);
#2187=AXIS2_PLACEMENT_3D('',#3208,#2557,#2558);
#2188=AXIS2_PLACEMENT_3D('',#3210,#2560,#2561);
#2189=AXIS2_PLACEMENT_3D('',#3213,#2564,#2565);
#2190=AXIS2_PLACEMENT_3D('',#3215,#2567,#2568);
#2191=AXIS2_PLACEMENT_3D('',#3217,#2570,#2571);
#2192=AXIS2_PLACEMENT_3D('',#3220,#2574,#2575);
#2193=AXIS2_PLACEMENT_3D('',#3222,#2577,#2578);
#2194=AXIS2_PLACEMENT_3D('',#3224,#2580,#2581);
#2195=AXIS2_PLACEMENT_3D('',#3227,#2584,#2585);
#2196=AXIS2_PLACEMENT_3D('',#3229,#2587,#2588);
#2197=AXIS2_PLACEMENT_3D('',#3231,#2590,#2591);
#2198=AXIS2_PLACEMENT_3D('',#3234,#2594,#2595);
#2199=AXIS2_PLACEMENT_3D('',#3236,#2597,#2598);
#2200=AXIS2_PLACEMENT_3D('',#3238,#2600,#2601);
#2201=AXIS2_PLACEMENT_3D('',#3241,#2604,#2605);
#2202=AXIS2_PLACEMENT_3D('',#3243,#2607,#2608);
#2203=AXIS2_PLACEMENT_3D('',#3245,#2610,#2611);
#2204=AXIS2_PLACEMENT_3D('',#3248,#2614,#2615);
#2205=AXIS2_PLACEMENT_3D('',#3250,#2617,#2618);
#2206=AXIS2_PLACEMENT_3D('',#3252,#2620,#2621);
#2207=AXIS2_PLACEMENT_3D('',#3255,#2624,#2625);
#2208=AXIS2_PLACEMENT_3D('',#3257,#2627,#2628);
#2209=AXIS2_PLACEMENT_3D('',#3259,#2630,#2631);
#2210=AXIS2_PLACEMENT_3D('',#3262,#2634,#2635);
#2211=AXIS2_PLACEMENT_3D('',#3264,#2637,#2638);
#2212=AXIS2_PLACEMENT_3D('',#3266,#2640,#2641);
#2213=AXIS2_PLACEMENT_3D('',#3269,#2644,#2645);
#2214=AXIS2_PLACEMENT_3D('',#3271,#2647,#2648);
#2215=AXIS2_PLACEMENT_3D('',#3273,#2650,#2651);
#2216=AXIS2_PLACEMENT_3D('',#3276,#2654,#2655);
#2217=AXIS2_PLACEMENT_3D('',#3278,#2657,#2658);
#2218=AXIS2_PLACEMENT_3D('',#3280,#2660,#2661);
#2219=AXIS2_PLACEMENT_3D('',#3283,#2664,#2665);
#2220=AXIS2_PLACEMENT_3D('',#3285,#2667,#2668);
#2221=AXIS2_PLACEMENT_3D('',#3287,#2670,#2671);
#2222=AXIS2_PLACEMENT_3D('',#3290,#2674,#2675);
#2223=AXIS2_PLACEMENT_3D('',#3292,#2677,#2678);
#2224=AXIS2_PLACEMENT_3D('',#3294,#2680,#2681);
#2225=AXIS2_PLACEMENT_3D('',#3296,#2683,#2684);
#2226=AXIS2_PLACEMENT_3D('',#3298,#2686,#2687);
#2227=AXIS2_PLACEMENT_3D('',#3300,#2689,#2690);
#2228=AXIS2_PLACEMENT_3D('',#3302,#2692,#2693);
#2229=AXIS2_PLACEMENT_3D('',#3304,#2695,#2696);
#2230=AXIS2_PLACEMENT_3D('',#3305,#2697,#2698);
#2231=AXIS2_PLACEMENT_3D('',#3306,#2699,#2700);
#2232=AXIS2_PLACEMENT_3D('',#3307,#2701,#2702);
#2233=AXIS2_PLACEMENT_3D('',#3308,#2703,#2704);
#2234=AXIS2_PLACEMENT_3D('',#3309,#2705,#2706);
#2235=AXIS2_PLACEMENT_3D('',#3310,#2707,#2708);
#2236=AXIS2_PLACEMENT_3D('',#3311,#2709,#2710);
#2237=AXIS2_PLACEMENT_3D('',#3312,#2711,#2712);
#2238=AXIS2_PLACEMENT_3D('',#3313,#2713,#2714);
#2239=AXIS2_PLACEMENT_3D('',#3314,#2715,#2716);
#2240=AXIS2_PLACEMENT_3D('',#3315,#2717,#2718);
#2241=AXIS2_PLACEMENT_3D('',#3316,#2719,#2720);
#2242=AXIS2_PLACEMENT_3D('',#3317,#2721,#2722);
#2243=AXIS2_PLACEMENT_3D('',#3318,#2723,#2724);
#2244=AXIS2_PLACEMENT_3D('',#3319,#2725,#2726);
#2245=AXIS2_PLACEMENT_3D('',#3320,#2727,#2728);
#2246=AXIS2_PLACEMENT_3D('',#3321,#2729,#2730);
#2247=AXIS2_PLACEMENT_3D('',#3322,#2731,#2732);
#2248=AXIS2_PLACEMENT_3D('',#3323,#2733,#2734);
#2249=AXIS2_PLACEMENT_3D('',#3324,#2735,#2736);
#2250=AXIS2_PLACEMENT_3D('',#3325,#2737,#2738);
#2251=AXIS2_PLACEMENT_3D('',#3326,#2739,#2740);
#2252=AXIS2_PLACEMENT_3D('',#3327,#2741,#2742);
#2253=AXIS2_PLACEMENT_3D('',#3328,#2743,#2744);
#2254=AXIS2_PLACEMENT_3D('',#3329,#2745,#2746);
#2255=AXIS2_PLACEMENT_3D('',#3331,#2748,#2749);
#2256=DIRECTION('',(0.,0.,1.));
#2257=DIRECTION('',(1.,0.,0.));
#2258=DIRECTION('',(0.,1.,0.));
#2259=DIRECTION('',(0.,0.,1.));
#2260=DIRECTION('',(1.,0.,0.));
#2261=DIRECTION('',(0.,0.,1.));
#2262=DIRECTION('',(1.,0.,0.));
#2263=DIRECTION('',(0.,0.,-1.));
#2264=DIRECTION('',(0.999992116988832,-0.00397063725285675,0.));
#2265=DIRECTION('',(0.00397063725285675,0.999992116988832,0.));
#2266=DIRECTION('',(0.,0.,1.));
#2267=DIRECTION('',(-0.00397063725285675,-0.999992116988832,0.));
#2268=DIRECTION('',(0.,0.,-1.));
#2269=DIRECTION('',(-0.00397063725285675,-0.999992116988832,0.));
#2270=DIRECTION('',(0.,0.,1.));
#2271=DIRECTION('',(1.,0.,0.));
#2272=DIRECTION('',(0.,1.,0.));
#2273=DIRECTION('',(-1.,0.,0.));
#2274=DIRECTION('',(0.,1.,0.));
#2275=DIRECTION('',(-1.,0.,0.));
#2276=DIRECTION('',(-1.,0.,0.));
#2277=DIRECTION('',(0.,1.,0.));
#2278=DIRECTION('',(-1.,0.,0.));
#2279=DIRECTION('',(0.,1.,0.));
#2280=DIRECTION('',(-1.,0.,0.));
#2281=DIRECTION('',(0.,1.,0.));
#2282=DIRECTION('',(-1.,0.,0.));
#2283=DIRECTION('',(0.,1.,0.));
#2284=DIRECTION('',(-1.,0.,0.));
#2285=DIRECTION('',(0.,1.,0.));
#2286=DIRECTION('',(-1.,0.,0.));
#2287=DIRECTION('',(0.,1.,0.));
#2288=DIRECTION('',(-1.,0.,0.));
#2289=DIRECTION('',(0.,1.,0.));
#2290=DIRECTION('',(-1.,0.,0.));
#2291=DIRECTION('',(0.,1.,0.));
#2292=DIRECTION('',(-1.,0.,0.));
#2293=DIRECTION('',(0.,1.,0.));
#2294=DIRECTION('',(-1.,0.,0.));
#2295=DIRECTION('',(0.,1.,0.));
#2296=DIRECTION('',(-1.,0.,0.));
#2297=DIRECTION('',(0.,1.,0.));
#2298=DIRECTION('',(-1.,0.,0.));
#2299=DIRECTION('',(0.,1.,0.));
#2300=DIRECTION('',(-1.,0.,0.));
#2301=DIRECTION('',(0.,1.,0.));
#2302=DIRECTION('',(-1.,0.,0.));
#2303=DIRECTION('',(0.,1.,0.));
#2304=DIRECTION('',(-1.,0.,0.));
#2305=DIRECTION('',(0.,1.,0.));
#2306=DIRECTION('',(-1.,0.,0.));
#2307=DIRECTION('',(0.,1.,0.));
#2308=DIRECTION('',(-1.,0.,0.));
#2309=DIRECTION('',(0.,1.,0.));
#2310=DIRECTION('',(-1.,0.,0.));
#2311=DIRECTION('',(0.,1.,0.));
#2312=DIRECTION('',(-1.,0.,0.));
#2313=DIRECTION('',(0.,1.,0.));
#2314=DIRECTION('',(-1.,0.,0.));
#2315=DIRECTION('',(0.,1.,0.));
#2316=DIRECTION('',(-1.,0.,0.));
#2317=DIRECTION('',(0.,1.,0.));
#2318=DIRECTION('',(-1.,0.,0.));
#2319=DIRECTION('',(0.,1.,0.));
#2320=DIRECTION('',(-1.,0.,0.));
#2321=DIRECTION('',(0.,1.,0.));
#2322=DIRECTION('',(-1.,0.,0.));
#2323=DIRECTION('',(0.,1.,0.));
#2324=DIRECTION('',(-1.,0.,0.));
#2325=DIRECTION('',(0.,1.,0.));
#2326=DIRECTION('',(-1.,0.,0.));
#2327=DIRECTION('',(0.,1.,0.));
#2328=DIRECTION('',(-1.,0.,0.));
#2329=DIRECTION('',(0.,1.,0.));
#2330=DIRECTION('',(-1.,0.,0.));
#2331=DIRECTION('',(0.,1.,0.));
#2332=DIRECTION('',(-1.,0.,0.));
#2333=DIRECTION('',(0.,1.,0.));
#2334=DIRECTION('',(-1.,0.,0.));
#2335=DIRECTION('',(0.,1.,0.));
#2336=DIRECTION('',(-1.,0.,0.));
#2337=DIRECTION('',(0.,1.,0.));
#2338=DIRECTION('',(-1.,0.,0.));
#2339=DIRECTION('',(0.,1.,0.));
#2340=DIRECTION('',(-1.,0.,0.));
#2341=DIRECTION('',(0.,1.,0.));
#2342=DIRECTION('',(-1.,0.,0.));
#2343=DIRECTION('',(0.,1.,0.));
#2344=DIRECTION('',(-1.,0.,0.));
#2345=DIRECTION('',(0.,1.,0.));
#2346=DIRECTION('',(-1.,0.,0.));
#2347=DIRECTION('',(0.,1.,0.));
#2348=DIRECTION('',(-1.,0.,0.));
#2349=DIRECTION('',(0.,1.,0.));
#2350=DIRECTION('',(-1.,0.,0.));
#2351=DIRECTION('',(0.,1.,0.));
#2352=DIRECTION('',(0.,1.,0.));
#2353=DIRECTION('',(-1.,0.,0.));
#2354=DIRECTION('',(0.,1.,0.));
#2355=DIRECTION('',(-1.,0.,0.));
#2356=DIRECTION('',(0.,0.,1.));
#2357=DIRECTION('',(1.,0.,0.));
#2358=DIRECTION('',(0.,0.,1.));
#2359=DIRECTION('',(1.,0.,0.));
#2360=DIRECTION('',(0.,0.,1.));
#2361=DIRECTION('',(1.,0.,0.));
#2362=DIRECTION('',(0.,-1.,0.));
#2363=DIRECTION('',(-1.,0.,0.));
#2364=DIRECTION('',(-1.,0.,0.));
#2365=DIRECTION('',(0.,-1.,0.));
#2366=DIRECTION('',(-1.,0.,0.));
#2367=DIRECTION('',(0.,1.,0.));
#2368=DIRECTION('',(-1.,0.,0.));
#2369=DIRECTION('',(0.,-1.,0.));
#2370=DIRECTION('',(0.,0.,1.));
#2371=DIRECTION('',(1.,0.,0.));
#2372=DIRECTION('',(0.,0.,1.));
#2373=DIRECTION('',(1.,0.,0.));
#2374=DIRECTION('',(0.,0.,1.));
#2375=DIRECTION('',(1.,0.,0.));
#2376=DIRECTION('',(0.,0.,1.));
#2377=DIRECTION('',(1.,0.,0.));
#2378=DIRECTION('',(0.,1.,0.));
#2379=DIRECTION('',(-1.,0.,0.));
#2380=DIRECTION('',(0.,1.,0.));
#2381=DIRECTION('',(-1.,0.,0.));
#2382=DIRECTION('',(-1.,0.,0.));
#2383=DIRECTION('',(0.,1.,0.));
#2384=DIRECTION('',(-1.,0.,0.));
#2385=DIRECTION('',(0.,1.,0.));
#2386=DIRECTION('',(-1.,0.,0.));
#2387=DIRECTION('',(0.,1.,0.));
#2388=DIRECTION('',(-1.,0.,0.));
#2389=DIRECTION('',(0.,1.,0.));
#2390=DIRECTION('',(-1.,0.,0.));
#2391=DIRECTION('',(0.,1.,0.));
#2392=DIRECTION('',(-1.,0.,0.));
#2393=DIRECTION('',(0.,1.,0.));
#2394=DIRECTION('',(-1.,0.,0.));
#2395=DIRECTION('',(0.,1.,0.));
#2396=DIRECTION('',(-1.,0.,0.));
#2397=DIRECTION('',(0.,1.,0.));
#2398=DIRECTION('',(-1.,0.,0.));
#2399=DIRECTION('',(0.,1.,0.));
#2400=DIRECTION('',(-1.,0.,0.));
#2401=DIRECTION('',(0.,1.,0.));
#2402=DIRECTION('',(-1.,0.,0.));
#2403=DIRECTION('',(0.,1.,0.));
#2404=DIRECTION('',(-1.,0.,0.));
#2405=DIRECTION('',(0.,1.,0.));
#2406=DIRECTION('',(-1.,0.,0.));
#2407=DIRECTION('',(0.,1.,0.));
#2408=DIRECTION('',(-1.,0.,0.));
#2409=DIRECTION('',(0.,1.,0.));
#2410=DIRECTION('',(-1.,0.,0.));
#2411=DIRECTION('',(0.,1.,0.));
#2412=DIRECTION('',(-1.,0.,0.));
#2413=DIRECTION('',(0.,1.,0.));
#2414=DIRECTION('',(-1.,0.,0.));
#2415=DIRECTION('',(0.,1.,0.));
#2416=DIRECTION('',(-1.,0.,0.));
#2417=DIRECTION('',(0.,1.,0.));
#2418=DIRECTION('',(-1.,0.,0.));
#2419=DIRECTION('',(0.,1.,0.));
#2420=DIRECTION('',(-1.,0.,0.));
#2421=DIRECTION('',(0.,1.,0.));
#2422=DIRECTION('',(-1.,0.,0.));
#2423=DIRECTION('',(0.,1.,0.));
#2424=DIRECTION('',(-1.,0.,0.));
#2425=DIRECTION('',(0.,1.,0.));
#2426=DIRECTION('',(-1.,0.,0.));
#2427=DIRECTION('',(0.,1.,0.));
#2428=DIRECTION('',(-1.,0.,0.));
#2429=DIRECTION('',(0.,1.,0.));
#2430=DIRECTION('',(-1.,0.,0.));
#2431=DIRECTION('',(0.,1.,0.));
#2432=DIRECTION('',(-1.,0.,0.));
#2433=DIRECTION('',(0.,1.,0.));
#2434=DIRECTION('',(-1.,0.,0.));
#2435=DIRECTION('',(0.,1.,0.));
#2436=DIRECTION('',(-1.,0.,0.));
#2437=DIRECTION('',(0.,1.,0.));
#2438=DIRECTION('',(-1.,0.,0.));
#2439=DIRECTION('',(0.,1.,0.));
#2440=DIRECTION('',(-1.,0.,0.));
#2441=DIRECTION('',(0.,1.,0.));
#2442=DIRECTION('',(-1.,0.,0.));
#2443=DIRECTION('',(0.,1.,0.));
#2444=DIRECTION('',(-1.,0.,0.));
#2445=DIRECTION('',(0.,1.,0.));
#2446=DIRECTION('',(-1.,0.,0.));
#2447=DIRECTION('',(0.,1.,0.));
#2448=DIRECTION('',(-1.,0.,0.));
#2449=DIRECTION('',(0.,1.,0.));
#2450=DIRECTION('',(-1.,0.,0.));
#2451=DIRECTION('',(0.,1.,0.));
#2452=DIRECTION('',(-1.,0.,0.));
#2453=DIRECTION('',(0.,1.,0.));
#2454=DIRECTION('',(-1.,0.,0.));
#2455=DIRECTION('',(0.,1.,0.));
#2456=DIRECTION('',(-1.,0.,0.));
#2457=DIRECTION('',(0.,1.,0.));
#2458=DIRECTION('',(0.,1.,0.));
#2459=DIRECTION('',(-1.,0.,0.));
#2460=DIRECTION('',(0.,1.,0.));
#2461=DIRECTION('',(-1.,0.,0.));
#2462=DIRECTION('',(0.,-1.,0.));
#2463=DIRECTION('',(0.,-1.,0.));
#2464=DIRECTION('',(-1.,0.,0.));
#2465=DIRECTION('',(0.,1.,0.));
#2466=DIRECTION('',(-1.,0.,0.));
#2467=DIRECTION('',(0.,-1.,0.));
#2468=DIRECTION('',(-1.,0.,0.));
#2469=DIRECTION('',(-1.,0.,0.));
#2470=DIRECTION('',(-1.,0.,0.));
#2471=DIRECTION('',(0.,0.,1.));
#2472=DIRECTION('',(0.,0.,-1.));
#2473=DIRECTION('',(0.,0.,-1.));
#2474=DIRECTION('',(0.,-1.,0.));
#2475=DIRECTION('',(0.,0.,-1.));
#2476=DIRECTION('',(0.,0.,-1.));
#2477=DIRECTION('',(-1.,0.,0.));
#2478=DIRECTION('',(0.,0.,1.));
#2479=DIRECTION('',(0.,0.,-1.));
#2480=DIRECTION('',(0.,-1.,0.));
#2481=DIRECTION('',(0.,0.,-1.));
#2482=DIRECTION('',(0.,0.,-1.));
#2483=DIRECTION('',(0.,0.,-1.));
#2484=DIRECTION('',(-1.,0.,0.));
#2485=DIRECTION('',(0.,0.,1.));
#2486=DIRECTION('',(0.,0.,-1.));
#2487=DIRECTION('',(0.,-1.,0.));
#2488=DIRECTION('',(0.,0.,-1.));
#2489=DIRECTION('',(0.,0.,-1.));
#2490=DIRECTION('',(0.,-1.,0.));
#2491=DIRECTION('',(0.,0.,-1.));
#2492=DIRECTION('',(0.,0.,-1.));
#2493=DIRECTION('',(0.,0.,-1.));
#2494=DIRECTION('',(-1.,0.,0.));
#2495=DIRECTION('',(0.,0.,1.));
#2496=DIRECTION('',(0.,0.,-1.));
#2497=DIRECTION('',(0.,-1.,0.));
#2498=DIRECTION('',(0.,0.,-1.));
#2499=DIRECTION('',(0.,0.,-1.));
#2500=DIRECTION('',(0.,-1.,0.));
#2501=DIRECTION('',(0.,0.,-1.));
#2502=DIRECTION('',(0.,0.,-1.));
#2503=DIRECTION('',(0.,0.,-1.));
#2504=DIRECTION('',(-1.,0.,0.));
#2505=DIRECTION('',(0.,0.,1.));
#2506=DIRECTION('',(0.,0.,-1.));
#2507=DIRECTION('',(0.,-1.,0.));
#2508=DIRECTION('',(0.,0.,-1.));
#2509=DIRECTION('',(0.,0.,-1.));
#2510=DIRECTION('',(0.,-1.,0.));
#2511=DIRECTION('',(0.,0.,-1.));
#2512=DIRECTION('',(0.,0.,-1.));
#2513=DIRECTION('',(0.,0.,-1.));
#2514=DIRECTION('',(-1.,0.,0.));
#2515=DIRECTION('',(0.,0.,1.));
#2516=DIRECTION('',(0.,0.,-1.));
#2517=DIRECTION('',(0.,-1.,0.));
#2518=DIRECTION('',(0.,0.,-1.));
#2519=DIRECTION('',(0.,0.,-1.));
#2520=DIRECTION('',(0.,-1.,0.));
#2521=DIRECTION('',(0.,0.,-1.));
#2522=DIRECTION('',(0.,0.,-1.));
#2523=DIRECTION('',(0.,0.,-1.));
#2524=DIRECTION('',(-1.,0.,0.));
#2525=DIRECTION('',(0.,0.,1.));
#2526=DIRECTION('',(0.,0.,-1.));
#2527=DIRECTION('',(0.,-1.,0.));
#2528=DIRECTION('',(0.,0.,-1.));
#2529=DIRECTION('',(0.,0.,-1.));
#2530=DIRECTION('',(0.,-1.,0.));
#2531=DIRECTION('',(0.,0.,-1.));
#2532=DIRECTION('',(0.,0.,-1.));
#2533=DIRECTION('',(0.,0.,-1.));
#2534=DIRECTION('',(-1.,0.,0.));
#2535=DIRECTION('',(0.,0.,1.));
#2536=DIRECTION('',(0.,0.,-1.));
#2537=DIRECTION('',(0.,-1.,0.));
#2538=DIRECTION('',(0.,0.,-1.));
#2539=DIRECTION('',(0.,0.,-1.));
#2540=DIRECTION('',(0.,-1.,0.));
#2541=DIRECTION('',(0.,0.,-1.));
#2542=DIRECTION('',(0.,0.,-1.));
#2543=DIRECTION('',(0.,0.,-1.));
#2544=DIRECTION('',(-1.,0.,0.));
#2545=DIRECTION('',(0.,0.,1.));
#2546=DIRECTION('',(0.,0.,-1.));
#2547=DIRECTION('',(0.,-1.,0.));
#2548=DIRECTION('',(0.,0.,-1.));
#2549=DIRECTION('',(0.,0.,-1.));
#2550=DIRECTION('',(0.,-1.,0.));
#2551=DIRECTION('',(0.,0.,-1.));
#2552=DIRECTION('',(0.,0.,-1.));
#2553=DIRECTION('',(0.,0.,-1.));
#2554=DIRECTION('',(-1.,0.,0.));
#2555=DIRECTION('',(0.,0.,1.));
#2556=DIRECTION('',(0.,0.,-1.));
#2557=DIRECTION('',(0.,-1.,0.));
#2558=DIRECTION('',(0.,0.,-1.));
#2559=DIRECTION('',(0.,0.,-1.));
#2560=DIRECTION('',(0.,-1.,0.));
#2561=DIRECTION('',(0.,0.,-1.));
#2562=DIRECTION('',(0.,0.,-1.));
#2563=DIRECTION('',(0.,0.,-1.));
#2564=DIRECTION('',(-1.,0.,0.));
#2565=DIRECTION('',(0.,0.,1.));
#2566=DIRECTION('',(0.,0.,-1.));
#2567=DIRECTION('',(0.,-1.,0.));
#2568=DIRECTION('',(0.,0.,-1.));
#2569=DIRECTION('',(0.,0.,-1.));
#2570=DIRECTION('',(0.,-1.,0.));
#2571=DIRECTION('',(0.,0.,-1.));
#2572=DIRECTION('',(0.,0.,-1.));
#2573=DIRECTION('',(0.,0.,-1.));
#2574=DIRECTION('',(-1.,0.,0.));
#2575=DIRECTION('',(0.,0.,1.));
#2576=DIRECTION('',(0.,0.,-1.));
#2577=DIRECTION('',(0.,-1.,0.));
#2578=DIRECTION('',(0.,0.,-1.));
#2579=DIRECTION('',(0.,0.,-1.));
#2580=DIRECTION('',(0.,-1.,0.));
#2581=DIRECTION('',(0.,0.,-1.));
#2582=DIRECTION('',(0.,0.,-1.));
#2583=DIRECTION('',(0.,0.,-1.));
#2584=DIRECTION('',(-1.,0.,0.));
#2585=DIRECTION('',(0.,0.,1.));
#2586=DIRECTION('',(0.,0.,-1.));
#2587=DIRECTION('',(0.,-1.,0.));
#2588=DIRECTION('',(0.,0.,-1.));
#2589=DIRECTION('',(0.,0.,-1.));
#2590=DIRECTION('',(0.,-1.,0.));
#2591=DIRECTION('',(0.,0.,-1.));
#2592=DIRECTION('',(0.,0.,-1.));
#2593=DIRECTION('',(0.,0.,-1.));
#2594=DIRECTION('',(-1.,0.,0.));
#2595=DIRECTION('',(0.,0.,1.));
#2596=DIRECTION('',(0.,0.,-1.));
#2597=DIRECTION('',(0.,-1.,0.));
#2598=DIRECTION('',(0.,0.,-1.));
#2599=DIRECTION('',(0.,0.,-1.));
#2600=DIRECTION('',(0.,-1.,0.));
#2601=DIRECTION('',(0.,0.,-1.));
#2602=DIRECTION('',(0.,0.,-1.));
#2603=DIRECTION('',(0.,0.,-1.));
#2604=DIRECTION('',(-1.,0.,0.));
#2605=DIRECTION('',(0.,0.,1.));
#2606=DIRECTION('',(0.,0.,-1.));
#2607=DIRECTION('',(0.,-1.,0.));
#2608=DIRECTION('',(0.,0.,-1.));
#2609=DIRECTION('',(0.,0.,-1.));
#2610=DIRECTION('',(0.,-1.,0.));
#2611=DIRECTION('',(0.,0.,-1.));
#2612=DIRECTION('',(0.,0.,-1.));
#2613=DIRECTION('',(0.,0.,-1.));
#2614=DIRECTION('',(-1.,0.,0.));
#2615=DIRECTION('',(0.,0.,1.));
#2616=DIRECTION('',(0.,0.,-1.));
#2617=DIRECTION('',(0.,-1.,0.));
#2618=DIRECTION('',(0.,0.,-1.));
#2619=DIRECTION('',(0.,0.,-1.));
#2620=DIRECTION('',(0.,-1.,0.));
#2621=DIRECTION('',(0.,0.,-1.));
#2622=DIRECTION('',(0.,0.,-1.));
#2623=DIRECTION('',(0.,0.,-1.));
#2624=DIRECTION('',(-1.,0.,0.));
#2625=DIRECTION('',(0.,0.,1.));
#2626=DIRECTION('',(0.,0.,-1.));
#2627=DIRECTION('',(0.,-1.,0.));
#2628=DIRECTION('',(0.,0.,-1.));
#2629=DIRECTION('',(0.,0.,-1.));
#2630=DIRECTION('',(0.,-1.,0.));
#2631=DIRECTION('',(0.,0.,-1.));
#2632=DIRECTION('',(0.,0.,-1.));
#2633=DIRECTION('',(0.,0.,-1.));
#2634=DIRECTION('',(-1.,0.,0.));
#2635=DIRECTION('',(0.,0.,1.));
#2636=DIRECTION('',(0.,0.,-1.));
#2637=DIRECTION('',(0.,-1.,0.));
#2638=DIRECTION('',(0.,0.,-1.));
#2639=DIRECTION('',(0.,0.,-1.));
#2640=DIRECTION('',(0.,-1.,0.));
#2641=DIRECTION('',(0.,0.,-1.));
#2642=DIRECTION('',(0.,0.,-1.));
#2643=DIRECTION('',(0.,0.,-1.));
#2644=DIRECTION('',(-1.,0.,0.));
#2645=DIRECTION('',(0.,0.,1.));
#2646=DIRECTION('',(0.,0.,-1.));
#2647=DIRECTION('',(0.,-1.,0.));
#2648=DIRECTION('',(0.,0.,-1.));
#2649=DIRECTION('',(0.,0.,-1.));
#2650=DIRECTION('',(0.,-1.,0.));
#2651=DIRECTION('',(0.,0.,-1.));
#2652=DIRECTION('',(0.,0.,-1.));
#2653=DIRECTION('',(0.,0.,-1.));
#2654=DIRECTION('',(-1.,0.,0.));
#2655=DIRECTION('',(0.,0.,1.));
#2656=DIRECTION('',(0.,0.,-1.));
#2657=DIRECTION('',(0.,-1.,0.));
#2658=DIRECTION('',(0.,0.,-1.));
#2659=DIRECTION('',(0.,0.,-1.));
#2660=DIRECTION('',(0.,-1.,0.));
#2661=DIRECTION('',(0.,0.,-1.));
#2662=DIRECTION('',(0.,0.,-1.));
#2663=DIRECTION('',(0.,0.,-1.));
#2664=DIRECTION('',(-1.,0.,0.));
#2665=DIRECTION('',(0.,0.,1.));
#2666=DIRECTION('',(0.,0.,-1.));
#2667=DIRECTION('',(0.,-1.,0.));
#2668=DIRECTION('',(0.,0.,-1.));
#2669=DIRECTION('',(0.,0.,-1.));
#2670=DIRECTION('',(-1.,0.,0.));
#2671=DIRECTION('',(0.,0.,1.));
#2672=DIRECTION('',(0.,0.,-1.));
#2673=DIRECTION('',(0.,0.,-1.));
#2674=DIRECTION('',(0.,-1.,0.));
#2675=DIRECTION('',(0.,0.,-1.));
#2676=DIRECTION('',(0.,0.,-1.));
#2677=DIRECTION('',(-1.,0.,0.));
#2678=DIRECTION('',(0.,0.,1.));
#2679=DIRECTION('',(0.,0.,-1.));
#2680=DIRECTION('',(1.,0.,0.));
#2681=DIRECTION('',(0.,0.,-1.));
#2682=DIRECTION('',(0.,0.,-1.));
#2683=DIRECTION('',(0.,-1.,0.));
#2684=DIRECTION('',(0.,0.,-1.));
#2685=DIRECTION('',(0.,0.,-1.));
#2686=DIRECTION('',(1.,0.,0.));
#2687=DIRECTION('',(0.,0.,-1.));
#2688=DIRECTION('',(0.,0.,-1.));
#2689=DIRECTION('',(0.,-1.,0.));
#2690=DIRECTION('',(0.,0.,-1.));
#2691=DIRECTION('',(0.,0.,-1.));
#2692=DIRECTION('',(-1.,0.,0.));
#2693=DIRECTION('',(0.,0.,1.));
#2694=DIRECTION('',(0.,0.,-1.));
#2695=DIRECTION('',(0.,0.,-1.));
#2696=DIRECTION('',(-1.,0.,0.));
#2697=DIRECTION('',(0.,0.,-1.));
#2698=DIRECTION('',(-1.,0.,0.));
#2699=DIRECTION('',(0.,-1.,0.));
#2700=DIRECTION('',(0.,0.,-1.));
#2701=DIRECTION('',(-1.,0.,0.));
#2702=DIRECTION('',(0.,0.,1.));
#2703=DIRECTION('',(-1.,0.,0.));
#2704=DIRECTION('',(0.,0.,1.));
#2705=DIRECTION('',(-1.,0.,0.));
#2706=DIRECTION('',(0.,0.,1.));
#2707=DIRECTION('',(-1.,0.,0.));
#2708=DIRECTION('',(0.,0.,1.));
#2709=DIRECTION('',(-1.,0.,0.));
#2710=DIRECTION('',(0.,0.,1.));
#2711=DIRECTION('',(-1.,0.,0.));
#2712=DIRECTION('',(0.,0.,1.));
#2713=DIRECTION('',(-1.,0.,0.));
#2714=DIRECTION('',(0.,0.,1.));
#2715=DIRECTION('',(-1.,0.,0.));
#2716=DIRECTION('',(0.,0.,1.));
#2717=DIRECTION('',(-1.,0.,0.));
#2718=DIRECTION('',(0.,0.,1.));
#2719=DIRECTION('',(-1.,0.,0.));
#2720=DIRECTION('',(0.,0.,1.));
#2721=DIRECTION('',(-1.,0.,0.));
#2722=DIRECTION('',(0.,0.,1.));
#2723=DIRECTION('',(-1.,0.,0.));
#2724=DIRECTION('',(0.,0.,1.));
#2725=DIRECTION('',(-1.,0.,0.));
#2726=DIRECTION('',(0.,0.,1.));
#2727=DIRECTION('',(-1.,0.,0.));
#2728=DIRECTION('',(0.,0.,1.));
#2729=DIRECTION('',(-1.,0.,0.));
#2730=DIRECTION('',(0.,0.,1.));
#2731=DIRECTION('',(-1.,0.,0.));
#2732=DIRECTION('',(0.,0.,1.));
#2733=DIRECTION('',(-1.,0.,0.));
#2734=DIRECTION('',(0.,0.,1.));
#2735=DIRECTION('',(-1.,0.,0.));
#2736=DIRECTION('',(0.,0.,1.));
#2737=DIRECTION('',(-1.,0.,0.));
#2738=DIRECTION('',(0.,0.,1.));
#2739=DIRECTION('',(0.,-1.,0.));
#2740=DIRECTION('',(0.,0.,-1.));
#2741=DIRECTION('',(0.,-1.,0.));
#2742=DIRECTION('',(0.,0.,-1.));
#2743=DIRECTION('',(0.,0.,-1.));
#2744=DIRECTION('',(-1.,0.,0.));
#2745=DIRECTION('',(-1.,0.,0.));
#2746=DIRECTION('',(0.,0.,1.));
#2747=DIRECTION('',(0.,0.,1.));
#2748=DIRECTION('',(0.,1.,0.));
#2749=DIRECTION('',(0.,0.,1.));
#2750=CARTESIAN_POINT('',(0.,0.,0.));
#2751=CARTESIAN_POINT('',(0.226476863026619,-0.0485845655202866,0.01651));
#2752=CARTESIAN_POINT('',(0.226476863026619,-0.0485845655202866,0.01351));
#2753=CARTESIAN_POINT('',(0.182597147607804,-0.0485845655202866,0.01351));
#2754=CARTESIAN_POINT('',(0.295756578445435,-0.0485845655202866,0.01351));
#2755=CARTESIAN_POINT('',(0.182597147607804,-0.0485845655202866,0.01351));
#2756=CARTESIAN_POINT('',(0.182597147607804,-0.0485845655202866,0.01651));
#2757=CARTESIAN_POINT('',(0.226476863026619,-0.0485845655202866,0.01651));
#2758=CARTESIAN_POINT('',(0.295756578445435,-0.0485845655202866,0.01651));
#2759=CARTESIAN_POINT('',(0.295756578445435,-0.0485845655202866,0.01651));
#2760=CARTESIAN_POINT('',(0.156978748738765,-0.103587612509727,0.01651));
#2761=CARTESIAN_POINT('',(0.157185235602143,-0.0515845655202866,0.01351));
#2762=CARTESIAN_POINT('',(0.157185235602143,-0.0515845655202866,0.01351));
#2763=CARTESIAN_POINT('',(0.157185235602143,-0.0515845655202866,0.01651));
#2764=CARTESIAN_POINT('',(0.156978748738765,-0.103587612509727,0.01351));
#2765=CARTESIAN_POINT('',(0.156760349869728,-0.158590659499169,0.01351));
#2766=CARTESIAN_POINT('',(0.156760349869728,-0.158590659499169,0.01651));
#2767=CARTESIAN_POINT('',(0.156760349869728,-0.158590659499169,0.01651));
#2768=CARTESIAN_POINT('',(0.156978748738765,-0.103587612509727,0.01651));
#2769=CARTESIAN_POINT('',(0.226258464157581,-0.103587634861469,0.01651));
#2770=CARTESIAN_POINT('',(0.28347,-0.0670775,0.01651));
#2771=CARTESIAN_POINT('',(0.28347,-0.0740775,0.01651));
#2772=CARTESIAN_POINT('',(0.28347,-0.0600775,0.01651));
#2773=CARTESIAN_POINT('',(0.27647,-0.0740775,0.01651));
#2774=CARTESIAN_POINT('',(0.26947,-0.0740775,0.01651));
#2775=CARTESIAN_POINT('',(0.26947,-0.0670775,0.01651));
#2776=CARTESIAN_POINT('',(0.26947,-0.0600775,0.01651));
#2777=CARTESIAN_POINT('',(0.27647,-0.0600775,0.01651));
#2778=CARTESIAN_POINT('',(0.27647,-0.0799212,0.01651));
#2779=CARTESIAN_POINT('',(0.28347,-0.0799212,0.01651));
#2780=CARTESIAN_POINT('',(0.26947,-0.0799212,0.01651));
#2781=CARTESIAN_POINT('',(0.28347,-0.0869212,0.01651));
#2782=CARTESIAN_POINT('',(0.28347,-0.0939212,0.01651));
#2783=CARTESIAN_POINT('',(0.27647,-0.0939212,0.01651));
#2784=CARTESIAN_POINT('',(0.26947,-0.0939212,0.01651));
#2785=CARTESIAN_POINT('',(0.26947,-0.0869212,0.01651));
#2786=CARTESIAN_POINT('',(0.27647,-0.0997649,0.01651));
#2787=CARTESIAN_POINT('',(0.28347,-0.0997649,0.01651));
#2788=CARTESIAN_POINT('',(0.26947,-0.0997649,0.01651));
#2789=CARTESIAN_POINT('',(0.28347,-0.1067649,0.01651));
#2790=CARTESIAN_POINT('',(0.28347,-0.1137649,0.01651));
#2791=CARTESIAN_POINT('',(0.27647,-0.1137649,0.01651));
#2792=CARTESIAN_POINT('',(0.26947,-0.1137649,0.01651));
#2793=CARTESIAN_POINT('',(0.26947,-0.1067649,0.01651));
#2794=CARTESIAN_POINT('',(0.27647,-0.1196086,0.01651));
#2795=CARTESIAN_POINT('',(0.28347,-0.1196086,0.01651));
#2796=CARTESIAN_POINT('',(0.26947,-0.1196086,0.01651));
#2797=CARTESIAN_POINT('',(0.28347,-0.1266086,0.01651));
#2798=CARTESIAN_POINT('',(0.28347,-0.1336086,0.01651));
#2799=CARTESIAN_POINT('',(0.27647,-0.1336086,0.01651));
#2800=CARTESIAN_POINT('',(0.26947,-0.1336086,0.01651));
#2801=CARTESIAN_POINT('',(0.26947,-0.1266086,0.01651));
#2802=CARTESIAN_POINT('',(0.2566263,-0.0600775,0.01651));
#2803=CARTESIAN_POINT('',(0.2636263,-0.0600775,0.01651));
#2804=CARTESIAN_POINT('',(0.2496263,-0.0600775,0.01651));
#2805=CARTESIAN_POINT('',(0.2636263,-0.0670775,0.01651));
#2806=CARTESIAN_POINT('',(0.2636263,-0.0740775,0.01651));
#2807=CARTESIAN_POINT('',(0.2566263,-0.0740775,0.01651));
#2808=CARTESIAN_POINT('',(0.2496263,-0.0740775,0.01651));
#2809=CARTESIAN_POINT('',(0.2496263,-0.0670775,0.01651));
#2810=CARTESIAN_POINT('',(0.2566263,-0.0799212,0.01651));
#2811=CARTESIAN_POINT('',(0.2636263,-0.0799212,0.01651));
#2812=CARTESIAN_POINT('',(0.2496263,-0.0799212,0.01651));
#2813=CARTESIAN_POINT('',(0.2636263,-0.0869212,0.01651));
#2814=CARTESIAN_POINT('',(0.2636263,-0.0939212,0.01651));
#2815=CARTESIAN_POINT('',(0.2566263,-0.0939212,0.01651));
#2816=CARTESIAN_POINT('',(0.2496263,-0.0939212,0.01651));
#2817=CARTESIAN_POINT('',(0.2496263,-0.0869212,0.01651));
#2818=CARTESIAN_POINT('',(0.2566263,-0.0997649,0.01651));
#2819=CARTESIAN_POINT('',(0.2636263,-0.0997649,0.01651));
#2820=CARTESIAN_POINT('',(0.2496263,-0.0997649,0.01651));
#2821=CARTESIAN_POINT('',(0.2636263,-0.1067649,0.01651));
#2822=CARTESIAN_POINT('',(0.2636263,-0.1137649,0.01651));
#2823=CARTESIAN_POINT('',(0.2566263,-0.1137649,0.01651));
#2824=CARTESIAN_POINT('',(0.2496263,-0.1137649,0.01651));
#2825=CARTESIAN_POINT('',(0.2496263,-0.1067649,0.01651));
#2826=CARTESIAN_POINT('',(0.2566263,-0.1196086,0.01651));
#2827=CARTESIAN_POINT('',(0.2636263,-0.1196086,0.01651));
#2828=CARTESIAN_POINT('',(0.2496263,-0.1196086,0.01651));
#2829=CARTESIAN_POINT('',(0.2636263,-0.1266086,0.01651));
#2830=CARTESIAN_POINT('',(0.2636263,-0.1336086,0.01651));
#2831=CARTESIAN_POINT('',(0.2566263,-0.1336086,0.01651));
#2832=CARTESIAN_POINT('',(0.2496263,-0.1336086,0.01651));
#2833=CARTESIAN_POINT('',(0.2496263,-0.1266086,0.01651));
#2834=CARTESIAN_POINT('',(0.2367826,-0.0600775,0.01651));
#2835=CARTESIAN_POINT('',(0.2437826,-0.0600775,0.01651));
#2836=CARTESIAN_POINT('',(0.2297826,-0.0600775,0.01651));
#2837=CARTESIAN_POINT('',(0.2437826,-0.0670775,0.01651));
#2838=CARTESIAN_POINT('',(0.2437826,-0.0740775,0.01651));
#2839=CARTESIAN_POINT('',(0.2367826,-0.0740775,0.01651));
#2840=CARTESIAN_POINT('',(0.2297826,-0.0740775,0.01651));
#2841=CARTESIAN_POINT('',(0.2297826,-0.0670775,0.01651));
#2842=CARTESIAN_POINT('',(0.2367826,-0.0799212,0.01651));
#2843=CARTESIAN_POINT('',(0.2437826,-0.0799212,0.01651));
#2844=CARTESIAN_POINT('',(0.2297826,-0.0799212,0.01651));
#2845=CARTESIAN_POINT('',(0.2437826,-0.0869212,0.01651));
#2846=CARTESIAN_POINT('',(0.2437826,-0.0939212,0.01651));
#2847=CARTESIAN_POINT('',(0.2367826,-0.0939212,0.01651));
#2848=CARTESIAN_POINT('',(0.2297826,-0.0939212,0.01651));
#2849=CARTESIAN_POINT('',(0.2297826,-0.0869212,0.01651));
#2850=CARTESIAN_POINT('',(0.2367826,-0.0997649,0.01651));
#2851=CARTESIAN_POINT('',(0.2437826,-0.0997649,0.01651));
#2852=CARTESIAN_POINT('',(0.2297826,-0.0997649,0.01651));
#2853=CARTESIAN_POINT('',(0.2437826,-0.1067649,0.01651));
#2854=CARTESIAN_POINT('',(0.2437826,-0.1137649,0.01651));
#2855=CARTESIAN_POINT('',(0.2367826,-0.1137649,0.01651));
#2856=CARTESIAN_POINT('',(0.2297826,-0.1137649,0.01651));
#2857=CARTESIAN_POINT('',(0.2297826,-0.1067649,0.01651));
#2858=CARTESIAN_POINT('',(0.2367826,-0.1196086,0.01651));
#2859=CARTESIAN_POINT('',(0.2437826,-0.1196086,0.01651));
#2860=CARTESIAN_POINT('',(0.2297826,-0.1196086,0.01651));
#2861=CARTESIAN_POINT('',(0.2437826,-0.1266086,0.01651));
#2862=CARTESIAN_POINT('',(0.2437826,-0.1336086,0.01651));
#2863=CARTESIAN_POINT('',(0.2367826,-0.1336086,0.01651));
#2864=CARTESIAN_POINT('',(0.2297826,-0.1336086,0.01651));
#2865=CARTESIAN_POINT('',(0.2297826,-0.1266086,0.01651));
#2866=CARTESIAN_POINT('',(0.2169389,-0.0600775,0.01651));
#2867=CARTESIAN_POINT('',(0.2239389,-0.0600775,0.01651));
#2868=CARTESIAN_POINT('',(0.2099389,-0.0600775,0.01651));
#2869=CARTESIAN_POINT('',(0.2239389,-0.0670775,0.01651));
#2870=CARTESIAN_POINT('',(0.2239389,-0.0740775,0.01651));
#2871=CARTESIAN_POINT('',(0.2169389,-0.0740775,0.01651));
#2872=CARTESIAN_POINT('',(0.2099389,-0.0740775,0.01651));
#2873=CARTESIAN_POINT('',(0.2099389,-0.0670775,0.01651));
#2874=CARTESIAN_POINT('',(0.2169389,-0.0799212,0.01651));
#2875=CARTESIAN_POINT('',(0.2239389,-0.0799212,0.01651));
#2876=CARTESIAN_POINT('',(0.2099389,-0.0799212,0.01651));
#2877=CARTESIAN_POINT('',(0.2239389,-0.0869212,0.01651));
#2878=CARTESIAN_POINT('',(0.2239389,-0.0939212,0.01651));
#2879=CARTESIAN_POINT('',(0.2169389,-0.0939212,0.01651));
#2880=CARTESIAN_POINT('',(0.2099389,-0.0939212,0.01651));
#2881=CARTESIAN_POINT('',(0.2099389,-0.0869212,0.01651));
#2882=CARTESIAN_POINT('',(0.2169389,-0.0997649,0.01651));
#2883=CARTESIAN_POINT('',(0.2239389,-0.0997649,0.01651));
#2884=CARTESIAN_POINT('',(0.2099389,-0.0997649,0.01651));
#2885=CARTESIAN_POINT('',(0.2239389,-0.1067649,0.01651));
#2886=CARTESIAN_POINT('',(0.2239389,-0.1137649,0.01651));
#2887=CARTESIAN_POINT('',(0.2169389,-0.1137649,0.01651));
#2888=CARTESIAN_POINT('',(0.2099389,-0.1137649,0.01651));
#2889=CARTESIAN_POINT('',(0.2099389,-0.1067649,0.01651));
#2890=CARTESIAN_POINT('',(0.2169389,-0.1196086,0.01651));
#2891=CARTESIAN_POINT('',(0.2239389,-0.1196086,0.01651));
#2892=CARTESIAN_POINT('',(0.2099389,-0.1196086,0.01651));
#2893=CARTESIAN_POINT('',(0.2239389,-0.1266086,0.01651));
#2894=CARTESIAN_POINT('',(0.2239389,-0.1336086,0.01651));
#2895=CARTESIAN_POINT('',(0.2169389,-0.1336086,0.01651));
#2896=CARTESIAN_POINT('',(0.2099389,-0.1336086,0.01651));
#2897=CARTESIAN_POINT('',(0.2099389,-0.1266086,0.01651));
#2898=CARTESIAN_POINT('',(0.1970952,-0.0600775,0.01651));
#2899=CARTESIAN_POINT('',(0.2040952,-0.0600775,0.01651));
#2900=CARTESIAN_POINT('',(0.1900952,-0.0600775,0.01651));
#2901=CARTESIAN_POINT('',(0.2040952,-0.0670775,0.01651));
#2902=CARTESIAN_POINT('',(0.2040952,-0.0740775,0.01651));
#2903=CARTESIAN_POINT('',(0.1970952,-0.0740775,0.01651));
#2904=CARTESIAN_POINT('',(0.1900952,-0.0740775,0.01651));
#2905=CARTESIAN_POINT('',(0.1900952,-0.0670775,0.01651));
#2906=CARTESIAN_POINT('',(0.1970952,-0.0799212,0.01651));
#2907=CARTESIAN_POINT('',(0.2040952,-0.0799212,0.01651));
#2908=CARTESIAN_POINT('',(0.1900952,-0.0799212,0.01651));
#2909=CARTESIAN_POINT('',(0.2040952,-0.0869212,0.01651));
#2910=CARTESIAN_POINT('',(0.2040952,-0.0939212,0.01651));
#2911=CARTESIAN_POINT('',(0.1970952,-0.0939212,0.01651));
#2912=CARTESIAN_POINT('',(0.1900952,-0.0939212,0.01651));
#2913=CARTESIAN_POINT('',(0.1900952,-0.0869212,0.01651));
#2914=CARTESIAN_POINT('',(0.1970952,-0.0997649,0.01651));
#2915=CARTESIAN_POINT('',(0.2040952,-0.0997649,0.01651));
#2916=CARTESIAN_POINT('',(0.1900952,-0.0997649,0.01651));
#2917=CARTESIAN_POINT('',(0.2040952,-0.1067649,0.01651));
#2918=CARTESIAN_POINT('',(0.2040952,-0.1137649,0.01651));
#2919=CARTESIAN_POINT('',(0.1970952,-0.1137649,0.01651));
#2920=CARTESIAN_POINT('',(0.1900952,-0.1137649,0.01651));
#2921=CARTESIAN_POINT('',(0.1900952,-0.1067649,0.01651));
#2922=CARTESIAN_POINT('',(0.1970952,-0.1196086,0.01651));
#2923=CARTESIAN_POINT('',(0.2040952,-0.1196086,0.01651));
#2924=CARTESIAN_POINT('',(0.1900952,-0.1196086,0.01651));
#2925=CARTESIAN_POINT('',(0.2040952,-0.1266086,0.01651));
#2926=CARTESIAN_POINT('',(0.2040952,-0.1336086,0.01651));
#2927=CARTESIAN_POINT('',(0.1970952,-0.1336086,0.01651));
#2928=CARTESIAN_POINT('',(0.1900952,-0.1336086,0.01651));
#2929=CARTESIAN_POINT('',(0.1900952,-0.1266086,0.01651));
#2930=CARTESIAN_POINT('',(0.1834638,-0.1385105,0.01651));
#2931=CARTESIAN_POINT('',(0.1834638,-0.1455105,0.01651));
#2932=CARTESIAN_POINT('',(0.1834638,-0.1315105,0.01651));
#2933=CARTESIAN_POINT('',(0.1764638,-0.1455105,0.01651));
#2934=CARTESIAN_POINT('',(0.1694638,-0.1455105,0.01651));
#2935=CARTESIAN_POINT('',(0.1694638,-0.1385105,0.01651));
#2936=CARTESIAN_POINT('',(0.1694638,-0.1315105,0.01651));
#2937=CARTESIAN_POINT('',(0.1764638,-0.1315105,0.01651));
#2938=CARTESIAN_POINT('',(0.1756701,-0.0893011,0.01651));
#2939=CARTESIAN_POINT('',(0.1774201,-0.0893011,0.01651));
#2940=CARTESIAN_POINT('',(0.282985,-0.14508,0.01651));
#2941=CARTESIAN_POINT('',(0.284735,-0.14508,0.01651));
#2942=CARTESIAN_POINT('',(0.194565,-0.14508,0.01651));
#2943=CARTESIAN_POINT('',(0.196315,-0.14508,0.01651));
#2944=CARTESIAN_POINT('',(0.182597147607804,-0.0500845655202866,0.01651));
#2945=CARTESIAN_POINT('',(0.182597147607804,-0.0515845655202866,0.01651));
#2946=CARTESIAN_POINT('',(0.157191191604973,-0.0515845655202866,0.01651));
#2947=CARTESIAN_POINT('',(0.18220816552639,-0.158590659499169,0.01651));
#2948=CARTESIAN_POINT('',(0.207655981183052,-0.158590659499169,0.01651));
#2949=CARTESIAN_POINT('',(0.207655981183052,-0.153034828603268,0.01651));
#2950=CARTESIAN_POINT('',(0.207655981183052,-0.147478997707367,0.01651));
#2951=CARTESIAN_POINT('',(0.239166133105755,-0.147478997707367,0.01651));
#2952=CARTESIAN_POINT('',(0.270676285028458,-0.147478997707367,0.01651));
#2953=CARTESIAN_POINT('',(0.270676285028458,-0.153034850955009,0.01651));
#2954=CARTESIAN_POINT('',(0.270676285028458,-0.158590704202652,0.01651));
#2955=CARTESIAN_POINT('',(0.283216431736946,-0.158590704202652,0.01651));
#2956=CARTESIAN_POINT('',(0.295756578445435,-0.158590704202652,0.01651));
#2957=CARTESIAN_POINT('',(0.295756578445435,-0.103587634861469,0.01651));
#2958=CARTESIAN_POINT('',(0.226258464157581,-0.103587634861469,0.01351));
#2959=CARTESIAN_POINT('',(0.194565,-0.14508,0.01351));
#2960=CARTESIAN_POINT('',(0.196315,-0.14508,0.01351));
#2961=CARTESIAN_POINT('',(0.282985,-0.14508,0.01351));
#2962=CARTESIAN_POINT('',(0.284735,-0.14508,0.01351));
#2963=CARTESIAN_POINT('',(0.1756701,-0.0893011,0.01351));
#2964=CARTESIAN_POINT('',(0.1774201,-0.0893011,0.01351));
#2965=CARTESIAN_POINT('',(0.1834638,-0.1385105,0.01351));
#2966=CARTESIAN_POINT('',(0.1834638,-0.1455105,0.01351));
#2967=CARTESIAN_POINT('',(0.1834638,-0.1315105,0.01351));
#2968=CARTESIAN_POINT('',(0.1764638,-0.1315105,0.01351));
#2969=CARTESIAN_POINT('',(0.1694638,-0.1315105,0.01351));
#2970=CARTESIAN_POINT('',(0.1694638,-0.1385105,0.01351));
#2971=CARTESIAN_POINT('',(0.1694638,-0.1455105,0.01351));
#2972=CARTESIAN_POINT('',(0.1764638,-0.1455105,0.01351));
#2973=CARTESIAN_POINT('',(0.1970952,-0.1196086,0.01351));
#2974=CARTESIAN_POINT('',(0.2040952,-0.1196086,0.01351));
#2975=CARTESIAN_POINT('',(0.1900952,-0.1196086,0.01351));
#2976=CARTESIAN_POINT('',(0.1900952,-0.1266086,0.01351));
#2977=CARTESIAN_POINT('',(0.1900952,-0.1336086,0.01351));
#2978=CARTESIAN_POINT('',(0.1970952,-0.1336086,0.01351));
#2979=CARTESIAN_POINT('',(0.2040952,-0.1336086,0.01351));
#2980=CARTESIAN_POINT('',(0.2040952,-0.1266086,0.01351));
#2981=CARTESIAN_POINT('',(0.1970952,-0.0997649,0.01351));
#2982=CARTESIAN_POINT('',(0.2040952,-0.0997649,0.01351));
#2983=CARTESIAN_POINT('',(0.1900952,-0.0997649,0.01351));
#2984=CARTESIAN_POINT('',(0.1900952,-0.1067649,0.01351));
#2985=CARTESIAN_POINT('',(0.1900952,-0.1137649,0.01351));
#2986=CARTESIAN_POINT('',(0.1970952,-0.1137649,0.01351));
#2987=CARTESIAN_POINT('',(0.2040952,-0.1137649,0.01351));
#2988=CARTESIAN_POINT('',(0.2040952,-0.1067649,0.01351));
#2989=CARTESIAN_POINT('',(0.1970952,-0.0799212,0.01351));
#2990=CARTESIAN_POINT('',(0.2040952,-0.0799212,0.01351));
#2991=CARTESIAN_POINT('',(0.1900952,-0.0799212,0.01351));
#2992=CARTESIAN_POINT('',(0.1900952,-0.0869212,0.01351));
#2993=CARTESIAN_POINT('',(0.1900952,-0.0939212,0.01351));
#2994=CARTESIAN_POINT('',(0.1970952,-0.0939212,0.01351));
#2995=CARTESIAN_POINT('',(0.2040952,-0.0939212,0.01351));
#2996=CARTESIAN_POINT('',(0.2040952,-0.0869212,0.01351));
#2997=CARTESIAN_POINT('',(0.1970952,-0.0600775,0.01351));
#2998=CARTESIAN_POINT('',(0.2040952,-0.0600775,0.01351));
#2999=CARTESIAN_POINT('',(0.1900952,-0.0600775,0.01351));
#3000=CARTESIAN_POINT('',(0.1900952,-0.0670775,0.01351));
#3001=CARTESIAN_POINT('',(0.1900952,-0.0740775,0.01351));
#3002=CARTESIAN_POINT('',(0.1970952,-0.0740775,0.01351));
#3003=CARTESIAN_POINT('',(0.2040952,-0.0740775,0.01351));
#3004=CARTESIAN_POINT('',(0.2040952,-0.0670775,0.01351));
#3005=CARTESIAN_POINT('',(0.2169389,-0.1196086,0.01351));
#3006=CARTESIAN_POINT('',(0.2239389,-0.1196086,0.01351));
#3007=CARTESIAN_POINT('',(0.2099389,-0.1196086,0.01351));
#3008=CARTESIAN_POINT('',(0.2099389,-0.1266086,0.01351));
#3009=CARTESIAN_POINT('',(0.2099389,-0.1336086,0.01351));
#3010=CARTESIAN_POINT('',(0.2169389,-0.1336086,0.01351));
#3011=CARTESIAN_POINT('',(0.2239389,-0.1336086,0.01351));
#3012=CARTESIAN_POINT('',(0.2239389,-0.1266086,0.01351));
#3013=CARTESIAN_POINT('',(0.2169389,-0.0997649,0.01351));
#3014=CARTESIAN_POINT('',(0.2239389,-0.0997649,0.01351));
#3015=CARTESIAN_POINT('',(0.2099389,-0.0997649,0.01351));
#3016=CARTESIAN_POINT('',(0.2099389,-0.1067649,0.01351));
#3017=CARTESIAN_POINT('',(0.2099389,-0.1137649,0.01351));
#3018=CARTESIAN_POINT('',(0.2169389,-0.1137649,0.01351));
#3019=CARTESIAN_POINT('',(0.2239389,-0.1137649,0.01351));
#3020=CARTESIAN_POINT('',(0.2239389,-0.1067649,0.01351));
#3021=CARTESIAN_POINT('',(0.2169389,-0.0799212,0.01351));
#3022=CARTESIAN_POINT('',(0.2239389,-0.0799212,0.01351));
#3023=CARTESIAN_POINT('',(0.2099389,-0.0799212,0.01351));
#3024=CARTESIAN_POINT('',(0.2099389,-0.0869212,0.01351));
#3025=CARTESIAN_POINT('',(0.2099389,-0.0939212,0.01351));
#3026=CARTESIAN_POINT('',(0.2169389,-0.0939212,0.01351));
#3027=CARTESIAN_POINT('',(0.2239389,-0.0939212,0.01351));
#3028=CARTESIAN_POINT('',(0.2239389,-0.0869212,0.01351));
#3029=CARTESIAN_POINT('',(0.2169389,-0.0600775,0.01351));
#3030=CARTESIAN_POINT('',(0.2239389,-0.0600775,0.01351));
#3031=CARTESIAN_POINT('',(0.2099389,-0.0600775,0.01351));
#3032=CARTESIAN_POINT('',(0.2099389,-0.0670775,0.01351));
#3033=CARTESIAN_POINT('',(0.2099389,-0.0740775,0.01351));
#3034=CARTESIAN_POINT('',(0.2169389,-0.0740775,0.01351));
#3035=CARTESIAN_POINT('',(0.2239389,-0.0740775,0.01351));
#3036=CARTESIAN_POINT('',(0.2239389,-0.0670775,0.01351));
#3037=CARTESIAN_POINT('',(0.2367826,-0.1196086,0.01351));
#3038=CARTESIAN_POINT('',(0.2437826,-0.1196086,0.01351));
#3039=CARTESIAN_POINT('',(0.2297826,-0.1196086,0.01351));
#3040=CARTESIAN_POINT('',(0.2297826,-0.1266086,0.01351));
#3041=CARTESIAN_POINT('',(0.2297826,-0.1336086,0.01351));
#3042=CARTESIAN_POINT('',(0.2367826,-0.1336086,0.01351));
#3043=CARTESIAN_POINT('',(0.2437826,-0.1336086,0.01351));
#3044=CARTESIAN_POINT('',(0.2437826,-0.1266086,0.01351));
#3045=CARTESIAN_POINT('',(0.2367826,-0.0997649,0.01351));
#3046=CARTESIAN_POINT('',(0.2437826,-0.0997649,0.01351));
#3047=CARTESIAN_POINT('',(0.2297826,-0.0997649,0.01351));
#3048=CARTESIAN_POINT('',(0.2297826,-0.1067649,0.01351));
#3049=CARTESIAN_POINT('',(0.2297826,-0.1137649,0.01351));
#3050=CARTESIAN_POINT('',(0.2367826,-0.1137649,0.01351));
#3051=CARTESIAN_POINT('',(0.2437826,-0.1137649,0.01351));
#3052=CARTESIAN_POINT('',(0.2437826,-0.1067649,0.01351));
#3053=CARTESIAN_POINT('',(0.2367826,-0.0799212,0.01351));
#3054=CARTESIAN_POINT('',(0.2437826,-0.0799212,0.01351));
#3055=CARTESIAN_POINT('',(0.2297826,-0.0799212,0.01351));
#3056=CARTESIAN_POINT('',(0.2297826,-0.0869212,0.01351));
#3057=CARTESIAN_POINT('',(0.2297826,-0.0939212,0.01351));
#3058=CARTESIAN_POINT('',(0.2367826,-0.0939212,0.01351));
#3059=CARTESIAN_POINT('',(0.2437826,-0.0939212,0.01351));
#3060=CARTESIAN_POINT('',(0.2437826,-0.0869212,0.01351));
#3061=CARTESIAN_POINT('',(0.2367826,-0.0600775,0.01351));
#3062=CARTESIAN_POINT('',(0.2437826,-0.0600775,0.01351));
#3063=CARTESIAN_POINT('',(0.2297826,-0.0600775,0.01351));
#3064=CARTESIAN_POINT('',(0.2297826,-0.0670775,0.01351));
#3065=CARTESIAN_POINT('',(0.2297826,-0.0740775,0.01351));
#3066=CARTESIAN_POINT('',(0.2367826,-0.0740775,0.01351));
#3067=CARTESIAN_POINT('',(0.2437826,-0.0740775,0.01351));
#3068=CARTESIAN_POINT('',(0.2437826,-0.0670775,0.01351));
#3069=CARTESIAN_POINT('',(0.2566263,-0.1196086,0.01351));
#3070=CARTESIAN_POINT('',(0.2636263,-0.1196086,0.01351));
#3071=CARTESIAN_POINT('',(0.2496263,-0.1196086,0.01351));
#3072=CARTESIAN_POINT('',(0.2496263,-0.1266086,0.01351));
#3073=CARTESIAN_POINT('',(0.2496263,-0.1336086,0.01351));
#3074=CARTESIAN_POINT('',(0.2566263,-0.1336086,0.01351));
#3075=CARTESIAN_POINT('',(0.2636263,-0.1336086,0.01351));
#3076=CARTESIAN_POINT('',(0.2636263,-0.1266086,0.01351));
#3077=CARTESIAN_POINT('',(0.2566263,-0.0997649,0.01351));
#3078=CARTESIAN_POINT('',(0.2636263,-0.0997649,0.01351));
#3079=CARTESIAN_POINT('',(0.2496263,-0.0997649,0.01351));
#3080=CARTESIAN_POINT('',(0.2496263,-0.1067649,0.01351));
#3081=CARTESIAN_POINT('',(0.2496263,-0.1137649,0.01351));
#3082=CARTESIAN_POINT('',(0.2566263,-0.1137649,0.01351));
#3083=CARTESIAN_POINT('',(0.2636263,-0.1137649,0.01351));
#3084=CARTESIAN_POINT('',(0.2636263,-0.1067649,0.01351));
#3085=CARTESIAN_POINT('',(0.2566263,-0.0799212,0.01351));
#3086=CARTESIAN_POINT('',(0.2636263,-0.0799212,0.01351));
#3087=CARTESIAN_POINT('',(0.2496263,-0.0799212,0.01351));
#3088=CARTESIAN_POINT('',(0.2496263,-0.0869212,0.01351));
#3089=CARTESIAN_POINT('',(0.2496263,-0.0939212,0.01351));
#3090=CARTESIAN_POINT('',(0.2566263,-0.0939212,0.01351));
#3091=CARTESIAN_POINT('',(0.2636263,-0.0939212,0.01351));
#3092=CARTESIAN_POINT('',(0.2636263,-0.0869212,0.01351));
#3093=CARTESIAN_POINT('',(0.2566263,-0.0600775,0.01351));
#3094=CARTESIAN_POINT('',(0.2636263,-0.0600775,0.01351));
#3095=CARTESIAN_POINT('',(0.2496263,-0.0600775,0.01351));
#3096=CARTESIAN_POINT('',(0.2496263,-0.0670775,0.01351));
#3097=CARTESIAN_POINT('',(0.2496263,-0.0740775,0.01351));
#3098=CARTESIAN_POINT('',(0.2566263,-0.0740775,0.01351));
#3099=CARTESIAN_POINT('',(0.2636263,-0.0740775,0.01351));
#3100=CARTESIAN_POINT('',(0.2636263,-0.0670775,0.01351));
#3101=CARTESIAN_POINT('',(0.27647,-0.1196086,0.01351));
#3102=CARTESIAN_POINT('',(0.28347,-0.1196086,0.01351));
#3103=CARTESIAN_POINT('',(0.26947,-0.1196086,0.01351));
#3104=CARTESIAN_POINT('',(0.26947,-0.1266086,0.01351));
#3105=CARTESIAN_POINT('',(0.26947,-0.1336086,0.01351));
#3106=CARTESIAN_POINT('',(0.27647,-0.1336086,0.01351));
#3107=CARTESIAN_POINT('',(0.28347,-0.1336086,0.01351));
#3108=CARTESIAN_POINT('',(0.28347,-0.1266086,0.01351));
#3109=CARTESIAN_POINT('',(0.27647,-0.0997649,0.01351));
#3110=CARTESIAN_POINT('',(0.28347,-0.0997649,0.01351));
#3111=CARTESIAN_POINT('',(0.26947,-0.0997649,0.01351));
#3112=CARTESIAN_POINT('',(0.26947,-0.1067649,0.01351));
#3113=CARTESIAN_POINT('',(0.26947,-0.1137649,0.01351));
#3114=CARTESIAN_POINT('',(0.27647,-0.1137649,0.01351));
#3115=CARTESIAN_POINT('',(0.28347,-0.1137649,0.01351));
#3116=CARTESIAN_POINT('',(0.28347,-0.1067649,0.01351));
#3117=CARTESIAN_POINT('',(0.27647,-0.0799212,0.01351));
#3118=CARTESIAN_POINT('',(0.28347,-0.0799212,0.01351));
#3119=CARTESIAN_POINT('',(0.26947,-0.0799212,0.01351));
#3120=CARTESIAN_POINT('',(0.26947,-0.0869212,0.01351));
#3121=CARTESIAN_POINT('',(0.26947,-0.0939212,0.01351));
#3122=CARTESIAN_POINT('',(0.27647,-0.0939212,0.01351));
#3123=CARTESIAN_POINT('',(0.28347,-0.0939212,0.01351));
#3124=CARTESIAN_POINT('',(0.28347,-0.0869212,0.01351));
#3125=CARTESIAN_POINT('',(0.28347,-0.0670775,0.01351));
#3126=CARTESIAN_POINT('',(0.28347,-0.0740775,0.01351));
#3127=CARTESIAN_POINT('',(0.28347,-0.0600775,0.01351));
#3128=CARTESIAN_POINT('',(0.27647,-0.0600775,0.01351));
#3129=CARTESIAN_POINT('',(0.26947,-0.0600775,0.01351));
#3130=CARTESIAN_POINT('',(0.26947,-0.0670775,0.01351));
#3131=CARTESIAN_POINT('',(0.26947,-0.0740775,0.01351));
#3132=CARTESIAN_POINT('',(0.27647,-0.0740775,0.01351));
#3133=CARTESIAN_POINT('',(0.182597147607804,-0.0500845655202866,0.01351));
#3134=CARTESIAN_POINT('',(0.182597147607804,-0.0515845655202866,0.01351));
#3135=CARTESIAN_POINT('',(0.295756578445435,-0.103587634861469,0.01351));
#3136=CARTESIAN_POINT('',(0.295756578445435,-0.158590704202652,0.01351));
#3137=CARTESIAN_POINT('',(0.283216431736946,-0.158590704202652,0.01351));
#3138=CARTESIAN_POINT('',(0.270676285028458,-0.158590704202652,0.01351));
#3139=CARTESIAN_POINT('',(0.270676285028458,-0.153034850955009,0.01351));
#3140=CARTESIAN_POINT('',(0.270676285028458,-0.147478997707367,0.01351));
#3141=CARTESIAN_POINT('',(0.239166133105755,-0.147478997707367,0.01351));
#3142=CARTESIAN_POINT('',(0.207655981183052,-0.147478997707367,0.01351));
#3143=CARTESIAN_POINT('',(0.207655981183052,-0.153034828603268,0.01351));
#3144=CARTESIAN_POINT('',(0.207655981183052,-0.158590659499169,0.01351));
#3145=CARTESIAN_POINT('',(0.18220816552639,-0.158590659499169,0.01351));
#3146=CARTESIAN_POINT('',(0.157191191604973,-0.0515845655202866,0.01351));
#3147=CARTESIAN_POINT('',(0.1834638,-0.1385105,0.01651));
#3148=CARTESIAN_POINT('',(0.1834638,-0.1455105,0.01651));
#3149=CARTESIAN_POINT('',(0.1834638,-0.1315105,0.01651));
#3150=CARTESIAN_POINT('',(0.1764638,-0.1455105,0.01651));
#3151=CARTESIAN_POINT('',(0.1694638,-0.1455105,0.01651));
#3152=CARTESIAN_POINT('',(0.1694638,-0.1385105,0.01651));
#3153=CARTESIAN_POINT('',(0.1694638,-0.1315105,0.01651));
#3154=CARTESIAN_POINT('',(0.1970952,-0.1196086,0.01651));
#3155=CARTESIAN_POINT('',(0.2040952,-0.1196086,0.01651));
#3156=CARTESIAN_POINT('',(0.1900952,-0.1196086,0.01651));
#3157=CARTESIAN_POINT('',(0.2040952,-0.1266086,0.01651));
#3158=CARTESIAN_POINT('',(0.2040952,-0.1336086,0.01651));
#3159=CARTESIAN_POINT('',(0.1970952,-0.1336086,0.01651));
#3160=CARTESIAN_POINT('',(0.1900952,-0.1336086,0.01651));
#3161=CARTESIAN_POINT('',(0.1970952,-0.0997649,0.01651));
#3162=CARTESIAN_POINT('',(0.2040952,-0.0997649,0.01651));
#3163=CARTESIAN_POINT('',(0.1900952,-0.0997649,0.01651));
#3164=CARTESIAN_POINT('',(0.2040952,-0.1067649,0.01651));
#3165=CARTESIAN_POINT('',(0.2040952,-0.1137649,0.01651));
#3166=CARTESIAN_POINT('',(0.1970952,-0.1137649,0.01651));
#3167=CARTESIAN_POINT('',(0.1900952,-0.1137649,0.01651));
#3168=CARTESIAN_POINT('',(0.1970952,-0.0799212,0.01651));
#3169=CARTESIAN_POINT('',(0.2040952,-0.0799212,0.01651));
#3170=CARTESIAN_POINT('',(0.1900952,-0.0799212,0.01651));
#3171=CARTESIAN_POINT('',(0.2040952,-0.0869212,0.01651));
#3172=CARTESIAN_POINT('',(0.2040952,-0.0939212,0.01651));
#3173=CARTESIAN_POINT('',(0.1970952,-0.0939212,0.01651));
#3174=CARTESIAN_POINT('',(0.1900952,-0.0939212,0.01651));
#3175=CARTESIAN_POINT('',(0.1970952,-0.0600775,0.01651));
#3176=CARTESIAN_POINT('',(0.2040952,-0.0600775,0.01651));
#3177=CARTESIAN_POINT('',(0.1900952,-0.0600775,0.01651));
#3178=CARTESIAN_POINT('',(0.2040952,-0.0670775,0.01651));
#3179=CARTESIAN_POINT('',(0.2040952,-0.0740775,0.01651));
#3180=CARTESIAN_POINT('',(0.1970952,-0.0740775,0.01651));
#3181=CARTESIAN_POINT('',(0.1900952,-0.0740775,0.01651));
#3182=CARTESIAN_POINT('',(0.2169389,-0.1196086,0.01651));
#3183=CARTESIAN_POINT('',(0.2239389,-0.1196086,0.01651));
#3184=CARTESIAN_POINT('',(0.2099389,-0.1196086,0.01651));
#3185=CARTESIAN_POINT('',(0.2239389,-0.1266086,0.01651));
#3186=CARTESIAN_POINT('',(0.2239389,-0.1336086,0.01651));
#3187=CARTESIAN_POINT('',(0.2169389,-0.1336086,0.01651));
#3188=CARTESIAN_POINT('',(0.2099389,-0.1336086,0.01651));
#3189=CARTESIAN_POINT('',(0.2169389,-0.0997649,0.01651));
#3190=CARTESIAN_POINT('',(0.2239389,-0.0997649,0.01651));
#3191=CARTESIAN_POINT('',(0.2099389,-0.0997649,0.01651));
#3192=CARTESIAN_POINT('',(0.2239389,-0.1067649,0.01651));
#3193=CARTESIAN_POINT('',(0.2239389,-0.1137649,0.01651));
#3194=CARTESIAN_POINT('',(0.2169389,-0.1137649,0.01651));
#3195=CARTESIAN_POINT('',(0.2099389,-0.1137649,0.01651));
#3196=CARTESIAN_POINT('',(0.2169389,-0.0799212,0.01651));
#3197=CARTESIAN_POINT('',(0.2239389,-0.0799212,0.01651));
#3198=CARTESIAN_POINT('',(0.2099389,-0.0799212,0.01651));
#3199=CARTESIAN_POINT('',(0.2239389,-0.0869212,0.01651));
#3200=CARTESIAN_POINT('',(0.2239389,-0.0939212,0.01651));
#3201=CARTESIAN_POINT('',(0.2169389,-0.0939212,0.01651));
#3202=CARTESIAN_POINT('',(0.2099389,-0.0939212,0.01651));
#3203=CARTESIAN_POINT('',(0.2169389,-0.0600775,0.01651));
#3204=CARTESIAN_POINT('',(0.2239389,-0.0600775,0.01651));
#3205=CARTESIAN_POINT('',(0.2099389,-0.0600775,0.01651));
#3206=CARTESIAN_POINT('',(0.2239389,-0.0670775,0.01651));
#3207=CARTESIAN_POINT('',(0.2239389,-0.0740775,0.01651));
#3208=CARTESIAN_POINT('',(0.2169389,-0.0740775,0.01651));
#3209=CARTESIAN_POINT('',(0.2099389,-0.0740775,0.01651));
#3210=CARTESIAN_POINT('',(0.2367826,-0.1196086,0.01651));
#3211=CARTESIAN_POINT('',(0.2437826,-0.1196086,0.01651));
#3212=CARTESIAN_POINT('',(0.2297826,-0.1196086,0.01651));
#3213=CARTESIAN_POINT('',(0.2437826,-0.1266086,0.01651));
#3214=CARTESIAN_POINT('',(0.2437826,-0.1336086,0.01651));
#3215=CARTESIAN_POINT('',(0.2367826,-0.1336086,0.01651));
#3216=CARTESIAN_POINT('',(0.2297826,-0.1336086,0.01651));
#3217=CARTESIAN_POINT('',(0.2367826,-0.0997649,0.01651));
#3218=CARTESIAN_POINT('',(0.2437826,-0.0997649,0.01651));
#3219=CARTESIAN_POINT('',(0.2297826,-0.0997649,0.01651));
#3220=CARTESIAN_POINT('',(0.2437826,-0.1067649,0.01651));
#3221=CARTESIAN_POINT('',(0.2437826,-0.1137649,0.01651));
#3222=CARTESIAN_POINT('',(0.2367826,-0.1137649,0.01651));
#3223=CARTESIAN_POINT('',(0.2297826,-0.1137649,0.01651));
#3224=CARTESIAN_POINT('',(0.2367826,-0.0799212,0.01651));
#3225=CARTESIAN_POINT('',(0.2437826,-0.0799212,0.01651));
#3226=CARTESIAN_POINT('',(0.2297826,-0.0799212,0.01651));
#3227=CARTESIAN_POINT('',(0.2437826,-0.0869212,0.01651));
#3228=CARTESIAN_POINT('',(0.2437826,-0.0939212,0.01651));
#3229=CARTESIAN_POINT('',(0.2367826,-0.0939212,0.01651));
#3230=CARTESIAN_POINT('',(0.2297826,-0.0939212,0.01651));
#3231=CARTESIAN_POINT('',(0.2367826,-0.0600775,0.01651));
#3232=CARTESIAN_POINT('',(0.2437826,-0.0600775,0.01651));
#3233=CARTESIAN_POINT('',(0.2297826,-0.0600775,0.01651));
#3234=CARTESIAN_POINT('',(0.2437826,-0.0670775,0.01651));
#3235=CARTESIAN_POINT('',(0.2437826,-0.0740775,0.01651));
#3236=CARTESIAN_POINT('',(0.2367826,-0.0740775,0.01651));
#3237=CARTESIAN_POINT('',(0.2297826,-0.0740775,0.01651));
#3238=CARTESIAN_POINT('',(0.2566263,-0.1196086,0.01651));
#3239=CARTESIAN_POINT('',(0.2636263,-0.1196086,0.01651));
#3240=CARTESIAN_POINT('',(0.2496263,-0.1196086,0.01651));
#3241=CARTESIAN_POINT('',(0.2636263,-0.1266086,0.01651));
#3242=CARTESIAN_POINT('',(0.2636263,-0.1336086,0.01651));
#3243=CARTESIAN_POINT('',(0.2566263,-0.1336086,0.01651));
#3244=CARTESIAN_POINT('',(0.2496263,-0.1336086,0.01651));
#3245=CARTESIAN_POINT('',(0.2566263,-0.0997649,0.01651));
#3246=CARTESIAN_POINT('',(0.2636263,-0.0997649,0.01651));
#3247=CARTESIAN_POINT('',(0.2496263,-0.0997649,0.01651));
#3248=CARTESIAN_POINT('',(0.2636263,-0.1067649,0.01651));
#3249=CARTESIAN_POINT('',(0.2636263,-0.1137649,0.01651));
#3250=CARTESIAN_POINT('',(0.2566263,-0.1137649,0.01651));
#3251=CARTESIAN_POINT('',(0.2496263,-0.1137649,0.01651));
#3252=CARTESIAN_POINT('',(0.2566263,-0.0799212,0.01651));
#3253=CARTESIAN_POINT('',(0.2636263,-0.0799212,0.01651));
#3254=CARTESIAN_POINT('',(0.2496263,-0.0799212,0.01651));
#3255=CARTESIAN_POINT('',(0.2636263,-0.0869212,0.01651));
#3256=CARTESIAN_POINT('',(0.2636263,-0.0939212,0.01651));
#3257=CARTESIAN_POINT('',(0.2566263,-0.0939212,0.01651));
#3258=CARTESIAN_POINT('',(0.2496263,-0.0939212,0.01651));
#3259=CARTESIAN_POINT('',(0.2566263,-0.0600775,0.01651));
#3260=CARTESIAN_POINT('',(0.2636263,-0.0600775,0.01651));
#3261=CARTESIAN_POINT('',(0.2496263,-0.0600775,0.01651));
#3262=CARTESIAN_POINT('',(0.2636263,-0.0670775,0.01651));
#3263=CARTESIAN_POINT('',(0.2636263,-0.0740775,0.01651));
#3264=CARTESIAN_POINT('',(0.2566263,-0.0740775,0.01651));
#3265=CARTESIAN_POINT('',(0.2496263,-0.0740775,0.01651));
#3266=CARTESIAN_POINT('',(0.27647,-0.1196086,0.01651));
#3267=CARTESIAN_POINT('',(0.28347,-0.1196086,0.01651));
#3268=CARTESIAN_POINT('',(0.26947,-0.1196086,0.01651));
#3269=CARTESIAN_POINT('',(0.28347,-0.1266086,0.01651));
#3270=CARTESIAN_POINT('',(0.28347,-0.1336086,0.01651));
#3271=CARTESIAN_POINT('',(0.27647,-0.1336086,0.01651));
#3272=CARTESIAN_POINT('',(0.26947,-0.1336086,0.01651));
#3273=CARTESIAN_POINT('',(0.27647,-0.0997649,0.01651));
#3274=CARTESIAN_POINT('',(0.28347,-0.0997649,0.01651));
#3275=CARTESIAN_POINT('',(0.26947,-0.0997649,0.01651));
#3276=CARTESIAN_POINT('',(0.28347,-0.1067649,0.01651));
#3277=CARTESIAN_POINT('',(0.28347,-0.1137649,0.01651));
#3278=CARTESIAN_POINT('',(0.27647,-0.1137649,0.01651));
#3279=CARTESIAN_POINT('',(0.26947,-0.1137649,0.01651));
#3280=CARTESIAN_POINT('',(0.27647,-0.0799212,0.01651));
#3281=CARTESIAN_POINT('',(0.28347,-0.0799212,0.01651));
#3282=CARTESIAN_POINT('',(0.26947,-0.0799212,0.01651));
#3283=CARTESIAN_POINT('',(0.28347,-0.0869212,0.01651));
#3284=CARTESIAN_POINT('',(0.28347,-0.0939212,0.01651));
#3285=CARTESIAN_POINT('',(0.27647,-0.0939212,0.01651));
#3286=CARTESIAN_POINT('',(0.26947,-0.0939212,0.01651));
#3287=CARTESIAN_POINT('',(0.28347,-0.0670775,0.01651));
#3288=CARTESIAN_POINT('',(0.28347,-0.0740775,0.01651));
#3289=CARTESIAN_POINT('',(0.28347,-0.0600775,0.01651));
#3290=CARTESIAN_POINT('',(0.27647,-0.0740775,0.01651));
#3291=CARTESIAN_POINT('',(0.26947,-0.0740775,0.01651));
#3292=CARTESIAN_POINT('',(0.26947,-0.0670775,0.01651));
#3293=CARTESIAN_POINT('',(0.26947,-0.0600775,0.01651));
#3294=CARTESIAN_POINT('',(0.295756578445435,-0.103587634861469,0.01651));
#3295=CARTESIAN_POINT('',(0.295756578445435,-0.158590704202652,0.01651));
#3296=CARTESIAN_POINT('',(0.18220816552639,-0.158590659499169,0.01651));
#3297=CARTESIAN_POINT('',(0.207655981183052,-0.158590659499169,0.01651));
#3298=CARTESIAN_POINT('',(0.207655981183052,-0.153034828603268,0.01651));
#3299=CARTESIAN_POINT('',(0.207655981183052,-0.147478997707367,0.01651));
#3300=CARTESIAN_POINT('',(0.239166133105755,-0.147478997707367,0.01651));
#3301=CARTESIAN_POINT('',(0.270676285028458,-0.147478997707367,0.01651));
#3302=CARTESIAN_POINT('',(0.270676285028458,-0.153034850955009,0.01651));
#3303=CARTESIAN_POINT('',(0.270676285028458,-0.158590704202652,0.01651));
#3304=CARTESIAN_POINT('',(0.282985,-0.14508,0.01651));
#3305=CARTESIAN_POINT('',(0.1756701,-0.0893011,0.01651));
#3306=CARTESIAN_POINT('',(0.1764638,-0.1315105,0.01651));
#3307=CARTESIAN_POINT('',(0.1900952,-0.1266086,0.01651));
#3308=CARTESIAN_POINT('',(0.1900952,-0.1067649,0.01651));
#3309=CARTESIAN_POINT('',(0.1900952,-0.0869212,0.01651));
#3310=CARTESIAN_POINT('',(0.1900952,-0.0670775,0.01651));
#3311=CARTESIAN_POINT('',(0.2099389,-0.1266086,0.01651));
#3312=CARTESIAN_POINT('',(0.2099389,-0.1067649,0.01651));
#3313=CARTESIAN_POINT('',(0.2099389,-0.0869212,0.01651));
#3314=CARTESIAN_POINT('',(0.2099389,-0.0670775,0.01651));
#3315=CARTESIAN_POINT('',(0.2297826,-0.1266086,0.01651));
#3316=CARTESIAN_POINT('',(0.2297826,-0.1067649,0.01651));
#3317=CARTESIAN_POINT('',(0.2297826,-0.0869212,0.01651));
#3318=CARTESIAN_POINT('',(0.2297826,-0.0670775,0.01651));
#3319=CARTESIAN_POINT('',(0.2496263,-0.1266086,0.01651));
#3320=CARTESIAN_POINT('',(0.2496263,-0.1067649,0.01651));
#3321=CARTESIAN_POINT('',(0.2496263,-0.0869212,0.01651));
#3322=CARTESIAN_POINT('',(0.2496263,-0.0670775,0.01651));
#3323=CARTESIAN_POINT('',(0.26947,-0.1266086,0.01651));
#3324=CARTESIAN_POINT('',(0.26947,-0.1067649,0.01651));
#3325=CARTESIAN_POINT('',(0.26947,-0.0869212,0.01651));
#3326=CARTESIAN_POINT('',(0.27647,-0.0600775,0.01651));
#3327=CARTESIAN_POINT('',(0.283216431736946,-0.158590704202652,0.01651));
#3328=CARTESIAN_POINT('',(0.194565,-0.14508,0.01651));
#3329=CARTESIAN_POINT('',(0.182597147607804,-0.0500845655202866,0.01351));
#3330=CARTESIAN_POINT('',(0.182597147607804,-0.0515845655202866,0.01351));
#3331=CARTESIAN_POINT('',(0.157191191604973,-0.0515845655202866,0.01351));
#3332=MECHANICAL_DESIGN_GEOMETRIC_PRESENTATION_REPRESENTATION('',(#2139),
#3333);
#3333=(
GEOMETRIC_REPRESENTATION_CONTEXT(3)
GLOBAL_UNCERTAINTY_ASSIGNED_CONTEXT((#3334))
GLOBAL_UNIT_ASSIGNED_CONTEXT((#3337,#3336,#3335))
REPRESENTATION_CONTEXT('RTop','TOP_LEVEL_ASSEMBLY_PART')
);
#3334=UNCERTAINTY_MEASURE_WITH_UNIT(LENGTH_MEASURE(1.E-8),#3337,
'DISTANCE_ACCURACY_VALUE','Maximum Tolerance applied to model');
#3335=(
NAMED_UNIT(*)
SI_UNIT($,.STERADIAN.)
SOLID_ANGLE_UNIT()
);
#3336=(
NAMED_UNIT(*)
PLANE_ANGLE_UNIT()
SI_UNIT($,.RADIAN.)
);
#3337=(
LENGTH_UNIT()
NAMED_UNIT(*)
SI_UNIT($,.METRE.)
);
#3338=PRODUCT_DEFINITION_SHAPE('','',#3339);
#3339=PRODUCT_DEFINITION('','',#3341,#3340);
#3340=PRODUCT_DEFINITION_CONTEXT('',#3347,'design');
#3341=PRODUCT_DEFINITION_FORMATION_WITH_SPECIFIED_SOURCE('','',#3343,
 .NOT_KNOWN.);
#3342=PRODUCT_RELATED_PRODUCT_CATEGORY('','',(#3343));
#3343=PRODUCT('RTop','RTop','RTop',(#3345));
#3344=PRODUCT_CATEGORY('','');
#3345=PRODUCT_CONTEXT('',#3347,'mechanical');
#3346=APPLICATION_PROTOCOL_DEFINITION('international standard',
'ap242_managed_model_based_3d_engineering',2020,#3347);
#3347=APPLICATION_CONTEXT('managed model based 3d engineering');
ENDSEC;
END-ISO-10303-21;
